market,date_utc,date_kst,open,high,low,close,volume,trade_price,source,crawled_at
KRW-BTC,2020-06-20T00:00:00,2020-06-20T09:00:00,11285000,11351000,11155000,11325000,1263.7329,11325000,upbit,2026-06-28T04:34:13Z
KRW-BTC,2020-06-21T00:00:00,2020-06-21T09:00:00,11317000,11355000,11225000,11238000,909.5552699,11238000,upbit,2026-06-28T04:34:13Z
KRW-BTC,2020-06-22T00:00:00,2020-06-22T09:00:00,11235000,11675000,11232000,11593000,2696.344505,11593000,upbit,2026-06-28T04:34:13Z
KRW-BTC,2020-06-23T00:00:00,2020-06-23T09:00:00,11593000,11649000,11488000,11509000,2329.403946,11509000,upbit,2026-06-28T04:34:13Z
KRW-BTC,2020-06-24T00:00:00,2020-06-24T09:00:00,11506000,11553000,11110000,11233000,3231.001307,11233000,upbit,2026-06-28T04:34:13Z
KRW-BTC,2020-06-25T00:00:00,2020-06-25T09:00:00,11232000,11232000,10842000,11147000,2709.109893,11147000,upbit,2026-06-28T04:34:13Z
KRW-BTC,2020-06-26T00:00:00,2020-06-26T09:00:00,11151000,11185000,10901000,11045000,2087.941295,11045000,upbit,2026-06-28T04:34:13Z
KRW-BTC,2020-06-27T00:00:00,2020-06-27T09:00:00,11045000,11051000,10791000,10913000,1712.146247,10913000,upbit,2026-06-28T04:34:13Z
KRW-BTC,2020-06-28T00:00:00,2020-06-28T09:00:00,10913000,11163000,10756000,10970000,2015.602425,10970000,upbit,2026-06-28T04:34:13Z
KRW-BTC,2020-06-29T00:00:00,2020-06-29T09:00:00,10970000,11033000,10814000,10972000,1945.523093,10972000,upbit,2026-06-28T04:34:13Z
KRW-BTC,2020-06-30T00:00:00,2020-06-30T09:00:00,10980000,11004000,10882000,10903000,1491.98629,10903000,upbit,2026-06-28T04:34:13Z
KRW-BTC,2020-07-01T00:00:00,2020-07-01T09:00:00,10903000,11111000,10887000,11051000,1746.779919,11051000,upbit,2026-06-28T04:34:13Z
KRW-BTC,2020-07-02T00:00:00,2020-07-02T09:00:00,11041000,11077000,10772000,10888000,2255.067306,10888000,upbit,2026-06-28T04:34:13Z
KRW-BTC,2020-07-03T00:00:00,2020-07-03T09:00:00,10888000,10920000,10821000,10837000,1446.240884,10837000,upbit,2026-06-28T04:34:13Z
KRW-BTC,2020-07-04T00:00:00,2020-07-04T09:00:00,10845000,10960000,10814000,10884000,1102.13769,10884000,upbit,2026-06-28T04:34:13Z
KRW-BTC,2020-07-05T00:00:00,2020-07-05T09:00:00,10883000,10900000,10700000,10831000,1232.809558,10831000,upbit,2026-06-28T04:34:13Z
KRW-BTC,2020-07-06T00:00:00,2020-07-06T09:00:00,10831000,11102000,10796000,11065000,2834.356263,11065000,upbit,2026-06-28T04:34:13Z
KRW-BTC,2020-07-07T00:00:00,2020-07-07T09:00:00,11065000,11097000,10952000,10988000,1828.517133,10988000,upbit,2026-06-28T04:34:13Z
KRW-BTC,2020-07-08T00:00:00,2020-07-08T09:00:00,10988000,11208000,10968000,11138000,3274.769819,11138000,upbit,2026-06-28T04:34:13Z
KRW-BTC,2020-07-09T00:00:00,2020-07-09T09:00:00,11135000,11149000,10906000,10961000,2625.432216,10961000,upbit,2026-06-28T04:34:13Z
KRW-BTC,2020-07-10T00:00:00,2020-07-10T09:00:00,10961000,11062000,10880000,11043000,2044.037311,11043000,upbit,2026-06-28T04:34:13Z
KRW-BTC,2020-07-11T00:00:00,2020-07-11T09:00:00,11039000,11044000,10910000,10957000,1039.648489,10957000,upbit,2026-06-28T04:34:13Z
KRW-BTC,2020-07-12T00:00:00,2020-07-12T09:00:00,10968000,11061000,10915000,11036000,1317.605221,11036000,upbit,2026-06-28T04:34:13Z
KRW-BTC,2020-07-13T00:00:00,2020-07-13T09:00:00,11036000,11063000,10908000,11000000,2605.403482,11000000,upbit,2026-06-28T04:34:13Z
KRW-BTC,2020-07-14T00:00:00,2020-07-14T09:00:00,11011000,11040000,10925000,11010000,2495.548972,11010000,upbit,2026-06-28T04:34:13Z
KRW-BTC,2020-07-15T00:00:00,2020-07-15T09:00:00,11011000,11017000,10955000,10975000,1649.894148,10975000,upbit,2026-06-28T04:34:13Z
KRW-BTC,2020-07-16T00:00:00,2020-07-16T09:00:00,10975000,11003000,10835000,10934000,2068.356192,10934000,upbit,2026-06-28T04:34:13Z
KRW-BTC,2020-07-17T00:00:00,2020-07-17T09:00:00,10924000,10980000,10875000,10937000,1615.753153,10937000,upbit,2026-06-28T04:34:13Z
KRW-BTC,2020-07-18T00:00:00,2020-07-18T09:00:00,10949000,10990000,10894000,10905000,948.9275781,10905000,upbit,2026-06-28T04:34:13Z
KRW-BTC,2020-07-19T00:00:00,2020-07-19T09:00:00,10908000,10971000,10869000,10943000,976.0132627,10943000,upbit,2026-06-28T04:34:13Z
KRW-BTC,2020-07-20T00:00:00,2020-07-20T09:00:00,10943000,10981000,10908000,10950000,1677.889243,10950000,upbit,2026-06-28T04:34:13Z
KRW-BTC,2020-07-21T00:00:00,2020-07-21T09:00:00,10940000,11220000,10930000,11123000,3235.468313,11123000,upbit,2026-06-28T04:34:13Z
KRW-BTC,2020-07-22T00:00:00,2020-07-22T09:00:00,11117000,11280000,11066000,11269000,2474.643167,11269000,upbit,2026-06-28T04:34:13Z
KRW-BTC,2020-07-23T00:00:00,2020-07-23T09:00:00,11258000,11418000,11183000,11331000,3090.334931,11331000,upbit,2026-06-28T04:34:13Z
KRW-BTC,2020-07-24T00:00:00,2020-07-24T09:00:00,11322000,11438000,11238000,11346000,2160.087493,11346000,upbit,2026-06-28T04:34:13Z
KRW-BTC,2020-07-25T00:00:00,2020-07-25T09:00:00,11346000,11500000,11333000,11477000,1583.496706,11477000,upbit,2026-06-28T04:34:13Z
KRW-BTC,2020-07-26T00:00:00,2020-07-26T09:00:00,11477000,11909000,11416000,11715000,4143.370234,11715000,upbit,2026-06-28T04:34:13Z
KRW-BTC,2020-07-27T00:00:00,2020-07-27T09:00:00,11706000,13275000,11701000,12916000,10523.35455,12916000,upbit,2026-06-28T04:34:13Z
KRW-BTC,2020-07-28T00:00:00,2020-07-28T09:00:00,12914000,13202000,12515000,12772000,7553.152932,12772000,upbit,2026-06-28T04:34:13Z
KRW-BTC,2020-07-29T00:00:00,2020-07-29T09:00:00,12774000,13368000,12701000,13124000,5839.53217,13124000,upbit,2026-06-28T04:34:13Z
KRW-BTC,2020-07-30T00:00:00,2020-07-30T09:00:00,13123000,13170000,12800000,13098000,4755.532715,13098000,upbit,2026-06-28T04:34:13Z
KRW-BTC,2020-07-31T00:00:00,2020-07-31T09:00:00,13097000,13580000,12961000,13416000,4608.299785,13416000,upbit,2026-06-28T04:34:13Z
KRW-BTC,2020-08-01T00:00:00,2020-08-01T09:00:00,13404000,13969000,13271000,13922000,5463.181738,13922000,upbit,2026-06-28T04:34:13Z
KRW-BTC,2020-08-02T00:00:00,2020-08-02T09:00:00,13922000,14380000,12871000,13030000,10730.69158,13030000,upbit,2026-06-28T04:34:13Z
KRW-BTC,2020-08-03T00:00:00,2020-08-03T09:00:00,13030000,13573000,12945000,13272000,4402.742824,13272000,upbit,2026-06-28T04:34:13Z
KRW-BTC,2020-08-04T00:00:00,2020-08-04T09:00:00,13273000,13488000,13130000,13319000,4322.71666,13319000,upbit,2026-06-28T04:34:13Z
KRW-BTC,2020-08-05T00:00:00,2020-08-05T09:00:00,13322000,13881000,13229000,13843000,7147.339005,13843000,upbit,2026-06-28T04:34:13Z
KRW-BTC,2020-08-06T00:00:00,2020-08-06T09:00:00,13843000,14036000,13666000,13884000,5736.954701,13884000,upbit,2026-06-28T04:34:13Z
KRW-BTC,2020-08-07T00:00:00,2020-08-07T09:00:00,13883000,14064000,13551000,13777000,4462.328065,13777000,upbit,2026-06-28T04:34:13Z
KRW-BTC,2020-08-08T00:00:00,2020-08-08T09:00:00,13777000,13960000,13710000,13887000,2600.978883,13887000,upbit,2026-06-28T04:34:13Z
KRW-BTC,2020-08-09T00:00:00,2020-08-09T09:00:00,13884000,13905000,13652000,13820000,2856.75718,13820000,upbit,2026-06-28T04:34:13Z
KRW-BTC,2020-08-10T00:00:00,2020-08-10T09:00:00,13814000,14280000,13746000,13990000,6087.496937,13990000,upbit,2026-06-28T04:34:13Z
KRW-BTC,2020-08-11T00:00:00,2020-08-11T09:00:00,13994000,14042000,13337000,13619000,7038.425569,13619000,upbit,2026-06-28T04:34:13Z
KRW-BTC,2020-08-12T00:00:00,2020-08-12T09:00:00,13619000,13745000,13306000,13709000,4491.106464,13709000,upbit,2026-06-28T04:34:13Z
KRW-BTC,2020-08-13T00:00:00,2020-08-13T09:00:00,13708000,13890000,13398000,13810000,6509.120091,13810000,upbit,2026-06-28T04:34:13Z
KRW-BTC,2020-08-14T00:00:00,2020-08-14T09:00:00,13810000,13939000,13706000,13846000,5427.795611,13846000,upbit,2026-06-28T04:34:13Z
KRW-BTC,2020-08-15T00:00:00,2020-08-15T09:00:00,13845000,14051000,13796000,13878000,3784.706795,13878000,upbit,2026-06-28T04:34:13Z
KRW-BTC,2020-08-16T00:00:00,2020-08-16T09:00:00,13867000,13962000,13751000,13889000,2621.220263,13889000,upbit,2026-06-28T04:34:13Z
KRW-BTC,2020-08-17T00:00:00,2020-08-17T09:00:00,13889000,14382000,13809000,14204000,7068.798724,14204000,upbit,2026-06-28T04:34:13Z
KRW-BTC,2020-08-18T00:00:00,2020-08-18T09:00:00,14202000,14339000,13811000,14000000,5958.553612,14000000,upbit,2026-06-28T04:34:13Z
KRW-BTC,2020-08-19T00:00:00,2020-08-19T09:00:00,14002000,14084000,13666000,13878000,5471.161526,13878000,upbit,2026-06-28T04:34:13Z
KRW-BTC,2020-08-20T00:00:00,2020-08-20T09:00:00,13884000,14050000,13750000,13967000,3049.387612,13967000,upbit,2026-06-28T04:34:13Z
KRW-BTC,2020-08-21T00:00:00,2020-08-21T09:00:00,13951000,14012000,13761000,13781000,4571.555757,13781000,upbit,2026-06-28T04:34:13Z
KRW-BTC,2020-08-22T00:00:00,2020-08-22T09:00:00,13781000,13850000,13500000,13840000,3325.653349,13840000,upbit,2026-06-28T04:34:13Z
KRW-BTC,2020-08-23T00:00:00,2020-08-23T09:00:00,13850000,13856000,13700000,13802000,2120.58334,13802000,upbit,2026-06-28T04:34:13Z
KRW-BTC,2020-08-24T00:00:00,2020-08-24T09:00:00,13816000,13940000,13745000,13876000,3402.101195,13876000,upbit,2026-06-28T04:34:13Z
KRW-BTC,2020-08-25T00:00:00,2020-08-25T09:00:00,13876000,13884000,13341000,13476000,5630.219385,13476000,upbit,2026-06-28T04:34:13Z
KRW-BTC,2020-08-26T00:00:00,2020-08-26T09:00:00,13473000,13633000,13350000,13561000,7348.775059,13561000,upbit,2026-06-28T04:34:13Z
KRW-BTC,2020-08-27T00:00:00,2020-08-27T09:00:00,13561000,13675000,13245000,13401000,5462.363708,13401000,upbit,2026-06-28T04:34:13Z
KRW-BTC,2020-08-28T00:00:00,2020-08-28T09:00:00,13401000,13550000,13332000,13549000,3043.467661,13549000,upbit,2026-06-28T04:34:13Z
KRW-BTC,2020-08-29T00:00:00,2020-08-29T09:00:00,13546000,13568000,13416000,13470000,2279.262696,13470000,upbit,2026-06-28T04:34:13Z
KRW-BTC,2020-08-30T00:00:00,2020-08-30T09:00:00,13470000,13687000,13465000,13671000,2403.720391,13671000,upbit,2026-06-28T04:34:13Z
KRW-BTC,2020-08-31T00:00:00,2020-08-31T09:00:00,13671000,13840000,13580000,13739000,3166.158375,13739000,upbit,2026-06-28T04:34:13Z
KRW-BTC,2020-09-01T00:00:00,2020-09-01T09:00:00,13733000,14097000,13630000,13974000,4847.35215,13974000,upbit,2026-06-28T04:34:13Z
KRW-BTC,2020-09-02T00:00:00,2020-09-02T09:00:00,13972000,14010000,13282000,13571000,5822.802291,13571000,upbit,2026-06-28T04:34:13Z
KRW-BTC,2020-09-03T00:00:00,2020-09-03T09:00:00,13572000,13670000,12265000,12303000,7225.318548,12303000,upbit,2026-06-28T04:34:13Z
KRW-BTC,2020-09-04T00:00:00,2020-09-04T09:00:00,12301000,12773000,12160000,12636000,6538.450248,12636000,upbit,2026-06-28T04:34:13Z
KRW-BTC,2020-09-05T00:00:00,2020-09-05T09:00:00,12630000,12762000,12120000,12382000,4161.039253,12382000,upbit,2026-06-28T04:34:13Z
KRW-BTC,2020-09-06T00:00:00,2020-09-06T09:00:00,12383000,12493000,12123000,12353000,2820.788902,12353000,upbit,2026-06-28T04:34:13Z
KRW-BTC,2020-09-07T00:00:00,2020-09-07T09:00:00,12353000,12450000,11860000,12388000,3422.903789,12388000,upbit,2026-06-28T04:34:13Z
KRW-BTC,2020-09-08T00:00:00,2020-09-08T09:00:00,12388000,12448000,11900000,12131000,3338.502553,12131000,upbit,2026-06-28T04:34:13Z
KRW-BTC,2020-09-09T00:00:00,2020-09-09T09:00:00,12130000,12290000,11939000,12177000,2860.20371,12177000,upbit,2026-06-28T04:34:13Z
KRW-BTC,2020-09-10T00:00:00,2020-09-10T09:00:00,12189000,12435000,12050000,12328000,4150.918463,12328000,upbit,2026-06-28T04:34:13Z
KRW-BTC,2020-09-11T00:00:00,2020-09-11T09:00:00,12328000,12388000,12170000,12336000,2587.418123,12336000,upbit,2026-06-28T04:34:13Z
KRW-BTC,2020-09-12T00:00:00,2020-09-12T09:00:00,12336000,12455000,12228000,12379000,1692.155038,12379000,upbit,2026-06-28T04:34:13Z
KRW-BTC,2020-09-13T00:00:00,2020-09-13T09:00:00,12379000,12571000,12147000,12377000,2563.925195,12377000,upbit,2026-06-28T04:34:13Z
KRW-BTC,2020-09-14T00:00:00,2020-09-14T09:00:00,12377000,12736000,12285000,12659000,2810.175514,12659000,upbit,2026-06-28T04:34:13Z
KRW-BTC,2020-09-15T00:00:00,2020-09-15T09:00:00,12657000,12913000,12555000,12814000,3676.586632,12814000,upbit,2026-06-28T04:34:13Z
KRW-BTC,2020-09-16T00:00:00,2020-09-16T09:00:00,12801000,13050000,12652000,12913000,3856.194297,12913000,upbit,2026-06-28T04:34:13Z
KRW-BTC,2020-09-17T00:00:00,2020-09-17T09:00:00,12908000,13050000,12623000,12811000,3228.037049,12811000,upbit,2026-06-28T04:34:13Z
KRW-BTC,2020-09-18T00:00:00,2020-09-18T09:00:00,12811000,12837000,12672000,12777000,2277.285377,12777000,upbit,2026-06-28T04:34:13Z
KRW-BTC,2020-09-19T00:00:00,2020-09-19T09:00:00,12781000,13036000,12741000,12940000,2078.814763,12940000,upbit,2026-06-28T04:34:13Z
KRW-BTC,2020-09-20T00:00:00,2020-09-20T09:00:00,12928000,12942000,12652000,12819000,1791.113123,12819000,upbit,2026-06-28T04:34:13Z
KRW-BTC,2020-09-21T00:00:00,2020-09-21T09:00:00,12828000,12828000,12160000,12290000,3820.681612,12290000,upbit,2026-06-28T04:34:13Z
KRW-BTC,2020-09-22T00:00:00,2020-09-22T09:00:00,12290000,12380000,12090000,12344000,2500.060755,12344000,upbit,2026-06-28T04:34:13Z
KRW-BTC,2020-09-23T00:00:00,2020-09-23T09:00:00,12346000,12348000,11913000,11943000,2511.568114,11943000,upbit,2026-06-28T04:34:13Z
KRW-BTC,2020-09-24T00:00:00,2020-09-24T09:00:00,11943000,12695000,11912000,12500000,3114.322533,12500000,upbit,2026-06-28T04:34:13Z
KRW-BTC,2020-09-25T00:00:00,2020-09-25T09:00:00,12495000,12550000,12311000,12455000,2895.53433,12455000,upbit,2026-06-28T04:34:13Z
KRW-BTC,2020-09-26T00:00:00,2020-09-26T09:00:00,12456000,12550000,12431000,12506000,1266.600018,12506000,upbit,2026-06-28T04:34:13Z
KRW-BTC,2020-09-27T00:00:00,2020-09-27T09:00:00,12506000,12597000,12320000,12515000,1415.11836,12515000,upbit,2026-06-28T04:34:13Z
KRW-BTC,2020-09-28T00:00:00,2020-09-28T09:00:00,12515000,12795000,12425000,12468000,2919.956269,12468000,upbit,2026-06-28T04:34:13Z
KRW-BTC,2020-09-29T00:00:00,2020-09-29T09:00:00,12468000,12688000,12399000,12601000,2479.365774,12601000,upbit,2026-06-28T04:34:13Z
KRW-BTC,2020-09-30T00:00:00,2020-09-30T09:00:00,12603000,12615000,12469000,12558000,1314.258579,12558000,upbit,2026-06-28T04:34:13Z
KRW-BTC,2020-10-01T00:00:00,2020-10-01T09:00:00,12562000,12678000,12249000,12440000,1790.855138,12440000,upbit,2026-06-28T04:34:13Z
KRW-BTC,2020-10-02T00:00:00,2020-10-02T09:00:00,12440000,12470000,12205000,12423000,2312.407433,12423000,upbit,2026-06-28T04:34:13Z
KRW-BTC,2020-10-03T00:00:00,2020-10-03T09:00:00,12423000,12434000,12326000,12393000,802.7589499,12393000,upbit,2026-06-28T04:34:13Z
KRW-BTC,2020-10-04T00:00:00,2020-10-04T09:00:00,12393000,12496000,12348000,12447000,869.827279,12447000,upbit,2026-06-28T04:34:13Z
KRW-BTC,2020-10-05T00:00:00,2020-10-05T09:00:00,12446000,12545000,12385000,12536000,1578.02783,12536000,upbit,2026-06-28T04:34:13Z
KRW-BTC,2020-10-06T00:00:00,2020-10-06T09:00:00,12536000,12600000,12330000,12418000,1745.875329,12418000,upbit,2026-06-28T04:34:13Z
KRW-BTC,2020-10-07T00:00:00,2020-10-07T09:00:00,12408000,12435000,12337000,12423000,1357.358223,12423000,upbit,2026-06-28T04:34:13Z
KRW-BTC,2020-10-08T00:00:00,2020-10-08T09:00:00,12422000,12680000,12280000,12582000,2422.119262,12582000,upbit,2026-06-28T04:34:13Z
KRW-BTC,2020-10-09T00:00:00,2020-10-09T09:00:00,12582000,12750000,12503000,12638000,2245.607475,12638000,upbit,2026-06-28T04:34:13Z
KRW-BTC,2020-10-10T00:00:00,2020-10-10T09:00:00,12637000,13007000,12628000,12864000,2416.641481,12864000,upbit,2026-06-28T04:34:13Z
KRW-BTC,2020-10-11T00:00:00,2020-10-11T09:00:00,12858000,12994000,12817000,12934000,1337.687884,12934000,upbit,2026-06-28T04:34:13Z
KRW-BTC,2020-10-12T00:00:00,2020-10-12T09:00:00,12934000,13330000,12855000,13172000,2796.545863,13172000,upbit,2026-06-28T04:34:13Z
KRW-BTC,2020-10-13T00:00:00,2020-10-13T09:00:00,13176000,13217000,12999000,13134000,2608.353646,13134000,upbit,2026-06-28T04:34:13Z
KRW-BTC,2020-10-14T00:00:00,2020-10-14T09:00:00,13134000,13278000,13040000,13150000,2472.027322,13150000,upbit,2026-06-28T04:34:13Z
KRW-BTC,2020-10-15T00:00:00,2020-10-15T09:00:00,13150000,13300000,12993000,13226000,2393.896921,13226000,upbit,2026-06-28T04:34:13Z
KRW-BTC,2020-10-16T00:00:00,2020-10-16T09:00:00,13230000,13275000,12893000,13054000,3130.673924,13054000,upbit,2026-06-28T04:34:13Z
KRW-BTC,2020-10-17T00:00:00,2020-10-17T09:00:00,13054000,13097000,12970000,13078000,1046.284968,13078000,upbit,2026-06-28T04:34:13Z
KRW-BTC,2020-10-18T00:00:00,2020-10-18T09:00:00,13078000,13208000,13050000,13207000,1089.072411,13207000,upbit,2026-06-28T04:34:13Z
KRW-BTC,2020-10-19T00:00:00,2020-10-19T09:00:00,13207000,13480000,13095000,13415000,2364.390712,13415000,upbit,2026-06-28T04:34:13Z
KRW-BTC,2020-10-20T00:00:00,2020-10-20T09:00:00,13420000,13746000,13339000,13646000,3296.405719,13646000,upbit,2026-06-28T04:34:13Z
KRW-BTC,2020-10-21T00:00:00,2020-10-21T09:00:00,13645000,14812000,13615000,14423000,6403.532239,14423000,upbit,2026-06-28T04:34:13Z
KRW-BTC,2020-10-22T00:00:00,2020-10-22T09:00:00,14420000,14769000,14320000,14558000,4262.746707,14558000,upbit,2026-06-28T04:34:13Z
KRW-BTC,2020-10-23T00:00:00,2020-10-23T09:00:00,14558000,14623000,14340000,14584000,2925.465487,14584000,upbit,2026-06-28T04:34:13Z
KRW-BTC,2020-10-24T00:00:00,2020-10-24T09:00:00,14579000,14800000,14514000,14760000,1868.379109,14760000,upbit,2026-06-28T04:34:13Z
KRW-BTC,2020-10-25T00:00:00,2020-10-25T09:00:00,14760000,15000000,14556000,14690000,2314.369467,14690000,upbit,2026-06-28T04:34:13Z
KRW-BTC,2020-10-26T00:00:00,2020-10-26T09:00:00,14687000,14920000,14358000,14764000,3031.758804,14764000,upbit,2026-06-28T04:34:13Z
KRW-BTC,2020-10-27T00:00:00,2020-10-27T09:00:00,14772000,15457000,14683000,15312000,3964.12532,15312000,upbit,2026-06-28T04:34:13Z
KRW-BTC,2020-10-28T00:00:00,2020-10-28T09:00:00,15300000,15557000,14635000,15060000,5752.669847,15060000,upbit,2026-06-28T04:34:13Z
KRW-BTC,2020-10-29T00:00:00,2020-10-29T09:00:00,15060000,15379000,14703000,15207000,3516.504745,15207000,upbit,2026-06-28T04:34:13Z
KRW-BTC,2020-10-30T00:00:00,2020-10-30T09:00:00,15207000,15460000,14899000,15340000,3753.488127,15340000,upbit,2026-06-28T04:34:13Z
KRW-BTC,2020-10-31T00:00:00,2020-10-31T09:00:00,15340000,15800000,15205000,15606000,4066.292449,15606000,upbit,2026-06-28T04:34:13Z
KRW-BTC,2020-11-01T00:00:00,2020-11-01T09:00:00,15606000,15710000,15461000,15574000,1806.621226,15574000,upbit,2026-06-28T04:34:13Z
KRW-BTC,2020-11-02T00:00:00,2020-11-02T09:00:00,15574000,15641000,15011000,15397000,3643.765543,15397000,upbit,2026-06-28T04:34:13Z
KRW-BTC,2020-11-03T00:00:00,2020-11-03T09:00:00,15396000,15900000,15150000,15881000,3888.004126,15881000,upbit,2026-06-28T04:34:13Z
KRW-BTC,2020-11-04T00:00:00,2020-11-04T09:00:00,15881000,16020000,15431000,15959000,4673.775324,15959000,upbit,2026-06-28T04:34:13Z
KRW-BTC,2020-11-05T00:00:00,2020-11-05T09:00:00,15959000,17540000,15900000,17352000,9583.127614,17352000,upbit,2026-06-28T04:34:13Z
KRW-BTC,2020-11-06T00:00:00,2020-11-06T09:00:00,17352000,17789000,17060000,17397000,7786.574967,17397000,upbit,2026-06-28T04:34:13Z
KRW-BTC,2020-11-07T00:00:00,2020-11-07T09:00:00,17397000,17613000,16252000,16647000,5131.604249,16647000,upbit,2026-06-28T04:34:13Z
KRW-BTC,2020-11-08T00:00:00,2020-11-08T09:00:00,16650000,17388000,16520000,17297000,3402.968942,17297000,upbit,2026-06-28T04:34:13Z
KRW-BTC,2020-11-09T00:00:00,2020-11-09T09:00:00,17276000,17550000,16695000,17106000,5112.232518,17106000,upbit,2026-06-28T04:34:13Z
KRW-BTC,2020-11-10T00:00:00,2020-11-10T09:00:00,17106000,17190000,16872000,17035000,2656.019968,17035000,upbit,2026-06-28T04:34:13Z
KRW-BTC,2020-11-11T00:00:00,2020-11-11T09:00:00,17035000,17600000,17009000,17439000,3969.121072,17439000,upbit,2026-06-28T04:34:13Z
KRW-BTC,2020-11-12T00:00:00,2020-11-12T09:00:00,17439000,17979000,17200000,17954000,5384.627474,17954000,upbit,2026-06-28T04:34:13Z
KRW-BTC,2020-11-13T00:00:00,2020-11-13T09:00:00,17952000,18225000,17640000,17988000,4395.696601,17988000,upbit,2026-06-28T04:34:13Z
KRW-BTC,2020-11-14T00:00:00,2020-11-14T09:00:00,17988000,18000000,17455000,17796000,2786.768757,17796000,upbit,2026-06-28T04:34:13Z
KRW-BTC,2020-11-15T00:00:00,2020-11-15T09:00:00,17796000,17831000,17545000,17670000,1842.978329,17670000,upbit,2026-06-28T04:34:13Z
KRW-BTC,2020-11-16T00:00:00,2020-11-16T09:00:00,17670000,18450000,17555000,18275000,4191.31591,18275000,upbit,2026-06-28T04:34:13Z
KRW-BTC,2020-11-17T00:00:00,2020-11-17T09:00:00,18275000,19417000,18207000,19332000,6075.982596,19332000,upbit,2026-06-28T04:34:13Z
KRW-BTC,2020-11-18T00:00:00,2020-11-18T09:00:00,19344000,20280000,18865000,19714000,11453.54479,19714000,upbit,2026-06-28T04:34:13Z
KRW-BTC,2020-11-19T00:00:00,2020-11-19T09:00:00,19714000,20080000,19385000,19802000,5978.142595,19802000,upbit,2026-06-28T04:34:13Z
KRW-BTC,2020-11-20T00:00:00,2020-11-20T09:00:00,19800000,20795000,19771000,20627000,6145.389983,20627000,upbit,2026-06-28T04:34:13Z
KRW-BTC,2020-11-21T00:00:00,2020-11-21T09:00:00,20627000,21025000,20200000,20351000,6136.933141,20351000,upbit,2026-06-28T04:34:13Z
KRW-BTC,2020-11-22T00:00:00,2020-11-22T09:00:00,20348000,20595000,19525000,20307000,7886.901086,20307000,upbit,2026-06-28T04:34:13Z
KRW-BTC,2020-11-23T00:00:00,2020-11-23T09:00:00,20307000,20528000,19901000,20100000,5709.959632,20100000,upbit,2026-06-28T04:34:13Z
KRW-BTC,2020-11-24T00:00:00,2020-11-24T09:00:00,20100000,21390000,19937000,20957000,15373.88018,20957000,upbit,2026-06-28T04:34:13Z
KRW-BTC,2020-11-25T00:00:00,2020-11-25T09:00:00,20957000,21459000,20600000,20840000,8276.714539,20840000,upbit,2026-06-28T04:34:13Z
KRW-BTC,2020-11-26T00:00:00,2020-11-26T09:00:00,20840000,20989000,18569000,19225000,13803.48683,19225000,upbit,2026-06-28T04:34:13Z
KRW-BTC,2020-11-27T00:00:00,2020-11-27T09:00:00,19226000,19654000,18500000,19129000,7568.746147,19129000,upbit,2026-06-28T04:34:13Z
KRW-BTC,2020-11-28T00:00:00,2020-11-28T09:00:00,19129000,19556000,18858000,19484000,5060.390911,19484000,upbit,2026-06-28T04:34:13Z
KRW-BTC,2020-11-29T00:00:00,2020-11-29T09:00:00,19486000,20110000,19196000,19991000,4169.396842,19991000,upbit,2026-06-28T04:34:13Z
KRW-BTC,2020-11-30T00:00:00,2020-11-30T09:00:00,19990000,21368000,19971000,21315000,9685.830452,21315000,upbit,2026-06-28T04:34:13Z
KRW-BTC,2020-12-01T00:00:00,2020-12-01T09:00:00,21313000,21651000,20202000,20867000,9671.686879,20867000,upbit,2026-06-28T04:34:13Z
KRW-BTC,2020-12-02T00:00:00,2020-12-02T09:00:00,20867000,21315000,20346000,21097000,6264.747,21097000,upbit,2026-06-28T04:34:13Z
KRW-BTC,2020-12-03T00:00:00,2020-12-03T09:00:00,21091000,21310000,20797000,21179000,4414.076428,21179000,upbit,2026-06-28T04:34:13Z
KRW-BTC,2020-12-04T00:00:00,2020-12-04T09:00:00,21183000,21266000,20428000,20569000,4243.742479,20569000,upbit,2026-06-28T04:34:13Z
KRW-BTC,2020-12-05T00:00:00,2020-12-05T09:00:00,20569000,20956000,20390000,20781000,2247.520461,20781000,upbit,2026-06-28T04:34:13Z
KRW-BTC,2020-12-06T00:00:00,2020-12-06T09:00:00,20778000,20999000,20574000,20976000,2247.748681,20976000,upbit,2026-06-28T04:34:13Z
KRW-BTC,2020-12-07T00:00:00,2020-12-07T09:00:00,20976000,21053000,20666000,20834000,3241.98488,20834000,upbit,2026-06-28T04:34:13Z
KRW-BTC,2020-12-08T00:00:00,2020-12-08T09:00:00,20834000,20931000,19942000,20010000,4532.537389,20010000,upbit,2026-06-28T04:34:13Z
KRW-BTC,2020-12-09T00:00:00,2020-12-09T09:00:00,20025000,20345000,19216000,20267000,5827.204903,20267000,upbit,2026-06-28T04:34:13Z
KRW-BTC,2020-12-10T00:00:00,2020-12-10T09:00:00,20252000,20275000,19647000,19950000,3151.82649,19950000,upbit,2026-06-28T04:34:13Z
KRW-BTC,2020-12-11T00:00:00,2020-12-11T09:00:00,19950000,19996000,19404000,19658000,4508.129895,19658000,upbit,2026-06-28T04:34:13Z
KRW-BTC,2020-12-12T00:00:00,2020-12-12T09:00:00,19658000,20650000,19654000,20585000,3773.488248,20585000,upbit,2026-06-28T04:34:13Z
KRW-BTC,2020-12-13T00:00:00,2020-12-13T09:00:00,20585000,21075000,20459000,20793000,4108.955282,20793000,upbit,2026-06-28T04:34:13Z
KRW-BTC,2020-12-14T00:00:00,2020-12-14T09:00:00,20786000,21000000,20610000,20939000,3105.389415,20939000,upbit,2026-06-28T04:34:13Z
KRW-BTC,2020-12-15T00:00:00,2020-12-15T09:00:00,20927000,21267000,20805000,21103000,3886.603302,21103000,upbit,2026-06-28T04:34:13Z
KRW-BTC,2020-12-16T00:00:00,2020-12-16T09:00:00,21103000,23033000,20900000,22888000,10828.41457,22888000,upbit,2026-06-28T04:34:13Z
KRW-BTC,2020-12-17T00:00:00,2020-12-17T09:00:00,22881000,25768000,22473000,24743000,18025.94451,24743000,upbit,2026-06-28T04:34:13Z
KRW-BTC,2020-12-18T00:00:00,2020-12-18T09:00:00,24737000,25247000,24360000,25151000,6288.938923,25151000,upbit,2026-06-28T04:34:13Z
KRW-BTC,2020-12-19T00:00:00,2020-12-19T09:00:00,25151000,26410000,24947000,26169000,7210.7292,26169000,upbit,2026-06-28T04:34:13Z
KRW-BTC,2020-12-20T00:00:00,2020-12-20T09:00:00,26169000,26562000,25422000,25880000,6316.485854,25880000,upbit,2026-06-28T04:34:13Z
KRW-BTC,2020-12-21T00:00:00,2020-12-21T09:00:00,25890000,26588000,24600000,25387000,13640.52346,25387000,upbit,2026-06-28T04:34:13Z
KRW-BTC,2020-12-22T00:00:00,2020-12-22T09:00:00,25387000,26828000,24925000,26776000,7994.073583,26776000,upbit,2026-06-28T04:34:13Z
KRW-BTC,2020-12-23T00:00:00,2020-12-23T09:00:00,26776000,27070000,25600000,26380000,12398.44761,26380000,upbit,2026-06-28T04:34:13Z
KRW-BTC,2020-12-24T00:00:00,2020-12-24T09:00:00,26380000,26608000,25774000,26503000,6661.237365,26503000,upbit,2026-06-28T04:34:13Z
KRW-BTC,2020-12-25T00:00:00,2020-12-25T09:00:00,26503000,27271000,26171000,27122000,7979.827412,27122000,upbit,2026-06-28T04:34:13Z
KRW-BTC,2020-12-26T00:00:00,2020-12-26T09:00:00,27122000,29524000,26983000,29378000,9647.774225,29378000,upbit,2026-06-28T04:34:13Z
KRW-BTC,2020-12-27T00:00:00,2020-12-27T09:00:00,29378000,31800000,28802000,29319000,19899.62591,29319000,upbit,2026-06-28T04:34:13Z
KRW-BTC,2020-12-28T00:00:00,2020-12-28T09:00:00,29347000,30587000,29167000,30249000,8175.159923,30249000,upbit,2026-06-28T04:34:13Z
KRW-BTC,2020-12-29T00:00:00,2020-12-29T09:00:00,30219000,30520000,29028000,30498000,7302.220616,30498000,upbit,2026-06-28T04:34:13Z
KRW-BTC,2020-12-30T00:00:00,2020-12-30T09:00:00,30498000,31999000,30333000,31891000,10282.8228,31891000,upbit,2026-06-28T04:34:13Z
KRW-BTC,2020-12-31T00:00:00,2020-12-31T09:00:00,31923000,32386000,31300000,32042000,8041.248074,32042000,upbit,2026-06-28T04:34:13Z
KRW-BTC,2021-01-01T00:00:00,2021-01-01T09:00:00,32037000,32599000,31800000,32296000,5752.494216,32296000,upbit,2026-06-28T04:34:13Z
KRW-BTC,2021-01-02T00:00:00,2021-01-02T09:00:00,32295000,36600000,31920000,35700000,17451.16768,35700000,upbit,2026-06-28T04:34:13Z
KRW-BTC,2021-01-03T00:00:00,2021-01-03T09:00:00,35700000,39453000,35500000,37537000,25381.50662,37537000,upbit,2026-06-28T04:34:13Z
KRW-BTC,2021-01-04T00:00:00,2021-01-04T09:00:00,37537000,38476000,33000000,36460000,23598.19459,36460000,upbit,2026-06-28T04:34:13Z
KRW-BTC,2021-01-05T00:00:00,2021-01-05T09:00:00,36478000,38590000,34357000,38093000,13461.98168,38093000,upbit,2026-06-28T04:34:13Z
KRW-BTC,2021-01-06T00:00:00,2021-01-06T09:00:00,38107000,41000000,37380000,40762000,15168.9807,40762000,upbit,2026-06-28T04:34:13Z
KRW-BTC,2021-01-07T00:00:00,2021-01-07T09:00:00,40764000,44990000,40250000,44698000,17201.05519,44698000,upbit,2026-06-28T04:34:13Z
KRW-BTC,2021-01-08T00:00:00,2021-01-08T09:00:00,44698000,48550000,42271000,47215000,21891.12559,47215000,upbit,2026-06-28T04:34:13Z
KRW-BTC,2021-01-09T00:00:00,2021-01-09T09:00:00,47201000,47650000,45171000,45718000,13453.12657,45718000,upbit,2026-06-28T04:34:13Z
KRW-BTC,2021-01-10T00:00:00,2021-01-10T09:00:00,45716000,47000000,39500000,43404000,23031.00699,43404000,upbit,2026-06-28T04:34:13Z
KRW-BTC,2021-01-11T00:00:00,2021-01-11T09:00:00,43400000,43570000,35010000,40094000,50543.88222,40094000,upbit,2026-06-28T04:34:13Z
KRW-BTC,2021-01-12T00:00:00,2021-01-12T09:00:00,40094000,40888000,36654000,38577000,22472.57576,38577000,upbit,2026-06-28T04:34:13Z
KRW-BTC,2021-01-13T00:00:00,2021-01-13T09:00:00,38496000,41900000,37001000,41380000,15632.80207,41380000,upbit,2026-06-28T04:34:13Z
KRW-BTC,2021-01-14T00:00:00,2021-01-14T09:00:00,41380000,43998000,40510000,42735000,15952.88893,42735000,upbit,2026-06-28T04:34:13Z
KRW-BTC,2021-01-15T00:00:00,2021-01-15T09:00:00,42787000,43199000,38690000,40952000,16278.02916,40952000,upbit,2026-06-28T04:34:13Z
KRW-BTC,2021-01-16T00:00:00,2021-01-16T09:00:00,40951000,41800000,39689000,40086000,10393.35015,40086000,upbit,2026-06-28T04:34:13Z
KRW-BTC,2021-01-17T00:00:00,2021-01-17T09:00:00,40070000,40722000,38102000,39536000,9785.469952,39536000,upbit,2026-06-28T04:34:13Z
KRW-BTC,2021-01-18T00:00:00,2021-01-18T09:00:00,39536000,40999000,38699000,40008000,8374.535245,40008000,upbit,2026-06-28T04:34:13Z
KRW-BTC,2021-01-19T00:00:00,2021-01-19T09:00:00,40008000,41251000,39580000,39586000,9913.189479,39586000,upbit,2026-06-28T04:34:13Z
KRW-BTC,2021-01-20T00:00:00,2021-01-20T09:00:00,39580000,39998000,37579000,39253000,10290.52814,39253000,upbit,2026-06-28T04:34:13Z
KRW-BTC,2021-01-21T00:00:00,2021-01-21T09:00:00,39253000,39329000,33867000,34519000,18816.54602,34519000,upbit,2026-06-28T04:34:13Z
KRW-BTC,2021-01-22T00:00:00,2021-01-22T09:00:00,34525000,37342000,31662000,36345000,21883.00424,36345000,upbit,2026-06-28T04:34:13Z
KRW-BTC,2021-01-23T00:00:00,2021-01-23T09:00:00,36345000,37018000,34678000,35493000,8710.028598,35493000,upbit,2026-06-28T04:34:13Z
KRW-BTC,2021-01-24T00:00:00,2021-01-24T09:00:00,35494000,36283000,34250000,35539000,7625.876467,35539000,upbit,2026-06-28T04:34:13Z
KRW-BTC,2021-01-25T00:00:00,2021-01-25T09:00:00,35539000,38388000,35394000,36054000,14596.3552,36054000,upbit,2026-06-28T04:34:13Z
KRW-BTC,2021-01-26T00:00:00,2021-01-26T09:00:00,36054000,36594000,34808000,35923000,8489.583177,35923000,upbit,2026-06-28T04:34:13Z
KRW-BTC,2021-01-27T00:00:00,2021-01-27T09:00:00,35929000,36026000,33235000,34300000,9356.771613,34300000,upbit,2026-06-28T04:34:13Z
KRW-BTC,2021-01-28T00:00:00,2021-01-28T09:00:00,34293000,37186000,33726000,36624000,9452.485501,36624000,upbit,2026-06-28T04:34:13Z
KRW-BTC,2021-01-29T00:00:00,2021-01-29T09:00:00,36631000,41072000,35514000,37523000,33565.73801,37523000,upbit,2026-06-28T04:34:13Z
KRW-BTC,2021-01-30T00:00:00,2021-01-30T09:00:00,37523000,38201000,36230000,37087000,12481.60664,37087000,upbit,2026-06-28T04:34:13Z
KRW-BTC,2021-01-31T00:00:00,2021-01-31T09:00:00,37039000,37633000,35800000,36408000,11396.06447,36408000,upbit,2026-06-28T04:34:13Z
KRW-BTC,2021-02-01T00:00:00,2021-02-01T09:00:00,36408000,38161000,35907000,36618000,13783.13636,36618000,upbit,2026-06-28T04:34:13Z
KRW-BTC,2021-02-02T00:00:00,2021-02-02T09:00:00,36618000,38300000,36323000,37910000,9650.442205,37910000,upbit,2026-06-28T04:34:13Z
KRW-BTC,2021-02-03T00:00:00,2021-02-03T09:00:00,37910000,39371000,37909000,39357000,9775.500022,39357000,upbit,2026-06-28T04:34:13Z
KRW-BTC,2021-02-04T00:00:00,2021-02-04T09:00:00,39345000,41426000,38059000,39810000,14561.23463,39810000,upbit,2026-06-28T04:34:13Z
KRW-BTC,2021-02-05T00:00:00,2021-02-05T09:00:00,39809000,40770000,39492000,40424000,7783.097938,40424000,upbit,2026-06-28T04:34:13Z
KRW-BTC,2021-02-06T00:00:00,2021-02-06T09:00:00,40421000,43622000,40345000,41725000,12812.76462,41725000,upbit,2026-06-28T04:34:13Z
KRW-BTC,2021-02-07T00:00:00,2021-02-07T09:00:00,41725000,42630000,40501000,41921000,8432.559742,41921000,upbit,2026-06-28T04:34:13Z
KRW-BTC,2021-02-08T00:00:00,2021-02-08T09:00:00,41921000,49583000,41562000,49070000,25472.07406,49070000,upbit,2026-06-28T04:34:13Z
KRW-BTC,2021-02-09T00:00:00,2021-02-09T09:00:00,49070000,51200000,48350000,48779000,18283.67538,48779000,upbit,2026-06-28T04:34:13Z
KRW-BTC,2021-02-10T00:00:00,2021-02-10T09:00:00,48788000,49781000,47350000,48550000,11588.865,48550000,upbit,2026-06-28T04:34:13Z
KRW-BTC,2021-02-11T00:00:00,2021-02-11T09:00:00,48550000,51800000,48074000,51370000,12305.59268,51370000,upbit,2026-06-28T04:34:13Z
KRW-BTC,2021-02-12T00:00:00,2021-02-12T09:00:00,51370000,52280000,50237000,50836000,8911.898307,50836000,upbit,2026-06-28T04:34:13Z
KRW-BTC,2021-02-13T00:00:00,2021-02-13T09:00:00,50836000,51757000,50258000,50626000,7055.123455,50626000,upbit,2026-06-28T04:34:13Z
KRW-BTC,2021-02-14T00:00:00,2021-02-14T09:00:00,50625000,53380000,50403000,52706000,11364.08402,52706000,upbit,2026-06-28T04:34:13Z
KRW-BTC,2021-02-15T00:00:00,2021-02-15T09:00:00,52711000,53086000,50313000,52532000,8789.306931,52532000,upbit,2026-06-28T04:34:13Z
KRW-BTC,2021-02-16T00:00:00,2021-02-16T09:00:00,52518000,55500000,51773000,54760000,11825.60488,54760000,upbit,2026-06-28T04:34:13Z
KRW-BTC,2021-02-17T00:00:00,2021-02-17T09:00:00,54760000,58120000,54431000,57484000,11559.32777,57484000,upbit,2026-06-28T04:34:13Z
KRW-BTC,2021-02-18T00:00:00,2021-02-18T09:00:00,57458000,58426000,56405000,57852000,9072.44556,57852000,upbit,2026-06-28T04:34:13Z
KRW-BTC,2021-02-19T00:00:00,2021-02-19T09:00:00,57852000,63680000,57038000,63649000,12496.05048,63649000,upbit,2026-06-28T04:34:13Z
KRW-BTC,2021-02-20T00:00:00,2021-02-20T09:00:00,63649000,65985000,62399000,64251000,16375.10552,64251000,upbit,2026-06-28T04:34:13Z
KRW-BTC,2021-02-21T00:00:00,2021-02-21T09:00:00,64260000,65846000,63381000,65417000,9000.189894,65417000,upbit,2026-06-28T04:34:13Z
KRW-BTC,2021-02-22T00:00:00,2021-02-22T09:00:00,65416000,65488000,56562000,61744000,28418.51483,61744000,upbit,2026-06-28T04:34:13Z
KRW-BTC,2021-02-23T00:00:00,2021-02-23T09:00:00,61688000,61760000,50900000,55105000,36042.68861,55105000,upbit,2026-06-28T04:34:13Z
KRW-BTC,2021-02-24T00:00:00,2021-02-24T09:00:00,55106000,58150000,52875000,56500000,19006.41113,56500000,upbit,2026-06-28T04:34:13Z
KRW-BTC,2021-02-25T00:00:00,2021-02-25T09:00:00,56501000,58890000,53800000,54168000,15921.35059,54168000,upbit,2026-06-28T04:34:13Z
KRW-BTC,2021-02-26T00:00:00,2021-02-26T09:00:00,54128000,55226000,51809000,53804000,13302.34743,53804000,upbit,2026-06-28T04:34:13Z
KRW-BTC,2021-02-27T00:00:00,2021-02-27T09:00:00,53835000,55579000,52780000,53494000,7402.628448,53494000,upbit,2026-06-28T04:34:13Z
KRW-BTC,2021-02-28T00:00:00,2021-02-28T09:00:00,53494000,54098000,49755000,51798000,11516.37107,51798000,upbit,2026-06-28T04:34:13Z
KRW-BTC,2021-03-01T00:00:00,2021-03-01T09:00:00,51798000,56992000,51560000,56426000,11303.17672,56426000,upbit,2026-06-28T04:34:13Z
KRW-BTC,2021-03-02T00:00:00,2021-03-02T09:00:00,56438000,57405000,54657000,56000000,9266.678217,56000000,upbit,2026-06-28T04:34:13Z
KRW-BTC,2021-03-03T00:00:00,2021-03-03T09:00:00,56007000,59640000,55662000,57933000,10755.94573,57933000,upbit,2026-06-28T04:34:13Z
KRW-BTC,2021-03-04T00:00:00,2021-03-04T09:00:00,57933000,59159000,55600000,56426000,11821.02544,56426000,upbit,2026-06-28T04:34:13Z
KRW-BTC,2021-03-05T00:00:00,2021-03-05T09:00:00,56410000,57225000,54500000,56654000,8355.347319,56654000,upbit,2026-06-28T04:34:13Z
KRW-BTC,2021-03-06T00:00:00,2021-03-06T09:00:00,56636000,57000000,54754000,56225000,5608.84389,56225000,upbit,2026-06-28T04:34:13Z
KRW-BTC,2021-03-07T00:00:00,2021-03-07T09:00:00,56225000,58722000,56218000,58155000,7153.684319,58155000,upbit,2026-06-28T04:34:13Z
KRW-BTC,2021-03-08T00:00:00,2021-03-08T09:00:00,58155000,59837000,57187000,59821000,8033.076287,59821000,upbit,2026-06-28T04:34:13Z
KRW-BTC,2021-03-09T00:00:00,2021-03-09T09:00:00,59800000,62950000,59335000,62949000,9564.088015,62949000,upbit,2026-06-28T04:34:13Z
KRW-BTC,2021-03-10T00:00:00,2021-03-10T09:00:00,62950000,65500000,60870000,64350000,11752.57017,64350000,upbit,2026-06-28T04:34:13Z
KRW-BTC,2021-03-11T00:00:00,2021-03-11T09:00:00,64354000,66800000,62946000,66208000,10294.73535,66208000,upbit,2026-06-28T04:34:13Z
KRW-BTC,2021-03-12T00:00:00,2021-03-12T09:00:00,66208000,66999000,64700000,66607000,9023.997362,66607000,upbit,2026-06-28T04:34:13Z
KRW-BTC,2021-03-13T00:00:00,2021-03-13T09:00:00,66607000,71000000,65416000,70615000,11160.19224,70615000,upbit,2026-06-28T04:34:13Z
KRW-BTC,2021-03-14T00:00:00,2021-03-14T09:00:00,70615000,71450000,68570000,68587000,7208.31928,68587000,upbit,2026-06-28T04:34:13Z
KRW-BTC,2021-03-15T00:00:00,2021-03-15T09:00:00,68587000,70155000,63500000,64487000,18721.85916,64487000,upbit,2026-06-28T04:34:13Z
KRW-BTC,2021-03-16T00:00:00,2021-03-16T09:00:00,64490000,66020000,62000000,66020000,13522.70847,66020000,upbit,2026-06-28T04:34:13Z
KRW-BTC,2021-03-17T00:00:00,2021-03-17T09:00:00,66020000,68800000,62500000,68494000,14319.54868,68494000,upbit,2026-06-28T04:34:13Z
KRW-BTC,2021-03-18T00:00:00,2021-03-18T09:00:00,68494000,70204000,66846000,67139000,11432.45518,67139000,upbit,2026-06-28T04:34:13Z
KRW-BTC,2021-03-19T00:00:00,2021-03-19T09:00:00,67139000,69746000,65567000,67974000,8681.156917,67974000,upbit,2026-06-28T04:34:13Z
KRW-BTC,2021-03-20T00:00:00,2021-03-20T09:00:00,67911000,69980000,67700000,67849000,8023.608371,67849000,upbit,2026-06-28T04:34:13Z
KRW-BTC,2021-03-21T00:00:00,2021-03-21T09:00:00,67849000,68715000,65451000,67120000,8097.428878,67120000,upbit,2026-06-28T04:34:13Z
KRW-BTC,2021-03-22T00:00:00,2021-03-22T09:00:00,67064000,68380000,64345000,64725000,8366.410551,64725000,upbit,2026-06-28T04:34:13Z
KRW-BTC,2021-03-23T00:00:00,2021-03-23T09:00:00,64728000,66279000,63000000,65458000,9961.040596,65458000,upbit,2026-06-28T04:34:13Z
KRW-BTC,2021-03-24T00:00:00,2021-03-24T09:00:00,65458000,68370000,64500000,64777000,11366.40452,64777000,upbit,2026-06-28T04:34:13Z
KRW-BTC,2021-03-25T00:00:00,2021-03-25T09:00:00,64777000,65305000,62500000,63328000,10463.20781,63328000,upbit,2026-06-28T04:34:13Z
KRW-BTC,2021-03-26T00:00:00,2021-03-26T09:00:00,63334000,65723000,63265000,65675000,8081.669871,65675000,upbit,2026-06-28T04:34:13Z
KRW-BTC,2021-03-27T00:00:00,2021-03-27T09:00:00,65660000,67304000,65111000,66591000,5963.924635,66591000,upbit,2026-06-28T04:34:13Z
KRW-BTC,2021-03-28T00:00:00,2021-03-28T09:00:00,66648000,67500000,66238000,67133000,4650.42504,67133000,upbit,2026-06-28T04:34:13Z
KRW-BTC,2021-03-29T00:00:00,2021-03-29T09:00:00,67133000,69435000,66500000,68701000,8060.783828,68701000,upbit,2026-06-28T04:34:13Z
KRW-BTC,2021-03-30T00:00:00,2021-03-30T09:00:00,68693000,70979000,68500000,70800000,7699.707963,70800000,upbit,2026-06-28T04:34:13Z
KRW-BTC,2021-03-31T00:00:00,2021-03-31T09:00:00,70800000,72000000,69194000,71513000,9836.875688,71513000,upbit,2026-06-28T04:34:13Z
KRW-BTC,2021-04-01T00:00:00,2021-04-01T09:00:00,71480000,73325000,71032000,72749000,9170.381958,72749000,upbit,2026-06-28T04:34:13Z
KRW-BTC,2021-04-02T00:00:00,2021-04-02T09:00:00,72749000,74400000,71841000,73855000,8712.294082,73855000,upbit,2026-06-28T04:34:13Z
KRW-BTC,2021-04-03T00:00:00,2021-04-03T09:00:00,73934000,75703000,71783000,72187000,9274.318109,72187000,upbit,2026-06-28T04:34:13Z
KRW-BTC,2021-04-04T00:00:00,2021-04-04T09:00:00,72187000,74240000,71570000,73974000,6583.438203,73974000,upbit,2026-06-28T04:34:13Z
KRW-BTC,2021-04-05T00:00:00,2021-04-05T09:00:00,73908000,78780000,73890000,78770000,13425.68168,78770000,upbit,2026-06-28T04:34:13Z
KRW-BTC,2021-04-06T00:00:00,2021-04-06T09:00:00,78770000,79500000,76210000,77944000,10824.67206,77944000,upbit,2026-06-28T04:34:13Z
KRW-BTC,2021-04-07T00:00:00,2021-04-07T09:00:00,77919000,79422000,68500000,72850000,19134.03657,72850000,upbit,2026-06-28T04:34:13Z
KRW-BTC,2021-04-08T00:00:00,2021-04-08T09:00:00,72850000,75325000,70432000,75316000,9100.787536,75316000,upbit,2026-06-28T04:34:13Z
KRW-BTC,2021-04-09T00:00:00,2021-04-09T09:00:00,75315000,76435000,73369000,76066000,9146.070282,76066000,upbit,2026-06-28T04:34:13Z
KRW-BTC,2021-04-10T00:00:00,2021-04-10T09:00:00,76072000,79600000,75643000,78530000,9218.162592,78530000,upbit,2026-06-28T04:34:13Z
KRW-BTC,2021-04-11T00:00:00,2021-04-11T09:00:00,78531000,79389000,76500000,78743000,7344.852683,78743000,upbit,2026-06-28T04:34:13Z
KRW-BTC,2021-04-12T00:00:00,2021-04-12T09:00:00,78835000,79006000,77500000,78178000,6311.014948,78178000,upbit,2026-06-28T04:34:13Z
KRW-BTC,2021-04-13T00:00:00,2021-04-13T09:00:00,78178000,81987000,78000000,80736000,11167.52534,80736000,upbit,2026-06-28T04:34:13Z
KRW-BTC,2021-04-14T00:00:00,2021-04-14T09:00:00,80736000,81994000,79500000,80401000,10657.91834,80401000,upbit,2026-06-28T04:34:13Z
KRW-BTC,2021-04-15T00:00:00,2021-04-15T09:00:00,80401000,80798000,78576000,79670000,7368.138566,79670000,upbit,2026-06-28T04:34:13Z
KRW-BTC,2021-04-16T00:00:00,2021-04-16T09:00:00,79670000,81200000,77530000,79351000,10053.30952,79351000,upbit,2026-06-28T04:34:13Z
KRW-BTC,2021-04-17T00:00:00,2021-04-17T09:00:00,79322000,79950000,77500000,77905000,6395.626229,77905000,upbit,2026-06-28T04:34:13Z
KRW-BTC,2021-04-18T00:00:00,2021-04-18T09:00:00,77909000,78365000,70924000,75643000,16046.04766,75643000,upbit,2026-06-28T04:34:13Z
KRW-BTC,2021-04-19T00:00:00,2021-04-19T09:00:00,75692000,76829000,70780000,71456000,11873.87051,71456000,upbit,2026-06-28T04:34:13Z
KRW-BTC,2021-04-20T00:00:00,2021-04-20T09:00:00,71448000,72077000,66001000,70402000,15744.73576,70402000,upbit,2026-06-28T04:34:13Z
KRW-BTC,2021-04-21T00:00:00,2021-04-21T09:00:00,70400000,71490000,67601000,68198000,8571.534338,68198000,upbit,2026-06-28T04:34:13Z
KRW-BTC,2021-04-22T00:00:00,2021-04-22T09:00:00,68193000,69000000,59111000,59962000,20651.79028,59962000,upbit,2026-06-28T04:34:13Z
KRW-BTC,2021-04-23T00:00:00,2021-04-23T09:00:00,59950000,61900000,54964000,60900000,21936.27527,60900000,upbit,2026-06-28T04:34:13Z
KRW-BTC,2021-04-24T00:00:00,2021-04-24T09:00:00,60901000,62519000,58500000,60853000,9176.448107,60853000,upbit,2026-06-28T04:34:13Z
KRW-BTC,2021-04-25T00:00:00,2021-04-25T09:00:00,60853000,62050000,57327000,59859000,8791.287123,59859000,upbit,2026-06-28T04:34:13Z
KRW-BTC,2021-04-26T00:00:00,2021-04-26T09:00:00,59850000,64300000,59075000,64198000,10198.12024,64198000,upbit,2026-06-28T04:34:13Z
KRW-BTC,2021-04-27T00:00:00,2021-04-27T09:00:00,64198000,65000000,63375000,64767000,8003.355945,64767000,upbit,2026-06-28T04:34:13Z
KRW-BTC,2021-04-28T00:00:00,2021-04-28T09:00:00,64759000,65899000,62608000,64100000,8304.377218,64100000,upbit,2026-06-28T04:34:13Z
KRW-BTC,2021-04-29T00:00:00,2021-04-29T09:00:00,64060000,64900000,63000000,63814000,9270.474733,63814000,upbit,2026-06-28T04:34:13Z
KRW-BTC,2021-04-30T00:00:00,2021-04-30T09:00:00,63816000,68540000,63500000,67939000,18322.27981,67939000,upbit,2026-06-28T04:34:13Z
KRW-BTC,2021-05-01T00:00:00,2021-05-01T09:00:00,67956000,69386000,67557000,69049000,9860.607522,69049000,upbit,2026-06-28T04:34:13Z
KRW-BTC,2021-05-02T00:00:00,2021-05-02T09:00:00,69041000,69297000,66803000,68452000,7970.05904,68452000,upbit,2026-06-28T04:34:13Z
KRW-BTC,2021-05-03T00:00:00,2021-05-03T09:00:00,68452000,70999000,68281000,69996000,9426.098452,69996000,upbit,2026-06-28T04:34:13Z
KRW-BTC,2021-05-04T00:00:00,2021-05-04T09:00:00,69996000,70490000,66500000,66829000,12631.5849,66829000,upbit,2026-06-28T04:34:13Z
KRW-BTC,2021-05-05T00:00:00,2021-05-05T09:00:00,66828000,70007000,66500000,68679000,11726.63421,68679000,upbit,2026-06-28T04:34:13Z
KRW-BTC,2021-05-06T00:00:00,2021-05-06T09:00:00,68700000,70853000,67899000,68767000,13078.41997,68767000,upbit,2026-06-28T04:34:13Z
KRW-BTC,2021-05-07T00:00:00,2021-05-07T09:00:00,68760000,69729000,66900000,68563000,12047.68155,68563000,upbit,2026-06-28T04:34:13Z
KRW-BTC,2021-05-08T00:00:00,2021-05-08T09:00:00,68564000,71879000,67610000,71740000,12558.43063,71740000,upbit,2026-06-28T04:34:13Z
KRW-BTC,2021-05-09T00:00:00,2021-05-09T09:00:00,71728000,73129000,70147000,71505000,11786.59649,71505000,upbit,2026-06-28T04:34:13Z
KRW-BTC,2021-05-10T00:00:00,2021-05-10T09:00:00,71506000,72460000,70175000,70902000,13096.22238,70902000,upbit,2026-06-28T04:34:13Z
KRW-BTC,2021-05-11T00:00:00,2021-05-11T09:00:00,70902000,71750000,67597000,69741000,11913.2832,69741000,upbit,2026-06-28T04:34:13Z
KRW-BTC,2021-05-12T00:00:00,2021-05-12T09:00:00,69714000,70499000,60854000,62257000,22173.21879,62257000,upbit,2026-06-28T04:34:13Z
KRW-BTC,2021-05-13T00:00:00,2021-05-13T09:00:00,62380000,65472000,60200000,63069000,22547.53575,63069000,upbit,2026-06-28T04:34:13Z
KRW-BTC,2021-05-14T00:00:00,2021-05-14T09:00:00,63080000,63656000,61001000,61797000,13221.57504,61797000,upbit,2026-06-28T04:34:13Z
KRW-BTC,2021-05-15T00:00:00,2021-05-15T09:00:00,61795000,62118000,57900000,58807000,17508.20716,58807000,upbit,2026-06-28T04:34:13Z
KRW-BTC,2021-05-16T00:00:00,2021-05-16T09:00:00,58814000,60721000,55500000,57649000,16552.6433,57649000,upbit,2026-06-28T04:34:13Z
KRW-BTC,2021-05-17T00:00:00,2021-05-17T09:00:00,57655000,58000000,51381000,54057000,27456.42211,54057000,upbit,2026-06-28T04:34:13Z
KRW-BTC,2021-05-18T00:00:00,2021-05-18T09:00:00,54057000,56366000,53001000,53419000,15075.12157,53419000,upbit,2026-06-28T04:34:13Z
KRW-BTC,2021-05-19T00:00:00,2021-05-19T09:00:00,53404000,53992000,42595000,50379000,40112.86111,50379000,upbit,2026-06-28T04:34:13Z
KRW-BTC,2021-05-20T00:00:00,2021-05-20T09:00:00,50477000,53070000,48328000,51320000,21350.81664,51320000,upbit,2026-06-28T04:34:13Z
KRW-BTC,2021-05-21T00:00:00,2021-05-21T09:00:00,51318000,52726000,45701000,49112000,22198.61379,49112000,upbit,2026-06-28T04:34:13Z
KRW-BTC,2021-05-22T00:00:00,2021-05-22T09:00:00,49080000,49260000,43957000,47460000,16597.85063,47460000,upbit,2026-06-28T04:34:13Z
KRW-BTC,2021-05-23T00:00:00,2021-05-23T09:00:00,47444000,48592000,39331000,42585000,27384.56413,42585000,upbit,2026-06-28T04:34:13Z
KRW-BTC,2021-05-24T00:00:00,2021-05-24T09:00:00,42585000,47452000,41253000,46963000,22353.30949,46963000,upbit,2026-06-28T04:34:13Z
KRW-BTC,2021-05-25T00:00:00,2021-05-25T09:00:00,46932000,49113000,45197000,47047000,15379.79581,47047000,upbit,2026-06-28T04:34:13Z
KRW-BTC,2021-05-26T00:00:00,2021-05-26T09:00:00,47067000,49081000,46265000,47325000,11383.21756,47325000,upbit,2026-06-28T04:34:13Z
KRW-BTC,2021-05-27T00:00:00,2021-05-27T09:00:00,47324000,48120000,45423000,46563000,10358.12373,46563000,upbit,2026-06-28T04:34:13Z
KRW-BTC,2021-05-28T00:00:00,2021-05-28T09:00:00,46568000,47069000,43009000,43723000,14678.13363,43723000,upbit,2026-06-28T04:34:13Z
KRW-BTC,2021-05-29T00:00:00,2021-05-29T09:00:00,43723000,44812000,41405000,42688000,10628.41268,42688000,upbit,2026-06-28T04:34:13Z
KRW-BTC,2021-05-30T00:00:00,2021-05-30T09:00:00,42688000,43827000,40580000,43177000,9194.807917,43177000,upbit,2026-06-28T04:34:13Z
KRW-BTC,2021-05-31T00:00:00,2021-05-31T09:00:00,43177000,44235000,41304000,43761000,10111.06622,43761000,upbit,2026-06-28T04:34:13Z
KRW-BTC,2021-06-01T00:00:00,2021-06-01T09:00:00,43761000,44550000,42515000,43200000,9081.154929,43200000,upbit,2026-06-28T04:34:13Z
KRW-BTC,2021-06-02T00:00:00,2021-06-02T09:00:00,43207000,44341000,42550000,43732000,7405.760642,43732000,upbit,2026-06-28T04:34:13Z
KRW-BTC,2021-06-03T00:00:00,2021-06-03T09:00:00,43744000,45692000,43439000,45431000,8776.669532,45431000,upbit,2026-06-28T04:34:13Z
KRW-BTC,2021-06-04T00:00:00,2021-06-04T09:00:00,45429000,45500000,42210000,42938000,9703.70957,42938000,upbit,2026-06-28T04:34:13Z
KRW-BTC,2021-06-05T00:00:00,2021-06-05T09:00:00,42938000,43766000,41468000,41943000,6891.398741,41943000,upbit,2026-06-28T04:34:13Z
KRW-BTC,2021-06-06T00:00:00,2021-06-06T09:00:00,41942000,42455000,41445000,41780000,4781.231443,41780000,upbit,2026-06-28T04:34:13Z
KRW-BTC,2021-06-07T00:00:00,2021-06-07T09:00:00,41780000,42458000,38916000,39064000,8580.178053,39064000,upbit,2026-06-28T04:34:13Z
KRW-BTC,2021-06-08T00:00:00,2021-06-08T09:00:00,39065000,39642000,36364000,38494000,12529.11361,38494000,upbit,2026-06-28T04:34:13Z
KRW-BTC,2021-06-09T00:00:00,2021-06-09T09:00:00,38495000,43610000,37200000,43278000,17850.79539,43278000,upbit,2026-06-28T04:34:13Z
KRW-BTC,2021-06-10T00:00:00,2021-06-10T09:00:00,43282000,44620000,41810000,42836000,16175.75408,42836000,upbit,2026-06-28T04:34:13Z
KRW-BTC,2021-06-11T00:00:00,2021-06-11T09:00:00,42836000,43805000,42060000,43698000,16348.37534,43698000,upbit,2026-06-28T04:34:13Z
KRW-BTC,2021-06-12T00:00:00,2021-06-12T09:00:00,43698000,44088000,40640000,41430000,15751.47879,41430000,upbit,2026-06-28T04:34:13Z
KRW-BTC,2021-06-13T00:00:00,2021-06-13T09:00:00,41430000,45116000,40543000,44746000,12435.48549,44746000,upbit,2026-06-28T04:34:13Z
KRW-BTC,2021-06-14T00:00:00,2021-06-14T09:00:00,44746000,47401000,44400000,46501000,18922.82337,46501000,upbit,2026-06-28T04:34:13Z
KRW-BTC,2021-06-15T00:00:00,2021-06-15T09:00:00,46511000,47500000,45483000,46389000,10580.65998,46389000,upbit,2026-06-28T04:34:13Z
KRW-BTC,2021-06-16T00:00:00,2021-06-16T09:00:00,46409000,46543000,44887000,45295000,10781.54323,45295000,upbit,2026-06-28T04:34:13Z
KRW-BTC,2021-06-17T00:00:00,2021-06-17T09:00:00,45306000,46048000,44390000,44854000,10707.19704,44854000,upbit,2026-06-28T04:34:13Z
KRW-BTC,2021-06-18T00:00:00,2021-06-18T09:00:00,44823000,44945000,42191000,42599000,15162.18446,42599000,upbit,2026-06-28T04:34:13Z
KRW-BTC,2021-06-19T00:00:00,2021-06-19T09:00:00,42588000,43000000,41364000,42088000,9403.803546,42088000,upbit,2026-06-28T04:34:13Z
KRW-BTC,2021-06-20T00:00:00,2021-06-20T09:00:00,42088000,42443000,39785000,41842000,13184.4959,41842000,upbit,2026-06-28T04:34:13Z
KRW-BTC,2021-06-21T00:00:00,2021-06-21T09:00:00,41843000,42048000,36802000,37393000,23102.56134,37393000,upbit,2026-06-28T04:34:13Z
KRW-BTC,2021-06-22T00:00:00,2021-06-22T09:00:00,37397000,39068000,33900000,37784000,29986.86958,37784000,upbit,2026-06-28T04:34:13Z
KRW-BTC,2021-06-23T00:00:00,2021-06-23T09:00:00,37784000,40099000,36726000,39077000,17696.39517,39077000,upbit,2026-06-28T04:34:13Z
KRW-BTC,2021-06-24T00:00:00,2021-06-24T09:00:00,39077000,40705000,37770000,40098000,11788.00643,40098000,upbit,2026-06-28T04:34:13Z
KRW-BTC,2021-06-25T00:00:00,2021-06-25T09:00:00,40100000,40956000,36901000,37152000,14567.87636,37152000,upbit,2026-06-28T04:34:13Z
KRW-BTC,2021-06-26T00:00:00,2021-06-26T09:00:00,37152000,37999000,35522000,37629000,13300.23645,37629000,upbit,2026-06-28T04:34:13Z
KRW-BTC,2021-06-27T00:00:00,2021-06-27T09:00:00,37617000,40000000,37253000,39985000,12422.20135,39985000,upbit,2026-06-28T04:34:13Z
KRW-BTC,2021-06-28T00:00:00,2021-06-28T09:00:00,39985000,40570000,39188000,39959000,12722.9155,39959000,upbit,2026-06-28T04:34:13Z
KRW-BTC,2021-06-29T00:00:00,2021-06-29T09:00:00,39971000,42180000,39810000,41528000,13195.49437,41528000,upbit,2026-06-28T04:34:13Z
KRW-BTC,2021-06-30T00:00:00,2021-06-30T09:00:00,41528000,41833000,40010000,40674000,9199.174689,40674000,upbit,2026-06-28T04:34:13Z
KRW-BTC,2021-07-01T00:00:00,2021-07-01T09:00:00,40663000,40683000,38668000,39320000,9130.32512,39320000,upbit,2026-06-28T04:34:13Z
KRW-BTC,2021-07-02T00:00:00,2021-07-02T09:00:00,39320000,39834000,38288000,39442000,6427.369155,39442000,upbit,2026-06-28T04:34:13Z
KRW-BTC,2021-07-03T00:00:00,2021-07-03T09:00:00,39440000,40578000,38951000,40299000,4933.229554,40299000,upbit,2026-06-28T04:34:13Z
KRW-BTC,2021-07-04T00:00:00,2021-07-04T09:00:00,40299000,41643000,40088000,40948000,4981.523532,40948000,upbit,2026-06-28T04:34:13Z
KRW-BTC,2021-07-05T00:00:00,2021-07-05T09:00:00,40915000,40948000,38957000,39506000,8680.723165,39506000,upbit,2026-06-28T04:34:13Z
KRW-BTC,2021-07-06T00:00:00,2021-07-06T09:00:00,39509000,40650000,39340000,39814000,6292.903933,39814000,upbit,2026-06-28T04:34:13Z
KRW-BTC,2021-07-07T00:00:00,2021-07-07T09:00:00,39814000,40727000,39637000,39743000,5761.28682,39743000,upbit,2026-06-28T04:34:13Z
KRW-BTC,2021-07-08T00:00:00,2021-07-08T09:00:00,39743000,39953000,38200000,39082000,8178.526672,39082000,upbit,2026-06-28T04:34:13Z
KRW-BTC,2021-07-09T00:00:00,2021-07-09T09:00:00,39069000,40070000,38123000,39820000,6163.102735,39820000,upbit,2026-06-28T04:34:13Z
KRW-BTC,2021-07-10T00:00:00,2021-07-10T09:00:00,39801000,40302000,39124000,39626000,4161.719196,39626000,upbit,2026-06-28T04:34:13Z
KRW-BTC,2021-07-11T00:00:00,2021-07-11T09:00:00,39633000,40580000,39250000,40194000,3892.503362,40194000,upbit,2026-06-28T04:34:13Z
KRW-BTC,2021-07-12T00:00:00,2021-07-12T09:00:00,40194000,40570000,38850000,39193000,5361.077672,39193000,upbit,2026-06-28T04:34:13Z
KRW-BTC,2021-07-13T00:00:00,2021-07-13T09:00:00,39177000,39363000,38297000,38713000,4602.449577,38713000,upbit,2026-06-28T04:34:13Z
KRW-BTC,2021-07-14T00:00:00,2021-07-14T09:00:00,38741000,38975000,37600000,38592000,6508.676782,38592000,upbit,2026-06-28T04:34:13Z
KRW-BTC,2021-07-15T00:00:00,2021-07-15T09:00:00,38590000,39045000,37088000,37606000,7363.607081,37606000,upbit,2026-06-28T04:34:13Z
KRW-BTC,2021-07-16T00:00:00,2021-07-16T09:00:00,37606000,38053000,36750000,37199000,5695.873913,37199000,upbit,2026-06-28T04:34:13Z
KRW-BTC,2021-07-17T00:00:00,2021-07-17T09:00:00,37199000,37800000,36824000,37205000,3533.68516,37205000,upbit,2026-06-28T04:34:13Z
KRW-BTC,2021-07-18T00:00:00,2021-07-18T09:00:00,37205000,38172000,37000000,37663000,3688.509141,37663000,upbit,2026-06-28T04:34:13Z
KRW-BTC,2021-07-19T00:00:00,2021-07-19T09:00:00,37663000,37704000,36500000,36799000,4208.487957,36799000,upbit,2026-06-28T04:34:13Z
KRW-BTC,2021-07-20T00:00:00,2021-07-20T09:00:00,36799000,36937000,34820000,35305000,6998.984956,35305000,upbit,2026-06-28T04:34:13Z
KRW-BTC,2021-07-21T00:00:00,2021-07-21T09:00:00,35339000,38374000,35000000,38013000,6880.936873,38013000,upbit,2026-06-28T04:34:13Z
KRW-BTC,2021-07-22T00:00:00,2021-07-22T09:00:00,38012000,38470000,37428000,37925000,4209.602911,37925000,upbit,2026-06-28T04:34:13Z
KRW-BTC,2021-07-23T00:00:00,2021-07-23T09:00:00,37922000,39113000,37790000,39108000,4624.032291,39108000,upbit,2026-06-28T04:34:13Z
KRW-BTC,2021-07-24T00:00:00,2021-07-24T09:00:00,39113000,40240000,38919000,40112000,4969.117941,40112000,upbit,2026-06-28T04:34:13Z
KRW-BTC,2021-07-25T00:00:00,2021-07-25T09:00:00,40076000,41110000,39547000,41070000,4748.425461,41070000,upbit,2026-06-28T04:34:13Z
KRW-BTC,2021-07-26T00:00:00,2021-07-26T09:00:00,41054000,46800000,40864000,43001000,18124.95452,43001000,upbit,2026-06-28T04:34:13Z
KRW-BTC,2021-07-27T00:00:00,2021-07-27T09:00:00,43021000,45506000,42050000,45409000,10710.88094,45409000,upbit,2026-06-28T04:34:13Z
KRW-BTC,2021-07-28T00:00:00,2021-07-28T09:00:00,45447000,47494000,45000000,46350000,11869.72272,46350000,upbit,2026-06-28T04:34:13Z
KRW-BTC,2021-07-29T00:00:00,2021-07-29T09:00:00,46350000,46996000,45529000,45907000,5904.86424,45907000,upbit,2026-06-28T04:34:13Z
KRW-BTC,2021-07-30T00:00:00,2021-07-30T09:00:00,45936000,48661000,44450000,48555000,9277.569455,48555000,upbit,2026-06-28T04:34:13Z
KRW-BTC,2021-07-31T00:00:00,2021-07-31T09:00:00,48570000,48768000,47650000,47979000,5158.441674,47979000,upbit,2026-06-28T04:34:13Z
KRW-BTC,2021-08-01T00:00:00,2021-08-01T09:00:00,47979000,49471000,46003000,46274000,6806.085564,46274000,upbit,2026-06-28T04:34:13Z
KRW-BTC,2021-08-02T00:00:00,2021-08-02T09:00:00,46263000,46788000,45150000,45451000,7121.325427,45451000,upbit,2026-06-28T04:34:13Z
KRW-BTC,2021-08-03T00:00:00,2021-08-03T09:00:00,45451000,46150000,44440000,44969000,7445.824577,44969000,upbit,2026-06-28T04:34:13Z
KRW-BTC,2021-08-04T00:00:00,2021-08-04T09:00:00,44950000,46038000,44000000,45718000,6481.944685,45718000,upbit,2026-06-28T04:34:13Z
KRW-BTC,2021-08-05T00:00:00,2021-08-05T09:00:00,45718000,47650000,43841000,47139000,10399.67918,47139000,upbit,2026-06-28T04:34:13Z
KRW-BTC,2021-08-06T00:00:00,2021-08-06T09:00:00,47099000,49898000,46250000,49349000,9456.968486,49349000,upbit,2026-06-28T04:34:13Z
KRW-BTC,2021-08-07T00:00:00,2021-08-07T09:00:00,49342000,51300000,49000000,50956000,10988.79384,50956000,upbit,2026-06-28T04:34:13Z
KRW-BTC,2021-08-08T00:00:00,2021-08-08T09:00:00,50956000,51731000,50110000,50799000,8950.681433,50799000,upbit,2026-06-28T04:34:13Z
KRW-BTC,2021-08-09T00:00:00,2021-08-09T09:00:00,50790000,53077000,49585000,52846000,10539.78166,52846000,upbit,2026-06-28T04:34:13Z
KRW-BTC,2021-08-10T00:00:00,2021-08-10T09:00:00,52862000,53491000,51800000,52339000,9910.23811,52339000,upbit,2026-06-28T04:34:13Z
KRW-BTC,2021-08-11T00:00:00,2021-08-11T09:00:00,52335000,53500000,52219000,52590000,10943.96846,52590000,upbit,2026-06-28T04:34:13Z
KRW-BTC,2021-08-12T00:00:00,2021-08-12T09:00:00,52585000,53395000,51391000,52079000,13202.59267,52079000,upbit,2026-06-28T04:34:13Z
KRW-BTC,2021-08-13T00:00:00,2021-08-13T09:00:00,52078000,55313000,51767000,55146000,11542.236,55146000,upbit,2026-06-28T04:34:13Z
KRW-BTC,2021-08-14T00:00:00,2021-08-14T09:00:00,55145000,55742000,53573000,54812000,10406.46232,54812000,upbit,2026-06-28T04:34:13Z
KRW-BTC,2021-08-15T00:00:00,2021-08-15T09:00:00,54817000,55166000,53349000,54636000,8686.547281,54636000,upbit,2026-06-28T04:34:13Z
KRW-BTC,2021-08-16T00:00:00,2021-08-16T09:00:00,54638000,55704000,53700000,53863000,8599.292439,53863000,upbit,2026-06-28T04:34:13Z
KRW-BTC,2021-08-17T00:00:00,2021-08-17T09:00:00,53863000,54649000,52500000,52660000,9398.259197,52660000,upbit,2026-06-28T04:34:13Z
KRW-BTC,2021-08-18T00:00:00,2021-08-18T09:00:00,52674000,53874000,51938000,52812000,14256.33673,52812000,upbit,2026-06-28T04:34:13Z
KRW-BTC,2021-08-19T00:00:00,2021-08-19T09:00:00,52815000,55050000,52002000,55017000,13997.11723,55017000,upbit,2026-06-28T04:34:13Z
KRW-BTC,2021-08-20T00:00:00,2021-08-20T09:00:00,55030000,57910000,54824000,57683000,12560.50366,57683000,upbit,2026-06-28T04:34:13Z
KRW-BTC,2021-08-21T00:00:00,2021-08-21T09:00:00,57690000,58280000,56557000,57553000,9176.902655,57553000,upbit,2026-06-28T04:34:13Z
KRW-BTC,2021-08-22T00:00:00,2021-08-22T09:00:00,57576000,58000000,56611000,57681000,7327.179774,57681000,upbit,2026-06-28T04:34:13Z
KRW-BTC,2021-08-23T00:00:00,2021-08-23T09:00:00,57714000,58726000,57374000,57627000,10945.2437,57627000,upbit,2026-06-28T04:34:13Z
KRW-BTC,2021-08-24T00:00:00,2021-08-24T09:00:00,57627000,57905000,55800000,56134000,16813.02809,56134000,upbit,2026-06-28T04:34:13Z
KRW-BTC,2021-08-25T00:00:00,2021-08-25T09:00:00,56168000,57325000,55100000,57100000,11188.10657,57100000,upbit,2026-06-28T04:34:13Z
KRW-BTC,2021-08-26T00:00:00,2021-08-26T09:00:00,57088000,57497000,54504000,55225000,9477.103725,55225000,upbit,2026-06-28T04:34:13Z
KRW-BTC,2021-08-27T00:00:00,2021-08-27T09:00:00,55255000,57600000,54616000,57401000,8324.331968,57401000,upbit,2026-06-28T04:34:13Z
KRW-BTC,2021-08-28T00:00:00,2021-08-28T09:00:00,57400000,57885000,56704000,57428000,5552.262749,57428000,upbit,2026-06-28T04:34:13Z
KRW-BTC,2021-08-29T00:00:00,2021-08-29T09:00:00,57428000,58000000,56500000,57272000,11623.61867,57272000,upbit,2026-06-28T04:34:13Z
KRW-BTC,2021-08-30T00:00:00,2021-08-30T09:00:00,57272000,57479000,55555000,55800000,14613.33339,55800000,upbit,2026-06-28T04:34:13Z
KRW-BTC,2021-08-31T00:00:00,2021-08-31T09:00:00,55800000,56333000,55022000,55230000,11075.54698,55230000,upbit,2026-06-28T04:34:13Z
KRW-BTC,2021-09-01T00:00:00,2021-09-01T09:00:00,55228000,56900000,54538000,56455000,9099.480058,56455000,upbit,2026-06-28T04:34:13Z
KRW-BTC,2021-09-02T00:00:00,2021-09-02T09:00:00,56445000,58369000,56232000,57155000,8965.193661,57155000,upbit,2026-06-28T04:34:13Z
KRW-BTC,2021-09-03T00:00:00,2021-09-03T09:00:00,57155000,59110000,56500000,57783000,11527.48634,57783000,upbit,2026-06-28T04:34:13Z
KRW-BTC,2021-09-04T00:00:00,2021-09-04T09:00:00,57717000,58500000,57184000,57827000,7242.355791,57827000,upbit,2026-06-28T04:34:13Z
KRW-BTC,2021-09-05T00:00:00,2021-09-05T09:00:00,57836000,59650000,57217000,59212000,7573.372292,59212000,upbit,2026-06-28T04:34:13Z
KRW-BTC,2021-09-06T00:00:00,2021-09-06T09:00:00,59212000,61056000,58810000,60839000,7151.927075,60839000,upbit,2026-06-28T04:34:13Z
KRW-BTC,2021-09-07T00:00:00,2021-09-07T09:00:00,60839000,61113000,55000000,56672000,19856.73841,56672000,upbit,2026-06-28T04:34:13Z
KRW-BTC,2021-09-08T00:00:00,2021-09-08T09:00:00,56668000,57250000,53154000,55580000,12683.32987,55580000,upbit,2026-06-28T04:34:13Z
KRW-BTC,2021-09-09T00:00:00,2021-09-09T09:00:00,55576000,56567000,54701000,55900000,7540.980528,55900000,upbit,2026-06-28T04:34:13Z
KRW-BTC,2021-09-10T00:00:00,2021-09-10T09:00:00,55879000,56850000,54701000,55031000,10524.62607,55031000,upbit,2026-06-28T04:34:13Z
KRW-BTC,2021-09-11T00:00:00,2021-09-11T09:00:00,55031000,55400000,54316000,54800000,4246.78974,54800000,upbit,2026-06-28T04:34:13Z
KRW-BTC,2021-09-12T00:00:00,2021-09-12T09:00:00,54800000,55580000,54316000,55078000,4456.247513,55078000,upbit,2026-06-28T04:34:13Z
KRW-BTC,2021-09-13T00:00:00,2021-09-13T09:00:00,55078000,56663000,53600000,54274000,7678.998722,54274000,upbit,2026-06-28T04:34:13Z
KRW-BTC,2021-09-14T00:00:00,2021-09-14T09:00:00,54340000,56857000,54120000,56564000,5994.880625,56564000,upbit,2026-06-28T04:34:13Z
KRW-BTC,2021-09-15T00:00:00,2021-09-15T09:00:00,56564000,57600000,56011000,57207000,5204.483546,57207000,upbit,2026-06-28T04:34:13Z
KRW-BTC,2021-09-16T00:00:00,2021-09-16T09:00:00,57178000,57500000,56446000,57277000,5358.404001,57277000,upbit,2026-06-28T04:34:13Z
KRW-BTC,2021-09-17T00:00:00,2021-09-17T09:00:00,57277000,57836000,56942000,57642000,6908.811184,57642000,upbit,2026-06-28T04:34:13Z
KRW-BTC,2021-09-18T00:00:00,2021-09-18T09:00:00,57642000,58980000,57574000,58597000,4935.406086,58597000,upbit,2026-06-28T04:34:13Z
KRW-BTC,2021-09-19T00:00:00,2021-09-19T09:00:00,58597000,58805000,57466000,57976000,4821.384376,57976000,upbit,2026-06-28T04:34:13Z
KRW-BTC,2021-09-20T00:00:00,2021-09-20T09:00:00,58030000,58142000,53496000,53801000,10951.54125,53801000,upbit,2026-06-28T04:34:13Z
KRW-BTC,2021-09-21T00:00:00,2021-09-21T09:00:00,53801000,54400000,50211000,50699000,11491.19131,50699000,upbit,2026-06-28T04:34:13Z
KRW-BTC,2021-09-22T00:00:00,2021-09-22T09:00:00,50699000,54153000,50059000,53856000,8922.157659,53856000,upbit,2026-06-28T04:34:13Z
KRW-BTC,2021-09-23T00:00:00,2021-09-23T09:00:00,53853000,54656000,52571000,54410000,7737.699335,54410000,upbit,2026-06-28T04:34:13Z
KRW-BTC,2021-09-24T00:00:00,2021-09-24T09:00:00,54405000,54534000,50900000,52176000,11468.26485,52176000,upbit,2026-06-28T04:34:13Z
KRW-BTC,2021-09-25T00:00:00,2021-09-25T09:00:00,52176000,52452000,51056000,52326000,4371.929854,52326000,upbit,2026-06-28T04:34:13Z
KRW-BTC,2021-09-26T00:00:00,2021-09-26T09:00:00,52326000,53607000,50803000,52798000,5945.409021,52798000,upbit,2026-06-28T04:34:13Z
KRW-BTC,2021-09-27T00:00:00,2021-09-27T09:00:00,52798000,53800000,51747000,51834000,4963.318084,51834000,upbit,2026-06-28T04:34:13Z
KRW-BTC,2021-09-28T00:00:00,2021-09-28T09:00:00,51831000,52103000,50222000,50309000,6216.154861,50309000,upbit,2026-06-28T04:34:13Z
KRW-BTC,2021-09-29T00:00:00,2021-09-29T09:00:00,50309000,51799000,49924000,50800000,5199.852012,50800000,upbit,2026-06-28T04:34:13Z
KRW-BTC,2021-09-30T00:00:00,2021-09-30T09:00:00,50800000,53673000,50731000,53523000,6716.780346,53523000,upbit,2026-06-28T04:34:13Z
KRW-BTC,2021-10-01T00:00:00,2021-10-01T09:00:00,53523000,58582000,53070000,58348000,9344.907875,58348000,upbit,2026-06-28T04:34:13Z
KRW-BTC,2021-10-02T00:00:00,2021-10-02T09:00:00,58348000,58999000,57660000,58228000,4852.96858,58228000,upbit,2026-06-28T04:34:13Z
KRW-BTC,2021-10-03T00:00:00,2021-10-03T09:00:00,58238000,59390000,57250000,58567000,4489.39579,58567000,upbit,2026-06-28T04:34:13Z
KRW-BTC,2021-10-04T00:00:00,2021-10-04T09:00:00,58466000,60331000,57346000,60020000,6699.988769,60020000,upbit,2026-06-28T04:34:13Z
KRW-BTC,2021-10-05T00:00:00,2021-10-05T09:00:00,60020000,62500000,59547000,61666000,9846.156364,61666000,upbit,2026-06-28T04:34:13Z
KRW-BTC,2021-10-06T00:00:00,2021-10-06T09:00:00,61666000,67636000,61113000,67000000,13462.73769,67000000,upbit,2026-06-28T04:34:13Z
KRW-BTC,2021-10-07T00:00:00,2021-10-07T09:00:00,66998000,67290000,65265000,65500000,8828.334535,65500000,upbit,2026-06-28T04:34:13Z
KRW-BTC,2021-10-08T00:00:00,2021-10-08T09:00:00,65501000,68200000,65151000,65951000,8405.272394,65951000,upbit,2026-06-28T04:34:13Z
KRW-BTC,2021-10-09T00:00:00,2021-10-09T09:00:00,65951000,67731000,65659000,67057000,5042.252218,67057000,upbit,2026-06-28T04:34:13Z
KRW-BTC,2021-10-10T00:00:00,2021-10-10T09:00:00,67057000,69023000,66350000,67801000,5559.814423,67801000,upbit,2026-06-28T04:34:13Z
KRW-BTC,2021-10-11T00:00:00,2021-10-11T09:00:00,67801000,71600000,67547000,70921000,9404.748245,70921000,upbit,2026-06-28T04:34:13Z
KRW-BTC,2021-10-12T00:00:00,2021-10-12T09:00:00,70954000,71368000,67558000,69164000,8980.82152,69164000,upbit,2026-06-28T04:34:13Z
KRW-BTC,2021-10-13T00:00:00,2021-10-13T09:00:00,69188000,70700000,66865000,69857000,8568.727017,69857000,upbit,2026-06-28T04:34:13Z
KRW-BTC,2021-10-14T00:00:00,2021-10-14T09:00:00,69857000,71470000,69400000,69783000,6362.571096,69783000,upbit,2026-06-28T04:34:13Z
KRW-BTC,2021-10-15T00:00:00,2021-10-15T09:00:00,69784000,76721000,69420000,75688000,15661.24926,75688000,upbit,2026-06-28T04:34:13Z
KRW-BTC,2021-10-16T00:00:00,2021-10-16T09:00:00,75688000,76370000,73950000,74806000,7825.000512,74806000,upbit,2026-06-28T04:34:13Z
KRW-BTC,2021-10-17T00:00:00,2021-10-17T09:00:00,74806000,76200000,74008000,75933000,5403.948537,75933000,upbit,2026-06-28T04:34:13Z
KRW-BTC,2021-10-18T00:00:00,2021-10-18T09:00:00,75933000,77276000,74193000,76546000,8312.737819,76546000,upbit,2026-06-28T04:34:13Z
KRW-BTC,2021-10-19T00:00:00,2021-10-19T09:00:00,76541000,79285000,75925000,78776000,9018.170951,78776000,upbit,2026-06-28T04:34:13Z
KRW-BTC,2021-10-20T00:00:00,2021-10-20T09:00:00,78776000,81750000,78001000,79917000,14472.09742,79917000,upbit,2026-06-28T04:34:13Z
KRW-BTC,2021-10-21T00:00:00,2021-10-21T09:00:00,79919000,80811000,76324000,76396000,15551.93335,76396000,upbit,2026-06-28T04:34:13Z
KRW-BTC,2021-10-22T00:00:00,2021-10-22T09:00:00,76396000,77640000,74123000,74364000,11856.84444,74364000,upbit,2026-06-28T04:34:13Z
KRW-BTC,2021-10-23T00:00:00,2021-10-23T09:00:00,74350000,75580000,73247000,74830000,7080.042349,74830000,upbit,2026-06-28T04:34:13Z
KRW-BTC,2021-10-24T00:00:00,2021-10-24T09:00:00,74830000,75530000,73635000,74501000,6110.378599,74501000,upbit,2026-06-28T04:34:13Z
KRW-BTC,2021-10-25T00:00:00,2021-10-25T09:00:00,74501000,77024000,74210000,76200000,6856.57776,76200000,upbit,2026-06-28T04:34:13Z
KRW-BTC,2021-10-26T00:00:00,2021-10-26T09:00:00,76250000,76480000,73002000,73293000,8258.181432,73293000,upbit,2026-06-28T04:34:13Z
KRW-BTC,2021-10-27T00:00:00,2021-10-27T09:00:00,73293000,74200000,70180000,71845000,14503.82503,71845000,upbit,2026-06-28T04:34:13Z
KRW-BTC,2021-10-28T00:00:00,2021-10-28T09:00:00,71833000,74707000,71028000,73122000,8654.621479,73122000,upbit,2026-06-28T04:34:13Z
KRW-BTC,2021-10-29T00:00:00,2021-10-29T09:00:00,73028000,75405000,72676000,74568000,7156.549544,74568000,upbit,2026-06-28T04:34:13Z
KRW-BTC,2021-10-30T00:00:00,2021-10-30T09:00:00,74568000,74748000,72910000,73413000,6019.372636,73413000,upbit,2026-06-28T04:34:13Z
KRW-BTC,2021-10-31T00:00:00,2021-10-31T09:00:00,73428000,74502000,71551000,72391000,7515.24772,72391000,upbit,2026-06-28T04:34:13Z
KRW-BTC,2021-11-01T00:00:00,2021-11-01T09:00:00,72325000,73928000,71003000,72401000,6319.810246,72401000,upbit,2026-06-28T04:34:13Z
KRW-BTC,2021-11-02T00:00:00,2021-11-02T09:00:00,72402000,75590000,72031000,74150000,7684.60605,74150000,upbit,2026-06-28T04:34:13Z
KRW-BTC,2021-11-03T00:00:00,2021-11-03T09:00:00,74106000,75141000,72500000,74600000,7931.12311,74600000,upbit,2026-06-28T04:34:13Z
KRW-BTC,2021-11-04T00:00:00,2021-11-04T09:00:00,74607000,74880000,73480000,73807000,5757.701988,73807000,upbit,2026-06-28T04:34:13Z
KRW-BTC,2021-11-05T00:00:00,2021-11-05T09:00:00,73807000,75000000,73490000,74121000,5520.423654,74121000,upbit,2026-06-28T04:34:13Z
KRW-BTC,2021-11-06T00:00:00,2021-11-06T09:00:00,74092000,74649000,73800000,74575000,3742.076714,74575000,upbit,2026-06-28T04:34:13Z
KRW-BTC,2021-11-07T00:00:00,2021-11-07T09:00:00,74576000,76700000,74481000,76536000,4447.009866,76536000,upbit,2026-06-28T04:34:13Z
KRW-BTC,2021-11-08T00:00:00,2021-11-08T09:00:00,76649000,81586000,76534000,81403000,9132.136668,81403000,upbit,2026-06-28T04:34:13Z
KRW-BTC,2021-11-09T00:00:00,2021-11-09T09:00:00,81402000,82700000,79987000,80857000,9216.260721,80857000,upbit,2026-06-28T04:34:13Z
KRW-BTC,2021-11-10T00:00:00,2021-11-10T09:00:00,80813000,82520000,78510000,79660000,13173.31626,79660000,upbit,2026-06-28T04:34:13Z
KRW-BTC,2021-11-11T00:00:00,2021-11-11T09:00:00,79663000,79732000,78543000,78917000,7167.44683,78917000,upbit,2026-06-28T04:34:13Z
KRW-BTC,2021-11-12T00:00:00,2021-11-12T09:00:00,78938000,79100000,76712000,78165000,7117.165348,78165000,upbit,2026-06-28T04:34:13Z
KRW-BTC,2021-11-13T00:00:00,2021-11-13T09:00:00,78165000,78770000,77120000,77867000,4350.104533,77867000,upbit,2026-06-28T04:34:13Z
KRW-BTC,2021-11-14T00:00:00,2021-11-14T09:00:00,77867000,79350000,77579000,79310000,3826.416588,79310000,upbit,2026-06-28T04:34:13Z
KRW-BTC,2021-11-15T00:00:00,2021-11-15T09:00:00,79323000,80250000,77330000,77602000,6972.545226,77602000,upbit,2026-06-28T04:34:13Z
KRW-BTC,2021-11-16T00:00:00,2021-11-16T09:00:00,77600000,77602000,73325000,73897000,12978.65608,73897000,upbit,2026-06-28T04:34:13Z
KRW-BTC,2021-11-17T00:00:00,2021-11-17T09:00:00,73897000,74712000,72000000,73935000,9918.319954,73935000,upbit,2026-06-28T04:34:13Z
KRW-BTC,2021-11-18T00:00:00,2021-11-18T09:00:00,73941000,74494000,70000000,70611000,15304.60881,70611000,upbit,2026-06-28T04:34:13Z
KRW-BTC,2021-11-19T00:00:00,2021-11-19T09:00:00,70602000,72376000,69150000,71813000,9106.098541,71813000,upbit,2026-06-28T04:34:13Z
KRW-BTC,2021-11-20T00:00:00,2021-11-20T09:00:00,71813000,74090000,71500000,73669000,5649.734126,73669000,upbit,2026-06-28T04:34:13Z
KRW-BTC,2021-11-21T00:00:00,2021-11-21T09:00:00,73669000,74200000,72695000,73047000,4787.876662,73047000,upbit,2026-06-28T04:34:13Z
KRW-BTC,2021-11-22T00:00:00,2021-11-22T09:00:00,73096000,73498000,70285000,70589000,7714.849067,70589000,upbit,2026-06-28T04:34:13Z
KRW-BTC,2021-11-23T00:00:00,2021-11-23T09:00:00,70589000,72200000,69556000,71802000,8493.899797,71802000,upbit,2026-06-28T04:34:13Z
KRW-BTC,2021-11-24T00:00:00,2021-11-24T09:00:00,71726000,72300000,70265000,71680000,6609.911551,71680000,upbit,2026-06-28T04:34:13Z
KRW-BTC,2021-11-25T00:00:00,2021-11-25T09:00:00,71689000,74136000,71220000,73171000,9049.174745,73171000,upbit,2026-06-28T04:34:13Z
KRW-BTC,2021-11-26T00:00:00,2021-11-26T09:00:00,73160000,73567000,68089000,68549000,12468.28912,68549000,upbit,2026-06-28T04:34:13Z
KRW-BTC,2021-11-27T00:00:00,2021-11-27T09:00:00,68550000,70276000,68140000,70039000,4865.737853,70039000,upbit,2026-06-28T04:34:13Z
KRW-BTC,2021-11-28T00:00:00,2021-11-28T09:00:00,70039000,72691000,68607000,72303000,5439.530304,72303000,upbit,2026-06-28T04:34:13Z
KRW-BTC,2021-11-29T00:00:00,2021-11-29T09:00:00,72255000,73166000,71298000,72240000,5965.745427,72240000,upbit,2026-06-28T04:34:13Z
KRW-BTC,2021-11-30T00:00:00,2021-11-30T09:00:00,72241000,73300000,70000000,70702000,8717.765862,70702000,upbit,2026-06-28T04:34:13Z
KRW-BTC,2021-12-01T00:00:00,2021-12-01T09:00:00,70771000,72850000,70500000,70936000,7443.529638,70936000,upbit,2026-06-28T04:34:13Z
KRW-BTC,2021-12-02T00:00:00,2021-12-02T09:00:00,70936000,71500000,69958000,70539000,10208.00313,70539000,upbit,2026-06-28T04:34:13Z
KRW-BTC,2021-12-03T00:00:00,2021-12-03T09:00:00,70563000,71189000,67034000,68053000,15061.77754,68053000,upbit,2026-06-28T04:34:13Z
KRW-BTC,2021-12-04T00:00:00,2021-12-04T09:00:00,68068000,68191000,56000000,62206000,28348.95914,62206000,upbit,2026-06-28T04:34:13Z
KRW-BTC,2021-12-05T00:00:00,2021-12-05T09:00:00,62178000,63297000,59685000,61877000,12124.69394,61877000,upbit,2026-06-28T04:34:13Z
KRW-BTC,2021-12-06T00:00:00,2021-12-06T09:00:00,61877000,63103000,59016000,62626000,11591.24846,62626000,upbit,2026-06-28T04:34:13Z
KRW-BTC,2021-12-07T00:00:00,2021-12-07T09:00:00,62632000,64120000,62316000,63204000,8054.477846,63204000,upbit,2026-06-28T04:34:13Z
KRW-BTC,2021-12-08T00:00:00,2021-12-08T09:00:00,63205000,63450000,60500000,62217000,7423.349233,62217000,upbit,2026-06-28T04:34:13Z
KRW-BTC,2021-12-09T00:00:00,2021-12-09T09:00:00,62217000,62499000,59200000,59425000,6985.125259,59425000,upbit,2026-06-28T04:34:13Z
KRW-BTC,2021-12-10T00:00:00,2021-12-10T09:00:00,59425000,61995000,59106000,59683000,7746.325035,59683000,upbit,2026-06-28T04:34:13Z
KRW-BTC,2021-12-11T00:00:00,2021-12-11T09:00:00,59749000,61538000,59500000,61427000,3629.53677,61427000,upbit,2026-06-28T04:34:13Z
KRW-BTC,2021-12-12T00:00:00,2021-12-12T09:00:00,61414000,62887000,60904000,62049000,3665.345632,62049000,upbit,2026-06-28T04:34:13Z
KRW-BTC,2021-12-13T00:00:00,2021-12-13T09:00:00,61995000,62190000,58158000,58626000,7453.74091,58626000,upbit,2026-06-28T04:34:13Z
KRW-BTC,2021-12-14T00:00:00,2021-12-14T09:00:00,58626000,60150000,57347000,59930000,7199.357764,59930000,upbit,2026-06-28T04:34:13Z
KRW-BTC,2021-12-15T00:00:00,2021-12-15T09:00:00,59909000,62150000,58055000,61198000,10234.38989,61198000,upbit,2026-06-28T04:34:13Z
KRW-BTC,2021-12-16T00:00:00,2021-12-16T09:00:00,61196000,61660000,59500000,59817000,7807.696187,59817000,upbit,2026-06-28T04:34:13Z
KRW-BTC,2021-12-17T00:00:00,2021-12-17T09:00:00,59820000,60198000,57400000,58086000,8991.835833,58086000,upbit,2026-06-28T04:34:13Z
KRW-BTC,2021-12-18T00:00:00,2021-12-18T09:00:00,58110000,58867000,57207000,58402000,5479.583915,58402000,upbit,2026-06-28T04:34:13Z
KRW-BTC,2021-12-19T00:00:00,2021-12-19T09:00:00,58438000,59864000,58071000,58329000,5945.750016,58329000,upbit,2026-06-28T04:34:13Z
KRW-BTC,2021-12-20T00:00:00,2021-12-20T09:00:00,58329000,58616000,56917000,58011000,6685.605334,58011000,upbit,2026-06-28T04:34:13Z
KRW-BTC,2021-12-21T00:00:00,2021-12-21T09:00:00,57980000,60650000,57500000,60023000,6637.670907,60023000,upbit,2026-06-28T04:34:13Z
KRW-BTC,2021-12-22T00:00:00,2021-12-22T09:00:00,60023000,60772000,59605000,59753000,5773.963745,59753000,upbit,2026-06-28T04:34:13Z
KRW-BTC,2021-12-23T00:00:00,2021-12-23T09:00:00,59759000,61925000,59120000,61490000,6471.529895,61490000,upbit,2026-06-28T04:34:13Z
KRW-BTC,2021-12-24T00:00:00,2021-12-24T09:00:00,61490000,62850000,61250000,61939000,5243.54315,61939000,upbit,2026-06-28T04:34:13Z
KRW-BTC,2021-12-25T00:00:00,2021-12-25T09:00:00,61939000,62500000,61107000,61177000,3730.367984,61177000,upbit,2026-06-28T04:34:13Z
KRW-BTC,2021-12-26T00:00:00,2021-12-26T09:00:00,61177000,61939000,60288000,61467000,4350.543669,61467000,upbit,2026-06-28T04:34:13Z
KRW-BTC,2021-12-27T00:00:00,2021-12-27T09:00:00,61467000,62500000,60934000,61508000,5287.225194,61508000,upbit,2026-06-28T04:34:13Z
KRW-BTC,2021-12-28T00:00:00,2021-12-28T09:00:00,61470000,61508000,57912000,58274000,7303.087277,58274000,upbit,2026-06-28T04:34:13Z
KRW-BTC,2021-12-29T00:00:00,2021-12-29T09:00:00,58261000,58763000,56650000,57089000,8037.999545,57089000,upbit,2026-06-28T04:34:13Z
KRW-BTC,2021-12-30T00:00:00,2021-12-30T09:00:00,57089000,58233000,56400000,57200000,5506.789813,57200000,upbit,2026-06-28T04:34:13Z
KRW-BTC,2021-12-31T00:00:00,2021-12-31T09:00:00,57233000,58812000,56233000,56784000,4959.970086,56784000,upbit,2026-06-28T04:34:13Z
KRW-BTC,2022-01-01T00:00:00,2022-01-01T09:00:00,56784000,58271000,56762000,57915000,2628.145965,57915000,upbit,2026-06-28T04:34:13Z
KRW-BTC,2022-01-02T00:00:00,2022-01-02T09:00:00,57915000,58300000,57100000,57531000,3567.505712,57531000,upbit,2026-06-28T04:34:13Z
KRW-BTC,2022-01-03T00:00:00,2022-01-03T09:00:00,57540000,57749000,56133000,56641000,6304.958564,56641000,upbit,2026-06-28T04:34:13Z
KRW-BTC,2022-01-04T00:00:00,2022-01-04T09:00:00,56640000,57685000,56000000,56023000,6053.445802,56023000,upbit,2026-06-28T04:34:13Z
KRW-BTC,2022-01-05T00:00:00,2022-01-05T09:00:00,56023000,57100000,52701000,53854000,9296.798714,53854000,upbit,2026-06-28T04:34:13Z
KRW-BTC,2022-01-06T00:00:00,2022-01-06T09:00:00,53854000,54300000,52388000,53239000,6389.079302,53239000,upbit,2026-06-28T04:34:13Z
KRW-BTC,2022-01-07T00:00:00,2022-01-07T09:00:00,53240000,53358000,50900000,51449000,7509.108093,51449000,upbit,2026-06-28T04:34:13Z
KRW-BTC,2022-01-08T00:00:00,2022-01-08T09:00:00,51449000,52709000,50829000,52142000,4171.096458,52142000,upbit,2026-06-28T04:34:13Z
KRW-BTC,2022-01-09T00:00:00,2022-01-09T09:00:00,52142000,52600000,51144000,51678000,3369.09509,51678000,upbit,2026-06-28T04:34:13Z
KRW-BTC,2022-01-10T00:00:00,2022-01-10T09:00:00,51672000,51999000,48897000,51246000,7955.460111,51246000,upbit,2026-06-28T04:34:13Z
KRW-BTC,2022-01-11T00:00:00,2022-01-11T09:00:00,51255000,52493000,50408000,52307000,5812.218052,52307000,upbit,2026-06-28T04:34:13Z
KRW-BTC,2022-01-12T00:00:00,2022-01-12T09:00:00,52306000,53945000,51800000,53349000,5617.866428,53349000,upbit,2026-06-28T04:34:13Z
KRW-BTC,2022-01-13T00:00:00,2022-01-13T09:00:00,53349000,53940000,51809000,51885000,5468.015911,51885000,upbit,2026-06-28T04:34:13Z
KRW-BTC,2022-01-14T00:00:00,2022-01-14T09:00:00,51885000,52691000,51010000,52230000,5030.186536,52230000,upbit,2026-06-28T04:34:13Z
KRW-BTC,2022-01-15T00:00:00,2022-01-15T09:00:00,52230000,52891000,51878000,52357000,2595.049411,52357000,upbit,2026-06-28T04:34:13Z
KRW-BTC,2022-01-16T00:00:00,2022-01-16T09:00:00,52357000,52634000,51948000,52165000,2131.428819,52165000,upbit,2026-06-28T04:34:13Z
KRW-BTC,2022-01-17T00:00:00,2022-01-17T09:00:00,52165000,52300000,50822000,51436000,3104.237631,51436000,upbit,2026-06-28T04:34:13Z
KRW-BTC,2022-01-18T00:00:00,2022-01-18T09:00:00,51435000,51600000,50192000,51179000,3894.697552,51179000,upbit,2026-06-28T04:34:13Z
KRW-BTC,2022-01-19T00:00:00,2022-01-19T09:00:00,51183000,51395000,49988000,50333000,4815.617545,50333000,upbit,2026-06-28T04:34:13Z
KRW-BTC,2022-01-20T00:00:00,2022-01-20T09:00:00,50333000,52361000,49575000,49648000,6914.680876,49648000,upbit,2026-06-28T04:34:13Z
KRW-BTC,2022-01-21T00:00:00,2022-01-21T09:00:00,49600000,50001000,44600000,45316000,13031.22269,45316000,upbit,2026-06-28T04:34:13Z
KRW-BTC,2022-01-22T00:00:00,2022-01-22T09:00:00,45316000,45622000,42629000,43375000,12317.48527,43375000,upbit,2026-06-28T04:34:13Z
KRW-BTC,2022-01-23T00:00:00,2022-01-23T09:00:00,43376000,44500000,42725000,44253000,6165.208729,44253000,upbit,2026-06-28T04:34:13Z
KRW-BTC,2022-01-24T00:00:00,2022-01-24T09:00:00,44255000,45600000,40871000,44731000,10984.73258,44731000,upbit,2026-06-28T04:34:13Z
KRW-BTC,2022-01-25T00:00:00,2022-01-25T09:00:00,44764000,45572000,43511000,44909000,6937.037407,44909000,upbit,2026-06-28T04:34:13Z
KRW-BTC,2022-01-26T00:00:00,2022-01-26T09:00:00,44905000,47460000,44520000,45100000,10144.39443,45100000,upbit,2026-06-28T04:34:13Z
KRW-BTC,2022-01-27T00:00:00,2022-01-27T09:00:00,45100000,45844000,43786000,45809000,7488.144801,45809000,upbit,2026-06-28T04:34:13Z
KRW-BTC,2022-01-28T00:00:00,2022-01-28T09:00:00,45800000,46890000,45060000,46588000,5565.154275,46588000,upbit,2026-06-28T04:34:13Z
KRW-BTC,2022-01-29T00:00:00,2022-01-29T09:00:00,46592000,47746000,46180000,47146000,3980.167762,47146000,upbit,2026-06-28T04:34:13Z
KRW-BTC,2022-01-30T00:00:00,2022-01-30T09:00:00,47144000,47500000,46498000,47208000,2868.985234,47208000,upbit,2026-06-28T04:34:13Z
KRW-BTC,2022-01-31T00:00:00,2022-01-31T09:00:00,47208000,47647000,45624000,47266000,4554.265206,47266000,upbit,2026-06-28T04:34:13Z
KRW-BTC,2022-02-01T00:00:00,2022-02-01T09:00:00,47304000,48270000,46869000,47760000,3944.00161,47760000,upbit,2026-06-28T04:34:13Z
KRW-BTC,2022-02-02T00:00:00,2022-02-02T09:00:00,47784000,47900000,45401000,45517000,4684.820468,45517000,upbit,2026-06-28T04:34:13Z
KRW-BTC,2022-02-03T00:00:00,2022-02-03T09:00:00,45518000,45900000,44770000,45835000,3279.737875,45835000,upbit,2026-06-28T04:34:13Z
KRW-BTC,2022-02-04T00:00:00,2022-02-04T09:00:00,45835000,50843000,45500000,50633000,7451.464651,50633000,upbit,2026-06-28T04:34:13Z
KRW-BTC,2022-02-05T00:00:00,2022-02-05T09:00:00,50613000,51488000,50216000,50788000,5618.422204,50788000,upbit,2026-06-28T04:34:13Z
KRW-BTC,2022-02-06T00:00:00,2022-02-06T09:00:00,50788000,52022000,50400000,51732000,4046.196215,51732000,upbit,2026-06-28T04:34:13Z
KRW-BTC,2022-02-07T00:00:00,2022-02-07T09:00:00,51678000,54110000,51084000,53511000,6414.990458,53511000,upbit,2026-06-28T04:34:13Z
KRW-BTC,2022-02-08T00:00:00,2022-02-08T09:00:00,53511000,55321000,52325000,53651000,10799.76839,53651000,upbit,2026-06-28T04:34:13Z
KRW-BTC,2022-02-09T00:00:00,2022-02-09T09:00:00,53651000,54000000,52560000,53660000,5006.3985,53660000,upbit,2026-06-28T04:34:13Z
KRW-BTC,2022-02-10T00:00:00,2022-02-10T09:00:00,53659000,55380000,52604000,53123000,9079.394423,53123000,upbit,2026-06-28T04:34:13Z
KRW-BTC,2022-02-11T00:00:00,2022-02-11T09:00:00,53040000,53364000,51300000,51882000,6124.946917,51882000,upbit,2026-06-28T04:34:13Z
KRW-BTC,2022-02-12T00:00:00,2022-02-12T09:00:00,51875000,52299000,50835000,51597000,4680.16805,51597000,upbit,2026-06-28T04:34:13Z
KRW-BTC,2022-02-13T00:00:00,2022-02-13T09:00:00,51619000,52190000,51400000,51550000,2737.452447,51550000,upbit,2026-06-28T04:34:13Z
KRW-BTC,2022-02-14T00:00:00,2022-02-14T09:00:00,51550000,52041000,50744000,51586000,4253.627936,51586000,upbit,2026-06-28T04:34:13Z
KRW-BTC,2022-02-15T00:00:00,2022-02-15T09:00:00,51586000,53998000,51462000,53832000,4794.469464,53832000,upbit,2026-06-28T04:34:13Z
KRW-BTC,2022-02-16T00:00:00,2022-02-16T09:00:00,53835000,53842000,52769000,53298000,4581.974596,53298000,upbit,2026-06-28T04:34:13Z
KRW-BTC,2022-02-17T00:00:00,2022-02-17T09:00:00,53298000,53540000,49203000,49376000,7615.709132,49376000,upbit,2026-06-28T04:34:13Z
KRW-BTC,2022-02-18T00:00:00,2022-02-18T09:00:00,49376000,50199000,48369000,49015000,5516.161741,49015000,upbit,2026-06-28T04:34:13Z
KRW-BTC,2022-02-19T00:00:00,2022-02-19T09:00:00,49004000,49250000,48271000,49035000,2902.286285,49035000,upbit,2026-06-28T04:34:13Z
KRW-BTC,2022-02-20T00:00:00,2022-02-20T09:00:00,49035000,49038000,46650000,47131000,5524.9488,47131000,upbit,2026-06-28T04:34:13Z
KRW-BTC,2022-02-21T00:00:00,2022-02-21T09:00:00,47133000,48128000,45147000,45450000,7886.296025,45450000,upbit,2026-06-28T04:34:13Z
KRW-BTC,2022-02-22T00:00:00,2022-02-22T09:00:00,45450000,46693000,44746000,46474000,5478.021736,46474000,upbit,2026-06-28T04:34:13Z
KRW-BTC,2022-02-23T00:00:00,2022-02-23T09:00:00,46500000,47530000,45293000,45543000,6323.317763,45543000,upbit,2026-06-28T04:34:13Z
KRW-BTC,2022-02-24T00:00:00,2022-02-24T09:00:00,45483000,48000000,42580000,46927000,15361.05926,46927000,upbit,2026-06-28T04:34:13Z
KRW-BTC,2022-02-25T00:00:00,2022-02-25T09:00:00,46854000,48500000,46555000,47831000,7745.363798,47831000,upbit,2026-06-28T04:34:13Z
KRW-BTC,2022-02-26T00:00:00,2022-02-26T09:00:00,47830000,49010000,47200000,47809000,4412.336896,47809000,upbit,2026-06-28T04:34:13Z
KRW-BTC,2022-02-27T00:00:00,2022-02-27T09:00:00,47850000,48576000,45695000,46358000,5879.515341,46358000,upbit,2026-06-28T04:34:13Z
KRW-BTC,2022-02-28T00:00:00,2022-02-28T09:00:00,46363000,53089000,46086000,52332000,10346.17939,52332000,upbit,2026-06-28T04:34:13Z
KRW-BTC,2022-03-01T00:00:00,2022-03-01T09:00:00,52332000,54777000,52004000,53790000,10899.50681,53790000,upbit,2026-06-28T04:34:13Z
KRW-BTC,2022-03-02T00:00:00,2022-03-02T09:00:00,53789000,54829000,52789000,53359000,7651.796389,53359000,upbit,2026-06-28T04:34:13Z
KRW-BTC,2022-03-03T00:00:00,2022-03-03T09:00:00,53359000,53710000,51219000,51842000,5670.325737,51842000,upbit,2026-06-28T04:34:13Z
KRW-BTC,2022-03-04T00:00:00,2022-03-04T09:00:00,51875000,51952000,48071000,48450000,8201.726987,48450000,upbit,2026-06-28T04:34:13Z
KRW-BTC,2022-03-05T00:00:00,2022-03-05T09:00:00,48450000,48866000,47814000,48605000,4946.117104,48605000,upbit,2026-06-28T04:34:13Z
KRW-BTC,2022-03-06T00:00:00,2022-03-06T09:00:00,48610000,49024000,47260000,47745000,4817.157461,47745000,upbit,2026-06-28T04:34:13Z
KRW-BTC,2022-03-07T00:00:00,2022-03-07T09:00:00,47782000,48890000,46525000,47415000,6885.298741,47415000,upbit,2026-06-28T04:34:13Z
KRW-BTC,2022-03-08T00:00:00,2022-03-08T09:00:00,47364000,48800000,47290000,48213000,4764.739534,48213000,upbit,2026-06-28T04:34:13Z
KRW-BTC,2022-03-09T00:00:00,2022-03-09T09:00:00,48213000,52300000,48153000,51570000,9356.854304,51570000,upbit,2026-06-28T04:34:13Z
KRW-BTC,2022-03-10T00:00:00,2022-03-10T09:00:00,51571000,51844000,48291000,48917000,10019.04392,48917000,upbit,2026-06-28T04:34:13Z
KRW-BTC,2022-03-11T00:00:00,2022-03-11T09:00:00,48931000,49941000,47802000,48315000,7089.912741,48315000,upbit,2026-06-28T04:34:13Z
KRW-BTC,2022-03-12T00:00:00,2022-03-12T09:00:00,48314000,49098000,48202000,48500000,2697.302198,48500000,upbit,2026-06-28T04:34:13Z
KRW-BTC,2022-03-13T00:00:00,2022-03-13T09:00:00,48500000,48904000,47310000,47510000,4109.285912,47510000,upbit,2026-06-28T04:34:13Z
KRW-BTC,2022-03-14T00:00:00,2022-03-14T09:00:00,47500000,49515000,47186000,49171000,6352.923551,49171000,upbit,2026-06-28T04:34:13Z
KRW-BTC,2022-03-15T00:00:00,2022-03-15T09:00:00,49212000,49383000,47781000,48640000,5609.768747,48640000,upbit,2026-06-28T04:34:13Z
KRW-BTC,2022-03-16T00:00:00,2022-03-16T09:00:00,48609000,51307000,48402000,50389000,12621.47056,50389000,upbit,2026-06-28T04:34:13Z
KRW-BTC,2022-03-17T00:00:00,2022-03-17T09:00:00,50392000,51099000,49647000,50069000,6441.900307,50069000,upbit,2026-06-28T04:34:13Z
KRW-BTC,2022-03-18T00:00:00,2022-03-18T09:00:00,50069000,51220000,49423000,50770000,6364.186934,50770000,upbit,2026-06-28T04:34:13Z
KRW-BTC,2022-03-19T00:00:00,2022-03-19T09:00:00,50736000,51300000,50615000,51245000,5016.392418,51245000,upbit,2026-06-28T04:34:13Z
KRW-BTC,2022-03-20T00:00:00,2022-03-20T09:00:00,51245000,51350000,50001000,50462000,4050.028652,50462000,upbit,2026-06-28T04:34:13Z
KRW-BTC,2022-03-21T00:00:00,2022-03-21T09:00:00,50471000,50756000,49832000,50128000,4418.71583,50128000,upbit,2026-06-28T04:34:13Z
KRW-BTC,2022-03-22T00:00:00,2022-03-22T09:00:00,50128000,52396000,50013000,51704000,8395.367481,51704000,upbit,2026-06-28T04:34:13Z
KRW-BTC,2022-03-23T00:00:00,2022-03-23T09:00:00,51689000,52232000,51118000,52138000,5293.402954,52138000,upbit,2026-06-28T04:34:13Z
KRW-BTC,2022-03-24T00:00:00,2022-03-24T09:00:00,52138000,53416000,51800000,52966000,7289.941854,52966000,upbit,2026-06-28T04:34:13Z
KRW-BTC,2022-03-25T00:00:00,2022-03-25T09:00:00,52907000,54450000,52700000,53791000,5670.827515,53791000,upbit,2026-06-28T04:34:13Z
KRW-BTC,2022-03-26T00:00:00,2022-03-26T09:00:00,53836000,54241000,53402000,53902000,3333.058744,53902000,upbit,2026-06-28T04:34:13Z
KRW-BTC,2022-03-27T00:00:00,2022-03-27T09:00:00,53888000,56201000,53674000,55949000,5341.023716,55949000,upbit,2026-06-28T04:34:13Z
KRW-BTC,2022-03-28T00:00:00,2022-03-28T09:00:00,55936000,57678000,55827000,56914000,6374.435146,56914000,upbit,2026-06-28T04:34:13Z
KRW-BTC,2022-03-29T00:00:00,2022-03-29T09:00:00,56900000,57540000,56390000,56985000,6629.178471,56985000,upbit,2026-06-28T04:34:13Z
KRW-BTC,2022-03-30T00:00:00,2022-03-30T09:00:00,56985000,57100000,56015000,56620000,4136.114493,56620000,upbit,2026-06-28T04:34:13Z
KRW-BTC,2022-03-31T00:00:00,2022-03-31T09:00:00,56594000,57227000,55230000,55352000,5141.563266,55352000,upbit,2026-06-28T04:34:13Z
KRW-BTC,2022-04-01T00:00:00,2022-04-01T09:00:00,55331000,56790000,54246000,56369000,6752.645356,56369000,upbit,2026-06-28T04:34:13Z
KRW-BTC,2022-04-02T00:00:00,2022-04-02T09:00:00,56326000,57350000,55831000,56050000,3882.902028,56050000,upbit,2026-06-28T04:34:13Z
KRW-BTC,2022-04-03T00:00:00,2022-04-03T09:00:00,56006000,57500000,55830000,56639000,3818.056037,56639000,upbit,2026-06-28T04:34:13Z
KRW-BTC,2022-04-04T00:00:00,2022-04-04T09:00:00,56596000,57300000,55510000,57055000,5916.740186,57055000,upbit,2026-06-28T04:34:13Z
KRW-BTC,2022-04-05T00:00:00,2022-04-05T09:00:00,57069000,57645000,56070000,56155000,4627.208651,56155000,upbit,2026-06-28T04:34:13Z
KRW-BTC,2022-04-06T00:00:00,2022-04-06T09:00:00,56195000,56323000,53034000,53072000,6776.518826,53072000,upbit,2026-06-28T04:34:13Z
KRW-BTC,2022-04-07T00:00:00,2022-04-07T09:00:00,53072000,54340000,52754000,53814000,5354.289371,53814000,upbit,2026-06-28T04:34:13Z
KRW-BTC,2022-04-08T00:00:00,2022-04-08T09:00:00,53813000,54700000,52798000,52934000,5123.922396,52934000,upbit,2026-06-28T04:34:13Z
KRW-BTC,2022-04-09T00:00:00,2022-04-09T09:00:00,52934000,53355000,52754000,53258000,2253.816753,53258000,upbit,2026-06-28T04:34:13Z
KRW-BTC,2022-04-10T00:00:00,2022-04-10T09:00:00,53295000,53950000,52462000,52819000,2289.320776,52819000,upbit,2026-06-28T04:34:13Z
KRW-BTC,2022-04-11T00:00:00,2022-04-11T09:00:00,52799000,53060000,50010000,50050000,5382.92605,50050000,upbit,2026-06-28T04:34:13Z
KRW-BTC,2022-04-12T00:00:00,2022-04-12T09:00:00,50050000,51195000,49608000,50577000,4730.164656,50577000,upbit,2026-06-28T04:34:13Z
KRW-BTC,2022-04-13T00:00:00,2022-04-13T09:00:00,50577000,51947000,49936000,51700000,3335.413278,51700000,upbit,2026-06-28T04:34:13Z
KRW-BTC,2022-04-14T00:00:00,2022-04-14T09:00:00,51645000,51942000,50000000,50245000,3240.368356,50245000,upbit,2026-06-28T04:34:13Z
KRW-BTC,2022-04-15T00:00:00,2022-04-15T09:00:00,50275000,51286000,50079000,50850000,2259.858439,50850000,upbit,2026-06-28T04:34:13Z
KRW-BTC,2022-04-16T00:00:00,2022-04-16T09:00:00,50807000,51100000,50251000,50567000,1285.878108,50567000,upbit,2026-06-28T04:34:13Z
KRW-BTC,2022-04-17T00:00:00,2022-04-17T09:00:00,50567000,50698000,49851000,49962000,1643.271089,49962000,upbit,2026-06-28T04:34:13Z
KRW-BTC,2022-04-18T00:00:00,2022-04-18T09:00:00,49962000,51290000,48626000,50839000,3977.644332,50839000,upbit,2026-06-28T04:34:13Z
KRW-BTC,2022-04-19T00:00:00,2022-04-19T09:00:00,50768000,51904000,50550000,51458000,2813.977539,51458000,upbit,2026-06-28T04:34:13Z
KRW-BTC,2022-04-20T00:00:00,2022-04-20T09:00:00,51459000,52326000,51015000,51388000,2789.563537,51388000,upbit,2026-06-28T04:34:13Z
KRW-BTC,2022-04-21T00:00:00,2022-04-21T09:00:00,51436000,53075000,50250000,50805000,4540.571121,50805000,upbit,2026-06-28T04:34:13Z
KRW-BTC,2022-04-22T00:00:00,2022-04-22T09:00:00,50805000,51000000,49526000,49937000,3309.37627,49937000,upbit,2026-06-28T04:34:13Z
KRW-BTC,2022-04-23T00:00:00,2022-04-23T09:00:00,49937000,50290000,49466000,49742000,1905.146898,49742000,upbit,2026-06-28T04:34:13Z
KRW-BTC,2022-04-24T00:00:00,2022-04-24T09:00:00,49723000,50211000,49300000,49620000,1658.617408,49620000,upbit,2026-06-28T04:34:13Z
KRW-BTC,2022-04-25T00:00:00,2022-04-25T09:00:00,49620000,50993000,48600000,50614000,4209.037602,50614000,upbit,2026-06-28T04:34:13Z
KRW-BTC,2022-04-26T00:00:00,2022-04-26T09:00:00,50614000,51193000,48300000,48777000,4171.124098,48777000,upbit,2026-06-28T04:34:13Z
KRW-BTC,2022-04-27T00:00:00,2022-04-27T09:00:00,48718000,50100000,48568000,49954000,2774.396468,49954000,upbit,2026-06-28T04:34:13Z
KRW-BTC,2022-04-28T00:00:00,2022-04-28T09:00:00,49954000,51299000,49666000,50580000,3157.489825,50580000,upbit,2026-06-28T04:34:13Z
KRW-BTC,2022-04-29T00:00:00,2022-04-29T09:00:00,50580000,50829000,49412000,49731000,2848.957459,49731000,upbit,2026-06-28T04:34:13Z
KRW-BTC,2022-04-30T00:00:00,2022-04-30T09:00:00,49731000,49953000,49243000,49283000,2078.698534,49283000,upbit,2026-06-28T04:34:13Z
KRW-BTC,2022-05-01T00:00:00,2022-05-01T09:00:00,49283000,49620000,48500000,49383000,2882.99454,49383000,upbit,2026-06-28T04:34:13Z
KRW-BTC,2022-05-02T00:00:00,2022-05-02T09:00:00,49383000,50210000,49110000,49520000,2614.56356,49520000,upbit,2026-06-28T04:34:13Z
KRW-BTC,2022-05-03T00:00:00,2022-05-03T09:00:00,49501000,49678000,48638000,48777000,2755.309315,48777000,upbit,2026-06-28T04:34:13Z
KRW-BTC,2022-05-04T00:00:00,2022-05-04T09:00:00,48772000,50999000,48722000,50616000,3904.11622,50616000,upbit,2026-06-28T04:34:13Z
KRW-BTC,2022-05-05T00:00:00,2022-05-05T09:00:00,50631000,50832000,47048000,47647000,6259.7612,47647000,upbit,2026-06-28T04:34:13Z
KRW-BTC,2022-05-06T00:00:00,2022-05-06T09:00:00,47650000,47800000,46210000,47031000,4073.145828,47031000,upbit,2026-06-28T04:34:13Z
KRW-BTC,2022-05-07T00:00:00,2022-05-07T09:00:00,47030000,47130000,46054000,46507000,1727.395058,46507000,upbit,2026-06-28T04:34:13Z
KRW-BTC,2022-05-08T00:00:00,2022-05-08T09:00:00,46507000,46515000,44624000,44770000,4109.81944,44770000,upbit,2026-06-28T04:34:13Z
KRW-BTC,2022-05-09T00:00:00,2022-05-09T09:00:00,44763000,45037000,40719000,41002000,8307.106093,41002000,upbit,2026-06-28T04:34:13Z
KRW-BTC,2022-05-10T00:00:00,2022-05-10T09:00:00,41000000,43110000,40150000,41046000,12076.37493,41046000,upbit,2026-06-28T04:34:13Z
KRW-BTC,2022-05-11T00:00:00,2022-05-11T09:00:00,41044000,43980000,39088000,40290000,31967.29719,40290000,upbit,2026-06-28T04:34:13Z
KRW-BTC,2022-05-12T00:00:00,2022-05-12T09:00:00,40263000,41178000,37000000,39243000,23389.06343,39243000,upbit,2026-06-28T04:34:13Z
KRW-BTC,2022-05-13T00:00:00,2022-05-13T09:00:00,39246000,41324000,38777000,39270000,12398.9188,39270000,upbit,2026-06-28T04:34:13Z
KRW-BTC,2022-05-14T00:00:00,2022-05-14T09:00:00,39270000,40243000,38400000,39967000,5512.19562,39967000,upbit,2026-06-28T04:34:13Z
KRW-BTC,2022-05-15T00:00:00,2022-05-15T09:00:00,39967000,41000000,39270000,40906000,4277.655034,40906000,upbit,2026-06-28T04:34:13Z
KRW-BTC,2022-05-16T00:00:00,2022-05-16T09:00:00,40902000,40940000,38620000,39256000,5678.833853,39256000,upbit,2026-06-28T04:34:13Z
KRW-BTC,2022-05-17T00:00:00,2022-05-17T09:00:00,39260000,39900000,38416000,39259000,5356.753182,39259000,upbit,2026-06-28T04:34:13Z
KRW-BTC,2022-05-18T00:00:00,2022-05-18T09:00:00,39260000,39464000,37001000,37099000,6367.45223,37099000,upbit,2026-06-28T04:34:13Z
KRW-BTC,2022-05-19T00:00:00,2022-05-19T09:00:00,37100000,39085000,37000000,38780000,6407.341868,38780000,upbit,2026-06-28T04:34:13Z
KRW-BTC,2022-05-20T00:00:00,2022-05-20T09:00:00,38781000,39298000,37267000,37762000,5865.610376,37762000,upbit,2026-06-28T04:34:13Z
KRW-BTC,2022-05-21T00:00:00,2022-05-21T09:00:00,37798000,38253000,37558000,38037000,2813.64815,38037000,upbit,2026-06-28T04:34:13Z
KRW-BTC,2022-05-22T00:00:00,2022-05-22T09:00:00,38037000,39150000,37886000,38933000,3336.520707,38933000,upbit,2026-06-28T04:34:13Z
KRW-BTC,2022-05-23T00:00:00,2022-05-23T09:00:00,38933000,39220000,37209000,37436000,4947.221049,37436000,upbit,2026-06-28T04:34:13Z
KRW-BTC,2022-05-24T00:00:00,2022-05-24T09:00:00,37436000,38000000,36725000,37827000,3823.785368,37827000,upbit,2026-06-28T04:34:13Z
KRW-BTC,2022-05-25T00:00:00,2022-05-25T09:00:00,37827000,38360000,37558000,37935000,3871.091337,37935000,upbit,2026-06-28T04:34:13Z
KRW-BTC,2022-05-26T00:00:00,2022-05-26T09:00:00,37937000,38230000,36394000,37662000,5202.304333,37662000,upbit,2026-06-28T04:34:13Z
KRW-BTC,2022-05-27T00:00:00,2022-05-27T09:00:00,37662000,37889000,36413000,36837000,4373.885371,36837000,upbit,2026-06-28T04:34:13Z
KRW-BTC,2022-05-28T00:00:00,2022-05-28T09:00:00,36862000,37373000,36613000,37034000,1931.845973,37034000,upbit,2026-06-28T04:34:13Z
KRW-BTC,2022-05-29T00:00:00,2022-05-29T09:00:00,37033000,37620000,36825000,37380000,1712.650146,37380000,upbit,2026-06-28T04:34:13Z
KRW-BTC,2022-05-30T00:00:00,2022-05-30T09:00:00,37415000,39989000,37230000,39550000,5467.460037,39550000,upbit,2026-06-28T04:34:13Z
KRW-BTC,2022-05-31T00:00:00,2022-05-31T09:00:00,39527000,40600000,39300000,39923000,6442.979981,39923000,upbit,2026-06-28T04:34:13Z
KRW-BTC,2022-06-01T00:00:00,2022-06-01T09:00:00,39927000,40150000,37500000,37880000,6304.814273,37880000,upbit,2026-06-28T04:34:13Z
KRW-BTC,2022-06-02T00:00:00,2022-06-02T09:00:00,37880000,38680000,37558000,38392000,2899.345673,38392000,upbit,2026-06-28T04:34:13Z
KRW-BTC,2022-06-03T00:00:00,2022-06-03T09:00:00,38393000,38630000,37378000,37851000,3606.94747,37851000,upbit,2026-06-28T04:34:13Z
KRW-BTC,2022-06-04T00:00:00,2022-06-04T09:00:00,37852000,38100000,37666000,37916000,1401.312285,37916000,upbit,2026-06-28T04:34:13Z
KRW-BTC,2022-06-05T00:00:00,2022-06-05T09:00:00,37916000,38300000,37608000,37972000,1320.221687,37972000,upbit,2026-06-28T04:34:13Z
KRW-BTC,2022-06-06T00:00:00,2022-06-06T09:00:00,37974000,39952000,37966000,39532000,4372.224579,39532000,upbit,2026-06-28T04:34:13Z
KRW-BTC,2022-06-07T00:00:00,2022-06-07T09:00:00,39532000,39797000,37500000,39398000,7886.332468,39398000,upbit,2026-06-28T04:34:13Z
KRW-BTC,2022-06-08T00:00:00,2022-06-08T09:00:00,39366000,39599000,38128000,38581000,5152.829444,38581000,upbit,2026-06-28T04:34:13Z
KRW-BTC,2022-06-09T00:00:00,2022-06-09T09:00:00,38581000,38800000,38150000,38256000,2945.150783,38256000,upbit,2026-06-28T04:34:13Z
KRW-BTC,2022-06-10T00:00:00,2022-06-10T09:00:00,38265000,38850000,37470000,37611000,4429.214789,37611000,upbit,2026-06-28T04:34:13Z
KRW-BTC,2022-06-11T00:00:00,2022-06-11T09:00:00,37613000,37990000,36680000,37058000,4509.661188,37058000,upbit,2026-06-28T04:34:13Z
KRW-BTC,2022-06-12T00:00:00,2022-06-12T09:00:00,37061000,37157000,34700000,34718000,6146.331874,34718000,upbit,2026-06-28T04:34:13Z
KRW-BTC,2022-06-13T00:00:00,2022-06-13T09:00:00,34718000,35050000,28960000,29372000,21092.0642,29372000,upbit,2026-06-28T04:34:13Z
KRW-BTC,2022-06-14T00:00:00,2022-06-14T09:00:00,29373000,30205000,27412000,28829000,19487.81541,28829000,upbit,2026-06-28T04:34:13Z
KRW-BTC,2022-06-15T00:00:00,2022-06-15T09:00:00,28828000,29566000,26694000,29253000,20040.69089,29253000,upbit,2026-06-28T04:34:13Z
KRW-BTC,2022-06-16T00:00:00,2022-06-16T09:00:00,29235000,29622000,26718000,26898000,10897.12712,26898000,upbit,2026-06-28T04:34:13Z
KRW-BTC,2022-06-17T00:00:00,2022-06-17T09:00:00,26900000,27920000,26573000,27010000,8254.74721,27010000,upbit,2026-06-28T04:34:13Z
KRW-BTC,2022-06-18T00:00:00,2022-06-18T09:00:00,27010000,27345000,24000000,25093000,17021.37138,25093000,upbit,2026-06-28T04:34:13Z
KRW-BTC,2022-06-19T00:00:00,2022-06-19T09:00:00,25096000,26943000,23800000,26642000,15039.09542,26642000,upbit,2026-06-28T04:34:13Z
KRW-BTC,2022-06-20T00:00:00,2022-06-20T09:00:00,26666000,27184000,25599000,26643000,12451.16444,26643000,upbit,2026-06-28T04:34:13Z
KRW-BTC,2022-06-21T00:00:00,2022-06-21T09:00:00,26643000,27970000,26476000,26967000,10207.59721,26967000,upbit,2026-06-28T04:34:13Z
KRW-BTC,2022-06-22T00:00:00,2022-06-22T09:00:00,26967000,27160000,25950000,26193000,7880.698109,26193000,upbit,2026-06-28T04:34:13Z
KRW-BTC,2022-06-23T00:00:00,2022-06-23T09:00:00,26180000,27489000,26105000,27419000,11674.89802,27419000,upbit,2026-06-28T04:34:13Z
KRW-BTC,2022-06-24T00:00:00,2022-06-24T09:00:00,27419000,27900000,26975000,27597000,13388.89575,27597000,upbit,2026-06-28T04:34:13Z
KRW-BTC,2022-06-25T00:00:00,2022-06-25T09:00:00,27592000,27989000,27258000,27832000,6225.328283,27832000,upbit,2026-06-28T04:34:13Z
KRW-BTC,2022-06-26T00:00:00,2022-06-26T09:00:00,27837000,28350000,27415000,27460000,5447.101318,27460000,upbit,2026-06-28T04:34:13Z
KRW-BTC,2022-06-27T00:00:00,2022-06-27T09:00:00,27475000,27850000,26800000,27039000,5752.807181,27039000,upbit,2026-06-28T04:34:13Z
KRW-BTC,2022-06-28T00:00:00,2022-06-28T09:00:00,27033000,27456000,26470000,26547000,5406.36167,26547000,upbit,2026-06-28T04:34:13Z
KRW-BTC,2022-06-29T00:00:00,2022-06-29T09:00:00,26553000,26800000,26163000,26548000,9223.202521,26548000,upbit,2026-06-28T04:34:13Z
KRW-BTC,2022-06-30T00:00:00,2022-06-30T09:00:00,26572000,26609000,24776000,26003000,11478.34481,26003000,upbit,2026-06-28T04:34:13Z
KRW-BTC,2022-07-01T00:00:00,2022-07-01T09:00:00,25999000,27110000,25100000,25556000,10667.06531,25556000,upbit,2026-06-28T04:34:13Z
KRW-BTC,2022-07-02T00:00:00,2022-07-02T09:00:00,25576000,25700000,25180000,25463000,3585.127254,25463000,upbit,2026-06-28T04:34:13Z
KRW-BTC,2022-07-03T00:00:00,2022-07-03T09:00:00,25465000,25870000,25000000,25422000,4004.472955,25422000,upbit,2026-06-28T04:34:13Z
KRW-BTC,2022-07-04T00:00:00,2022-07-04T09:00:00,25454000,26560000,25150000,26399000,6263.456445,26399000,upbit,2026-06-28T04:34:13Z
KRW-BTC,2022-07-05T00:00:00,2022-07-05T09:00:00,26399000,27269000,25580000,26548000,8426.868583,26548000,upbit,2026-06-28T04:34:13Z
KRW-BTC,2022-07-06T00:00:00,2022-07-06T09:00:00,26523000,27084000,26131000,26954000,5929.702977,26954000,upbit,2026-06-28T04:34:13Z
KRW-BTC,2022-07-07T00:00:00,2022-07-07T09:00:00,26953000,28347000,26600000,28115000,8756.639876,28115000,upbit,2026-06-28T04:34:13Z
KRW-BTC,2022-07-08T00:00:00,2022-07-08T09:00:00,28129000,29084000,27800000,28241000,10799.53961,28241000,upbit,2026-06-28T04:34:13Z
KRW-BTC,2022-07-09T00:00:00,2022-07-09T09:00:00,28241000,28600000,27915000,28200000,4557.639274,28200000,upbit,2026-06-28T04:34:13Z
KRW-BTC,2022-07-10T00:00:00,2022-07-10T09:00:00,28199000,28222000,27181000,27317000,5010.69691,27317000,upbit,2026-06-28T04:34:13Z
KRW-BTC,2022-07-11T00:00:00,2022-07-11T09:00:00,27317000,27327000,26400000,26460000,5812.765697,26460000,upbit,2026-06-28T04:34:13Z
KRW-BTC,2022-07-12T00:00:00,2022-07-12T09:00:00,26474000,26565000,25650000,25723000,5167.365294,25723000,upbit,2026-06-28T04:34:13Z
KRW-BTC,2022-07-13T00:00:00,2022-07-13T09:00:00,25723000,26759000,25200000,26611000,8364.967594,26611000,upbit,2026-06-28T04:34:13Z
KRW-BTC,2022-07-14T00:00:00,2022-07-14T09:00:00,26604000,27500000,26103000,27135000,6982.831754,27135000,upbit,2026-06-28T04:34:13Z
KRW-BTC,2022-07-15T00:00:00,2022-07-15T09:00:00,27140000,27899000,26914000,27518000,6257.933136,27518000,upbit,2026-06-28T04:34:13Z
KRW-BTC,2022-07-16T00:00:00,2022-07-16T09:00:00,27496000,28387000,27114000,27857000,5336.108806,27857000,upbit,2026-06-28T04:34:13Z
KRW-BTC,2022-07-17T00:00:00,2022-07-17T09:00:00,27856000,28481000,27453000,27505000,6347.366046,27505000,upbit,2026-06-28T04:34:13Z
KRW-BTC,2022-07-18T00:00:00,2022-07-18T09:00:00,27505000,29613000,27450000,29322000,13859.74528,29322000,upbit,2026-06-28T04:34:13Z
KRW-BTC,2022-07-19T00:00:00,2022-07-19T09:00:00,29322000,31050000,28476000,30660000,14595.94786,30660000,upbit,2026-06-28T04:34:13Z
KRW-BTC,2022-07-20T00:00:00,2022-07-20T09:00:00,30646000,31831000,30128000,30505000,12434.44376,30505000,upbit,2026-06-28T04:34:13Z
KRW-BTC,2022-07-21T00:00:00,2022-07-21T09:00:00,30500000,30849000,29621000,30415000,10664.60764,30415000,upbit,2026-06-28T04:34:13Z
KRW-BTC,2022-07-22T00:00:00,2022-07-22T09:00:00,30415000,31201000,29874000,30080000,7607.908909,30080000,upbit,2026-06-28T04:34:13Z
KRW-BTC,2022-07-23T00:00:00,2022-07-23T09:00:00,30077000,30272000,29214000,29722000,5699.598361,29722000,upbit,2026-06-28T04:34:13Z
KRW-BTC,2022-07-24T00:00:00,2022-07-24T09:00:00,29704000,30195000,29498000,29818000,5186.691596,29818000,upbit,2026-06-28T04:34:13Z
KRW-BTC,2022-07-25T00:00:00,2022-07-25T09:00:00,29818000,29938000,28500000,28555000,8196.410471,28555000,upbit,2026-06-28T04:34:13Z
KRW-BTC,2022-07-26T00:00:00,2022-07-26T09:00:00,28555000,28633000,27716000,28401000,6394.874999,28401000,upbit,2026-06-28T04:34:13Z
KRW-BTC,2022-07-27T00:00:00,2022-07-27T09:00:00,28401000,30492000,28165000,30202000,8326.594453,30202000,upbit,2026-06-28T04:34:13Z
KRW-BTC,2022-07-28T00:00:00,2022-07-28T09:00:00,30200000,31573000,29850000,31217000,10600.62751,31217000,upbit,2026-06-28T04:34:13Z
KRW-BTC,2022-07-29T00:00:00,2022-07-29T09:00:00,31217000,31990000,30965000,31404000,9751.911398,31404000,upbit,2026-06-28T04:34:13Z
KRW-BTC,2022-07-30T00:00:00,2022-07-30T09:00:00,31402000,32500000,31171000,31281000,7360.059756,31281000,upbit,2026-06-28T04:34:13Z
KRW-BTC,2022-07-31T00:00:00,2022-07-31T09:00:00,31270000,31775000,30714000,30751000,7085.408944,30751000,upbit,2026-06-28T04:34:13Z
KRW-BTC,2022-08-01T00:00:00,2022-08-01T09:00:00,30750000,31099000,30392000,30851000,6632.833037,30851000,upbit,2026-06-28T04:34:13Z
KRW-BTC,2022-08-02T00:00:00,2022-08-02T09:00:00,30851000,31141000,30246000,30754000,7603.47583,30754000,upbit,2026-06-28T04:34:13Z
KRW-BTC,2022-08-03T00:00:00,2022-08-03T09:00:00,30754000,31467000,30509000,30708000,6104.358089,30708000,upbit,2026-06-28T04:34:13Z
KRW-BTC,2022-08-04T00:00:00,2022-08-04T09:00:00,30708000,30980000,30159000,30315000,5092.111161,30315000,upbit,2026-06-28T04:34:13Z
KRW-BTC,2022-08-05T00:00:00,2022-08-05T09:00:00,30318000,30990000,30261000,30767000,5525.870434,30767000,upbit,2026-06-28T04:34:13Z
KRW-BTC,2022-08-06T00:00:00,2022-08-06T09:00:00,30767000,30843000,30509000,30534000,2650.633559,30534000,upbit,2026-06-28T04:34:13Z
KRW-BTC,2022-08-07T00:00:00,2022-08-07T09:00:00,30534000,30899000,30440000,30685000,2514.515032,30685000,upbit,2026-06-28T04:34:13Z
KRW-BTC,2022-08-08T00:00:00,2022-08-08T09:00:00,30695000,31925000,30680000,31459000,5716.184413,31459000,upbit,2026-06-28T04:34:13Z
KRW-BTC,2022-08-09T00:00:00,2022-08-09T09:00:00,31435000,31743000,30570000,30997000,5607.512683,30997000,upbit,2026-06-28T04:34:13Z
KRW-BTC,2022-08-10T00:00:00,2022-08-10T09:00:00,30997000,32073000,30522000,31583000,8806.557975,31583000,upbit,2026-06-28T04:34:13Z
KRW-BTC,2022-08-11T00:00:00,2022-08-11T09:00:00,31583000,32879000,31581000,31770000,9244.456851,31770000,upbit,2026-06-28T04:34:13Z
KRW-BTC,2022-08-12T00:00:00,2022-08-12T09:00:00,31770000,32450000,31590000,32368000,8387.043922,32368000,upbit,2026-06-28T04:34:13Z
KRW-BTC,2022-08-13T00:00:00,2022-08-13T09:00:00,32368000,32957000,32260000,32562000,4388.330322,32562000,upbit,2026-06-28T04:34:13Z
KRW-BTC,2022-08-14T00:00:00,2022-08-14T09:00:00,32562000,33197000,32310000,32544000,6387.198266,32544000,upbit,2026-06-28T04:34:13Z
KRW-BTC,2022-08-15T00:00:00,2022-08-15T09:00:00,32544000,33450000,32139000,32445000,6914.807593,32445000,upbit,2026-06-28T04:34:13Z
KRW-BTC,2022-08-16T00:00:00,2022-08-16T09:00:00,32435000,32600000,31865000,32082000,4179.746422,32082000,upbit,2026-06-28T04:34:13Z
KRW-BTC,2022-08-17T00:00:00,2022-08-17T09:00:00,32082000,32600000,31334000,31547000,5812.249277,31547000,upbit,2026-06-28T04:34:13Z
KRW-BTC,2022-08-18T00:00:00,2022-08-18T09:00:00,31547000,31779000,31484000,31720000,2950.437734,31720000,upbit,2026-06-28T04:34:13Z
KRW-BTC,2022-08-19T00:00:00,2022-08-19T09:00:00,31720000,31739000,28612000,28678000,11796.61947,28678000,upbit,2026-06-28T04:34:13Z
KRW-BTC,2022-08-20T00:00:00,2022-08-20T09:00:00,28678000,29429000,28616000,29340000,5295.311618,29340000,upbit,2026-06-28T04:34:13Z
KRW-BTC,2022-08-21T00:00:00,2022-08-21T09:00:00,29350000,29760000,29016000,29459000,3786.406886,29459000,upbit,2026-06-28T04:34:13Z
KRW-BTC,2022-08-22T00:00:00,2022-08-22T09:00:00,29458000,29554000,28857000,29260000,4297.803752,29260000,upbit,2026-06-28T04:34:13Z
KRW-BTC,2022-08-23T00:00:00,2022-08-23T09:00:00,29261000,29528000,28701000,29307000,3763.613823,29307000,upbit,2026-06-28T04:34:13Z
KRW-BTC,2022-08-24T00:00:00,2022-08-24T09:00:00,29287000,29695000,28950000,29104000,3125.560121,29104000,upbit,2026-06-28T04:34:13Z
KRW-BTC,2022-08-25T00:00:00,2022-08-25T09:00:00,29103000,29500000,29036000,29300000,3452.121992,29300000,upbit,2026-06-28T04:34:13Z
KRW-BTC,2022-08-26T00:00:00,2022-08-26T09:00:00,29299000,29655000,27790000,27969000,7729.246705,27969000,upbit,2026-06-28T04:34:13Z
KRW-BTC,2022-08-27T00:00:00,2022-08-27T09:00:00,27954000,28150000,27510000,27739000,3125.256463,27739000,upbit,2026-06-28T04:34:13Z
KRW-BTC,2022-08-28T00:00:00,2022-08-28T09:00:00,27739000,27878000,27090000,27099000,2480.823587,27099000,upbit,2026-06-28T04:34:13Z
KRW-BTC,2022-08-29T00:00:00,2022-08-29T09:00:00,27098000,28066000,27094000,27792000,3709.534914,27792000,upbit,2026-06-28T04:34:13Z
KRW-BTC,2022-08-30T00:00:00,2022-08-30T09:00:00,27792000,28150000,27155000,27314000,4229.547371,27314000,upbit,2026-06-28T04:34:13Z
KRW-BTC,2022-08-31T00:00:00,2022-08-31T09:00:00,27314000,27957000,27286000,27530000,3677.299074,27530000,upbit,2026-06-28T04:34:13Z
KRW-BTC,2022-09-01T00:00:00,2022-09-01T09:00:00,27521000,27773000,27100000,27636000,3585.511308,27636000,upbit,2026-06-28T04:34:13Z
KRW-BTC,2022-09-02T00:00:00,2022-09-02T09:00:00,27636000,28000000,27312000,27571000,3667.657605,27571000,upbit,2026-06-28T04:34:13Z
KRW-BTC,2022-09-03T00:00:00,2022-09-03T09:00:00,27562000,27704000,27286000,27447000,1868.628942,27447000,upbit,2026-06-28T04:34:13Z
KRW-BTC,2022-09-04T00:00:00,2022-09-04T09:00:00,27440000,27590000,27200000,27528000,1823.704029,27528000,upbit,2026-06-28T04:34:13Z
KRW-BTC,2022-09-05T00:00:00,2022-09-05T09:00:00,27529000,27599000,27223000,27309000,3528.468201,27309000,upbit,2026-06-28T04:34:13Z
KRW-BTC,2022-09-06T00:00:00,2022-09-06T09:00:00,27309000,27690000,26203000,26361000,8145.676585,26361000,upbit,2026-06-28T04:34:13Z
KRW-BTC,2022-09-07T00:00:00,2022-09-07T09:00:00,26361000,27064000,26198000,26810000,5757.559321,26810000,upbit,2026-06-28T04:34:13Z
KRW-BTC,2022-09-08T00:00:00,2022-09-08T09:00:00,26811000,27042000,26601000,26887000,4259.432445,26887000,upbit,2026-06-28T04:34:13Z
KRW-BTC,2022-09-09T00:00:00,2022-09-09T09:00:00,26887000,29616000,26864000,29350000,9802.804138,29350000,upbit,2026-06-28T04:34:13Z
KRW-BTC,2022-09-10T00:00:00,2022-09-10T09:00:00,29344000,29900000,29001000,29727000,5736.675057,29727000,upbit,2026-06-28T04:34:13Z
KRW-BTC,2022-09-11T00:00:00,2022-09-11T09:00:00,29727000,30030000,29527000,30028000,3688.600488,30028000,upbit,2026-06-28T04:34:13Z
KRW-BTC,2022-09-12T00:00:00,2022-09-12T09:00:00,30028000,30851000,29780000,30656000,7642.566033,30656000,upbit,2026-06-28T04:34:13Z
KRW-BTC,2022-09-13T00:00:00,2022-09-13T09:00:00,30684000,31300000,28200000,28371000,15229.11581,28371000,upbit,2026-06-28T04:34:13Z
KRW-BTC,2022-09-14T00:00:00,2022-09-14T09:00:00,28371000,28813000,27688000,28344000,8716.782685,28344000,upbit,2026-06-28T04:34:13Z
KRW-BTC,2022-09-15T00:00:00,2022-09-15T09:00:00,28352000,28518000,27774000,28024000,6939.777037,28024000,upbit,2026-06-28T04:34:13Z
KRW-BTC,2022-09-16T00:00:00,2022-09-16T09:00:00,28029000,28173000,27453000,27915000,5350.837012,27915000,upbit,2026-06-28T04:34:13Z
KRW-BTC,2022-09-17T00:00:00,2022-09-17T09:00:00,27916000,28357000,27893000,28174000,3240.100437,28174000,upbit,2026-06-28T04:34:13Z
KRW-BTC,2022-09-18T00:00:00,2022-09-18T09:00:00,28174000,28206000,27280000,27490000,4018.150313,27490000,upbit,2026-06-28T04:34:13Z
KRW-BTC,2022-09-19T00:00:00,2022-09-19T09:00:00,27490000,27732000,26216000,27566000,9719.59411,27566000,upbit,2026-06-28T04:34:13Z
KRW-BTC,2022-09-20T00:00:00,2022-09-20T09:00:00,27566000,27707000,26582000,26757000,5253.122238,26757000,upbit,2026-06-28T04:34:13Z
KRW-BTC,2022-09-21T00:00:00,2022-09-21T09:00:00,26757000,27974000,26199000,26538000,9250.118767,26538000,upbit,2026-06-28T04:34:13Z
KRW-BTC,2022-09-22T00:00:00,2022-09-22T09:00:00,26523000,27698000,26478000,27572000,5953.989094,27572000,upbit,2026-06-28T04:34:13Z
KRW-BTC,2022-09-23T00:00:00,2022-09-23T09:00:00,27571000,27788000,26709000,27594000,7237.642087,27594000,upbit,2026-06-28T04:34:13Z
KRW-BTC,2022-09-24T00:00:00,2022-09-24T09:00:00,27591000,27611000,27101000,27270000,2902.696438,27270000,upbit,2026-06-28T04:34:13Z
KRW-BTC,2022-09-25T00:00:00,2022-09-25T09:00:00,27270000,27499000,26910000,27051000,2488.1113,27051000,upbit,2026-06-28T04:34:13Z
KRW-BTC,2022-09-26T00:00:00,2022-09-26T09:00:00,27051000,27749000,27000000,27597000,4639.446161,27597000,upbit,2026-06-28T04:34:13Z
KRW-BTC,2022-09-27T00:00:00,2022-09-27T09:00:00,27604000,29112000,27130000,27501000,11326.09518,27501000,upbit,2026-06-28T04:34:13Z
KRW-BTC,2022-09-28T00:00:00,2022-09-28T09:00:00,27495000,28421000,26800000,27952000,7772.212439,27952000,upbit,2026-06-28T04:34:13Z
KRW-BTC,2022-09-29T00:00:00,2022-09-29T09:00:00,27952000,28246000,27290000,28033000,6460.931579,28033000,upbit,2026-06-28T04:34:13Z
KRW-BTC,2022-09-30T00:00:00,2022-09-30T09:00:00,28020000,28841000,27580000,27924000,6867.902456,27924000,upbit,2026-06-28T04:34:13Z
KRW-BTC,2022-10-01T00:00:00,2022-10-01T09:00:00,27924000,28008000,27696000,27868000,2546.825117,27868000,upbit,2026-06-28T04:34:13Z
KRW-BTC,2022-10-02T00:00:00,2022-10-02T09:00:00,27868000,27960000,27512000,27691000,3079.769561,27691000,upbit,2026-06-28T04:34:13Z
KRW-BTC,2022-10-03T00:00:00,2022-10-03T09:00:00,27672000,28375000,27591000,28299000,3956.10964,28299000,upbit,2026-06-28T04:34:13Z
KRW-BTC,2022-10-04T00:00:00,2022-10-04T09:00:00,28280000,29094000,28145000,28980000,5533.817065,28980000,upbit,2026-06-28T04:34:13Z
KRW-BTC,2022-10-05T00:00:00,2022-10-05T09:00:00,28952000,29017000,28322000,28721000,5152.71568,28721000,upbit,2026-06-28T04:34:13Z
KRW-BTC,2022-10-06T00:00:00,2022-10-06T09:00:00,28720000,28930000,28290000,28418000,4801.187682,28418000,upbit,2026-06-28T04:34:13Z
KRW-BTC,2022-10-07T00:00:00,2022-10-07T09:00:00,28418000,28517000,27663000,27805000,5416.378592,27805000,upbit,2026-06-28T04:34:13Z
KRW-BTC,2022-10-08T00:00:00,2022-10-08T09:00:00,27810000,27933000,27602000,27743000,2106.945314,27743000,upbit,2026-06-28T04:34:13Z
KRW-BTC,2022-10-09T00:00:00,2022-10-09T09:00:00,27743000,27885000,27622000,27679000,1640.581783,27679000,upbit,2026-06-28T04:34:13Z
KRW-BTC,2022-10-10T00:00:00,2022-10-10T09:00:00,27679000,27833000,27359000,27401000,4196.415337,27401000,upbit,2026-06-28T04:34:13Z
KRW-BTC,2022-10-11T00:00:00,2022-10-11T09:00:00,27397000,27678000,27131000,27339000,3732.940003,27339000,upbit,2026-06-28T04:34:13Z
KRW-BTC,2022-10-12T00:00:00,2022-10-12T09:00:00,27339000,27523000,27255000,27460000,2101.426615,27460000,upbit,2026-06-28T04:34:13Z
KRW-BTC,2022-10-13T00:00:00,2022-10-13T09:00:00,27460000,28063000,26400000,27810000,8203.958395,27810000,upbit,2026-06-28T04:34:13Z
KRW-BTC,2022-10-14T00:00:00,2022-10-14T09:00:00,27808000,28539000,27500000,27660000,5280.081239,27660000,upbit,2026-06-28T04:34:13Z
KRW-BTC,2022-10-15T00:00:00,2022-10-15T09:00:00,27656000,27722000,27410000,27524000,1863.651981,27524000,upbit,2026-06-28T04:34:13Z
KRW-BTC,2022-10-16T00:00:00,2022-10-16T09:00:00,27548000,27900000,27502000,27655000,1613.231531,27655000,upbit,2026-06-28T04:34:13Z
KRW-BTC,2022-10-17T00:00:00,2022-10-17T09:00:00,27655000,28200000,27526000,27993000,3325.591796,27993000,upbit,2026-06-28T04:34:13Z
KRW-BTC,2022-10-18T00:00:00,2022-10-18T09:00:00,27993000,28180000,27530000,27812000,3645.546868,27812000,upbit,2026-06-28T04:34:13Z
KRW-BTC,2022-10-19T00:00:00,2022-10-19T09:00:00,27824000,27825000,27536000,27657000,3160.616029,27657000,upbit,2026-06-28T04:34:13Z
KRW-BTC,2022-10-20T00:00:00,2022-10-20T09:00:00,27639000,27800000,27400000,27505000,2683.247993,27505000,upbit,2026-06-28T04:34:13Z
KRW-BTC,2022-10-21T00:00:00,2022-10-21T09:00:00,27505000,27700000,27130000,27580000,2767.62248,27580000,upbit,2026-06-28T04:34:13Z
KRW-BTC,2022-10-22T00:00:00,2022-10-22T09:00:00,27600000,27700000,27547000,27620000,2036.10495,27620000,upbit,2026-06-28T04:34:13Z
KRW-BTC,2022-10-23T00:00:00,2022-10-23T09:00:00,27620000,28152000,27484000,27981000,2722.169758,27981000,upbit,2026-06-28T04:34:13Z
KRW-BTC,2022-10-24T00:00:00,2022-10-24T09:00:00,27981000,28077000,27663000,27803000,3125.348991,27803000,upbit,2026-06-28T04:34:13Z
KRW-BTC,2022-10-25T00:00:00,2022-10-25T09:00:00,27803000,28844000,27621000,28494000,4893.203129,28494000,upbit,2026-06-28T04:34:13Z
KRW-BTC,2022-10-26T00:00:00,2022-10-26T09:00:00,28494000,29447000,28470000,29079000,5979.876121,29079000,upbit,2026-06-28T04:34:13Z
KRW-BTC,2022-10-27T00:00:00,2022-10-27T09:00:00,29116000,29238000,28530000,28590000,5172.494233,28590000,upbit,2026-06-28T04:34:13Z
KRW-BTC,2022-10-28T00:00:00,2022-10-28T09:00:00,28590000,29183000,28350000,28958000,3424.861865,28958000,upbit,2026-06-28T04:34:13Z
KRW-BTC,2022-10-29T00:00:00,2022-10-29T09:00:00,28932000,29497000,28910000,29091000,6211.37654,29091000,upbit,2026-06-28T04:34:13Z
KRW-BTC,2022-10-30T00:00:00,2022-10-30T09:00:00,29091000,29350000,28902000,28957000,3137.068759,28957000,upbit,2026-06-28T04:34:13Z
KRW-BTC,2022-10-31T00:00:00,2022-10-31T09:00:00,28957000,29217000,28580000,28778000,3780.017757,28778000,upbit,2026-06-28T04:34:13Z
KRW-BTC,2022-11-01T00:00:00,2022-11-01T09:00:00,28778000,28928000,28634000,28749000,2933.716643,28749000,upbit,2026-06-28T04:34:13Z
KRW-BTC,2022-11-02T00:00:00,2022-11-02T09:00:00,28753000,29299000,28500000,28632000,7547.861369,28632000,upbit,2026-06-28T04:34:13Z
KRW-BTC,2022-11-03T00:00:00,2022-11-03T09:00:00,28632000,28900000,28443000,28693000,6757.692914,28693000,upbit,2026-06-28T04:34:13Z
KRW-BTC,2022-11-04T00:00:00,2022-11-04T09:00:00,28685000,29679000,28683000,29388000,7964.117852,29388000,upbit,2026-06-28T04:34:13Z
KRW-BTC,2022-11-05T00:00:00,2022-11-05T09:00:00,29388000,29870000,29304000,29756000,5550.079702,29756000,upbit,2026-06-28T04:34:13Z
KRW-BTC,2022-11-06T00:00:00,2022-11-06T09:00:00,29756000,29869000,29400000,29473000,3135.465388,29473000,upbit,2026-06-28T04:34:13Z
KRW-BTC,2022-11-07T00:00:00,2022-11-07T09:00:00,29470000,29658000,28790000,28945000,5212.344719,28945000,upbit,2026-06-28T04:34:13Z
KRW-BTC,2022-11-08T00:00:00,2022-11-08T09:00:00,28945000,29020000,25842000,26650000,21680.49236,26650000,upbit,2026-06-28T04:34:13Z
KRW-BTC,2022-11-09T00:00:00,2022-11-09T09:00:00,26652000,26832000,22564000,22919000,22296.85265,22919000,upbit,2026-06-28T04:34:13Z
KRW-BTC,2022-11-10T00:00:00,2022-11-10T09:00:00,22924000,25120000,22840000,24779000,20710.25278,24779000,upbit,2026-06-28T04:34:13Z
KRW-BTC,2022-11-11T00:00:00,2022-11-11T09:00:00,24773000,24928000,23000000,23656000,12736.12608,23656000,upbit,2026-06-28T04:34:13Z
KRW-BTC,2022-11-12T00:00:00,2022-11-12T09:00:00,23657000,23755000,23061000,23380000,4753.992373,23380000,upbit,2026-06-28T04:34:13Z
KRW-BTC,2022-11-13T00:00:00,2022-11-13T09:00:00,23380000,23515000,22500000,22510000,7169.951279,22510000,upbit,2026-06-28T04:34:13Z
KRW-BTC,2022-11-14T00:00:00,2022-11-14T09:00:00,22511000,23438000,21509000,22701000,13460.02193,22701000,upbit,2026-06-28T04:34:13Z
KRW-BTC,2022-11-15T00:00:00,2022-11-15T09:00:00,22706000,23220000,22530000,23003000,6064.33493,23003000,upbit,2026-06-28T04:34:13Z
KRW-BTC,2022-11-16T00:00:00,2022-11-16T09:00:00,23003000,23162000,22550000,22954000,4821.319032,22954000,upbit,2026-06-28T04:34:13Z
KRW-BTC,2022-11-17T00:00:00,2022-11-17T09:00:00,22954000,23039000,22613000,22982000,3192.693764,22982000,upbit,2026-06-28T04:34:13Z
KRW-BTC,2022-11-18T00:00:00,2022-11-18T09:00:00,22982000,23330000,22900000,23061000,3545.619584,23061000,upbit,2026-06-28T04:34:13Z
KRW-BTC,2022-11-19T00:00:00,2022-11-19T09:00:00,23062000,23197000,22928000,23081000,2254.610825,23081000,upbit,2026-06-28T04:34:13Z
KRW-BTC,2022-11-20T00:00:00,2022-11-20T09:00:00,23082000,23128000,22651000,22788000,4008.068312,22788000,upbit,2026-06-28T04:34:13Z
KRW-BTC,2022-11-21T00:00:00,2022-11-21T09:00:00,22763000,22810000,22000000,22220000,5410.354567,22220000,upbit,2026-06-28T04:34:13Z
KRW-BTC,2022-11-22T00:00:00,2022-11-22T09:00:00,22220000,22719000,22031000,22584000,4830.106826,22584000,upbit,2026-06-28T04:34:13Z
KRW-BTC,2022-11-23T00:00:00,2022-11-23T09:00:00,22599000,23121000,22525000,22985000,4524.893513,22985000,upbit,2026-06-28T04:34:13Z
KRW-BTC,2022-11-24T00:00:00,2022-11-24T09:00:00,22985000,23220000,22566000,22738000,4151.700544,22738000,upbit,2026-06-28T04:34:13Z
KRW-BTC,2022-11-25T00:00:00,2022-11-25T09:00:00,22735000,22794000,22370000,22676000,3000.13345,22676000,upbit,2026-06-28T04:34:13Z
KRW-BTC,2022-11-26T00:00:00,2022-11-26T09:00:00,22677000,22862000,22605000,22660000,2148.775806,22660000,upbit,2026-06-28T04:34:13Z
KRW-BTC,2022-11-27T00:00:00,2022-11-27T09:00:00,22646000,22774000,22605000,22646000,1989.051138,22646000,upbit,2026-06-28T04:34:13Z
KRW-BTC,2022-11-28T00:00:00,2022-11-28T09:00:00,22661000,22690000,22217000,22339000,3579.090571,22339000,upbit,2026-06-28T04:34:13Z
KRW-BTC,2022-11-29T00:00:00,2022-11-29T09:00:00,22329000,22617000,22155000,22417000,2523.90821,22417000,upbit,2026-06-28T04:34:13Z
KRW-BTC,2022-11-30T00:00:00,2022-11-30T09:00:00,22417000,23293000,22415000,23192000,4690.575205,23192000,upbit,2026-06-28T04:34:13Z
KRW-BTC,2022-12-01T00:00:00,2022-12-01T09:00:00,23209000,23400000,22871000,23002000,3278.515197,23002000,upbit,2026-06-28T04:34:13Z
KRW-BTC,2022-12-02T00:00:00,2022-12-02T09:00:00,23008000,23046000,22650000,22877000,2707.54917,22877000,upbit,2026-06-28T04:34:13Z
KRW-BTC,2022-12-03T00:00:00,2022-12-03T09:00:00,22877000,22973000,22752000,22830000,1361.730873,22830000,upbit,2026-06-28T04:34:13Z
KRW-BTC,2022-12-04T00:00:00,2022-12-04T09:00:00,22821000,23021000,22755000,22906000,1690.073993,22906000,upbit,2026-06-28T04:34:13Z
KRW-BTC,2022-12-05T00:00:00,2022-12-05T09:00:00,22918000,23150000,22685000,22725000,3649.930863,22725000,upbit,2026-06-28T04:34:13Z
KRW-BTC,2022-12-06T00:00:00,2022-12-06T09:00:00,22729000,22885000,22701000,22821000,2826.97261,22821000,upbit,2026-06-28T04:34:13Z
KRW-BTC,2022-12-07T00:00:00,2022-12-07T09:00:00,22837000,22898000,22400000,22544000,3381.147876,22544000,upbit,2026-06-28T04:34:13Z
KRW-BTC,2022-12-08T00:00:00,2022-12-08T09:00:00,22544000,23000000,22484000,22918000,2658.301222,22918000,upbit,2026-06-28T04:34:13Z
KRW-BTC,2022-12-09T00:00:00,2022-12-09T09:00:00,22918000,23000000,22770000,22849000,2349.726274,22849000,upbit,2026-06-28T04:34:13Z
KRW-BTC,2022-12-10T00:00:00,2022-12-10T09:00:00,22845000,22940000,22820000,22831000,1339.765766,22831000,upbit,2026-06-28T04:34:13Z
KRW-BTC,2022-12-11T00:00:00,2022-12-11T09:00:00,22824000,22915000,22760000,22775000,1591.849025,22775000,upbit,2026-06-28T04:34:13Z
KRW-BTC,2022-12-12T00:00:00,2022-12-12T09:00:00,22784000,22882000,22487000,22824000,2436.297641,22824000,upbit,2026-06-28T04:34:13Z
KRW-BTC,2022-12-13T00:00:00,2022-12-13T09:00:00,22824000,23600000,22570000,23161000,5226.527815,23161000,upbit,2026-06-28T04:34:13Z
KRW-BTC,2022-12-14T00:00:00,2022-12-14T09:00:00,23157000,23941000,23147000,23235000,4041.52273,23235000,upbit,2026-06-28T04:34:13Z
KRW-BTC,2022-12-15T00:00:00,2022-12-15T09:00:00,23255000,23382000,22877000,22942000,2875.733021,22942000,upbit,2026-06-28T04:34:13Z
KRW-BTC,2022-12-16T00:00:00,2022-12-16T09:00:00,22952000,23050000,22125000,22249000,4660.970703,22249000,upbit,2026-06-28T04:34:13Z
KRW-BTC,2022-12-17T00:00:00,2022-12-17T09:00:00,22249000,22367000,22000000,22230000,2908.952812,22230000,upbit,2026-06-28T04:34:13Z
KRW-BTC,2022-12-18T00:00:00,2022-12-18T09:00:00,22230000,22299000,22111000,22210000,1889.620794,22210000,upbit,2026-06-28T04:34:13Z
KRW-BTC,2022-12-19T00:00:00,2022-12-19T09:00:00,22214000,22240000,21521000,21654000,3169.233834,21654000,upbit,2026-06-28T04:34:13Z
KRW-BTC,2022-12-20T00:00:00,2022-12-20T09:00:00,21654000,22221000,21585000,22011000,3084.657137,22011000,upbit,2026-06-28T04:34:13Z
KRW-BTC,2022-12-21T00:00:00,2022-12-21T09:00:00,22017000,22065000,21874000,21943000,2014.947645,21943000,upbit,2026-06-28T04:34:13Z
KRW-BTC,2022-12-22T00:00:00,2022-12-22T09:00:00,21943000,21980000,21659000,21891000,2511.79403,21891000,upbit,2026-06-28T04:34:13Z
KRW-BTC,2022-12-23T00:00:00,2022-12-23T09:00:00,21891000,22000000,21764000,21872000,2253.906288,21872000,upbit,2026-06-28T04:34:13Z
KRW-BTC,2022-12-24T00:00:00,2022-12-24T09:00:00,21884000,21985000,21858000,21951000,1191.820305,21951000,upbit,2026-06-28T04:34:13Z
KRW-BTC,2022-12-25T00:00:00,2022-12-25T09:00:00,21951000,21962000,21776000,21848000,2041.54109,21848000,upbit,2026-06-28T04:34:13Z
KRW-BTC,2022-12-26T00:00:00,2022-12-26T09:00:00,21854000,21861000,21596000,21702000,2548.577853,21702000,upbit,2026-06-28T04:34:13Z
KRW-BTC,2022-12-27T00:00:00,2022-12-27T09:00:00,21711000,21745000,21242000,21321000,2842.52451,21321000,upbit,2026-06-28T04:34:13Z
KRW-BTC,2022-12-28T00:00:00,2022-12-28T09:00:00,21324000,21396000,21010000,21061000,3151.280761,21061000,upbit,2026-06-28T04:34:13Z
KRW-BTC,2022-12-29T00:00:00,2022-12-29T09:00:00,21061000,21295000,20908000,21201000,2464.457822,21201000,upbit,2026-06-28T04:34:13Z
KRW-BTC,2022-12-30T00:00:00,2022-12-30T09:00:00,21201000,21232000,20700000,21070000,2699.072216,21070000,upbit,2026-06-28T04:34:13Z
KRW-BTC,2022-12-31T00:00:00,2022-12-31T09:00:00,21086000,21249000,20966000,21079000,2960.900095,21079000,upbit,2026-06-28T04:34:13Z
KRW-BTC,2023-01-01T00:00:00,2023-01-01T09:00:00,21079000,21171000,21002000,21123000,1486.467553,21123000,upbit,2026-06-28T04:34:13Z
KRW-BTC,2023-01-02T00:00:00,2023-01-02T09:00:00,21128000,21400000,21047000,21215000,2578.844531,21215000,upbit,2026-06-28T04:34:13Z
KRW-BTC,2023-01-03T00:00:00,2023-01-03T09:00:00,21209000,21451000,21178000,21351000,2097.615306,21351000,upbit,2026-06-28T04:34:13Z
KRW-BTC,2023-01-04T00:00:00,2023-01-04T09:00:00,21351000,21732000,21341000,21588000,2479.248182,21588000,upbit,2026-06-28T04:34:13Z
KRW-BTC,2023-01-05T00:00:00,2023-01-05T09:00:00,21589000,21641000,21404000,21575000,3563.010235,21575000,upbit,2026-06-28T04:34:13Z
KRW-BTC,2023-01-06T00:00:00,2023-01-06T09:00:00,21575000,21593000,21280000,21517000,3285.376716,21517000,upbit,2026-06-28T04:34:13Z
KRW-BTC,2023-01-07T00:00:00,2023-01-07T09:00:00,21517000,21585000,21467000,21539000,1254.833337,21539000,upbit,2026-06-28T04:34:13Z
KRW-BTC,2023-01-08T00:00:00,2023-01-08T09:00:00,21539000,21760000,21498000,21704000,1541.669355,21704000,upbit,2026-06-28T04:34:13Z
KRW-BTC,2023-01-09T00:00:00,2023-01-09T09:00:00,21704000,21844000,21628000,21655000,3454.033478,21655000,upbit,2026-06-28T04:34:13Z
KRW-BTC,2023-01-10T00:00:00,2023-01-10T09:00:00,21655000,21960000,21558000,21916000,2628.434564,21916000,upbit,2026-06-28T04:34:13Z
KRW-BTC,2023-01-11T00:00:00,2023-01-11T09:00:00,21916000,22501000,21871000,22485000,3066.635492,22485000,upbit,2026-06-28T04:34:13Z
KRW-BTC,2023-01-12T00:00:00,2023-01-12T09:00:00,22475000,23900000,22415000,23552000,7650.901631,23552000,upbit,2026-06-28T04:34:13Z
KRW-BTC,2023-01-13T00:00:00,2023-01-13T09:00:00,23546000,24902000,23378000,24802000,6444.405014,24802000,upbit,2026-06-28T04:34:13Z
KRW-BTC,2023-01-14T00:00:00,2023-01-14T09:00:00,24802000,26201000,24766000,25881000,14303.124,25881000,upbit,2026-06-28T04:34:13Z
KRW-BTC,2023-01-15T00:00:00,2023-01-15T09:00:00,25873000,25990000,25447000,25836000,4769.18418,25836000,upbit,2026-06-28T04:34:13Z
KRW-BTC,2023-01-16T00:00:00,2023-01-16T09:00:00,25857000,26585000,25600000,26368000,5477.232713,26368000,upbit,2026-06-28T04:34:13Z
KRW-BTC,2023-01-17T00:00:00,2023-01-17T09:00:00,26327000,26662000,25989000,26255000,3964.854832,26255000,upbit,2026-06-28T04:34:13Z
KRW-BTC,2023-01-18T00:00:00,2023-01-18T09:00:00,26255000,26795000,25502000,25718000,8246.642922,25718000,upbit,2026-06-28T04:34:13Z
KRW-BTC,2023-01-19T00:00:00,2023-01-19T09:00:00,25701000,26299000,25690000,26205000,3265.225511,26205000,upbit,2026-06-28T04:34:13Z
KRW-BTC,2023-01-20T00:00:00,2023-01-20T09:00:00,26208000,28105000,26101000,28026000,6019.113075,28026000,upbit,2026-06-28T04:34:13Z
KRW-BTC,2023-01-21T00:00:00,2023-01-21T09:00:00,28025000,29000000,27721000,28333000,7165.779761,28333000,upbit,2026-06-28T04:34:13Z
KRW-BTC,2023-01-22T00:00:00,2023-01-22T09:00:00,28333000,28706000,27937000,28390000,4350.789211,28390000,upbit,2026-06-28T04:34:13Z
KRW-BTC,2023-01-23T00:00:00,2023-01-23T09:00:00,28400000,28890000,28220000,28609000,4463.876856,28609000,upbit,2026-06-28T04:34:13Z
KRW-BTC,2023-01-24T00:00:00,2023-01-24T09:00:00,28600000,28951000,28014000,28351000,6049.392006,28351000,upbit,2026-06-28T04:34:13Z
KRW-BTC,2023-01-25T00:00:00,2023-01-25T09:00:00,28363000,29524000,28001000,28736000,6714.843842,28736000,upbit,2026-06-28T04:34:13Z
KRW-BTC,2023-01-26T00:00:00,2023-01-26T09:00:00,28736000,29081000,28692000,28930000,4523.706467,28930000,upbit,2026-06-28T04:34:13Z
KRW-BTC,2023-01-27T00:00:00,2023-01-27T09:00:00,28930000,29336000,28456000,28950000,4064.651432,28950000,upbit,2026-06-28T04:34:13Z
KRW-BTC,2023-01-28T00:00:00,2023-01-28T09:00:00,28950000,29118000,28800000,29063000,2868.918095,29063000,upbit,2026-06-28T04:34:13Z
KRW-BTC,2023-01-29T00:00:00,2023-01-29T09:00:00,29064000,29922000,28984000,29670000,4907.892474,29670000,upbit,2026-06-28T04:34:13Z
KRW-BTC,2023-01-30T00:00:00,2023-01-30T09:00:00,29670000,29777000,28323000,28706000,6952.229202,28706000,upbit,2026-06-28T04:34:13Z
KRW-BTC,2023-01-31T00:00:00,2023-01-31T09:00:00,28724000,29225000,28430000,29064000,4605.268544,29064000,upbit,2026-06-28T04:34:13Z
KRW-BTC,2023-02-01T00:00:00,2023-02-01T09:00:00,29052000,29740000,28626000,29620000,5637.916748,29620000,upbit,2026-06-28T04:34:13Z
KRW-BTC,2023-02-02T00:00:00,2023-02-02T09:00:00,29599000,30285000,29530000,29600000,6298.033361,29600000,upbit,2026-06-28T04:34:13Z
KRW-BTC,2023-02-03T00:00:00,2023-02-03T09:00:00,29601000,29734000,29287000,29432000,4743.686426,29432000,upbit,2026-06-28T04:34:13Z
KRW-BTC,2023-02-04T00:00:00,2023-02-04T09:00:00,29432000,29650000,29349000,29420000,2924.16283,29420000,upbit,2026-06-28T04:34:13Z
KRW-BTC,2023-02-05T00:00:00,2023-02-05T09:00:00,29398000,29528000,28827000,28990000,4235.890746,28990000,upbit,2026-06-28T04:34:13Z
KRW-BTC,2023-02-06T00:00:00,2023-02-06T09:00:00,28993000,29439000,28650000,29222000,12169.80778,29222000,upbit,2026-06-28T04:34:13Z
KRW-BTC,2023-02-07T00:00:00,2023-02-07T09:00:00,29225000,29561000,29017000,29452000,16246.13827,29452000,upbit,2026-06-28T04:34:13Z
KRW-BTC,2023-02-08T00:00:00,2023-02-08T09:00:00,29452000,29591000,28940000,29303000,9798.406279,29303000,upbit,2026-06-28T04:34:13Z
KRW-BTC,2023-02-09T00:00:00,2023-02-09T09:00:00,29303000,29400000,28135000,28193000,12573.15275,28193000,upbit,2026-06-28T04:34:13Z
KRW-BTC,2023-02-10T00:00:00,2023-02-10T09:00:00,28193000,28350000,27916000,28120000,5826.760545,28120000,upbit,2026-06-28T04:34:13Z
KRW-BTC,2023-02-11T00:00:00,2023-02-11T09:00:00,28145000,28379000,28057000,28377000,4616.926761,28377000,upbit,2026-06-28T04:34:13Z
KRW-BTC,2023-02-12T00:00:00,2023-02-12T09:00:00,28360000,28490000,28141000,28263000,3940.503342,28263000,upbit,2026-06-28T04:34:13Z
KRW-BTC,2023-02-13T00:00:00,2023-02-13T09:00:00,28264000,28379000,27910000,28309000,5446.98589,28309000,upbit,2026-06-28T04:34:13Z
KRW-BTC,2023-02-14T00:00:00,2023-02-14T09:00:00,28334000,28850000,27950000,28798000,8113.171475,28798000,upbit,2026-06-28T04:34:13Z
KRW-BTC,2023-02-15T00:00:00,2023-02-15T09:00:00,28782000,31400000,28611000,31186000,12911.88083,31186000,upbit,2026-06-28T04:34:13Z
KRW-BTC,2023-02-16T00:00:00,2023-02-16T09:00:00,31183000,32458000,30400000,30451000,12781.37026,30451000,upbit,2026-06-28T04:34:13Z
KRW-BTC,2023-02-17T00:00:00,2023-02-17T09:00:00,30466000,32090000,30278000,31641000,9141.337837,31641000,upbit,2026-06-28T04:34:13Z
KRW-BTC,2023-02-18T00:00:00,2023-02-18T09:00:00,31641000,32014000,31498000,31789000,5267.640332,31789000,upbit,2026-06-28T04:34:13Z
KRW-BTC,2023-02-19T00:00:00,2023-02-19T09:00:00,31789000,32370000,31400000,31435000,8172.916254,31435000,upbit,2026-06-28T04:34:13Z
KRW-BTC,2023-02-20T00:00:00,2023-02-20T09:00:00,31434000,32148000,31000000,31883000,8070.986785,31883000,upbit,2026-06-28T04:34:13Z
KRW-BTC,2023-02-21T00:00:00,2023-02-21T09:00:00,31883000,32600000,31510000,31736000,9416.928529,31736000,upbit,2026-06-28T04:34:13Z
KRW-BTC,2023-02-22T00:00:00,2023-02-22T09:00:00,31751000,31850000,30900000,31619000,7731.257667,31619000,upbit,2026-06-28T04:34:13Z
KRW-BTC,2023-02-23T00:00:00,2023-02-23T09:00:00,31638000,31999000,30960000,31398000,6836.964022,31398000,upbit,2026-06-28T04:34:13Z
KRW-BTC,2023-02-24T00:00:00,2023-02-24T09:00:00,31395000,31485000,30560000,30877000,6775.08623,30877000,upbit,2026-06-28T04:34:13Z
KRW-BTC,2023-02-25T00:00:00,2023-02-25T09:00:00,30868000,31000000,30291000,30959000,4719.684896,30959000,upbit,2026-06-28T04:34:13Z
KRW-BTC,2023-02-26T00:00:00,2023-02-26T09:00:00,30959000,31384000,30710000,31279000,3065.820302,31279000,upbit,2026-06-28T04:34:13Z
KRW-BTC,2023-02-27T00:00:00,2023-02-27T09:00:00,31279000,31654000,30890000,31255000,4718.974256,31255000,upbit,2026-06-28T04:34:13Z
KRW-BTC,2023-02-28T00:00:00,2023-02-28T09:00:00,31255000,31323000,30904000,31024000,3593.407573,31024000,upbit,2026-06-28T04:34:13Z
KRW-BTC,2023-03-01T00:00:00,2023-03-01T09:00:00,31024000,31600000,30805000,31106000,4532.684876,31106000,upbit,2026-06-28T04:34:13Z
KRW-BTC,2023-03-02T00:00:00,2023-03-02T09:00:00,31106000,31284000,30800000,31109000,4579.437716,31109000,upbit,2026-06-28T04:34:13Z
KRW-BTC,2023-03-03T00:00:00,2023-03-03T09:00:00,31109000,31135000,29508000,29709000,7298.817853,29709000,upbit,2026-06-28T04:34:13Z
KRW-BTC,2023-03-04T00:00:00,2023-03-04T09:00:00,29710000,29907000,29638000,29838000,2222.291205,29838000,upbit,2026-06-28T04:34:13Z
KRW-BTC,2023-03-05T00:00:00,2023-03-05T09:00:00,29837000,30097000,29650000,29982000,2189.45391,29982000,upbit,2026-06-28T04:34:13Z
KRW-BTC,2023-03-06T00:00:00,2023-03-06T09:00:00,29982000,30066000,29638000,29769000,2405.786232,29769000,upbit,2026-06-28T04:34:13Z
KRW-BTC,2023-03-07T00:00:00,2023-03-07T09:00:00,29769000,29978000,29250000,29579000,7624.354355,29579000,upbit,2026-06-28T04:34:13Z
KRW-BTC,2023-03-08T00:00:00,2023-03-08T09:00:00,29579000,29660000,29000000,29023000,5501.293981,29023000,upbit,2026-06-28T04:34:13Z
KRW-BTC,2023-03-09T00:00:00,2023-03-09T09:00:00,29018000,29320000,27415000,27604000,9841.876226,27604000,upbit,2026-06-28T04:34:13Z
KRW-BTC,2023-03-10T00:00:00,2023-03-10T09:00:00,27604000,27605000,26707000,27343000,9730.63224,27343000,upbit,2026-06-28T04:34:13Z
KRW-BTC,2023-03-11T00:00:00,2023-03-11T09:00:00,27341000,28023000,26870000,27737000,6228.739374,27737000,upbit,2026-06-28T04:34:13Z
KRW-BTC,2023-03-12T00:00:00,2023-03-12T09:00:00,27722000,29300000,27167000,29199000,6122.085574,29199000,upbit,2026-06-28T04:34:13Z
KRW-BTC,2023-03-13T00:00:00,2023-03-13T09:00:00,29190000,32000000,28855000,31676000,13888.83821,31676000,upbit,2026-06-28T04:34:13Z
KRW-BTC,2023-03-14T00:00:00,2023-03-14T09:00:00,31676000,34469000,31579000,32490000,17872.07888,32490000,upbit,2026-06-28T04:34:13Z
KRW-BTC,2023-03-15T00:00:00,2023-03-15T09:00:00,32491000,33500000,32000000,32511000,11093.60435,32511000,upbit,2026-06-28T04:34:13Z
KRW-BTC,2023-03-16T00:00:00,2023-03-16T09:00:00,32505000,33455000,32307000,33335000,6814.433495,33335000,upbit,2026-06-28T04:34:13Z
KRW-BTC,2023-03-17T00:00:00,2023-03-17T09:00:00,33309000,36649000,33300000,36207000,15037.60037,36207000,upbit,2026-06-28T04:34:13Z
KRW-BTC,2023-03-18T00:00:00,2023-03-18T09:00:00,36202000,36649000,35500000,35767000,9300.231741,35767000,upbit,2026-06-28T04:34:13Z
KRW-BTC,2023-03-19T00:00:00,2023-03-19T09:00:00,35760000,37526000,35657000,37233000,7991.516267,37233000,upbit,2026-06-28T04:34:13Z
KRW-BTC,2023-03-20T00:00:00,2023-03-20T09:00:00,37228000,37838000,36217000,37295000,10244.52549,37295000,upbit,2026-06-28T04:34:13Z
KRW-BTC,2023-03-21T00:00:00,2023-03-21T09:00:00,37294000,37634000,36500000,37221000,8735.63835,37221000,upbit,2026-06-28T04:34:13Z
KRW-BTC,2023-03-22T00:00:00,2023-03-22T09:00:00,37202000,38400000,35584000,36372000,10824.62086,36372000,upbit,2026-06-28T04:34:13Z
KRW-BTC,2023-03-23T00:00:00,2023-03-23T09:00:00,36372000,37660000,35930000,37274000,7303.530589,37274000,upbit,2026-06-28T04:34:13Z
KRW-BTC,2023-03-24T00:00:00,2023-03-24T09:00:00,37268000,37599000,36304000,36749000,6250.396203,36749000,upbit,2026-06-28T04:34:13Z
KRW-BTC,2023-03-25T00:00:00,2023-03-25T09:00:00,36750000,36969000,36510000,36750000,2977.380398,36750000,upbit,2026-06-28T04:34:13Z
KRW-BTC,2023-03-26T00:00:00,2023-03-26T09:00:00,36750000,37432000,36632000,37160000,3091.039577,37160000,upbit,2026-06-28T04:34:13Z
KRW-BTC,2023-03-27T00:00:00,2023-03-27T09:00:00,37156000,37282000,35444000,36110000,6840.889777,36110000,upbit,2026-06-28T04:34:13Z
KRW-BTC,2023-03-28T00:00:00,2023-03-28T09:00:00,36124000,36220000,35230000,36026000,5170.686229,36026000,upbit,2026-06-28T04:34:13Z
KRW-BTC,2023-03-29T00:00:00,2023-03-29T09:00:00,36020000,37750000,36006000,37401000,6442.797567,37401000,upbit,2026-06-28T04:34:13Z
KRW-BTC,2023-03-30T00:00:00,2023-03-30T09:00:00,37402000,38424000,36800000,37157000,7063.165325,37157000,upbit,2026-06-28T04:34:13Z
KRW-BTC,2023-03-31T00:00:00,2023-03-31T09:00:00,37157000,37771000,36596000,37540000,5856.700495,37540000,upbit,2026-06-28T04:34:13Z
KRW-BTC,2023-04-01T00:00:00,2023-04-01T09:00:00,37540000,37950000,37449000,37585000,2923.339953,37585000,upbit,2026-06-28T04:34:13Z
KRW-BTC,2023-04-02T00:00:00,2023-04-02T09:00:00,37596000,37700000,37000000,37301000,3827.714808,37301000,upbit,2026-06-28T04:34:13Z
KRW-BTC,2023-04-03T00:00:00,2023-04-03T09:00:00,37296000,37768000,36378000,36814000,5344.455628,36814000,upbit,2026-06-28T04:34:13Z
KRW-BTC,2023-04-04T00:00:00,2023-04-04T09:00:00,36814000,37552000,36660000,37205000,3443.096644,37205000,upbit,2026-06-28T04:34:13Z
KRW-BTC,2023-04-05T00:00:00,2023-04-05T09:00:00,37207000,37804000,36948000,37139000,4804.317546,37139000,upbit,2026-06-28T04:34:13Z
KRW-BTC,2023-04-06T00:00:00,2023-04-06T09:00:00,37139000,37211000,36800000,37058000,3265.195674,37058000,upbit,2026-06-28T04:34:13Z
KRW-BTC,2023-04-07T00:00:00,2023-04-07T09:00:00,37058000,37200000,36890000,36993000,2191.385527,36993000,upbit,2026-06-28T04:34:13Z
KRW-BTC,2023-04-08T00:00:00,2023-04-08T09:00:00,36993000,37249000,36930000,37080000,3044.987229,37080000,upbit,2026-06-28T04:34:13Z
KRW-BTC,2023-04-09T00:00:00,2023-04-09T09:00:00,37064000,37576000,36878000,37313000,3846.312156,37313000,upbit,2026-06-28T04:34:13Z
KRW-BTC,2023-04-10T00:00:00,2023-04-10T09:00:00,37331000,39183000,37255000,38985000,6752.314109,38985000,upbit,2026-06-28T04:34:13Z
KRW-BTC,2023-04-11T00:00:00,2023-04-11T09:00:00,38981000,40260000,38903000,40004000,8105.884583,40004000,upbit,2026-06-28T04:34:13Z
KRW-BTC,2023-04-12T00:00:00,2023-04-12T09:00:00,40005000,40610000,39567000,39699000,10654.28564,39699000,upbit,2026-06-28T04:34:13Z
KRW-BTC,2023-04-13T00:00:00,2023-04-13T09:00:00,39694000,40198000,39689000,39911000,5171.072562,39911000,upbit,2026-06-28T04:34:13Z
KRW-BTC,2023-04-14T00:00:00,2023-04-14T09:00:00,39912000,40333000,39470000,39804000,5561.144021,39804000,upbit,2026-06-28T04:34:13Z
KRW-BTC,2023-04-15T00:00:00,2023-04-15T09:00:00,39804000,39999000,39752000,39800000,1938.560581,39800000,upbit,2026-06-28T04:34:13Z
KRW-BTC,2023-04-16T00:00:00,2023-04-16T09:00:00,39800000,39981000,39600000,39607000,2393.495282,39607000,upbit,2026-06-28T04:34:13Z
KRW-BTC,2023-04-17T00:00:00,2023-04-17T09:00:00,39612000,39673000,38506000,38700000,5420.857259,38700000,upbit,2026-06-28T04:34:13Z
KRW-BTC,2023-04-18T00:00:00,2023-04-18T09:00:00,38700000,39847000,38251000,39630000,4976.831513,39630000,upbit,2026-06-28T04:34:13Z
KRW-BTC,2023-04-19T00:00:00,2023-04-19T09:00:00,39637000,39719000,38181000,38300000,6118.482472,38300000,upbit,2026-06-28T04:34:13Z
KRW-BTC,2023-04-20T00:00:00,2023-04-20T09:00:00,38300000,38572000,37400000,37672000,5515.281884,37672000,upbit,2026-06-28T04:34:13Z
KRW-BTC,2023-04-21T00:00:00,2023-04-21T09:00:00,37672000,37779000,36108000,36337000,5934.619511,36337000,upbit,2026-06-28T04:34:13Z
KRW-BTC,2023-04-22T00:00:00,2023-04-22T09:00:00,36337000,37318000,36055000,37182000,3716.224626,37182000,upbit,2026-06-28T04:34:13Z
KRW-BTC,2023-04-23T00:00:00,2023-04-23T09:00:00,37182000,37198000,36524000,36802000,1942.104681,36802000,upbit,2026-06-28T04:34:13Z
KRW-BTC,2023-04-24T00:00:00,2023-04-24T09:00:00,36802000,37297000,36200000,36750000,3663.660318,36750000,upbit,2026-06-28T04:34:13Z
KRW-BTC,2023-04-25T00:00:00,2023-04-25T09:00:00,36750000,38123000,36359000,37877000,4364.40529,37877000,upbit,2026-06-28T04:34:13Z
KRW-BTC,2023-04-26T00:00:00,2023-04-26T09:00:00,37877000,39850000,36749000,38017000,9856.33567,38017000,upbit,2026-06-28T04:34:13Z
KRW-BTC,2023-04-27T00:00:00,2023-04-27T09:00:00,38020000,39730000,37959000,39258000,6531.806592,39258000,upbit,2026-06-28T04:34:13Z
KRW-BTC,2023-04-28T00:00:00,2023-04-28T09:00:00,39271000,39500000,38711000,39083000,3370.009267,39083000,upbit,2026-06-28T04:34:13Z
KRW-BTC,2023-04-29T00:00:00,2023-04-29T09:00:00,39083000,39247000,38800000,38965000,1753.92556,38965000,upbit,2026-06-28T04:34:13Z
KRW-BTC,2023-04-30T00:00:00,2023-04-30T09:00:00,38980000,39830000,38809000,39149000,3356.944859,39149000,upbit,2026-06-28T04:34:13Z
KRW-BTC,2023-05-01T00:00:00,2023-05-01T09:00:00,39149000,39303000,37372000,37769000,5466.444454,37769000,upbit,2026-06-28T04:34:13Z
KRW-BTC,2023-05-02T00:00:00,2023-05-02T09:00:00,37768000,38680000,37428000,38405000,4771.65437,38405000,upbit,2026-06-28T04:34:13Z
KRW-BTC,2023-05-03T00:00:00,2023-05-03T09:00:00,38406000,39050000,37800000,38703000,5239.850975,38703000,upbit,2026-06-28T04:34:13Z
KRW-BTC,2023-05-04T00:00:00,2023-05-04T09:00:00,38733000,39112000,38423000,38580000,4027.302864,38580000,upbit,2026-06-28T04:34:13Z
KRW-BTC,2023-05-05T00:00:00,2023-05-05T09:00:00,38599000,39359000,38520000,39053000,5614.210355,39053000,upbit,2026-06-28T04:34:13Z
KRW-BTC,2023-05-06T00:00:00,2023-05-06T09:00:00,39077000,39435000,38142000,38677000,4471.184936,38677000,upbit,2026-06-28T04:34:13Z
KRW-BTC,2023-05-07T00:00:00,2023-05-07T09:00:00,38679000,38953000,38143000,38143000,2434.4776,38143000,upbit,2026-06-28T04:34:13Z
KRW-BTC,2023-05-08T00:00:00,2023-05-08T09:00:00,38152000,38369000,36822000,37255000,5517.375187,37255000,upbit,2026-06-28T04:34:13Z
KRW-BTC,2023-05-09T00:00:00,2023-05-09T09:00:00,37260000,37544000,36822000,37150000,3678.21436,37150000,upbit,2026-06-28T04:34:13Z
KRW-BTC,2023-05-10T00:00:00,2023-05-10T09:00:00,37150000,37995000,36580000,37071000,4525.28288,37071000,upbit,2026-06-28T04:34:13Z
KRW-BTC,2023-05-11T00:00:00,2023-05-11T09:00:00,37072000,37232000,36260000,36411000,3570.391377,36411000,upbit,2026-06-28T04:34:13Z
KRW-BTC,2023-05-12T00:00:00,2023-05-12T09:00:00,36413000,36554000,35262000,36341000,5478.839683,36341000,upbit,2026-06-28T04:34:13Z
KRW-BTC,2023-05-13T00:00:00,2023-05-13T09:00:00,36341000,36662000,36143000,36374000,1868.095465,36374000,upbit,2026-06-28T04:34:13Z
KRW-BTC,2023-05-14T00:00:00,2023-05-14T09:00:00,36382000,36800000,36193000,36415000,1639.208331,36415000,upbit,2026-06-28T04:34:13Z
KRW-BTC,2023-05-15T00:00:00,2023-05-15T09:00:00,36420000,37200000,36204000,36632000,2671.265833,36632000,upbit,2026-06-28T04:34:13Z
KRW-BTC,2023-05-16T00:00:00,2023-05-16T09:00:00,36642000,36795000,36335000,36421000,2091.338965,36421000,upbit,2026-06-28T04:34:13Z
KRW-BTC,2023-05-17T00:00:00,2023-05-17T09:00:00,36419000,36835000,35938000,36700000,3207.189783,36700000,upbit,2026-06-28T04:34:13Z
KRW-BTC,2023-05-18T00:00:00,2023-05-18T09:00:00,36706000,36920000,35800000,36240000,3396.670938,36240000,upbit,2026-06-28T04:34:13Z
KRW-BTC,2023-05-19T00:00:00,2023-05-19T09:00:00,36240000,36486000,35950000,36156000,2587.514507,36156000,upbit,2026-06-28T04:34:13Z
KRW-BTC,2023-05-20T00:00:00,2023-05-20T09:00:00,36156000,36475000,36119000,36385000,1174.320819,36385000,upbit,2026-06-28T04:34:13Z
KRW-BTC,2023-05-21T00:00:00,2023-05-21T09:00:00,36404000,36618000,36048000,36051000,1573.059469,36051000,upbit,2026-06-28T04:34:13Z
KRW-BTC,2023-05-22T00:00:00,2023-05-22T09:00:00,36057000,36200000,35709000,35947000,2597.921922,35947000,upbit,2026-06-28T04:34:13Z
KRW-BTC,2023-05-23T00:00:00,2023-05-23T09:00:00,35948000,36660000,35841000,36381000,2510.275788,36381000,upbit,2026-06-28T04:34:13Z
KRW-BTC,2023-05-24T00:00:00,2023-05-24T09:00:00,36382000,36430000,35144000,35452000,4471.519601,35452000,upbit,2026-06-28T04:34:13Z
KRW-BTC,2023-05-25T00:00:00,2023-05-25T09:00:00,35465000,35670000,35000000,35547000,3394.737419,35547000,upbit,2026-06-28T04:34:13Z
KRW-BTC,2023-05-26T00:00:00,2023-05-26T09:00:00,35550000,36110000,35284000,35771000,2369.161622,35771000,upbit,2026-06-28T04:34:13Z
KRW-BTC,2023-05-27T00:00:00,2023-05-27T09:00:00,35786000,35900000,35588000,35824000,1922.454836,35824000,upbit,2026-06-28T04:34:13Z
KRW-BTC,2023-05-28T00:00:00,2023-05-28T09:00:00,35824000,37532000,35788000,37350000,3852.977529,37350000,upbit,2026-06-28T04:34:13Z
KRW-BTC,2023-05-29T00:00:00,2023-05-29T09:00:00,37360000,37883000,36802000,36992000,4032.112929,36992000,upbit,2026-06-28T04:34:13Z
KRW-BTC,2023-05-30T00:00:00,2023-05-30T09:00:00,36992000,37402000,36821000,36914000,3280.205365,36914000,upbit,2026-06-28T04:34:13Z
KRW-BTC,2023-05-31T00:00:00,2023-05-31T09:00:00,36923000,37043000,36059000,36391000,3833.617703,36391000,upbit,2026-06-28T04:34:13Z
KRW-BTC,2023-06-01T00:00:00,2023-06-01T09:00:00,36391000,36509000,35715000,35823000,3403.840081,35823000,upbit,2026-06-28T04:34:13Z
KRW-BTC,2023-06-02T00:00:00,2023-06-02T09:00:00,35823000,36150000,35470000,36089000,3129.382447,36089000,upbit,2026-06-28T04:34:13Z
KRW-BTC,2023-06-03T00:00:00,2023-06-03T09:00:00,36089000,36102000,35801000,35888000,1925.565561,35888000,upbit,2026-06-28T04:34:13Z
KRW-BTC,2023-06-04T00:00:00,2023-06-04T09:00:00,35888000,36146000,35820000,35865000,1679.790548,35865000,upbit,2026-06-28T04:34:13Z
KRW-BTC,2023-06-05T00:00:00,2023-06-05T09:00:00,35894000,35896000,33825000,34298000,6815.063125,34298000,upbit,2026-06-28T04:34:13Z
KRW-BTC,2023-06-06T00:00:00,2023-06-06T09:00:00,34299000,35993000,33580000,35852000,5402.995691,35852000,upbit,2026-06-28T04:34:13Z
KRW-BTC,2023-06-07T00:00:00,2023-06-07T09:00:00,35855000,35993000,34797000,34952000,4520.05491,34952000,upbit,2026-06-28T04:34:13Z
KRW-BTC,2023-06-08T00:00:00,2023-06-08T09:00:00,34953000,35416000,34802000,34996000,2370.319951,34996000,upbit,2026-06-28T04:34:13Z
KRW-BTC,2023-06-09T00:00:00,2023-06-09T09:00:00,34996000,35161000,34802000,34865000,2335.692703,34865000,upbit,2026-06-28T04:34:13Z
KRW-BTC,2023-06-10T00:00:00,2023-06-10T09:00:00,34865000,34914000,33842000,34372000,6040.928715,34372000,upbit,2026-06-28T04:34:13Z
KRW-BTC,2023-06-11T00:00:00,2023-06-11T09:00:00,34370000,34639000,34016000,34345000,1754.273109,34345000,upbit,2026-06-28T04:34:13Z
KRW-BTC,2023-06-12T00:00:00,2023-06-12T09:00:00,34345000,34480000,33950000,34059000,2362.404561,34059000,upbit,2026-06-28T04:34:13Z
KRW-BTC,2023-06-13T00:00:00,2023-06-13T09:00:00,34059000,34479000,33808000,33913000,3607.818513,33913000,upbit,2026-06-28T04:34:13Z
KRW-BTC,2023-06-14T00:00:00,2023-06-14T09:00:00,33913000,34119000,32779000,33007000,4128.490874,33007000,upbit,2026-06-28T04:34:13Z
KRW-BTC,2023-06-15T00:00:00,2023-06-15T09:00:00,33007000,33618000,32510000,33449000,3841.664425,33449000,upbit,2026-06-28T04:34:13Z
KRW-BTC,2023-06-16T00:00:00,2023-06-16T09:00:00,33449000,34758000,33121000,34501000,3402.645026,34501000,upbit,2026-06-28T04:34:13Z
KRW-BTC,2023-06-17T00:00:00,2023-06-17T09:00:00,34515000,35080000,34320000,34780000,2597.636499,34780000,upbit,2026-06-28T04:34:13Z
KRW-BTC,2023-06-18T00:00:00,2023-06-18T09:00:00,34780000,34942000,34463000,34466000,1583.139651,34466000,upbit,2026-06-28T04:34:13Z
KRW-BTC,2023-06-19T00:00:00,2023-06-19T09:00:00,34466000,35375000,34455000,35092000,2502.201132,35092000,upbit,2026-06-28T04:34:13Z
KRW-BTC,2023-06-20T00:00:00,2023-06-20T09:00:00,35095000,37100000,35000000,36946000,5488.63849,36946000,upbit,2026-06-28T04:34:13Z
KRW-BTC,2023-06-21T00:00:00,2023-06-21T09:00:00,36955000,40100000,36870000,39135000,10873.3844,39135000,upbit,2026-06-28T04:34:13Z
KRW-BTC,2023-06-22T00:00:00,2023-06-22T09:00:00,39135000,39861000,38901000,39125000,6599.230546,39125000,upbit,2026-06-28T04:34:13Z
KRW-BTC,2023-06-23T00:00:00,2023-06-23T09:00:00,39125000,41388000,39111000,40651000,8004.819339,40651000,upbit,2026-06-28T04:34:13Z
KRW-BTC,2023-06-24T00:00:00,2023-06-24T09:00:00,40651000,40931000,40383000,40659000,3933.825602,40659000,upbit,2026-06-28T04:34:13Z
KRW-BTC,2023-06-25T00:00:00,2023-06-25T09:00:00,40659000,41399000,40197000,40352000,4478.466286,40352000,upbit,2026-06-28T04:34:13Z
KRW-BTC,2023-06-26T00:00:00,2023-06-26T09:00:00,40352000,40599000,39555000,40077000,4959.92503,40077000,upbit,2026-06-28T04:34:13Z
KRW-BTC,2023-06-27T00:00:00,2023-06-27T09:00:00,40094000,40950000,39963000,40585000,4130.902659,40585000,upbit,2026-06-28T04:34:13Z
KRW-BTC,2023-06-28T00:00:00,2023-06-28T09:00:00,40587000,40629000,39966000,40020000,2988.757824,40020000,upbit,2026-06-28T04:34:13Z
KRW-BTC,2023-06-29T00:00:00,2023-06-29T09:00:00,40017000,41048000,39997000,40583000,3490.488265,40583000,upbit,2026-06-28T04:34:13Z
KRW-BTC,2023-06-30T00:00:00,2023-06-30T09:00:00,40583000,41569000,39500000,40547000,8585.543862,40547000,upbit,2026-06-28T04:34:13Z
KRW-BTC,2023-07-01T00:00:00,2023-07-01T09:00:00,40547000,40877000,40391000,40691000,2709.937088,40691000,upbit,2026-06-28T04:34:13Z
KRW-BTC,2023-07-02T00:00:00,2023-07-02T09:00:00,40712000,40875000,40250000,40652000,2235.268698,40652000,upbit,2026-06-28T04:34:13Z
KRW-BTC,2023-07-03T00:00:00,2023-07-03T09:00:00,40652000,41377000,40470000,41200000,3276.857913,41200000,upbit,2026-06-28T04:34:13Z
KRW-BTC,2023-07-04T00:00:00,2023-07-04T09:00:00,41200000,41388000,40540000,40610000,3230.332134,40610000,upbit,2026-06-28T04:34:13Z
KRW-BTC,2023-07-05T00:00:00,2023-07-05T09:00:00,40610000,40775000,39801000,40385000,3595.751886,40385000,upbit,2026-06-28T04:34:13Z
KRW-BTC,2023-07-06T00:00:00,2023-07-06T09:00:00,40385000,41500000,39838000,39860000,5759.5913,39860000,upbit,2026-06-28T04:34:13Z
KRW-BTC,2023-07-07T00:00:00,2023-07-07T09:00:00,39864000,40330000,39676000,40240000,2687.615798,40240000,upbit,2026-06-28T04:34:13Z
KRW-BTC,2023-07-08T00:00:00,2023-07-08T09:00:00,40241000,40253000,39920000,40153000,1299.849637,40153000,upbit,2026-06-28T04:34:13Z
KRW-BTC,2023-07-09T00:00:00,2023-07-09T09:00:00,40154000,40302000,39770000,39832000,1485.270126,39832000,upbit,2026-06-28T04:34:13Z
KRW-BTC,2023-07-10T00:00:00,2023-07-10T09:00:00,39839000,40784000,39666000,40050000,2829.62291,40050000,upbit,2026-06-28T04:34:13Z
KRW-BTC,2023-07-11T00:00:00,2023-07-11T09:00:00,40060000,40387000,39946000,40117000,2541.057294,40117000,upbit,2026-06-28T04:34:13Z
KRW-BTC,2023-07-12T00:00:00,2023-07-12T09:00:00,40117000,40600000,39751000,39804000,3241.640081,39804000,upbit,2026-06-28T04:34:13Z
KRW-BTC,2023-07-13T00:00:00,2023-07-13T09:00:00,39803000,40456000,39356000,40112000,7976.011394,40112000,upbit,2026-06-28T04:34:13Z
KRW-BTC,2023-07-14T00:00:00,2023-07-14T09:00:00,40101000,40220000,38710000,39092000,5755.461237,39092000,upbit,2026-06-28T04:34:13Z
KRW-BTC,2023-07-15T00:00:00,2023-07-15T09:00:00,39092000,39144000,38786000,38889000,2903.658013,38889000,upbit,2026-06-28T04:34:13Z
KRW-BTC,2023-07-16T00:00:00,2023-07-16T09:00:00,38889000,39153000,38687000,38933000,2022.773684,38933000,upbit,2026-06-28T04:34:13Z
KRW-BTC,2023-07-17T00:00:00,2023-07-17T09:00:00,38946000,39022000,38350000,38742000,2582.395505,38742000,upbit,2026-06-28T04:34:13Z
KRW-BTC,2023-07-18T00:00:00,2023-07-18T09:00:00,38761000,38828000,38098000,38401000,2601.55599,38401000,upbit,2026-06-28T04:34:13Z
KRW-BTC,2023-07-19T00:00:00,2023-07-19T09:00:00,38402000,38850000,38300000,38323000,2432.746782,38323000,upbit,2026-06-28T04:34:13Z
KRW-BTC,2023-07-20T00:00:00,2023-07-20T09:00:00,38322000,39100000,38316000,38567000,3246.540523,38567000,upbit,2026-06-28T04:34:13Z
KRW-BTC,2023-07-21T00:00:00,2023-07-21T09:00:00,38567000,38908000,38530000,38829000,2103.139412,38829000,upbit,2026-06-28T04:34:13Z
KRW-BTC,2023-07-22T00:00:00,2023-07-22T09:00:00,38838000,38934000,38600000,38776000,1447.078391,38776000,upbit,2026-06-28T04:34:13Z
KRW-BTC,2023-07-23T00:00:00,2023-07-23T09:00:00,38759000,39220000,38625000,38945000,2211.149273,38945000,upbit,2026-06-28T04:34:13Z
KRW-BTC,2023-07-24T00:00:00,2023-07-24T09:00:00,38944000,39019000,37700000,37892000,4398.31412,37892000,upbit,2026-06-28T04:34:13Z
KRW-BTC,2023-07-25T00:00:00,2023-07-25T09:00:00,37892000,38116000,37626000,37910000,2433.922188,37910000,upbit,2026-06-28T04:34:13Z
KRW-BTC,2023-07-26T00:00:00,2023-07-26T09:00:00,37910000,38300000,37700000,37918000,2477.262893,37918000,upbit,2026-06-28T04:34:13Z
KRW-BTC,2023-07-27T00:00:00,2023-07-27T09:00:00,37918000,38299000,37841000,37874000,3271.726557,37874000,upbit,2026-06-28T04:34:13Z
KRW-BTC,2023-07-28T00:00:00,2023-07-28T09:00:00,37877000,38200000,37704000,37932000,2964.594742,37932000,upbit,2026-06-28T04:34:13Z
KRW-BTC,2023-07-29T00:00:00,2023-07-29T09:00:00,37932000,38052000,37879000,37901000,1180.678133,37901000,upbit,2026-06-28T04:34:13Z
KRW-BTC,2023-07-30T00:00:00,2023-07-30T09:00:00,37901000,38150000,37762000,37850000,2378.176619,37850000,upbit,2026-06-28T04:34:13Z
KRW-BTC,2023-07-31T00:00:00,2023-07-31T09:00:00,37850000,38139000,37805000,37929000,2383.010126,37929000,upbit,2026-06-28T04:34:13Z
KRW-BTC,2023-08-01T00:00:00,2023-08-01T09:00:00,37928000,38684000,37510000,38642000,3035.900693,38642000,upbit,2026-06-28T04:34:13Z
KRW-BTC,2023-08-02T00:00:00,2023-08-02T09:00:00,38642000,39131000,38142000,38358000,3344.799977,38358000,upbit,2026-06-28T04:34:13Z
KRW-BTC,2023-08-03T00:00:00,2023-08-03T09:00:00,38358000,38800000,38215000,38436000,2032.7357,38436000,upbit,2026-06-28T04:34:13Z
KRW-BTC,2023-08-04T00:00:00,2023-08-04T09:00:00,38436000,38715000,38250000,38492000,2256.946674,38492000,upbit,2026-06-28T04:34:13Z
KRW-BTC,2023-08-05T00:00:00,2023-08-05T09:00:00,38493000,38590000,38341000,38474000,2113.696775,38474000,upbit,2026-06-28T04:34:13Z
KRW-BTC,2023-08-06T00:00:00,2023-08-06T09:00:00,38476000,38788000,38432000,38605000,3520.869684,38605000,upbit,2026-06-28T04:34:13Z
KRW-BTC,2023-08-07T00:00:00,2023-08-07T09:00:00,38605000,38809000,38081000,38622000,7095.416315,38622000,upbit,2026-06-28T04:34:13Z
KRW-BTC,2023-08-08T00:00:00,2023-08-08T09:00:00,38622000,39580000,38570000,39437000,3956.683155,39437000,upbit,2026-06-28T04:34:13Z
KRW-BTC,2023-08-09T00:00:00,2023-08-09T09:00:00,39437000,39850000,39076000,39209000,3299.568675,39209000,upbit,2026-06-28T04:34:13Z
KRW-BTC,2023-08-10T00:00:00,2023-08-10T09:00:00,39209000,39397000,39010000,39119000,2713.945532,39119000,upbit,2026-06-28T04:34:13Z
KRW-BTC,2023-08-11T00:00:00,2023-08-11T09:00:00,39119000,39410000,39050000,39233000,1877.912104,39233000,upbit,2026-06-28T04:34:13Z
KRW-BTC,2023-08-12T00:00:00,2023-08-12T09:00:00,39233000,39316000,39099000,39283000,1450.679978,39283000,upbit,2026-06-28T04:34:13Z
KRW-BTC,2023-08-13T00:00:00,2023-08-13T09:00:00,39283000,39330000,39101000,39118000,1323.873086,39118000,upbit,2026-06-28T04:34:13Z
KRW-BTC,2023-08-14T00:00:00,2023-08-14T09:00:00,39118000,39640000,38895000,39288000,2247.998748,39288000,upbit,2026-06-28T04:34:13Z
KRW-BTC,2023-08-15T00:00:00,2023-08-15T09:00:00,39288000,39668000,39275000,39404000,3383.235842,39404000,upbit,2026-06-28T04:34:13Z
KRW-BTC,2023-08-16T00:00:00,2023-08-16T09:00:00,39404000,39600000,39001000,39001000,4144.931326,39001000,upbit,2026-06-28T04:34:13Z
KRW-BTC,2023-08-17T00:00:00,2023-08-17T09:00:00,39001000,39092000,36261000,36588000,9224.234795,36588000,upbit,2026-06-28T04:34:13Z
KRW-BTC,2023-08-18T00:00:00,2023-08-18T09:00:00,36588000,36848000,35384000,35890000,9256.752346,35890000,upbit,2026-06-28T04:34:13Z
KRW-BTC,2023-08-19T00:00:00,2023-08-19T09:00:00,35899000,36240000,35587000,36056000,2670.316058,36056000,upbit,2026-06-28T04:34:13Z
KRW-BTC,2023-08-20T00:00:00,2023-08-20T09:00:00,36071000,36225000,35754000,35949000,1654.936938,35949000,upbit,2026-06-28T04:34:13Z
KRW-BTC,2023-08-21T00:00:00,2023-08-21T09:00:00,35946000,35967000,35500000,35769000,2142.999606,35769000,upbit,2026-06-28T04:34:13Z
KRW-BTC,2023-08-22T00:00:00,2023-08-22T09:00:00,35769000,35877000,35150000,35684000,2434.37426,35684000,upbit,2026-06-28T04:34:13Z
KRW-BTC,2023-08-23T00:00:00,2023-08-23T09:00:00,35686000,36350000,35320000,35941000,2242.666454,35941000,upbit,2026-06-28T04:34:13Z
KRW-BTC,2023-08-24T00:00:00,2023-08-24T09:00:00,35941000,36056000,35330000,35635000,1899.019937,35635000,upbit,2026-06-28T04:34:13Z
KRW-BTC,2023-08-25T00:00:00,2023-08-25T09:00:00,35646000,35797000,35200000,35479000,2117.114615,35479000,upbit,2026-06-28T04:34:13Z
KRW-BTC,2023-08-26T00:00:00,2023-08-26T09:00:00,35479000,35564000,35385000,35398000,672.2723791,35398000,upbit,2026-06-28T04:34:13Z
KRW-BTC,2023-08-27T00:00:00,2023-08-27T09:00:00,35400000,35553000,35374000,35402000,845.2534645,35402000,upbit,2026-06-28T04:34:13Z
KRW-BTC,2023-08-28T00:00:00,2023-08-28T09:00:00,35400000,35544000,35050000,35335000,1815.490578,35335000,upbit,2026-06-28T04:34:13Z
KRW-BTC,2023-08-29T00:00:00,2023-08-29T09:00:00,35335000,37932000,35138000,37445000,6996.579278,37445000,upbit,2026-06-28T04:34:13Z
KRW-BTC,2023-08-30T00:00:00,2023-08-30T09:00:00,37441000,37568000,36760000,37109000,4503.918254,37109000,upbit,2026-06-28T04:34:13Z
KRW-BTC,2023-08-31T00:00:00,2023-08-31T09:00:00,37110000,37500000,35400000,35502000,5086.618688,35502000,upbit,2026-06-28T04:34:13Z
KRW-BTC,2023-09-01T00:00:00,2023-09-01T09:00:00,35502000,35695000,35000000,35350000,5520.94616,35350000,upbit,2026-06-28T04:34:13Z
KRW-BTC,2023-09-02T00:00:00,2023-09-02T09:00:00,35350000,35570000,35006000,35204000,6333.543065,35204000,upbit,2026-06-28T04:34:13Z
KRW-BTC,2023-09-03T00:00:00,2023-09-03T09:00:00,35204000,35444000,35105000,35308000,2810.799368,35308000,upbit,2026-06-28T04:34:13Z
KRW-BTC,2023-09-04T00:00:00,2023-09-04T09:00:00,35312000,35350000,34863000,35011000,3280.507677,35011000,upbit,2026-06-28T04:34:13Z
KRW-BTC,2023-09-05T00:00:00,2023-09-05T09:00:00,35035000,35207000,34791000,35056000,3025.893623,35056000,upbit,2026-06-28T04:34:13Z
KRW-BTC,2023-09-06T00:00:00,2023-09-06T09:00:00,35054000,35310000,34730000,35029000,2111.499814,35029000,upbit,2026-06-28T04:34:13Z
KRW-BTC,2023-09-07T00:00:00,2023-09-07T09:00:00,35025000,35864000,34903000,35615000,1985.800076,35615000,upbit,2026-06-28T04:34:13Z
KRW-BTC,2023-09-08T00:00:00,2023-09-08T09:00:00,35644000,35823000,35020000,35295000,2600.367182,35295000,upbit,2026-06-28T04:34:13Z
KRW-BTC,2023-09-09T00:00:00,2023-09-09T09:00:00,35295000,35314000,35150000,35280000,1238.278634,35280000,upbit,2026-06-28T04:34:13Z
KRW-BTC,2023-09-10T00:00:00,2023-09-10T09:00:00,35280000,35450000,35030000,35196000,1767.332687,35196000,upbit,2026-06-28T04:34:13Z
KRW-BTC,2023-09-11T00:00:00,2023-09-11T09:00:00,35196000,35256000,34100000,34327000,3912.709301,34327000,upbit,2026-06-28T04:34:13Z
KRW-BTC,2023-09-12T00:00:00,2023-09-12T09:00:00,34330000,35861000,34286000,35077000,4685.113669,35077000,upbit,2026-06-28T04:34:13Z
KRW-BTC,2023-09-13T00:00:00,2023-09-13T09:00:00,35076000,35749000,35000000,35497000,3451.70003,35497000,upbit,2026-06-28T04:34:13Z
KRW-BTC,2023-09-14T00:00:00,2023-09-14T09:00:00,35499000,36310000,35408000,35889000,3742.612355,35889000,upbit,2026-06-28T04:34:13Z
KRW-BTC,2023-09-15T00:00:00,2023-09-15T09:00:00,35873000,36193000,35547000,35928000,3336.887555,35928000,upbit,2026-06-28T04:34:13Z
KRW-BTC,2023-09-16T00:00:00,2023-09-16T09:00:00,35907000,36051000,35800000,35938000,2192.885125,35938000,upbit,2026-06-28T04:34:13Z
KRW-BTC,2023-09-17T00:00:00,2023-09-17T09:00:00,35939000,35996000,35650000,35758000,2014.744093,35758000,upbit,2026-06-28T04:34:13Z
KRW-BTC,2023-09-18T00:00:00,2023-09-18T09:00:00,35758000,36801000,35658000,36000000,3943.41751,36000000,upbit,2026-06-28T04:34:13Z
KRW-BTC,2023-09-19T00:00:00,2023-09-19T09:00:00,36000000,36820000,35750000,36500000,3097.748505,36500000,upbit,2026-06-28T04:34:13Z
KRW-BTC,2023-09-20T00:00:00,2023-09-20T09:00:00,36509000,36743000,36150000,36501000,2853.881703,36501000,upbit,2026-06-28T04:34:13Z
KRW-BTC,2023-09-21T00:00:00,2023-09-21T09:00:00,36502000,36659000,35818000,36012000,3438.838699,36012000,upbit,2026-06-28T04:34:13Z
KRW-BTC,2023-09-22T00:00:00,2023-09-22T09:00:00,35989000,36129000,35900000,35952000,2075.654597,35952000,upbit,2026-06-28T04:34:13Z
KRW-BTC,2023-09-23T00:00:00,2023-09-23T09:00:00,35964000,36019000,35901000,35960000,999.5539958,35960000,upbit,2026-06-28T04:34:13Z
KRW-BTC,2023-09-24T00:00:00,2023-09-24T09:00:00,35951000,36100000,35500000,35534000,1635.89364,35534000,upbit,2026-06-28T04:34:13Z
KRW-BTC,2023-09-25T00:00:00,2023-09-25T09:00:00,35530000,35701000,35176000,35491000,2877.482697,35491000,upbit,2026-06-28T04:34:13Z
KRW-BTC,2023-09-26T00:00:00,2023-09-26T09:00:00,35497000,35805000,35428000,35566000,2209.875078,35566000,upbit,2026-06-28T04:34:13Z
KRW-BTC,2023-09-27T00:00:00,2023-09-27T09:00:00,35566000,36485000,35560000,35982000,3281.146517,35982000,upbit,2026-06-28T04:34:13Z
KRW-BTC,2023-09-28T00:00:00,2023-09-28T09:00:00,35979000,36999000,35933000,36596000,2834.062676,36596000,upbit,2026-06-28T04:34:13Z
KRW-BTC,2023-09-29T00:00:00,2023-09-29T09:00:00,36596000,36868000,36260000,36444000,1841.587064,36444000,upbit,2026-06-28T04:34:13Z
KRW-BTC,2023-09-30T00:00:00,2023-09-30T09:00:00,36444000,36740000,36404000,36600000,1372.416153,36600000,upbit,2026-06-28T04:34:13Z
KRW-BTC,2023-10-01T00:00:00,2023-10-01T09:00:00,36614000,37817000,36555000,37789000,2733.222524,37789000,upbit,2026-06-28T04:34:13Z
KRW-BTC,2023-10-02T00:00:00,2023-10-02T09:00:00,37788000,38720000,37200000,37424000,4894.786344,37424000,upbit,2026-06-28T04:34:13Z
KRW-BTC,2023-10-03T00:00:00,2023-10-03T09:00:00,37424000,37791000,37012000,37197000,2600.082357,37197000,upbit,2026-06-28T04:34:13Z
KRW-BTC,2023-10-04T00:00:00,2023-10-04T09:00:00,37198000,37740000,37036000,37595000,2387.111967,37595000,upbit,2026-06-28T04:34:13Z
KRW-BTC,2023-10-05T00:00:00,2023-10-05T09:00:00,37592000,38096000,37240000,37258000,2329.615625,37258000,upbit,2026-06-28T04:34:13Z
KRW-BTC,2023-10-06T00:00:00,2023-10-06T09:00:00,37258000,38124000,37050000,37798000,2400.327927,37798000,upbit,2026-06-28T04:34:13Z
KRW-BTC,2023-10-07T00:00:00,2023-10-07T09:00:00,37798000,37997000,37725000,37902000,1006.087642,37902000,upbit,2026-06-28T04:34:13Z
KRW-BTC,2023-10-08T00:00:00,2023-10-08T09:00:00,37902000,38109000,37587000,37929000,1880.642389,37929000,upbit,2026-06-28T04:34:13Z
KRW-BTC,2023-10-09T00:00:00,2023-10-09T09:00:00,37929000,38047000,37237000,37595000,3186.875405,37595000,upbit,2026-06-28T04:34:13Z
KRW-BTC,2023-10-10T00:00:00,2023-10-10T09:00:00,37595000,37810000,37262000,37336000,2088.596467,37336000,upbit,2026-06-28T04:34:13Z
KRW-BTC,2023-10-11T00:00:00,2023-10-11T09:00:00,37323000,37403000,36291000,36671000,3302.248165,36671000,upbit,2026-06-28T04:34:13Z
KRW-BTC,2023-10-12T00:00:00,2023-10-12T09:00:00,36671000,36880000,36408000,36750000,1763.265496,36750000,upbit,2026-06-28T04:34:13Z
KRW-BTC,2023-10-13T00:00:00,2023-10-13T09:00:00,36750000,37193000,36724000,36968000,1756.990238,36968000,upbit,2026-06-28T04:34:13Z
KRW-BTC,2023-10-14T00:00:00,2023-10-14T09:00:00,36968000,37156000,36700000,36790000,1222.065339,36790000,upbit,2026-06-28T04:34:13Z
KRW-BTC,2023-10-15T00:00:00,2023-10-15T09:00:00,36790000,37189000,36659000,37086000,1648.56771,37086000,upbit,2026-06-28T04:34:13Z
KRW-BTC,2023-10-16T00:00:00,2023-10-16T09:00:00,37087000,40700000,37000000,38697000,9125.609525,38697000,upbit,2026-06-28T04:34:13Z
KRW-BTC,2023-10-17T00:00:00,2023-10-17T09:00:00,38686000,38947000,38156000,38652000,3189.767738,38652000,upbit,2026-06-28T04:34:13Z
KRW-BTC,2023-10-18T00:00:00,2023-10-18T09:00:00,38652000,39380000,38479000,38710000,2698.75413,38710000,upbit,2026-06-28T04:34:13Z
KRW-BTC,2023-10-19T00:00:00,2023-10-19T09:00:00,38672000,39250000,38550000,39000000,4211.270405,39000000,upbit,2026-06-28T04:34:13Z
KRW-BTC,2023-10-20T00:00:00,2023-10-20T09:00:00,39000000,40700000,38820000,40250000,6455.833764,40250000,upbit,2026-06-28T04:34:13Z
KRW-BTC,2023-10-21T00:00:00,2023-10-21T09:00:00,40250000,40745000,39975000,40400000,2554.628071,40400000,upbit,2026-06-28T04:34:13Z
KRW-BTC,2023-10-22T00:00:00,2023-10-22T09:00:00,40406000,40736000,40117000,40354000,2733.238762,40354000,upbit,2026-06-28T04:34:13Z
KRW-BTC,2023-10-23T00:00:00,2023-10-23T09:00:00,40354000,45165000,40307000,44179000,11111.9164,44179000,upbit,2026-06-28T04:34:13Z
KRW-BTC,2023-10-24T00:00:00,2023-10-24T09:00:00,44179000,47459000,43820000,45599000,17112.17695,45599000,upbit,2026-06-28T04:34:13Z
KRW-BTC,2023-10-25T00:00:00,2023-10-25T09:00:00,45593000,47355000,45556000,46484000,7593.968957,46484000,upbit,2026-06-28T04:34:13Z
KRW-BTC,2023-10-26T00:00:00,2023-10-26T09:00:00,46485000,47093000,45631000,46141000,6702.742051,46141000,upbit,2026-06-28T04:34:13Z
KRW-BTC,2023-10-27T00:00:00,2023-10-27T09:00:00,46140000,46205000,45450000,45980000,3075.957921,45980000,upbit,2026-06-28T04:34:13Z
KRW-BTC,2023-10-28T00:00:00,2023-10-28T09:00:00,45980000,46780000,45955000,46314000,2191.556821,46314000,upbit,2026-06-28T04:34:13Z
KRW-BTC,2023-10-29T00:00:00,2023-10-29T09:00:00,46316000,47028000,46285000,46825000,2408.995269,46825000,upbit,2026-06-28T04:34:13Z
KRW-BTC,2023-10-30T00:00:00,2023-10-30T09:00:00,46825000,47215000,46417000,46732000,4138.817268,46732000,upbit,2026-06-28T04:34:13Z
KRW-BTC,2023-10-31T00:00:00,2023-10-31T09:00:00,46734000,47050000,46302000,47030000,4120.385152,47030000,upbit,2026-06-28T04:34:13Z
KRW-BTC,2023-11-01T00:00:00,2023-11-01T09:00:00,47030000,48165000,46720000,48079000,6327.331741,48079000,upbit,2026-06-28T04:34:13Z
KRW-BTC,2023-11-02T00:00:00,2023-11-02T09:00:00,48100000,48661000,46732000,47516000,5972.070398,47516000,upbit,2026-06-28T04:34:13Z
KRW-BTC,2023-11-03T00:00:00,2023-11-03T09:00:00,47524000,47524000,46203000,46676000,4936.170641,46676000,upbit,2026-06-28T04:34:13Z
KRW-BTC,2023-11-04T00:00:00,2023-11-04T09:00:00,46675000,47246000,46473000,47050000,2806.918565,47050000,upbit,2026-06-28T04:34:13Z
KRW-BTC,2023-11-05T00:00:00,2023-11-05T09:00:00,47052000,47500000,46670000,47056000,3392.839982,47056000,upbit,2026-06-28T04:34:13Z
KRW-BTC,2023-11-06T00:00:00,2023-11-06T09:00:00,47056000,47197000,46471000,46781000,3504.697103,46781000,upbit,2026-06-28T04:34:13Z
KRW-BTC,2023-11-07T00:00:00,2023-11-07T09:00:00,46781000,47696000,46300000,47301000,3939.251671,47301000,upbit,2026-06-28T04:34:13Z
KRW-BTC,2023-11-08T00:00:00,2023-11-08T09:00:00,47301000,47900000,46927000,47458000,2949.257789,47458000,upbit,2026-06-28T04:34:13Z
KRW-BTC,2023-11-09T00:00:00,2023-11-09T09:00:00,47457000,50278000,47401000,49400000,11141.96101,49400000,upbit,2026-06-28T04:34:13Z
KRW-BTC,2023-11-10T00:00:00,2023-11-10T09:00:00,49400000,50215000,48759000,50030000,6043.143625,50030000,upbit,2026-06-28T04:34:13Z
KRW-BTC,2023-11-11T00:00:00,2023-11-11T09:00:00,50030000,50100000,49230000,49629000,3533.856386,49629000,upbit,2026-06-28T04:34:13Z
KRW-BTC,2023-11-12T00:00:00,2023-11-12T09:00:00,49629000,49929000,49141000,49418000,3274.753479,49418000,upbit,2026-06-28T04:34:13Z
KRW-BTC,2023-11-13T00:00:00,2023-11-13T09:00:00,49418000,49803000,49000000,49154000,3616.168479,49154000,upbit,2026-06-28T04:34:13Z
KRW-BTC,2023-11-14T00:00:00,2023-11-14T09:00:00,49151000,49633000,47524000,47969000,5902.6341,47969000,upbit,2026-06-28T04:34:13Z
KRW-BTC,2023-11-15T00:00:00,2023-11-15T09:00:00,47969000,50552000,47018000,50457000,6306.637528,50457000,upbit,2026-06-28T04:34:13Z
KRW-BTC,2023-11-16T00:00:00,2023-11-16T09:00:00,50463000,50652000,48115000,48868000,5432.889659,48868000,upbit,2026-06-28T04:34:13Z
KRW-BTC,2023-11-17T00:00:00,2023-11-17T09:00:00,48878000,49501000,48552000,49390000,3480.161454,49390000,upbit,2026-06-28T04:34:13Z
KRW-BTC,2023-11-18T00:00:00,2023-11-18T09:00:00,49390000,49507000,48862000,49165000,1849.641179,49165000,upbit,2026-06-28T04:34:13Z
KRW-BTC,2023-11-19T00:00:00,2023-11-19T09:00:00,49190000,49999000,49000000,49800000,2013.898965,49800000,upbit,2026-06-28T04:34:13Z
KRW-BTC,2023-11-20T00:00:00,2023-11-20T09:00:00,49800000,50305000,49283000,50170000,3173.091868,50170000,upbit,2026-06-28T04:34:13Z
KRW-BTC,2023-11-21T00:00:00,2023-11-21T09:00:00,50170000,50389000,48510000,48510000,5154.074949,48510000,upbit,2026-06-28T04:34:13Z
KRW-BTC,2023-11-22T00:00:00,2023-11-22T09:00:00,48521000,50499000,48391000,50042000,4203.05718,50042000,upbit,2026-06-28T04:34:13Z
KRW-BTC,2023-11-23T00:00:00,2023-11-23T09:00:00,50050000,50253000,49500000,49929000,2375.370979,49929000,upbit,2026-06-28T04:34:13Z
KRW-BTC,2023-11-24T00:00:00,2023-11-24T09:00:00,49936000,51323000,49888000,50601000,3684.131036,50601000,upbit,2026-06-28T04:34:13Z
KRW-BTC,2023-11-25T00:00:00,2023-11-25T09:00:00,50606000,50802000,50307000,50533000,1735.641591,50533000,upbit,2026-06-28T04:34:13Z
KRW-BTC,2023-11-26T00:00:00,2023-11-26T09:00:00,50533000,50610000,50019000,50210000,1931.407296,50210000,upbit,2026-06-28T04:34:13Z
KRW-BTC,2023-11-27T00:00:00,2023-11-27T09:00:00,50210000,50446000,49500000,50275000,2967.234132,50275000,upbit,2026-06-28T04:34:13Z
KRW-BTC,2023-11-28T00:00:00,2023-11-28T09:00:00,50274000,51095000,49550000,50576000,3070.185803,50576000,upbit,2026-06-28T04:34:13Z
KRW-BTC,2023-11-29T00:00:00,2023-11-29T09:00:00,50576000,51250000,50419000,50720000,2831.02552,50720000,upbit,2026-06-28T04:34:13Z
KRW-BTC,2023-11-30T00:00:00,2023-11-30T09:00:00,50720000,50963000,50445000,50586000,2773.480739,50586000,upbit,2026-06-28T04:34:13Z
KRW-BTC,2023-12-01T00:00:00,2023-12-01T09:00:00,50601000,52000000,50500000,51709000,4022.039333,51709000,upbit,2026-06-28T04:34:13Z
KRW-BTC,2023-12-02T00:00:00,2023-12-02T09:00:00,51710000,52833000,51645000,52603000,2689.116908,52603000,upbit,2026-06-28T04:34:13Z
KRW-BTC,2023-12-03T00:00:00,2023-12-03T09:00:00,52615000,53864000,52531000,53700000,3551.854502,53700000,upbit,2026-06-28T04:34:13Z
KRW-BTC,2023-12-04T00:00:00,2023-12-04T09:00:00,53761000,57337000,53690000,56920000,11395.02752,56920000,upbit,2026-06-28T04:34:13Z
KRW-BTC,2023-12-05T00:00:00,2023-12-05T09:00:00,56922000,60769000,56000000,60227000,9996.252712,60227000,upbit,2026-06-28T04:34:13Z
KRW-BTC,2023-12-06T00:00:00,2023-12-06T09:00:00,60230000,61312000,59572000,60314000,8840.70991,60314000,upbit,2026-06-28T04:34:13Z
KRW-BTC,2023-12-07T00:00:00,2023-12-07T09:00:00,60295000,60958000,58555000,59250000,8318.924757,59250000,upbit,2026-06-28T04:34:13Z
KRW-BTC,2023-12-08T00:00:00,2023-12-08T09:00:00,59237000,60753000,58750000,60142000,5252.133202,60142000,upbit,2026-06-28T04:34:13Z
KRW-BTC,2023-12-09T00:00:00,2023-12-09T09:00:00,60148000,60395000,59680000,60082000,3528.907593,60082000,upbit,2026-06-28T04:34:13Z
KRW-BTC,2023-12-10T00:00:00,2023-12-10T09:00:00,60082000,60277000,59563000,59835000,2575.294711,59835000,upbit,2026-06-28T04:34:13Z
KRW-BTC,2023-12-11T00:00:00,2023-12-11T09:00:00,59834000,59918000,55460000,56950000,11981.70049,56950000,upbit,2026-06-28T04:34:13Z
KRW-BTC,2023-12-12T00:00:00,2023-12-12T09:00:00,56950000,58780000,56654000,57605000,8005.13993,57605000,upbit,2026-06-28T04:34:13Z
KRW-BTC,2023-12-13T00:00:00,2023-12-13T09:00:00,57605000,59924000,56500000,59056000,5623.204158,59056000,upbit,2026-06-28T04:34:13Z
KRW-BTC,2023-12-14T00:00:00,2023-12-14T09:00:00,59056000,59500000,58002000,58735000,4548.148131,58735000,upbit,2026-06-28T04:34:13Z
KRW-BTC,2023-12-15T00:00:00,2023-12-15T09:00:00,58727000,58973000,57632000,58028000,3771.61725,58028000,upbit,2026-06-28T04:34:13Z
KRW-BTC,2023-12-16T00:00:00,2023-12-16T09:00:00,58020000,58562000,57574000,57935000,2546.602555,57935000,upbit,2026-06-28T04:34:13Z
KRW-BTC,2023-12-17T00:00:00,2023-12-17T09:00:00,57928000,58017000,56700000,56710000,3121.981611,56710000,upbit,2026-06-28T04:34:13Z
KRW-BTC,2023-12-18T00:00:00,2023-12-18T09:00:00,56710000,58184000,55002000,58130000,9358.518293,58130000,upbit,2026-06-28T04:34:13Z
KRW-BTC,2023-12-19T00:00:00,2023-12-19T09:00:00,58099000,58944000,57260000,57845000,4742.205852,57845000,upbit,2026-06-28T04:34:13Z
KRW-BTC,2023-12-20T00:00:00,2023-12-20T09:00:00,57840000,59873000,57580000,59351000,6248.377363,59351000,upbit,2026-06-28T04:34:13Z
KRW-BTC,2023-12-21T00:00:00,2023-12-21T09:00:00,59350000,60000000,58924000,59479000,4490.297984,59479000,upbit,2026-06-28T04:34:13Z
KRW-BTC,2023-12-22T00:00:00,2023-12-22T09:00:00,59479000,60419000,59094000,59532000,4790.38514,59532000,upbit,2026-06-28T04:34:13Z
KRW-BTC,2023-12-23T00:00:00,2023-12-23T09:00:00,59532000,59700000,59000000,59250000,2340.10845,59250000,upbit,2026-06-28T04:34:13Z
KRW-BTC,2023-12-24T00:00:00,2023-12-24T09:00:00,59249000,59600000,58000000,58002000,3729.33358,58002000,upbit,2026-06-28T04:34:13Z
KRW-BTC,2023-12-25T00:00:00,2023-12-25T09:00:00,58002000,58659000,57464000,58042000,4687.208892,58042000,upbit,2026-06-28T04:34:13Z
KRW-BTC,2023-12-26T00:00:00,2023-12-26T09:00:00,58042000,58140000,56349000,57032000,4735.230256,57032000,upbit,2026-06-28T04:34:13Z
KRW-BTC,2023-12-27T00:00:00,2023-12-27T09:00:00,57032000,58212000,56349000,57920000,3965.842823,57920000,upbit,2026-06-28T04:34:13Z
KRW-BTC,2023-12-28T00:00:00,2023-12-28T09:00:00,57920000,58468000,56700000,56907000,3958.816736,56907000,upbit,2026-06-28T04:34:13Z
KRW-BTC,2023-12-29T00:00:00,2023-12-29T09:00:00,56904000,57300000,56000000,56450000,4273.270718,56450000,upbit,2026-06-28T04:34:13Z
KRW-BTC,2023-12-30T00:00:00,2023-12-30T09:00:00,56450000,57150000,56101000,56639000,2301.724829,56639000,upbit,2026-06-28T04:34:13Z
KRW-BTC,2023-12-31T00:00:00,2023-12-31T09:00:00,56639000,57437000,56452000,57047000,2308.38316,57047000,upbit,2026-06-28T04:34:13Z
KRW-BTC,2024-01-01T00:00:00,2024-01-01T09:00:00,57045000,58847000,57045000,58839000,3165.320929,58839000,upbit,2026-06-28T04:34:13Z
KRW-BTC,2024-01-02T00:00:00,2024-01-02T09:00:00,58839000,60997000,58814000,60206000,8221.198684,60206000,upbit,2026-06-28T04:34:13Z
KRW-BTC,2024-01-03T00:00:00,2024-01-03T09:00:00,60205000,60799000,54346000,58581000,16310.30693,58581000,upbit,2026-06-28T04:34:13Z
KRW-BTC,2024-01-04T00:00:00,2024-01-04T09:00:00,58581000,60162000,57319000,59477000,6254.537687,59477000,upbit,2026-06-28T04:34:13Z
KRW-BTC,2024-01-05T00:00:00,2024-01-05T09:00:00,59477000,59695000,57577000,59351000,4822.389677,59351000,upbit,2026-06-28T04:34:13Z
KRW-BTC,2024-01-06T00:00:00,2024-01-06T09:00:00,59351000,59518000,58651000,59329000,2482.626233,59329000,upbit,2026-06-28T04:34:13Z
KRW-BTC,2024-01-07T00:00:00,2024-01-07T09:00:00,59329000,59879000,58630000,59108000,3285.09256,59108000,upbit,2026-06-28T04:34:13Z
KRW-BTC,2024-01-08T00:00:00,2024-01-08T09:00:00,59108000,63410000,57801000,63010000,11161.48689,63010000,upbit,2026-06-28T04:34:13Z
KRW-BTC,2024-01-09T00:00:00,2024-01-09T09:00:00,63011000,64385000,60748000,62014000,9882.551287,62014000,upbit,2026-06-28T04:34:13Z
KRW-BTC,2024-01-10T00:00:00,2024-01-10T09:00:00,62001000,65000000,59730000,63621000,16442.71361,63621000,upbit,2026-06-28T04:34:13Z
KRW-BTC,2024-01-11T00:00:00,2024-01-11T09:00:00,63621000,66779000,62246000,63550000,14392.35119,63550000,upbit,2026-06-28T04:34:13Z
KRW-BTC,2024-01-12T00:00:00,2024-01-12T09:00:00,63560000,63820000,58200000,59435000,11517.51602,59435000,upbit,2026-06-28T04:34:13Z
KRW-BTC,2024-01-13T00:00:00,2024-01-13T09:00:00,59430000,59860000,58174000,58968000,5542.07595,58968000,upbit,2026-06-28T04:34:13Z
KRW-BTC,2024-01-14T00:00:00,2024-01-14T09:00:00,58968000,59254000,57312000,57391000,3950.547382,57391000,upbit,2026-06-28T04:34:13Z
KRW-BTC,2024-01-15T00:00:00,2024-01-15T09:00:00,57380000,59340000,57332000,58354000,3967.321808,58354000,upbit,2026-06-28T04:34:13Z
KRW-BTC,2024-01-16T00:00:00,2024-01-16T09:00:00,58416000,59577000,58169000,59196000,3748.967419,59196000,upbit,2026-06-28T04:34:13Z
KRW-BTC,2024-01-17T00:00:00,2024-01-17T09:00:00,59197000,59300000,58269000,58776000,2837.33449,58776000,upbit,2026-06-28T04:34:13Z
KRW-BTC,2024-01-18T00:00:00,2024-01-18T09:00:00,58776000,58900000,56754000,57284000,4268.88384,57284000,upbit,2026-06-28T04:34:13Z
KRW-BTC,2024-01-19T00:00:00,2024-01-19T09:00:00,57281000,58180000,55935000,57739000,5634.881771,57739000,upbit,2026-06-28T04:34:13Z
KRW-BTC,2024-01-20T00:00:00,2024-01-20T09:00:00,57738000,57796000,57242000,57517000,2127.464542,57517000,upbit,2026-06-28T04:34:13Z
KRW-BTC,2024-01-21T00:00:00,2024-01-21T09:00:00,57550000,57942000,57350000,57387000,2003.671582,57387000,upbit,2026-06-28T04:34:13Z
KRW-BTC,2024-01-22T00:00:00,2024-01-22T09:00:00,57392000,57543000,54659000,54689000,6334.411384,54689000,upbit,2026-06-28T04:34:13Z
KRW-BTC,2024-01-23T00:00:00,2024-01-23T09:00:00,54689000,55576000,53125000,55389000,7696.965773,55389000,upbit,2026-06-28T04:34:13Z
KRW-BTC,2024-01-24T00:00:00,2024-01-24T09:00:00,55389000,55850000,54446000,55200000,3615.041713,55200000,upbit,2026-06-28T04:34:13Z
KRW-BTC,2024-01-25T00:00:00,2024-01-25T09:00:00,55200000,55586000,54760000,55101000,2868.417752,55101000,upbit,2026-06-28T04:34:13Z
KRW-BTC,2024-01-26T00:00:00,2024-01-26T09:00:00,55101000,58146000,54957000,57503000,5241.711884,57503000,upbit,2026-06-28T04:34:13Z
KRW-BTC,2024-01-27T00:00:00,2024-01-27T09:00:00,57526000,58189000,57046000,58086000,2217.235851,58086000,upbit,2026-06-28T04:34:13Z
KRW-BTC,2024-01-28T00:00:00,2024-01-28T09:00:00,58086000,58880000,57400000,57855000,2804.053163,57855000,upbit,2026-06-28T04:34:13Z
KRW-BTC,2024-01-29T00:00:00,2024-01-29T09:00:00,57855000,59210000,57561000,59101000,3400.582135,59101000,upbit,2026-06-28T04:34:13Z
KRW-BTC,2024-01-30T00:00:00,2024-01-30T09:00:00,59129000,59863000,58600000,58965000,4111.402795,58965000,upbit,2026-06-28T04:34:13Z
KRW-BTC,2024-01-31T00:00:00,2024-01-31T09:00:00,58966000,59848000,58221000,58738000,3372.055125,58738000,upbit,2026-06-28T04:34:13Z
KRW-BTC,2024-02-01T00:00:00,2024-02-01T09:00:00,58738000,59302000,57804000,59150000,2757.180482,59150000,upbit,2026-06-28T04:34:13Z
KRW-BTC,2024-02-02T00:00:00,2024-02-02T09:00:00,59150000,59531000,58551000,59299000,2278.873158,59299000,upbit,2026-06-28T04:34:13Z
KRW-BTC,2024-02-03T00:00:00,2024-02-03T09:00:00,59295000,59485000,59120000,59260000,1168.386992,59260000,upbit,2026-06-28T04:34:13Z
KRW-BTC,2024-02-04T00:00:00,2024-02-04T09:00:00,59262000,59324000,58633000,58811000,1272.474533,58811000,upbit,2026-06-28T04:34:13Z
KRW-BTC,2024-02-05T00:00:00,2024-02-05T09:00:00,58814000,59800000,58311000,58882000,2801.147225,58882000,upbit,2026-06-28T04:34:13Z
KRW-BTC,2024-02-06T00:00:00,2024-02-06T09:00:00,58882000,59400000,58650000,59039000,2068.074811,59039000,upbit,2026-06-28T04:34:13Z
KRW-BTC,2024-02-07T00:00:00,2024-02-07T09:00:00,59020000,60373000,58745000,60232000,4016.912513,60232000,upbit,2026-06-28T04:34:13Z
KRW-BTC,2024-02-08T00:00:00,2024-02-08T09:00:00,60242000,62200000,60232000,62011000,4403.573216,62011000,upbit,2026-06-28T04:34:13Z
KRW-BTC,2024-02-09T00:00:00,2024-02-09T09:00:00,62011000,64955000,61717000,63682000,8059.034196,63682000,upbit,2026-06-28T04:34:13Z
KRW-BTC,2024-02-10T00:00:00,2024-02-10T09:00:00,63682000,64890000,63062000,64549000,3520.614768,64549000,upbit,2026-06-28T04:34:13Z
KRW-BTC,2024-02-11T00:00:00,2024-02-11T09:00:00,64549000,65500000,64256000,65230000,3675.680433,65230000,upbit,2026-06-28T04:34:13Z
KRW-BTC,2024-02-12T00:00:00,2024-02-12T09:00:00,65231000,67444000,64887000,67002000,6674.518912,67002000,upbit,2026-06-28T04:34:13Z
KRW-BTC,2024-02-13T00:00:00,2024-02-13T09:00:00,67002000,67698000,65800000,67309000,6757.732233,67309000,upbit,2026-06-28T04:34:13Z
KRW-BTC,2024-02-14T00:00:00,2024-02-14T09:00:00,67309000,70300000,66800000,70199000,8040.249489,70199000,upbit,2026-06-28T04:34:13Z
KRW-BTC,2024-02-15T00:00:00,2024-02-15T09:00:00,70195000,72216000,70190000,71253000,8360.626507,71253000,upbit,2026-06-28T04:34:13Z
KRW-BTC,2024-02-16T00:00:00,2024-02-16T09:00:00,71253000,72500000,70782000,72128000,4895.530562,72128000,upbit,2026-06-28T04:34:13Z
KRW-BTC,2024-02-17T00:00:00,2024-02-17T09:00:00,72134000,72267000,69595000,71530000,6239.936815,71530000,upbit,2026-06-28T04:34:13Z
KRW-BTC,2024-02-18T00:00:00,2024-02-18T09:00:00,71500000,72158000,70669000,71964000,3622.397043,71964000,upbit,2026-06-28T04:34:13Z
KRW-BTC,2024-02-19T00:00:00,2024-02-19T09:00:00,71968000,72412000,71728000,71755000,3590.539945,71755000,upbit,2026-06-28T04:34:13Z
KRW-BTC,2024-02-20T00:00:00,2024-02-20T09:00:00,71755000,73100000,71010000,72191000,5210.953758,72191000,upbit,2026-06-28T04:34:13Z
KRW-BTC,2024-02-21T00:00:00,2024-02-21T09:00:00,72160000,72465000,71100000,72397000,3784.156929,72397000,upbit,2026-06-28T04:34:13Z
KRW-BTC,2024-02-22T00:00:00,2024-02-22T09:00:00,72397000,72399000,71458000,71601000,2956.432904,71601000,upbit,2026-06-28T04:34:13Z
KRW-BTC,2024-02-23T00:00:00,2024-02-23T09:00:00,71600000,71835000,70657000,70805000,2937.893622,70805000,upbit,2026-06-28T04:34:13Z
KRW-BTC,2024-02-24T00:00:00,2024-02-24T09:00:00,70804000,71467000,70542000,71107000,2768.922443,71107000,upbit,2026-06-28T04:34:13Z
KRW-BTC,2024-02-25T00:00:00,2024-02-25T09:00:00,71107000,71595000,70907000,71256000,1867.428109,71256000,upbit,2026-06-28T04:34:13Z
KRW-BTC,2024-02-26T00:00:00,2024-02-26T09:00:00,71256000,75000000,70000000,74742000,6152.528499,74742000,upbit,2026-06-28T04:34:13Z
KRW-BTC,2024-02-27T00:00:00,2024-02-27T09:00:00,74741000,79183000,74554000,78619000,10168.66848,78619000,upbit,2026-06-28T04:34:13Z
KRW-BTC,2024-02-28T00:00:00,2024-02-28T09:00:00,78621000,88424000,78082000,87634000,19254.09747,87634000,upbit,2026-06-28T04:34:13Z
KRW-BTC,2024-02-29T00:00:00,2024-02-29T09:00:00,87654000,90000000,85244000,85910000,14269.12684,85910000,upbit,2026-06-28T04:34:13Z
KRW-BTC,2024-03-01T00:00:00,2024-03-01T09:00:00,85911000,88500000,85910000,87397000,6256.971936,87397000,upbit,2026-06-28T04:34:13Z
KRW-BTC,2024-03-02T00:00:00,2024-03-02T09:00:00,87397000,87724000,86090000,86383000,5481.662532,86383000,upbit,2026-06-28T04:34:13Z
KRW-BTC,2024-03-03T00:00:00,2024-03-03T09:00:00,86382000,87993000,85000000,87982000,6017.571686,87982000,upbit,2026-06-28T04:34:13Z
KRW-BTC,2024-03-04T00:00:00,2024-03-04T09:00:00,87978000,95586000,87302000,95500000,13254.11821,95500000,upbit,2026-06-28T04:34:13Z
KRW-BTC,2024-03-05T00:00:00,2024-03-05T09:00:00,95500000,97000000,88024000,91275000,22134.58235,91275000,upbit,2026-06-28T04:34:13Z
KRW-BTC,2024-03-06T00:00:00,2024-03-06T09:00:00,91275000,94917000,88233000,93325000,12290.20386,93325000,upbit,2026-06-28T04:34:13Z
KRW-BTC,2024-03-07T00:00:00,2024-03-07T09:00:00,93325000,95678000,92670000,94060000,5792.492528,94060000,upbit,2026-06-28T04:34:13Z
KRW-BTC,2024-03-08T00:00:00,2024-03-08T09:00:00,94044000,98543000,94000000,96237000,8721.93322,96237000,upbit,2026-06-28T04:34:13Z
KRW-BTC,2024-03-09T00:00:00,2024-03-09T09:00:00,96237000,96420000,95120000,95946000,3946.681689,95946000,upbit,2026-06-28T04:34:13Z
KRW-BTC,2024-03-10T00:00:00,2024-03-10T09:00:00,95946000,98445000,95904000,97495000,5997.985803,97495000,upbit,2026-06-28T04:34:13Z
KRW-BTC,2024-03-11T00:00:00,2024-03-11T09:00:00,97501000,101940000,95132000,100404000,14017.56815,100404000,upbit,2026-06-28T04:34:13Z
KRW-BTC,2024-03-12T00:00:00,2024-03-12T09:00:00,100404000,102350000,99000000,101200000,8326.932695,101200000,upbit,2026-06-28T04:34:13Z
KRW-BTC,2024-03-13T00:00:00,2024-03-13T09:00:00,101200000,104865000,100909000,104122000,7708.119253,104122000,upbit,2026-06-28T04:34:13Z
KRW-BTC,2024-03-14T00:00:00,2024-03-14T09:00:00,104121000,105000000,100000000,102506000,10526.11243,102506000,upbit,2026-06-28T04:34:13Z
KRW-BTC,2024-03-15T00:00:00,2024-03-15T09:00:00,102506000,104131000,95600000,101000000,17862.96962,101000000,upbit,2026-06-28T04:34:13Z
KRW-BTC,2024-03-16T00:00:00,2024-03-16T09:00:00,101010000,102407000,95700000,96767000,7805.495377,96767000,upbit,2026-06-28T04:34:13Z
KRW-BTC,2024-03-17T00:00:00,2024-03-17T09:00:00,96769000,100299000,94300000,99922000,10512.20194,99922000,upbit,2026-06-28T04:34:13Z
KRW-BTC,2024-03-18T00:00:00,2024-03-18T09:00:00,99934000,100233000,97623000,99040000,6061.170573,99040000,upbit,2026-06-28T04:34:13Z
KRW-BTC,2024-03-19T00:00:00,2024-03-19T09:00:00,99042000,99700000,92027000,92572000,14040.62247,92572000,upbit,2026-06-28T04:34:13Z
KRW-BTC,2024-03-20T00:00:00,2024-03-20T09:00:00,92541000,100216000,89845000,99726000,14156.97656,99726000,upbit,2026-06-28T04:34:13Z
KRW-BTC,2024-03-21T00:00:00,2024-03-21T09:00:00,99726000,99801000,95000000,95552000,7441.537027,95552000,upbit,2026-06-28T04:34:13Z
KRW-BTC,2024-03-22T00:00:00,2024-03-22T09:00:00,95618000,96500000,92222000,93855000,6646.708199,93855000,upbit,2026-06-28T04:34:13Z
KRW-BTC,2024-03-23T00:00:00,2024-03-23T09:00:00,93850000,95609000,92593000,93274000,3672.554446,93274000,upbit,2026-06-28T04:34:13Z
KRW-BTC,2024-03-24T00:00:00,2024-03-24T09:00:00,93317000,97252000,93079000,96624000,3888.324566,96624000,upbit,2026-06-28T04:34:13Z
KRW-BTC,2024-03-25T00:00:00,2024-03-25T09:00:00,96624000,100500000,95600000,99202000,7510.923585,99202000,upbit,2026-06-28T04:34:13Z
KRW-BTC,2024-03-26T00:00:00,2024-03-26T09:00:00,99202000,100800000,98830000,100051000,5187.825551,100051000,upbit,2026-06-28T04:34:13Z
KRW-BTC,2024-03-27T00:00:00,2024-03-27T09:00:00,100051000,101900000,98700000,99890000,6873.297069,99890000,upbit,2026-06-28T04:34:13Z
KRW-BTC,2024-03-28T00:00:00,2024-03-28T09:00:00,99890000,101725000,99251000,100900000,5332.230998,100900000,upbit,2026-06-28T04:34:13Z
KRW-BTC,2024-03-29T00:00:00,2024-03-29T09:00:00,100900000,101100000,99210000,99801000,4351.27001,99801000,upbit,2026-06-28T04:34:13Z
KRW-BTC,2024-03-30T00:00:00,2024-03-30T09:00:00,99876000,100317000,99455000,99985000,1962.111495,99985000,upbit,2026-06-28T04:34:13Z
KRW-BTC,2024-03-31T00:00:00,2024-03-31T09:00:00,99985000,101133000,99930000,100970000,2112.03398,100970000,upbit,2026-06-28T04:34:13Z
KRW-BTC,2024-04-01T00:00:00,2024-04-01T09:00:00,100991000,101098000,98658000,100100000,4739.722305,100100000,upbit,2026-06-28T04:34:13Z
KRW-BTC,2024-04-02T00:00:00,2024-04-02T09:00:00,100100000,100100000,95000000,96053000,8066.150199,96053000,upbit,2026-06-28T04:34:13Z
KRW-BTC,2024-04-03T00:00:00,2024-04-03T09:00:00,96053000,97300000,94682000,96502000,4274.271136,96502000,upbit,2026-06-28T04:34:13Z
KRW-BTC,2024-04-04T00:00:00,2024-04-04T09:00:00,96502000,99912000,95598000,99361000,4377.116344,99361000,upbit,2026-06-28T04:34:13Z
KRW-BTC,2024-04-05T00:00:00,2024-04-05T09:00:00,99445000,99669000,96800000,98394000,3533.187749,98394000,upbit,2026-06-28T04:34:13Z
KRW-BTC,2024-04-06T00:00:00,2024-04-06T09:00:00,98385000,99888000,97745000,99023000,1885.558688,99023000,upbit,2026-06-28T04:34:13Z
KRW-BTC,2024-04-07T00:00:00,2024-04-07T09:00:00,99000000,100450000,98976000,99369000,2132.302638,99369000,upbit,2026-06-28T04:34:13Z
KRW-BTC,2024-04-08T00:00:00,2024-04-08T09:00:00,99369000,103084000,99100000,102101000,5621.694162,102101000,upbit,2026-06-28T04:34:13Z
KRW-BTC,2024-04-09T00:00:00,2024-04-09T09:00:00,102050000,102399000,98400000,99350000,4778.273799,99350000,upbit,2026-06-28T04:34:13Z
KRW-BTC,2024-04-10T00:00:00,2024-04-10T09:00:00,99409000,101750000,97614000,100600000,4307.83087,100600000,upbit,2026-06-28T04:34:13Z
KRW-BTC,2024-04-11T00:00:00,2024-04-11T09:00:00,100601000,101452000,100031000,100541000,3026.454431,100541000,upbit,2026-06-28T04:34:13Z
KRW-BTC,2024-04-12T00:00:00,2024-04-12T09:00:00,100542000,101426000,98985000,99776000,5005.558568,99776000,upbit,2026-06-28T04:34:13Z
KRW-BTC,2024-04-13T00:00:00,2024-04-13T09:00:00,99645000,100569000,95000000,97149000,9545.194281,97149000,upbit,2026-06-28T04:34:13Z
KRW-BTC,2024-04-14T00:00:00,2024-04-14T09:00:00,97093000,99180000,95224000,98905000,6601.797917,98905000,upbit,2026-06-28T04:34:13Z
KRW-BTC,2024-04-15T00:00:00,2024-04-15T09:00:00,98931000,99490000,95702000,96527000,5860.577308,96527000,upbit,2026-06-28T04:34:13Z
KRW-BTC,2024-04-16T00:00:00,2024-04-16T09:00:00,96530000,96941000,93500000,95597000,6058.366705,95597000,upbit,2026-06-28T04:34:13Z
KRW-BTC,2024-04-17T00:00:00,2024-04-17T09:00:00,95597000,96500000,90200000,91419000,7117.390446,91419000,upbit,2026-06-28T04:34:13Z
KRW-BTC,2024-04-18T00:00:00,2024-04-18T09:00:00,91439000,94200000,90000000,93356000,5793.827003,93356000,upbit,2026-06-28T04:34:13Z
KRW-BTC,2024-04-19T00:00:00,2024-04-19T09:00:00,93392000,95958000,88500000,93390000,8931.111653,93390000,upbit,2026-06-28T04:34:13Z
KRW-BTC,2024-04-20T00:00:00,2024-04-20T09:00:00,93390000,95600000,92615000,94805000,2666.364686,94805000,upbit,2026-06-28T04:34:13Z
KRW-BTC,2024-04-21T00:00:00,2024-04-21T09:00:00,94840000,95989000,94312000,94868000,2369.212524,94868000,upbit,2026-06-28T04:34:13Z
KRW-BTC,2024-04-22T00:00:00,2024-04-22T09:00:00,94911000,97627000,94622000,97192000,3221.848892,97192000,upbit,2026-06-28T04:34:13Z
KRW-BTC,2024-04-23T00:00:00,2024-04-23T09:00:00,97239000,97592000,95246000,96045000,3179.44418,96045000,upbit,2026-06-28T04:34:13Z
KRW-BTC,2024-04-24T00:00:00,2024-04-24T09:00:00,96071000,96627000,92734000,93534000,3593.11116,93534000,upbit,2026-06-28T04:34:13Z
KRW-BTC,2024-04-25T00:00:00,2024-04-25T09:00:00,93520000,94319000,91213000,92745000,3762.563153,92745000,upbit,2026-06-28T04:34:13Z
KRW-BTC,2024-04-26T00:00:00,2024-04-26T09:00:00,92761000,93000000,91465000,91951000,2016.93752,91951000,upbit,2026-06-28T04:34:13Z
KRW-BTC,2024-04-27T00:00:00,2024-04-27T09:00:00,91955000,92175000,90292000,91499000,2455.807117,91499000,upbit,2026-06-28T04:34:13Z
KRW-BTC,2024-04-28T00:00:00,2024-04-28T09:00:00,91499000,92630000,90153000,90530000,1861.379901,90530000,upbit,2026-06-28T04:34:13Z
KRW-BTC,2024-04-29T00:00:00,2024-04-29T09:00:00,90533000,92000000,88500000,91400000,4650.341622,91400000,upbit,2026-06-28T04:34:13Z
KRW-BTC,2024-04-30T00:00:00,2024-04-30T09:00:00,91400000,92540000,85606000,87137000,7328.917735,87137000,upbit,2026-06-28T04:34:13Z
KRW-BTC,2024-05-01T00:00:00,2024-05-01T09:00:00,87152000,87625000,80005000,83499000,15078.23755,83499000,upbit,2026-06-28T04:34:13Z
KRW-BTC,2024-05-02T00:00:00,2024-05-02T09:00:00,83499000,84000000,80601000,83078000,5609.702367,83078000,upbit,2026-06-28T04:34:13Z
KRW-BTC,2024-05-03T00:00:00,2024-05-03T09:00:00,83096000,89821000,82807000,89291000,8040.25384,89291000,upbit,2026-06-28T04:34:13Z
KRW-BTC,2024-05-04T00:00:00,2024-05-04T09:00:00,89291000,91123000,87910000,90303000,4208.088961,90303000,upbit,2026-06-28T04:34:13Z
KRW-BTC,2024-05-05T00:00:00,2024-05-05T09:00:00,90303000,90759000,88331000,90061000,2550.738184,90061000,upbit,2026-06-28T04:34:13Z
KRW-BTC,2024-05-06T00:00:00,2024-05-06T09:00:00,90100000,91681000,88500000,88804000,3986.164582,88804000,upbit,2026-06-28T04:34:13Z
KRW-BTC,2024-05-07T00:00:00,2024-05-07T09:00:00,88780000,90157000,87500000,87595000,2916.803769,87595000,upbit,2026-06-28T04:34:13Z
KRW-BTC,2024-05-08T00:00:00,2024-05-08T09:00:00,87595000,88566000,85109000,85872000,3819.527758,85872000,upbit,2026-06-28T04:34:13Z
KRW-BTC,2024-05-09T00:00:00,2024-05-09T09:00:00,85872000,88500000,85020000,88116000,3096.809344,88116000,upbit,2026-06-28T04:34:13Z
KRW-BTC,2024-05-10T00:00:00,2024-05-10T09:00:00,88116000,88480000,85120000,85842000,3277.857229,85842000,upbit,2026-06-28T04:34:13Z
KRW-BTC,2024-05-11T00:00:00,2024-05-11T09:00:00,85842000,86500000,85209000,85791000,1299.781493,85791000,upbit,2026-06-28T04:34:13Z
KRW-BTC,2024-05-12T00:00:00,2024-05-12T09:00:00,85791000,86978000,85618000,86521000,1042.823712,86521000,upbit,2026-06-28T04:34:13Z
KRW-BTC,2024-05-13T00:00:00,2024-05-13T09:00:00,86521000,88485000,85410000,87928000,3085.907006,87928000,upbit,2026-06-28T04:34:13Z
KRW-BTC,2024-05-14T00:00:00,2024-05-14T09:00:00,87934000,88225000,85801000,86500000,2756.811579,86500000,upbit,2026-06-28T04:34:13Z
KRW-BTC,2024-05-15T00:00:00,2024-05-15T09:00:00,86524000,92444000,86200000,92111000,5272.786526,92111000,upbit,2026-06-28T04:34:13Z
KRW-BTC,2024-05-16T00:00:00,2024-05-16T09:00:00,92111000,92860000,90250000,90800000,3657.228846,90800000,upbit,2026-06-28T04:34:13Z
KRW-BTC,2024-05-17T00:00:00,2024-05-17T09:00:00,90839000,93123000,90700000,92646000,2713.819332,92646000,upbit,2026-06-28T04:34:13Z
KRW-BTC,2024-05-18T00:00:00,2024-05-18T09:00:00,92632000,93500000,92337000,93066000,1821.32715,93066000,upbit,2026-06-28T04:34:13Z
KRW-BTC,2024-05-19T00:00:00,2024-05-19T09:00:00,93066000,93990000,91843000,92185000,2335.848485,92185000,upbit,2026-06-28T04:34:13Z
KRW-BTC,2024-05-20T00:00:00,2024-05-20T09:00:00,92185000,97264000,91931000,97260000,4413.186165,97260000,upbit,2026-06-28T04:34:13Z
KRW-BTC,2024-05-21T00:00:00,2024-05-21T09:00:00,97260000,98150000,95571000,96700000,4609.756504,96700000,upbit,2026-06-28T04:34:13Z
KRW-BTC,2024-05-22T00:00:00,2024-05-22T09:00:00,96717000,96999000,94640000,95421000,2799.80157,95421000,upbit,2026-06-28T04:34:13Z
KRW-BTC,2024-05-23T00:00:00,2024-05-23T09:00:00,95421000,96881000,93000000,94900000,4396.134362,94900000,upbit,2026-06-28T04:34:13Z
KRW-BTC,2024-05-24T00:00:00,2024-05-24T09:00:00,94897000,96160000,93300000,95214000,2489.941833,95214000,upbit,2026-06-28T04:34:13Z
KRW-BTC,2024-05-25T00:00:00,2024-05-25T09:00:00,95214000,96598000,95192000,96240000,1452.896413,96240000,upbit,2026-06-28T04:34:13Z
KRW-BTC,2024-05-26T00:00:00,2024-05-26T09:00:00,96240000,96590000,95400000,95610000,1583.871583,95610000,upbit,2026-06-28T04:34:13Z
KRW-BTC,2024-05-27T00:00:00,2024-05-27T09:00:00,95634000,97360000,95050000,96050000,2667.483476,96050000,upbit,2026-06-28T04:34:13Z
KRW-BTC,2024-05-28T00:00:00,2024-05-28T09:00:00,96050000,96119000,93654000,94600000,3176.963203,94600000,upbit,2026-06-28T04:34:13Z
KRW-BTC,2024-05-29T00:00:00,2024-05-29T09:00:00,94654000,95232000,93440000,93910000,2475.187888,93910000,upbit,2026-06-28T04:34:13Z
KRW-BTC,2024-05-30T00:00:00,2024-05-30T09:00:00,93910000,96120000,93620000,94943000,2703.786212,94943000,upbit,2026-06-28T04:34:13Z
KRW-BTC,2024-05-31T00:00:00,2024-05-31T09:00:00,95000000,96000000,93700000,94505000,2203.223325,94505000,upbit,2026-06-28T04:34:13Z
KRW-BTC,2024-06-01T00:00:00,2024-06-01T09:00:00,94504000,94850000,94361000,94720000,620.250351,94720000,upbit,2026-06-28T04:34:13Z
KRW-BTC,2024-06-02T00:00:00,2024-06-02T09:00:00,94762000,95626000,94500000,95000000,1113.859827,95000000,upbit,2026-06-28T04:34:13Z
KRW-BTC,2024-06-03T00:00:00,2024-06-03T09:00:00,95000000,97358000,94825000,95994000,2779.476848,95994000,upbit,2026-06-28T04:34:13Z
KRW-BTC,2024-06-04T00:00:00,2024-06-04T09:00:00,95994000,97927000,95520000,97500000,2699.305313,97500000,upbit,2026-06-28T04:34:13Z
KRW-BTC,2024-06-05T00:00:00,2024-06-05T09:00:00,97490000,98989000,97280000,98385000,2709.004691,98385000,upbit,2026-06-28T04:34:13Z
KRW-BTC,2024-06-06T00:00:00,2024-06-06T09:00:00,98385000,99400000,98009000,98334000,2226.539845,98334000,upbit,2026-06-28T04:34:13Z
KRW-BTC,2024-06-07T00:00:00,2024-06-07T09:00:00,98321000,99650000,97219000,97919000,3319.131949,97919000,upbit,2026-06-28T04:34:13Z
KRW-BTC,2024-06-08T00:00:00,2024-06-08T09:00:00,97919000,98278000,97750000,98125000,1083.634531,98125000,upbit,2026-06-28T04:34:13Z
KRW-BTC,2024-06-09T00:00:00,2024-06-09T09:00:00,98137000,98400000,97710000,97983000,903.0458546,97983000,upbit,2026-06-28T04:34:13Z
KRW-BTC,2024-06-10T00:00:00,2024-06-10T09:00:00,97983000,98031000,96980000,97276000,1491.308621,97276000,upbit,2026-06-28T04:34:13Z
KRW-BTC,2024-06-11T00:00:00,2024-06-11T09:00:00,97279000,97350000,93821000,95329000,3889.452394,95329000,upbit,2026-06-28T04:34:13Z
KRW-BTC,2024-06-12T00:00:00,2024-06-12T09:00:00,95329000,98204000,94502000,95934000,3395.539575,95934000,upbit,2026-06-28T04:34:13Z
KRW-BTC,2024-06-13T00:00:00,2024-06-13T09:00:00,95934000,96356000,94107000,94614000,2161.159812,94614000,upbit,2026-06-28T04:34:13Z
KRW-BTC,2024-06-14T00:00:00,2024-06-14T09:00:00,94614000,95202000,93001000,93978000,2232.32985,93978000,upbit,2026-06-28T04:34:13Z
KRW-BTC,2024-06-15T00:00:00,2024-06-15T09:00:00,93979000,94268000,93546000,93910000,906.4181863,93910000,upbit,2026-06-28T04:34:13Z
KRW-BTC,2024-06-16T00:00:00,2024-06-16T09:00:00,93913000,94708000,93611000,94219000,841.9041221,94219000,upbit,2026-06-28T04:34:13Z
KRW-BTC,2024-06-17T00:00:00,2024-06-17T09:00:00,94219000,94442000,91559000,93588000,3306.859877,93588000,upbit,2026-06-28T04:34:13Z
KRW-BTC,2024-06-18T00:00:00,2024-06-18T09:00:00,93589000,93699000,90638000,91649000,3084.476569,91649000,upbit,2026-06-28T04:34:13Z
KRW-BTC,2024-06-19T00:00:00,2024-06-19T09:00:00,91649000,92727000,91170000,91555000,1711.117488,91555000,upbit,2026-06-28T04:34:13Z
KRW-BTC,2024-06-20T00:00:00,2024-06-20T09:00:00,91549000,93581000,91500000,91780000,1989.149986,91780000,upbit,2026-06-28T04:34:13Z
KRW-BTC,2024-06-21T00:00:00,2024-06-21T09:00:00,91779000,92031000,89501000,90308000,2713.721229,90308000,upbit,2026-06-28T04:34:13Z
KRW-BTC,2024-06-22T00:00:00,2024-06-22T09:00:00,90308000,91086000,90141000,90874000,648.5146252,90874000,upbit,2026-06-28T04:34:13Z
KRW-BTC,2024-06-23T00:00:00,2024-06-23T09:00:00,90874000,91382000,89033000,89046000,1076.737898,89046000,upbit,2026-06-28T04:34:13Z
KRW-BTC,2024-06-24T00:00:00,2024-06-24T09:00:00,89100000,89441000,83101000,85496000,7434.829264,85496000,upbit,2026-06-28T04:34:13Z
KRW-BTC,2024-06-25T00:00:00,2024-06-25T09:00:00,85495000,87981000,85032000,87450000,3359.068851,87450000,upbit,2026-06-28T04:34:13Z
KRW-BTC,2024-06-26T00:00:00,2024-06-26T09:00:00,87463000,88356000,85930000,86027000,1958.866524,86027000,upbit,2026-06-28T04:34:13Z
KRW-BTC,2024-06-27T00:00:00,2024-06-27T09:00:00,86092000,87957000,85396000,86884000,1879.370916,86884000,upbit,2026-06-28T04:34:13Z
KRW-BTC,2024-06-28T00:00:00,2024-06-28T09:00:00,86875000,87510000,84740000,85158000,2112.307663,85158000,upbit,2026-06-28T04:34:13Z
KRW-BTC,2024-06-29T00:00:00,2024-06-29T09:00:00,85157000,86000000,85102000,85765000,750.2984764,85765000,upbit,2026-06-28T04:34:13Z
KRW-BTC,2024-06-30T00:00:00,2024-06-30T09:00:00,85765000,88490000,85370000,87920000,1407.837442,87920000,upbit,2026-06-28T04:34:13Z
KRW-BTC,2024-07-01T00:00:00,2024-07-01T09:00:00,87920000,89644000,87609000,88253000,2120.477782,88253000,upbit,2026-06-28T04:34:13Z
KRW-BTC,2024-07-02T00:00:00,2024-07-02T09:00:00,88259000,88847000,86987000,87248000,1525.132371,87248000,upbit,2026-06-28T04:34:13Z
KRW-BTC,2024-07-03T00:00:00,2024-07-03T09:00:00,87270000,87623000,84508000,85331000,2823.976175,85331000,upbit,2026-06-28T04:34:13Z
KRW-BTC,2024-07-04T00:00:00,2024-07-04T09:00:00,85331000,85592000,81207000,81680000,6151.28765,81680000,upbit,2026-06-28T04:34:13Z
KRW-BTC,2024-07-05T00:00:00,2024-07-05T09:00:00,81680000,82544000,77335000,81118000,9719.196675,81118000,upbit,2026-06-28T04:34:13Z
KRW-BTC,2024-07-06T00:00:00,2024-07-06T09:00:00,81118000,83202000,79938000,82826000,2664.499671,82826000,upbit,2026-06-28T04:34:13Z
KRW-BTC,2024-07-07T00:00:00,2024-07-07T09:00:00,82850000,82940000,79280000,79397000,2527.24731,79397000,upbit,2026-06-28T04:34:13Z
KRW-BTC,2024-07-08T00:00:00,2024-07-08T09:00:00,79397000,82700000,77880000,80534000,5094.765714,80534000,upbit,2026-06-28T04:34:13Z
KRW-BTC,2024-07-09T00:00:00,2024-07-09T09:00:00,80499000,82300000,80000000,82043000,2547.621846,82043000,upbit,2026-06-28T04:34:13Z
KRW-BTC,2024-07-10T00:00:00,2024-07-10T09:00:00,82043000,83825000,81096000,81896000,2927.479725,81896000,upbit,2026-06-28T04:34:13Z
KRW-BTC,2024-07-11T00:00:00,2024-07-11T09:00:00,81926000,83795000,81000000,81070000,2930.427308,81070000,upbit,2026-06-28T04:34:13Z
KRW-BTC,2024-07-12T00:00:00,2024-07-12T09:00:00,81070000,82309000,80085000,81540000,2003.05277,81540000,upbit,2026-06-28T04:34:13Z
KRW-BTC,2024-07-13T00:00:00,2024-07-13T09:00:00,81548000,83700000,81300000,82901000,1698.967023,82901000,upbit,2026-06-28T04:34:13Z
KRW-BTC,2024-07-14T00:00:00,2024-07-14T09:00:00,82901000,86000000,82860000,85430000,3162.562054,85430000,upbit,2026-06-28T04:34:13Z
KRW-BTC,2024-07-15T00:00:00,2024-07-15T09:00:00,85430000,91294000,85269000,91162000,5087.504768,91162000,upbit,2026-06-28T04:34:13Z
KRW-BTC,2024-07-16T00:00:00,2024-07-16T09:00:00,91162000,91544000,87300000,90807000,6229.900821,90807000,upbit,2026-06-28T04:34:13Z
KRW-BTC,2024-07-17T00:00:00,2024-07-17T09:00:00,90825000,92159000,89380000,89467000,3690.869429,89467000,upbit,2026-06-28T04:34:13Z
KRW-BTC,2024-07-18T00:00:00,2024-07-18T09:00:00,89464000,91200000,89049000,89850000,2571.165921,89850000,upbit,2026-06-28T04:34:13Z
KRW-BTC,2024-07-19T00:00:00,2024-07-19T09:00:00,89850000,94073000,88675000,93004000,4216.761047,93004000,upbit,2026-06-28T04:34:13Z
KRW-BTC,2024-07-20T00:00:00,2024-07-20T09:00:00,93004000,94624000,92736000,94065000,1966.82922,94065000,upbit,2026-06-28T04:34:13Z
KRW-BTC,2024-07-21T00:00:00,2024-07-21T09:00:00,94073000,95299000,92413000,95000000,2999.300042,95000000,upbit,2026-06-28T04:34:13Z
KRW-BTC,2024-07-22T00:00:00,2024-07-22T09:00:00,95000000,95353000,93050000,94357000,2864.068723,94357000,upbit,2026-06-28T04:34:13Z
KRW-BTC,2024-07-23T00:00:00,2024-07-23T09:00:00,94284000,94748000,92000000,92230000,3198.172668,92230000,upbit,2026-06-28T04:34:13Z
KRW-BTC,2024-07-24T00:00:00,2024-07-24T09:00:00,92224000,93494000,91051000,91501000,3120.287339,91501000,upbit,2026-06-28T04:34:13Z
KRW-BTC,2024-07-25T00:00:00,2024-07-25T09:00:00,91501000,93138000,89202000,92465000,4242.3426,92465000,upbit,2026-06-28T04:34:13Z
KRW-BTC,2024-07-26T00:00:00,2024-07-26T09:00:00,92475000,95000000,92286000,94727000,3254.872166,94727000,upbit,2026-06-28T04:34:13Z
KRW-BTC,2024-07-27T00:00:00,2024-07-27T09:00:00,94639000,96813000,93150000,94292000,4913.83842,94292000,upbit,2026-06-28T04:34:13Z
KRW-BTC,2024-07-28T00:00:00,2024-07-28T09:00:00,94341000,95380000,93600000,95363000,2056.698569,95363000,upbit,2026-06-28T04:34:13Z
KRW-BTC,2024-07-29T00:00:00,2024-07-29T09:00:00,95363000,97100000,93203000,93618000,4778.708281,93618000,upbit,2026-06-28T04:34:13Z
KRW-BTC,2024-07-30T00:00:00,2024-07-30T09:00:00,93605000,93878000,91825000,92788000,2825.618833,92788000,upbit,2026-06-28T04:34:13Z
KRW-BTC,2024-07-31T00:00:00,2024-07-31T09:00:00,92790000,93298000,90345000,90345000,3099.028443,90345000,upbit,2026-06-28T04:34:13Z
KRW-BTC,2024-08-01T00:00:00,2024-08-01T09:00:00,90346000,92300000,88001000,91789000,5048.045529,91789000,upbit,2026-06-28T04:34:13Z
KRW-BTC,2024-08-02T00:00:00,2024-08-02T09:00:00,91789000,92200000,86377000,86691000,5089.662503,86691000,upbit,2026-06-28T04:34:13Z
KRW-BTC,2024-08-03T00:00:00,2024-08-03T09:00:00,86691000,87690000,85000000,85957000,4059.375137,85957000,upbit,2026-06-28T04:34:13Z
KRW-BTC,2024-08-04T00:00:00,2024-08-04T09:00:00,85954000,86311000,81684000,81871000,4532.633978,81871000,upbit,2026-06-28T04:34:13Z
KRW-BTC,2024-08-05T00:00:00,2024-08-05T09:00:00,81871000,82256000,72100000,77833000,23878.79267,77833000,upbit,2026-06-28T04:34:13Z
KRW-BTC,2024-08-06T00:00:00,2024-08-06T09:00:00,77786000,82150000,77782000,80224000,7868.467001,80224000,upbit,2026-06-28T04:34:13Z
KRW-BTC,2024-08-07T00:00:00,2024-08-07T09:00:00,80166000,81950000,77782000,78388000,5316.477661,78388000,upbit,2026-06-28T04:34:13Z
KRW-BTC,2024-08-08T00:00:00,2024-08-08T09:00:00,78386000,87980000,77941000,86397000,7126.012696,86397000,upbit,2026-06-28T04:34:13Z
KRW-BTC,2024-08-09T00:00:00,2024-08-09T09:00:00,86397000,86704000,84000000,85518000,3892.859742,85518000,upbit,2026-06-28T04:34:13Z
KRW-BTC,2024-08-10T00:00:00,2024-08-10T09:00:00,85523000,86370000,84760000,85669000,1489.633875,85669000,upbit,2026-06-28T04:34:13Z
KRW-BTC,2024-08-11T00:00:00,2024-08-11T09:00:00,85669000,86424000,82208000,82815000,2669.172656,82815000,upbit,2026-06-28T04:34:13Z
KRW-BTC,2024-08-12T00:00:00,2024-08-12T09:00:00,82816000,85000000,81000000,83221000,5072.096721,83221000,upbit,2026-06-28T04:34:13Z
KRW-BTC,2024-08-13T00:00:00,2024-08-13T09:00:00,83207000,85770000,82050000,84600000,2989.812152,84600000,upbit,2026-06-28T04:34:13Z
KRW-BTC,2024-08-14T00:00:00,2024-08-14T09:00:00,84587000,85950000,82218000,82457000,3583.124953,82457000,upbit,2026-06-28T04:34:13Z
KRW-BTC,2024-08-15T00:00:00,2024-08-15T09:00:00,82440000,83555000,79500000,81004000,3986.431857,81004000,upbit,2026-06-28T04:34:13Z
KRW-BTC,2024-08-16T00:00:00,2024-08-16T09:00:00,81044000,83400000,80296000,82209000,2629.819076,82209000,upbit,2026-06-28T04:34:13Z
KRW-BTC,2024-08-17T00:00:00,2024-08-17T09:00:00,82185000,83000000,82042000,82849000,887.0764146,82849000,upbit,2026-06-28T04:34:13Z
KRW-BTC,2024-08-18T00:00:00,2024-08-18T09:00:00,82821000,83679000,81500000,81500000,1727.833713,81500000,upbit,2026-06-28T04:34:13Z
KRW-BTC,2024-08-19T00:00:00,2024-08-19T09:00:00,81500000,81915000,80100000,81680000,2644.341291,81680000,upbit,2026-06-28T04:34:13Z
KRW-BTC,2024-08-20T00:00:00,2024-08-20T09:00:00,81678000,83400000,80501000,80751000,3339.761125,80751000,upbit,2026-06-28T04:34:13Z
KRW-BTC,2024-08-21T00:00:00,2024-08-21T09:00:00,80751000,83600000,80567000,82900000,2882.785489,82900000,upbit,2026-06-28T04:34:13Z
KRW-BTC,2024-08-22T00:00:00,2024-08-22T09:00:00,82900000,83101000,81280000,82003000,2138.235685,82003000,upbit,2026-06-28T04:34:13Z
KRW-BTC,2024-08-23T00:00:00,2024-08-23T09:00:00,82012000,86500000,82002000,85600000,4485.272039,85600000,upbit,2026-06-28T04:34:13Z
KRW-BTC,2024-08-24T00:00:00,2024-08-24T09:00:00,85600000,86390000,85155000,85767000,2204.280318,85767000,upbit,2026-06-28T04:34:13Z
KRW-BTC,2024-08-25T00:00:00,2024-08-25T09:00:00,85807000,86979000,85410000,86254000,1698.816382,86254000,upbit,2026-06-28T04:34:13Z
KRW-BTC,2024-08-26T00:00:00,2024-08-26T09:00:00,86240000,86529000,84408000,84408000,2260.537399,84408000,upbit,2026-06-28T04:34:13Z
KRW-BTC,2024-08-27T00:00:00,2024-08-27T09:00:00,84408000,84794000,80121000,80950000,4066.749057,80950000,upbit,2026-06-28T04:34:13Z
KRW-BTC,2024-08-28T00:00:00,2024-08-28T09:00:00,80947000,81895000,79550000,80569000,3848.303642,80569000,upbit,2026-06-28T04:34:13Z
KRW-BTC,2024-08-29T00:00:00,2024-08-29T09:00:00,80618000,82700000,80151000,80790000,2539.082478,80790000,upbit,2026-06-28T04:34:13Z
KRW-BTC,2024-08-30T00:00:00,2024-08-30T09:00:00,80745000,81250000,79225000,80439000,2858.219805,80439000,upbit,2026-06-28T04:34:13Z
KRW-BTC,2024-08-31T00:00:00,2024-08-31T09:00:00,80439000,80823000,80009000,80262000,841.9958026,80262000,upbit,2026-06-28T04:34:13Z
KRW-BTC,2024-09-01T00:00:00,2024-09-01T09:00:00,80300000,80370000,78300000,78301000,2541.940422,78301000,upbit,2026-06-28T04:34:13Z
KRW-BTC,2024-09-02T00:00:00,2024-09-02T09:00:00,78303000,80610000,78235000,80205000,2207.598606,80205000,upbit,2026-06-28T04:34:13Z
KRW-BTC,2024-09-03T00:00:00,2024-09-03T09:00:00,80247000,81101000,78250000,78272000,2562.511724,78272000,upbit,2026-06-28T04:34:13Z
KRW-BTC,2024-09-04T00:00:00,2024-09-04T09:00:00,78270000,79300000,76248000,78739000,3895.413947,78739000,upbit,2026-06-28T04:34:13Z
KRW-BTC,2024-09-05T00:00:00,2024-09-05T09:00:00,78739000,79131000,76000000,76330000,2957.703391,76330000,upbit,2026-06-28T04:34:13Z
KRW-BTC,2024-09-06T00:00:00,2024-09-06T09:00:00,76330000,76860000,72200000,73644000,6081.771852,73644000,upbit,2026-06-28T04:34:13Z
KRW-BTC,2024-09-07T00:00:00,2024-09-07T09:00:00,73644000,74580000,73078000,73640000,1801.620275,73640000,upbit,2026-06-28T04:34:13Z
KRW-BTC,2024-09-08T00:00:00,2024-09-08T09:00:00,73640000,74880000,72992000,74437000,1592.040018,74437000,upbit,2026-06-28T04:34:13Z
KRW-BTC,2024-09-09T00:00:00,2024-09-09T09:00:00,74439000,78500000,74093000,77275000,3101.054865,77275000,upbit,2026-06-28T04:34:13Z
KRW-BTC,2024-09-10T00:00:00,2024-09-10T09:00:00,77275000,78485000,76432000,78089000,2189.560807,78089000,upbit,2026-06-28T04:34:13Z
KRW-BTC,2024-09-11T00:00:00,2024-09-11T09:00:00,78091000,78200000,75380000,77301000,3055.314038,77301000,upbit,2026-06-28T04:34:13Z
KRW-BTC,2024-09-12T00:00:00,2024-09-12T09:00:00,77361000,78830000,77300000,78269000,2510.012594,78269000,upbit,2026-06-28T04:34:13Z
KRW-BTC,2024-09-13T00:00:00,2024-09-13T09:00:00,78269000,81100000,77700000,80930000,2847.08605,80930000,upbit,2026-06-28T04:34:13Z
KRW-BTC,2024-09-14T00:00:00,2024-09-14T09:00:00,80930000,81174000,80040000,80524000,1324.444797,80524000,upbit,2026-06-28T04:34:13Z
KRW-BTC,2024-09-15T00:00:00,2024-09-15T09:00:00,80524000,81009000,79090000,79690000,1293.202548,79690000,upbit,2026-06-28T04:34:13Z
KRW-BTC,2024-09-16T00:00:00,2024-09-16T09:00:00,79691000,79860000,77740000,78469000,2425.499969,78469000,upbit,2026-06-28T04:34:13Z
KRW-BTC,2024-09-17T00:00:00,2024-09-17T09:00:00,78468000,82364000,77774000,81116000,3063.500913,81116000,upbit,2026-06-28T04:34:13Z
KRW-BTC,2024-09-18T00:00:00,2024-09-18T09:00:00,81116000,82618000,80008000,82604000,3362.150138,82604000,upbit,2026-06-28T04:34:13Z
KRW-BTC,2024-09-19T00:00:00,2024-09-19T09:00:00,82603000,85000000,82286000,83892000,4549.027346,83892000,upbit,2026-06-28T04:34:13Z
KRW-BTC,2024-09-20T00:00:00,2024-09-20T09:00:00,83891000,85478000,83377000,84385000,3257.118299,84385000,upbit,2026-06-28T04:34:13Z
KRW-BTC,2024-09-21T00:00:00,2024-09-21T09:00:00,84384000,84750000,84000000,84425000,1066.570673,84425000,upbit,2026-06-28T04:34:13Z
KRW-BTC,2024-09-22T00:00:00,2024-09-22T09:00:00,84429000,85500000,83401000,84829000,1869.261199,84829000,upbit,2026-06-28T04:34:13Z
KRW-BTC,2024-09-23T00:00:00,2024-09-23T09:00:00,84838000,86250000,83832000,84631000,2655.343887,84631000,upbit,2026-06-28T04:34:13Z
KRW-BTC,2024-09-24T00:00:00,2024-09-24T09:00:00,84630000,85750000,84009000,85248000,1998.915613,85248000,upbit,2026-06-28T04:34:13Z
KRW-BTC,2024-09-25T00:00:00,2024-09-25T09:00:00,85248000,85950000,84220000,84362000,1821.462931,84362000,upbit,2026-06-28T04:34:13Z
KRW-BTC,2024-09-26T00:00:00,2024-09-26T09:00:00,84362000,86602000,83800000,86000000,2865.16236,86000000,upbit,2026-06-28T04:34:13Z
KRW-BTC,2024-09-27T00:00:00,2024-09-27T09:00:00,85948000,87410000,85877000,86958000,2462.852155,86958000,upbit,2026-06-28T04:34:13Z
KRW-BTC,2024-09-28T00:00:00,2024-09-28T09:00:00,86958000,87250000,86003000,86732000,1483.005088,86732000,upbit,2026-06-28T04:34:13Z
KRW-BTC,2024-09-29T00:00:00,2024-09-29T09:00:00,86731000,86891000,85800000,85958000,1188.414122,85958000,upbit,2026-06-28T04:34:13Z
KRW-BTC,2024-09-30T00:00:00,2024-09-30T09:00:00,85958000,85958000,83061000,83730000,3131.322749,83730000,upbit,2026-06-28T04:34:13Z
KRW-BTC,2024-10-01T00:00:00,2024-10-01T09:00:00,83730000,84884000,80844000,81500000,4057.422972,81500000,upbit,2026-06-28T04:34:13Z
KRW-BTC,2024-10-02T00:00:00,2024-10-02T09:00:00,81500000,83300000,80940000,81707000,2890.804708,81707000,upbit,2026-06-28T04:34:13Z
KRW-BTC,2024-10-03T00:00:00,2024-10-03T09:00:00,81707000,82700000,81302000,82424000,1821.575401,82424000,upbit,2026-06-28T04:34:13Z
KRW-BTC,2024-10-04T00:00:00,2024-10-04T09:00:00,82401000,84300000,82038000,83805000,2177.108477,83805000,upbit,2026-06-28T04:34:13Z
KRW-BTC,2024-10-05T00:00:00,2024-10-05T09:00:00,83804000,84190000,83511000,83956000,776.7653261,83956000,upbit,2026-06-28T04:34:13Z
KRW-BTC,2024-10-06T00:00:00,2024-10-06T09:00:00,83997000,84710000,83600000,84533000,990.9887022,84533000,upbit,2026-06-28T04:34:13Z
KRW-BTC,2024-10-07T00:00:00,2024-10-07T09:00:00,84436000,86301000,83884000,83942000,2788.214918,83942000,upbit,2026-06-28T04:34:13Z
KRW-BTC,2024-10-08T00:00:00,2024-10-08T09:00:00,83942000,85270000,83848000,84139000,1438.913807,84139000,upbit,2026-06-28T04:34:13Z
KRW-BTC,2024-10-09T00:00:00,2024-10-09T09:00:00,84139000,84500000,82187000,82385000,1623.298359,82385000,upbit,2026-06-28T04:34:13Z
KRW-BTC,2024-10-10T00:00:00,2024-10-10T09:00:00,82383000,83127000,80635000,82131000,2261.630714,82131000,upbit,2026-06-28T04:34:13Z
KRW-BTC,2024-10-11T00:00:00,2024-10-11T09:00:00,82131000,85474000,81749000,84451000,2292.251747,84451000,upbit,2026-06-28T04:34:13Z
KRW-BTC,2024-10-12T00:00:00,2024-10-12T09:00:00,84450000,85250000,84330000,84956000,1236.133036,84956000,upbit,2026-06-28T04:34:13Z
KRW-BTC,2024-10-13T00:00:00,2024-10-13T09:00:00,84997000,85181000,83890000,84806000,1007.643283,84806000,upbit,2026-06-28T04:34:13Z
KRW-BTC,2024-10-14T00:00:00,2024-10-14T09:00:00,84782000,88963000,84300000,88640000,4502.937665,88640000,upbit,2026-06-28T04:34:13Z
KRW-BTC,2024-10-15T00:00:00,2024-10-15T09:00:00,88640000,91531000,87510000,90600000,5320.080654,90600000,upbit,2026-06-28T04:34:13Z
KRW-BTC,2024-10-16T00:00:00,2024-10-16T09:00:00,90518000,92350000,90194000,91610000,3290.954672,91610000,upbit,2026-06-28T04:34:13Z
KRW-BTC,2024-10-17T00:00:00,2024-10-17T09:00:00,91610000,92000000,91150000,91725000,2166.901721,91725000,upbit,2026-06-28T04:34:13Z
KRW-BTC,2024-10-18T00:00:00,2024-10-18T09:00:00,91758000,93697000,91510000,93330000,2703.403456,93330000,upbit,2026-06-28T04:34:13Z
KRW-BTC,2024-10-19T00:00:00,2024-10-19T09:00:00,93358000,93593000,92769000,93322000,1204.143661,93322000,upbit,2026-06-28T04:34:13Z
KRW-BTC,2024-10-20T00:00:00,2024-10-20T09:00:00,93322000,94299000,92956000,93901000,1766.031067,93901000,upbit,2026-06-28T04:34:13Z
KRW-BTC,2024-10-21T00:00:00,2024-10-21T09:00:00,93901000,94456000,91459000,92161000,3492.669548,92161000,upbit,2026-06-28T04:34:13Z
KRW-BTC,2024-10-22T00:00:00,2024-10-22T09:00:00,92161000,93380000,91090000,92877000,2390.903386,92877000,upbit,2026-06-28T04:34:13Z
KRW-BTC,2024-10-23T00:00:00,2024-10-23T09:00:00,92877000,93000000,90860000,92375000,2169.770762,92375000,upbit,2026-06-28T04:34:13Z
KRW-BTC,2024-10-24T00:00:00,2024-10-24T09:00:00,92375000,94699000,92080000,94077000,2468.543082,94077000,upbit,2026-06-28T04:34:13Z
KRW-BTC,2024-10-25T00:00:00,2024-10-25T09:00:00,94077000,95143000,92432000,93762000,3453.269479,93762000,upbit,2026-06-28T04:34:13Z
KRW-BTC,2024-10-26T00:00:00,2024-10-26T09:00:00,93762000,94298000,93297000,93993000,1181.958312,93993000,upbit,2026-06-28T04:34:13Z
KRW-BTC,2024-10-27T00:00:00,2024-10-27T09:00:00,93993000,95120000,93900000,94819000,1412.773646,94819000,upbit,2026-06-28T04:34:13Z
KRW-BTC,2024-10-28T00:00:00,2024-10-28T09:00:00,94824000,97714000,94520000,97401000,3447.089685,97401000,upbit,2026-06-28T04:34:13Z
KRW-BTC,2024-10-29T00:00:00,2024-10-29T09:00:00,97401000,102158000,97200000,101305000,5694.581797,101305000,upbit,2026-06-28T04:34:13Z
KRW-BTC,2024-10-30T00:00:00,2024-10-30T09:00:00,101300000,101305000,99135000,100571000,3437.315968,100571000,upbit,2026-06-28T04:34:13Z
KRW-BTC,2024-10-31T00:00:00,2024-10-31T09:00:00,100571000,100893000,97300000,98112000,3670.226633,98112000,upbit,2026-06-28T04:34:13Z
KRW-BTC,2024-11-01T00:00:00,2024-11-01T09:00:00,98112000,99758000,95520000,97285000,4850.882603,97285000,upbit,2026-06-28T04:34:13Z
KRW-BTC,2024-11-02T00:00:00,2024-11-02T09:00:00,97331000,97999000,96825000,97205000,1419.210633,97205000,upbit,2026-06-28T04:34:13Z
KRW-BTC,2024-11-03T00:00:00,2024-11-03T09:00:00,97205000,97232000,93905000,95883000,4358.157137,95883000,upbit,2026-06-28T04:34:13Z
KRW-BTC,2024-11-04T00:00:00,2024-11-04T09:00:00,95987000,96803000,93083000,94289000,3556.891819,94289000,upbit,2026-06-28T04:34:13Z
KRW-BTC,2024-11-05T00:00:00,2024-11-05T09:00:00,94289000,98074000,93958000,96170000,4785.817508,96170000,upbit,2026-06-28T04:34:13Z
KRW-BTC,2024-11-06T00:00:00,2024-11-06T09:00:00,96196000,104395000,96104000,104085000,17173.68278,104085000,upbit,2026-06-28T04:34:13Z
KRW-BTC,2024-11-07T00:00:00,2024-11-07T09:00:00,104085000,104999000,102290000,104115000,5517.189748,104115000,upbit,2026-06-28T04:34:13Z
KRW-BTC,2024-11-08T00:00:00,2024-11-08T09:00:00,104177000,107591000,104109000,106843000,5104.855742,106843000,upbit,2026-06-28T04:34:13Z
KRW-BTC,2024-11-09T00:00:00,2024-11-09T09:00:00,106845000,106990000,105873000,106294000,2702.452888,106294000,upbit,2026-06-28T04:34:13Z
KRW-BTC,2024-11-10T00:00:00,2024-11-10T09:00:00,106294000,112470000,106050000,111440000,8111.036561,111440000,upbit,2026-06-28T04:34:13Z
KRW-BTC,2024-11-11T00:00:00,2024-11-11T09:00:00,111440000,125073000,111273000,124503000,12056.83132,124503000,upbit,2026-06-28T04:34:13Z
KRW-BTC,2024-11-12T00:00:00,2024-11-12T09:00:00,124476000,128010000,118864000,124967000,17037.75956,124967000,upbit,2026-06-28T04:34:13Z
KRW-BTC,2024-11-13T00:00:00,2024-11-13T09:00:00,124951000,131041000,122771000,128111000,11214.08049,128111000,upbit,2026-06-28T04:34:13Z
KRW-BTC,2024-11-14T00:00:00,2024-11-14T09:00:00,128111000,130500000,121674000,123572000,9173.079839,123572000,upbit,2026-06-28T04:34:13Z
KRW-BTC,2024-11-15T00:00:00,2024-11-15T09:00:00,123543000,128950000,123370000,128236000,5943.509157,128236000,upbit,2026-06-28T04:34:13Z
KRW-BTC,2024-11-16T00:00:00,2024-11-16T09:00:00,128128000,129103000,126090000,127071000,3914.096487,127071000,upbit,2026-06-28T04:34:13Z
KRW-BTC,2024-11-17T00:00:00,2024-11-17T09:00:00,127130000,128000000,125252000,126472000,3321.825834,126472000,upbit,2026-06-28T04:34:13Z
KRW-BTC,2024-11-18T00:00:00,2024-11-18T09:00:00,126469000,128895000,126133000,127142000,5182.389069,127142000,upbit,2026-06-28T04:34:13Z
KRW-BTC,2024-11-19T00:00:00,2024-11-19T09:00:00,127142000,130998000,127050000,129720000,5034.840941,129720000,upbit,2026-06-28T04:34:13Z
KRW-BTC,2024-11-20T00:00:00,2024-11-20T09:00:00,129711000,133328000,128448000,133180000,5931.3543,133180000,upbit,2026-06-28T04:34:13Z
KRW-BTC,2024-11-21T00:00:00,2024-11-21T09:00:00,133180000,138707000,133001000,137050000,10359.96751,137050000,upbit,2026-06-28T04:34:13Z
KRW-BTC,2024-11-22T00:00:00,2024-11-22T09:00:00,137050000,138770000,129500000,136879000,8879.194777,136879000,upbit,2026-06-28T04:34:13Z
KRW-BTC,2024-11-23T00:00:00,2024-11-23T09:00:00,136879000,137178000,134195000,136000000,4775.602385,136000000,upbit,2026-06-28T04:34:13Z
KRW-BTC,2024-11-24T00:00:00,2024-11-24T09:00:00,136000000,137000000,131501000,136096000,6366.611459,136096000,upbit,2026-06-28T04:34:13Z
KRW-BTC,2024-11-25T00:00:00,2024-11-25T09:00:00,136110000,136169000,129688000,129791000,5347.739384,129791000,upbit,2026-06-28T04:34:13Z
KRW-BTC,2024-11-26T00:00:00,2024-11-26T09:00:00,129791000,132579000,127416000,128783000,7063.28251,128783000,upbit,2026-06-28T04:34:13Z
KRW-BTC,2024-11-27T00:00:00,2024-11-27T09:00:00,128800000,134300000,127900000,132999000,4363.008294,132999000,upbit,2026-06-28T04:34:13Z
KRW-BTC,2024-11-28T00:00:00,2024-11-28T09:00:00,132999000,134577000,131438000,133138000,2941.11027,133138000,upbit,2026-06-28T04:34:13Z
KRW-BTC,2024-11-29T00:00:00,2024-11-29T09:00:00,133144000,136274000,132850000,134542000,3455.810254,134542000,upbit,2026-06-28T04:34:13Z
KRW-BTC,2024-11-30T00:00:00,2024-11-30T09:00:00,134542000,134809000,133600000,133701000,2374.866974,133701000,upbit,2026-06-28T04:34:13Z
KRW-BTC,2024-12-01T00:00:00,2024-12-01T09:00:00,133722000,135199000,133297000,133802000,2835.146498,133802000,upbit,2026-06-28T04:34:13Z
KRW-BTC,2024-12-02T00:00:00,2024-12-02T09:00:00,133802000,135800000,132260000,133535000,5356.774825,133535000,upbit,2026-06-28T04:34:13Z
KRW-BTC,2024-12-03T00:00:00,2024-12-03T09:00:00,133523000,134680000,88266000,133700000,18097.08426,133700000,upbit,2026-06-28T04:34:13Z
KRW-BTC,2024-12-04T00:00:00,2024-12-04T09:00:00,133720000,139920000,133499000,138760000,6969.870812,138760000,upbit,2026-06-28T04:34:13Z
KRW-BTC,2024-12-05T00:00:00,2024-12-05T09:00:00,138765000,146100000,134000000,137501000,13579.28987,137501000,upbit,2026-06-28T04:34:13Z
KRW-BTC,2024-12-06T00:00:00,2024-12-06T09:00:00,137501000,141502000,136000000,139340000,6179.758102,139340000,upbit,2026-06-28T04:34:13Z
KRW-BTC,2024-12-07T00:00:00,2024-12-07T09:00:00,139402000,140411000,137698000,138960000,2646.580944,138960000,upbit,2026-06-28T04:34:13Z
KRW-BTC,2024-12-08T00:00:00,2024-12-08T09:00:00,138970000,141400000,138620000,141005000,2575.925339,141005000,upbit,2026-06-28T04:34:13Z
KRW-BTC,2024-12-09T00:00:00,2024-12-09T09:00:00,141056000,141399000,135900000,138864000,6238.332367,138864000,upbit,2026-06-28T04:34:13Z
KRW-BTC,2024-12-10T00:00:00,2024-12-10T09:00:00,138934000,140000000,135490000,138205000,5715.110685,138205000,upbit,2026-06-28T04:34:13Z
KRW-BTC,2024-12-11T00:00:00,2024-12-11T09:00:00,138205000,144276000,136500000,143111000,5786.50262,143111000,upbit,2026-06-28T04:34:13Z
KRW-BTC,2024-12-12T00:00:00,2024-12-12T09:00:00,143111000,145000000,142000000,142757000,4109.653345,142757000,upbit,2026-06-28T04:34:13Z
KRW-BTC,2024-12-13T00:00:00,2024-12-13T09:00:00,142780000,144865000,142001000,144402000,2524.281899,144402000,upbit,2026-06-28T04:34:13Z
KRW-BTC,2024-12-14T00:00:00,2024-12-14T09:00:00,144432000,146051000,143973000,145927000,3195.756703,145927000,upbit,2026-06-28T04:34:13Z
KRW-BTC,2024-12-15T00:00:00,2024-12-15T09:00:00,145927000,150000000,145684000,149243000,4680.013286,149243000,upbit,2026-06-28T04:34:13Z
KRW-BTC,2024-12-16T00:00:00,2024-12-16T09:00:00,149243000,154924000,149016000,153403000,7128.617711,153403000,upbit,2026-06-28T04:34:13Z
KRW-BTC,2024-12-17T00:00:00,2024-12-17T09:00:00,153403000,157198000,152885000,155223000,6186.280343,155223000,upbit,2026-06-28T04:34:13Z
KRW-BTC,2024-12-18T00:00:00,2024-12-18T09:00:00,155222000,155949000,147189000,147754000,8610.822704,147754000,upbit,2026-06-28T04:34:13Z
KRW-BTC,2024-12-19T00:00:00,2024-12-19T09:00:00,147753000,153299000,145000000,147474000,8471.892725,147474000,upbit,2026-06-28T04:34:13Z
KRW-BTC,2024-12-20T00:00:00,2024-12-20T09:00:00,147474000,148460000,139800000,148138000,11567.34621,148138000,upbit,2026-06-28T04:34:13Z
KRW-BTC,2024-12-21T00:00:00,2024-12-21T09:00:00,148138000,149700000,145249000,147830000,3714.248053,147830000,upbit,2026-06-28T04:34:13Z
KRW-BTC,2024-12-22T00:00:00,2024-12-22T09:00:00,147836000,147950000,143850000,144800000,2605.074935,144800000,upbit,2026-06-28T04:34:13Z
KRW-BTC,2024-12-23T00:00:00,2024-12-23T09:00:00,144802000,146200000,140487000,142901000,4913.290534,142901000,upbit,2026-06-28T04:34:13Z
KRW-BTC,2024-12-24T00:00:00,2024-12-24T09:00:00,142901000,148148000,141000000,146831000,4333.330992,146831000,upbit,2026-06-28T04:34:13Z
KRW-BTC,2024-12-25T00:00:00,2024-12-25T09:00:00,146832000,148566000,145395000,148081000,2911.454466,148081000,upbit,2026-06-28T04:34:13Z
KRW-BTC,2024-12-26T00:00:00,2024-12-26T09:00:00,148216000,149000000,143175000,144076000,3432.78443,144076000,upbit,2026-06-28T04:34:13Z
KRW-BTC,2024-12-27T00:00:00,2024-12-27T09:00:00,144016000,146117000,141466000,142111000,3231.263284,142111000,upbit,2026-06-28T04:34:13Z
KRW-BTC,2024-12-28T00:00:00,2024-12-28T09:00:00,142107000,143000000,141487000,142302000,1311.563873,142302000,upbit,2026-06-28T04:34:13Z
KRW-BTC,2024-12-29T00:00:00,2024-12-29T09:00:00,142306000,142380000,138600000,139735000,2180.406377,139735000,upbit,2026-06-28T04:34:13Z
KRW-BTC,2024-12-30T00:00:00,2024-12-30T09:00:00,139831000,140680000,135971000,137892000,3767.669781,137892000,upbit,2026-06-28T04:34:13Z
KRW-BTC,2024-12-31T00:00:00,2024-12-31T09:00:00,137865000,143483000,136032000,139257000,3707.459819,139257000,upbit,2026-06-28T04:34:13Z
KRW-BTC,2025-01-01T00:00:00,2025-01-01T09:00:00,139394000,141631000,139000000,141320000,1854.538571,141320000,upbit,2026-06-28T04:34:13Z
KRW-BTC,2025-01-02T00:00:00,2025-01-02T09:00:00,141322000,144826000,140920000,143848000,3042.229897,143848000,upbit,2026-06-28T04:34:13Z
KRW-BTC,2025-01-03T00:00:00,2025-01-03T09:00:00,143848000,145755000,142619000,144655000,2373.014579,144655000,upbit,2026-06-28T04:34:13Z
KRW-BTC,2025-01-04T00:00:00,2025-01-04T09:00:00,144653000,145500000,144073000,144745000,1445.66845,144745000,upbit,2026-06-28T04:34:13Z
KRW-BTC,2025-01-05T00:00:00,2025-01-05T09:00:00,144767000,145357000,143513000,144700000,1416.065383,144700000,upbit,2026-06-28T04:34:13Z
KRW-BTC,2025-01-06T00:00:00,2025-01-06T09:00:00,144731000,150300000,144481000,150264000,3608.965202,150264000,upbit,2026-06-28T04:34:13Z
KRW-BTC,2025-01-07T00:00:00,2025-01-07T09:00:00,150255000,151000000,143500000,144789000,4327.711623,144789000,upbit,2026-06-28T04:34:13Z
KRW-BTC,2025-01-08T00:00:00,2025-01-08T09:00:00,144789000,145161000,140919000,142368000,4096.89544,142368000,upbit,2026-06-28T04:34:13Z
KRW-BTC,2025-01-09T00:00:00,2025-01-09T09:00:00,142375000,142776000,138810000,139740000,3561.45576,139740000,upbit,2026-06-28T04:34:13Z
KRW-BTC,2025-01-10T00:00:00,2025-01-10T09:00:00,139748000,143886000,139687000,142457000,3145.421156,142457000,upbit,2026-06-28T04:34:13Z
KRW-BTC,2025-01-11T00:00:00,2025-01-11T09:00:00,142614000,142617000,141175000,141771000,1137.286503,141771000,upbit,2026-06-28T04:34:13Z
KRW-BTC,2025-01-12T00:00:00,2025-01-12T09:00:00,141768000,143245000,141002000,142086000,1181.136999,142086000,upbit,2026-06-28T04:34:13Z
KRW-BTC,2025-01-13T00:00:00,2025-01-13T09:00:00,142074000,143500000,137500000,142108000,4243.489921,142108000,upbit,2026-06-28T04:34:13Z
KRW-BTC,2025-01-14T00:00:00,2025-01-14T09:00:00,142108000,144999000,141684000,143501000,2548.983111,143501000,upbit,2026-06-28T04:34:13Z
KRW-BTC,2025-01-15T00:00:00,2025-01-15T09:00:00,143546000,147724000,142997000,147309000,3708.08865,147309000,upbit,2026-06-28T04:34:13Z
KRW-BTC,2025-01-16T00:00:00,2025-01-16T09:00:00,147309000,147804000,144102000,146670000,3192.450194,146670000,upbit,2026-06-28T04:34:13Z
KRW-BTC,2025-01-17T00:00:00,2025-01-17T09:00:00,146750000,155509000,146661000,152345000,4834.721595,152345000,upbit,2026-06-28T04:34:13Z
KRW-BTC,2025-01-18T00:00:00,2025-01-18T09:00:00,152434000,156530000,151533000,155801000,3748.133802,155801000,upbit,2026-06-28T04:34:13Z
KRW-BTC,2025-01-19T00:00:00,2025-01-19T09:00:00,155720000,159999000,150903000,154000000,7113.546553,154000000,upbit,2026-06-28T04:34:13Z
KRW-BTC,2025-01-20T00:00:00,2025-01-20T09:00:00,154000000,163325000,151518000,153225000,10945.25325,153225000,upbit,2026-06-28T04:34:13Z
KRW-BTC,2025-01-21T00:00:00,2025-01-21T09:00:00,153225000,158490000,151038000,157571000,4441.84077,157571000,upbit,2026-06-28T04:34:13Z
KRW-BTC,2025-01-22T00:00:00,2025-01-22T09:00:00,157571000,157791000,154486000,154999000,2227.733369,154999000,upbit,2026-06-28T04:34:13Z
KRW-BTC,2025-01-23T00:00:00,2025-01-23T09:00:00,154999000,158920000,152000000,155112000,4954.030265,155112000,upbit,2026-06-28T04:34:13Z
KRW-BTC,2025-01-24T00:00:00,2025-01-24T09:00:00,155112000,159000000,154000000,157146000,2922.352401,157146000,upbit,2026-06-28T04:34:13Z
KRW-BTC,2025-01-25T00:00:00,2025-01-25T09:00:00,157170000,157832000,156889000,157200000,1044.63298,157200000,upbit,2026-06-28T04:34:13Z
KRW-BTC,2025-01-26T00:00:00,2025-01-26T09:00:00,157200000,157933000,156000000,156100000,1222.937086,156100000,upbit,2026-06-28T04:34:13Z
KRW-BTC,2025-01-27T00:00:00,2025-01-27T09:00:00,156100000,157075000,151260000,154919000,5043.136558,154919000,upbit,2026-06-28T04:34:13Z
KRW-BTC,2025-01-28T00:00:00,2025-01-28T09:00:00,154919000,156658000,153782000,155919000,1883.024672,155919000,upbit,2026-06-28T04:34:13Z
KRW-BTC,2025-01-29T00:00:00,2025-01-29T09:00:00,155919000,159455000,155765000,158859000,2110.06837,158859000,upbit,2026-06-28T04:34:13Z
KRW-BTC,2025-01-30T00:00:00,2025-01-30T09:00:00,158859000,160559000,157860000,158139000,2346.609902,158139000,upbit,2026-06-28T04:34:13Z
KRW-BTC,2025-01-31T00:00:00,2025-01-31T09:00:00,158182000,159669000,155600000,156580000,2143.157461,156580000,upbit,2026-06-28T04:34:13Z
KRW-BTC,2025-02-01T00:00:00,2025-02-01T09:00:00,156580000,158090000,155888000,157330000,1638.45949,157330000,upbit,2026-06-28T04:34:13Z
KRW-BTC,2025-02-02T00:00:00,2025-02-02T09:00:00,157399000,157925000,152477000,154000000,4152.764715,154000000,upbit,2026-06-28T04:34:13Z
KRW-BTC,2025-02-03T00:00:00,2025-02-03T09:00:00,154000000,160304000,145000000,158217000,10213.11728,158217000,upbit,2026-06-28T04:34:13Z
KRW-BTC,2025-02-04T00:00:00,2025-02-04T09:00:00,158217000,159439000,153000000,154122000,3536.849292,154122000,upbit,2026-06-28T04:34:13Z
KRW-BTC,2025-02-05T00:00:00,2025-02-05T09:00:00,154140000,155662000,151000000,151450000,1950.48905,151450000,upbit,2026-06-28T04:34:13Z
KRW-BTC,2025-02-06T00:00:00,2025-02-06T09:00:00,151450000,153925000,150011000,151356000,1873.914568,151356000,upbit,2026-06-28T04:34:13Z
KRW-BTC,2025-02-07T00:00:00,2025-02-07T09:00:00,151359000,154000000,148730000,149601000,2959.78108,149601000,upbit,2026-06-28T04:34:13Z
KRW-BTC,2025-02-08T00:00:00,2025-02-08T09:00:00,149602000,150220000,147994000,148803000,1087.257028,148803000,upbit,2026-06-28T04:34:13Z
KRW-BTC,2025-02-09T00:00:00,2025-02-09T09:00:00,148873000,149819000,146197000,147579000,1566.083571,147579000,upbit,2026-06-28T04:34:13Z
KRW-BTC,2025-02-10T00:00:00,2025-02-10T09:00:00,147602000,148830000,146000000,147724000,1480.957658,147724000,upbit,2026-06-28T04:34:13Z
KRW-BTC,2025-02-11T00:00:00,2025-02-11T09:00:00,147812000,148750000,145112000,146020000,1689.795504,146020000,upbit,2026-06-28T04:34:13Z
KRW-BTC,2025-02-12T00:00:00,2025-02-12T09:00:00,146034000,148266000,143429000,147846000,2370.967146,147846000,upbit,2026-06-28T04:34:13Z
KRW-BTC,2025-02-13T00:00:00,2025-02-13T09:00:00,147846000,148155000,144580000,145877000,1343.163095,145877000,upbit,2026-06-28T04:34:13Z
KRW-BTC,2025-02-14T00:00:00,2025-02-14T09:00:00,145802000,148120000,145270000,146551000,1448.408038,146551000,upbit,2026-06-28T04:34:13Z
KRW-BTC,2025-02-15T00:00:00,2025-02-15T09:00:00,146551000,147720000,146200000,147501000,734.6826393,147501000,upbit,2026-06-28T04:34:13Z
KRW-BTC,2025-02-16T00:00:00,2025-02-16T09:00:00,147503000,147598000,145484000,145625000,677.2637954,145625000,upbit,2026-06-28T04:34:13Z
KRW-BTC,2025-02-17T00:00:00,2025-02-17T09:00:00,145625000,145980000,144139000,144390000,1275.409083,144390000,upbit,2026-06-28T04:34:13Z
KRW-BTC,2025-02-18T00:00:00,2025-02-18T09:00:00,144390000,145352000,141104000,143728000,1772.045838,143728000,upbit,2026-06-28T04:34:13Z
KRW-BTC,2025-02-19T00:00:00,2025-02-19T09:00:00,143760000,144743000,142250000,144312000,1075.554504,144312000,upbit,2026-06-28T04:34:13Z
KRW-BTC,2025-02-20T00:00:00,2025-02-20T09:00:00,144314000,146000000,143689000,145719000,943.7104322,145719000,upbit,2026-06-28T04:34:13Z
KRW-BTC,2025-02-21T00:00:00,2025-02-21T09:00:00,145719000,146400000,141334000,142859000,1820.414645,142859000,upbit,2026-06-28T04:34:13Z
KRW-BTC,2025-02-22T00:00:00,2025-02-22T09:00:00,142891000,143191000,141988000,142300000,701.4961608,142300000,upbit,2026-06-28T04:34:13Z
KRW-BTC,2025-02-23T00:00:00,2025-02-23T09:00:00,142364000,142500000,140019000,141364000,1103.200391,141364000,upbit,2026-06-28T04:34:13Z
KRW-BTC,2025-02-24T00:00:00,2025-02-24T09:00:00,141371000,141572000,131800000,132135000,5104.814584,132135000,upbit,2026-06-28T04:34:13Z
KRW-BTC,2025-02-25T00:00:00,2025-02-25T09:00:00,132135000,134899000,125004000,129715000,9063.168122,129715000,upbit,2026-06-28T04:34:13Z
KRW-BTC,2025-02-26T00:00:00,2025-02-26T09:00:00,129715000,130000000,120723000,122784000,4911.987685,122784000,upbit,2026-06-28T04:34:13Z
KRW-BTC,2025-02-27T00:00:00,2025-02-27T09:00:00,122775000,127493000,121500000,124331000,3832.782983,124331000,upbit,2026-06-28T04:34:13Z
KRW-BTC,2025-02-28T00:00:00,2025-02-28T09:00:00,124404000,125411000,116504000,124499000,8051.741554,124499000,upbit,2026-06-28T04:34:13Z
KRW-BTC,2025-03-01T00:00:00,2025-03-01T09:00:00,124499000,128980000,123342000,128320000,3200.777683,128320000,upbit,2026-06-28T04:34:13Z
KRW-BTC,2025-03-02T00:00:00,2025-03-02T09:00:00,128320000,143708000,126464000,142500000,8085.804402,142500000,upbit,2026-06-28T04:34:13Z
KRW-BTC,2025-03-03T00:00:00,2025-03-03T09:00:00,142500000,142950000,128097000,130094000,7256.173611,130094000,upbit,2026-06-28T04:34:13Z
KRW-BTC,2025-03-04T00:00:00,2025-03-04T09:00:00,130110000,133790000,123473000,130430000,5728.370124,130430000,upbit,2026-06-28T04:34:13Z
KRW-BTC,2025-03-05T00:00:00,2025-03-05T09:00:00,130368000,136459000,128980000,134990000,3700.440525,134990000,upbit,2026-06-28T04:34:13Z
KRW-BTC,2025-03-06T00:00:00,2025-03-06T09:00:00,134990000,138321000,131220000,133870000,3705.989064,133870000,upbit,2026-06-28T04:34:13Z
KRW-BTC,2025-03-07T00:00:00,2025-03-07T09:00:00,133858000,135900000,127470000,129522000,5361.617395,129522000,upbit,2026-06-28T04:34:13Z
KRW-BTC,2025-03-08T00:00:00,2025-03-08T09:00:00,129522000,129998000,127390000,128531000,1365.922998,128531000,upbit,2026-06-28T04:34:13Z
KRW-BTC,2025-03-09T00:00:00,2025-03-09T09:00:00,128579000,128950000,119864000,121111000,3764.543748,121111000,upbit,2026-06-28T04:34:13Z
KRW-BTC,2025-03-10T00:00:00,2025-03-10T09:00:00,121039000,124910000,116355000,117477000,6052.619667,117477000,upbit,2026-06-28T04:34:13Z
KRW-BTC,2025-03-11T00:00:00,2025-03-11T09:00:00,117495000,123918000,114763000,123232000,5825.712696,123232000,upbit,2026-06-28T04:34:13Z
KRW-BTC,2025-03-12T00:00:00,2025-03-12T09:00:00,123232000,125300000,120153000,123871000,3356.813939,123871000,upbit,2026-06-28T04:34:13Z
KRW-BTC,2025-03-13T00:00:00,2025-03-13T09:00:00,123871000,124600000,119000000,120216000,2477.678515,120216000,upbit,2026-06-28T04:34:13Z
KRW-BTC,2025-03-14T00:00:00,2025-03-14T09:00:00,120216000,125500000,119737000,123878000,2090.052723,123878000,upbit,2026-06-28T04:34:13Z
KRW-BTC,2025-03-15T00:00:00,2025-03-15T09:00:00,123855000,124896000,123200000,124000000,963.9503195,124000000,upbit,2026-06-28T04:34:13Z
KRW-BTC,2025-03-16T00:00:00,2025-03-16T09:00:00,124013000,125000000,121020000,121749000,1606.157776,121749000,upbit,2026-06-28T04:34:13Z
KRW-BTC,2025-03-17T00:00:00,2025-03-17T09:00:00,121720000,123660000,121260000,122801000,1168.997461,122801000,upbit,2026-06-28T04:34:13Z
KRW-BTC,2025-03-18T00:00:00,2025-03-18T09:00:00,122801000,122888000,119550000,121272000,1657.370707,121272000,upbit,2026-06-28T04:34:13Z
KRW-BTC,2025-03-19T00:00:00,2025-03-19T09:00:00,121272000,127625000,120939000,127194000,2393.849686,127194000,upbit,2026-06-28T04:34:13Z
KRW-BTC,2025-03-20T00:00:00,2025-03-20T09:00:00,127194000,128495000,123910000,124297000,2192.802522,124297000,upbit,2026-06-28T04:34:13Z
KRW-BTC,2025-03-21T00:00:00,2025-03-21T09:00:00,124329000,125138000,123228000,124500000,1077.292888,124500000,upbit,2026-06-28T04:34:13Z
KRW-BTC,2025-03-22T00:00:00,2025-03-22T09:00:00,124500000,124890000,124000000,124150000,475.0285525,124150000,upbit,2026-06-28T04:34:13Z
KRW-BTC,2025-03-23T00:00:00,2025-03-23T09:00:00,124150000,126938000,124026000,126937000,799.4058756,126937000,upbit,2026-06-28T04:34:13Z
KRW-BTC,2025-03-24T00:00:00,2025-03-24T09:00:00,126912000,130989000,126196000,128890000,2523.900728,128890000,upbit,2026-06-28T04:34:13Z
KRW-BTC,2025-03-25T00:00:00,2025-03-25T09:00:00,128890000,130000000,127502000,128823000,1539.023817,128823000,upbit,2026-06-28T04:34:13Z
KRW-BTC,2025-03-26T00:00:00,2025-03-26T09:00:00,128822000,130207000,127200000,128556000,1340.282425,128556000,upbit,2026-06-28T04:34:13Z
KRW-BTC,2025-03-27T00:00:00,2025-03-27T09:00:00,128556000,129566000,127000000,128701000,1081.835401,128701000,upbit,2026-06-28T04:34:13Z
KRW-BTC,2025-03-28T00:00:00,2025-03-28T09:00:00,128701000,129026000,124610000,125800000,1668.553365,125800000,upbit,2026-06-28T04:34:13Z
KRW-BTC,2025-03-29T00:00:00,2025-03-29T09:00:00,125800000,126100000,122007000,123378000,1266.898574,123378000,upbit,2026-06-28T04:34:13Z
KRW-BTC,2025-03-30T00:00:00,2025-03-30T09:00:00,123274000,124890000,122218000,123046000,831.8781726,123046000,upbit,2026-06-28T04:34:13Z
KRW-BTC,2025-03-31T00:00:00,2025-03-31T09:00:00,123046000,124895000,121263000,123209000,1473.250609,123209000,upbit,2026-06-28T04:34:13Z
KRW-BTC,2025-04-01T00:00:00,2025-04-01T09:00:00,123209000,126964000,122800000,126632000,1593.200549,126632000,upbit,2026-06-28T04:34:13Z
KRW-BTC,2025-04-02T00:00:00,2025-04-02T09:00:00,126632000,130342000,122500000,122798000,2784.566389,122798000,upbit,2026-06-28T04:34:13Z
KRW-BTC,2025-04-03T00:00:00,2025-04-03T09:00:00,122794000,124785000,121002000,123244000,1841.857725,123244000,upbit,2026-06-28T04:34:13Z
KRW-BTC,2025-04-04T00:00:00,2025-04-04T09:00:00,123244000,124650000,121100000,123409000,2378.02197,123409000,upbit,2026-06-28T04:34:13Z
KRW-BTC,2025-04-05T00:00:00,2025-04-05T09:00:00,123409000,123988000,122033000,123300000,653.8857783,123300000,upbit,2026-06-28T04:34:13Z
KRW-BTC,2025-04-06T00:00:00,2025-04-06T09:00:00,123255000,123500000,115542000,117517000,2876.217893,117517000,upbit,2026-06-28T04:34:13Z
KRW-BTC,2025-04-07T00:00:00,2025-04-07T09:00:00,117517000,121149000,111659000,118061000,6795.164407,118061000,upbit,2026-06-28T04:34:13Z
KRW-BTC,2025-04-08T00:00:00,2025-04-08T09:00:00,118062000,120239000,114360000,114489000,2452.431725,114489000,upbit,2026-06-28T04:34:13Z
KRW-BTC,2025-04-09T00:00:00,2025-04-09T09:00:00,114497000,123168000,112549000,121339000,4922.181667,121339000,upbit,2026-06-28T04:34:13Z
KRW-BTC,2025-04-10T00:00:00,2025-04-10T09:00:00,121339000,122300000,116687000,117936000,2240.967366,117936000,upbit,2026-06-28T04:34:13Z
KRW-BTC,2025-04-11T00:00:00,2025-04-11T09:00:00,117929000,122333000,116910000,121450000,2056.679444,121450000,upbit,2026-06-28T04:34:13Z
KRW-BTC,2025-04-12T00:00:00,2025-04-12T09:00:00,121450000,123973000,120616000,123551000,1377.881103,123551000,upbit,2026-06-28T04:34:13Z
KRW-BTC,2025-04-13T00:00:00,2025-04-13T09:00:00,123577000,124520000,120859000,121577000,1556.517512,121577000,upbit,2026-06-28T04:34:13Z
KRW-BTC,2025-04-14T00:00:00,2025-04-14T09:00:00,121577000,124000000,121504000,122694000,1626.215085,122694000,upbit,2026-06-28T04:34:13Z
KRW-BTC,2025-04-15T00:00:00,2025-04-15T09:00:00,122694000,125120000,122116000,122158000,1625.93307,122158000,upbit,2026-06-28T04:34:13Z
KRW-BTC,2025-04-16T00:00:00,2025-04-16T09:00:00,122154000,123570000,121200000,121850000,1435.204174,121850000,upbit,2026-06-28T04:34:13Z
KRW-BTC,2025-04-17T00:00:00,2025-04-17T09:00:00,121850000,123220000,121502000,122700000,820.0815032,122700000,upbit,2026-06-28T04:34:13Z
KRW-BTC,2025-04-18T00:00:00,2025-04-18T09:00:00,122669000,122916000,122255000,122288000,446.7128753,122288000,upbit,2026-06-28T04:34:13Z
KRW-BTC,2025-04-19T00:00:00,2025-04-19T09:00:00,122288000,123500000,122110000,122720000,584.9601112,122720000,upbit,2026-06-28T04:34:13Z
KRW-BTC,2025-04-20T00:00:00,2025-04-20T09:00:00,122720000,123135000,121571000,122746000,831.0670588,122746000,upbit,2026-06-28T04:34:13Z
KRW-BTC,2025-04-21T00:00:00,2025-04-21T09:00:00,122746000,126660000,122690000,126237000,2188.969116,126237000,upbit,2026-06-28T04:34:13Z
KRW-BTC,2025-04-22T00:00:00,2025-04-22T09:00:00,126200000,134397000,125550000,133855000,3287.248126,133855000,upbit,2026-06-28T04:34:13Z
KRW-BTC,2025-04-23T00:00:00,2025-04-23T09:00:00,133856000,135413000,131570000,134373000,2740.944767,134373000,upbit,2026-06-28T04:34:13Z
KRW-BTC,2025-04-24T00:00:00,2025-04-24T09:00:00,134373000,134710000,132028000,134650000,1606.113304,134650000,upbit,2026-06-28T04:34:13Z
KRW-BTC,2025-04-25T00:00:00,2025-04-25T09:00:00,134641000,137869000,133857000,136416000,1994.626224,136416000,upbit,2026-06-28T04:34:13Z
KRW-BTC,2025-04-26T00:00:00,2025-04-26T09:00:00,136557000,137140000,135300000,136499000,908.8700478,136499000,upbit,2026-06-28T04:34:13Z
KRW-BTC,2025-04-27T00:00:00,2025-04-27T09:00:00,136525000,137400000,135150000,135150000,827.1704051,135150000,upbit,2026-06-28T04:34:13Z
KRW-BTC,2025-04-28T00:00:00,2025-04-28T09:00:00,135160000,137558000,133720000,136816000,1697.157074,136816000,upbit,2026-06-28T04:34:13Z
KRW-BTC,2025-04-29T00:00:00,2025-04-29T09:00:00,136820000,137498000,135700000,136310000,1253.550215,136310000,upbit,2026-06-28T04:34:13Z
KRW-BTC,2025-04-30T00:00:00,2025-04-30T09:00:00,136310000,136873000,134138000,136050000,1221.718407,136050000,upbit,2026-06-28T04:34:13Z
KRW-BTC,2025-05-01T00:00:00,2025-05-01T09:00:00,136148000,140037000,136002000,139145000,1709.972645,139145000,upbit,2026-06-28T04:34:13Z
KRW-BTC,2025-05-02T00:00:00,2025-05-02T09:00:00,139145000,140516000,137799000,138636000,1368.471827,138636000,upbit,2026-06-28T04:34:13Z
KRW-BTC,2025-05-03T00:00:00,2025-05-03T09:00:00,138640000,138750000,137153000,137560000,624.5980017,137560000,upbit,2026-06-28T04:34:13Z
KRW-BTC,2025-05-04T00:00:00,2025-05-04T09:00:00,137598000,138082000,135582000,135652000,677.5778303,135652000,upbit,2026-06-28T04:34:13Z
KRW-BTC,2025-05-05T00:00:00,2025-05-05T09:00:00,135677000,136392000,132900000,134890000,1381.528342,134890000,upbit,2026-06-28T04:34:13Z
KRW-BTC,2025-05-06T00:00:00,2025-05-06T09:00:00,134890000,137800000,133061000,137400000,1153.00089,137400000,upbit,2026-06-28T04:34:13Z
KRW-BTC,2025-05-07T00:00:00,2025-05-07T09:00:00,137351000,138282000,136050000,137660000,1302.403263,137660000,upbit,2026-06-28T04:34:13Z
KRW-BTC,2025-05-08T00:00:00,2025-05-08T09:00:00,137680000,145000000,137402000,144780000,3154.900706,144780000,upbit,2026-06-28T04:34:13Z
KRW-BTC,2025-05-09T00:00:00,2025-05-09T09:00:00,144688000,146200000,143500000,143720000,2080.115679,143720000,upbit,2026-06-28T04:34:13Z
KRW-BTC,2025-05-10T00:00:00,2025-05-10T09:00:00,143726000,145315000,143500000,144964000,1243.871982,144964000,upbit,2026-06-28T04:34:13Z
KRW-BTC,2025-05-11T00:00:00,2025-05-11T09:00:00,144982000,146495000,144037000,145510000,1407.775132,145510000,upbit,2026-06-28T04:34:13Z
KRW-BTC,2025-05-12T00:00:00,2025-05-12T09:00:00,145510000,147300000,142532000,144875000,2643.296018,144875000,upbit,2026-06-28T04:34:13Z
KRW-BTC,2025-05-13T00:00:00,2025-05-13T09:00:00,144875000,146644000,143500000,145880000,1592.079705,145880000,upbit,2026-06-28T04:34:13Z
KRW-BTC,2025-05-14T00:00:00,2025-05-14T09:00:00,145965000,146430000,144249000,145718000,1166.669,145718000,upbit,2026-06-28T04:34:13Z
KRW-BTC,2025-05-15T00:00:00,2025-05-15T09:00:00,145793000,146639000,143634000,146026000,1769.201969,146026000,upbit,2026-06-28T04:34:13Z
KRW-BTC,2025-05-16T00:00:00,2025-05-16T09:00:00,146030000,147117000,145570000,146465000,1276.221822,146465000,upbit,2026-06-28T04:34:13Z
KRW-BTC,2025-05-17T00:00:00,2025-05-17T09:00:00,146465000,146828000,145770000,146555000,861.64734,146555000,upbit,2026-06-28T04:34:13Z
KRW-BTC,2025-05-18T00:00:00,2025-05-18T09:00:00,146580000,150600000,146555000,150458000,1866.448947,150458000,upbit,2026-06-28T04:34:13Z
KRW-BTC,2025-05-19T00:00:00,2025-05-19T09:00:00,150296000,151199000,145500000,148699000,2401.086456,148699000,upbit,2026-06-28T04:34:13Z
KRW-BTC,2025-05-20T00:00:00,2025-05-20T09:00:00,148700000,150990000,147743000,150424000,1919.88763,150424000,upbit,2026-06-28T04:34:13Z
KRW-BTC,2025-05-21T00:00:00,2025-05-21T09:00:00,150424000,153301000,148810000,152356000,3078.69315,152356000,upbit,2026-06-28T04:34:13Z
KRW-BTC,2025-05-22T00:00:00,2025-05-22T09:00:00,152356000,155323000,152070000,154861000,2781.675942,154861000,upbit,2026-06-28T04:34:13Z
KRW-BTC,2025-05-23T00:00:00,2025-05-23T09:00:00,154861000,155169000,149258000,149878000,3245.409407,149878000,upbit,2026-06-28T04:34:13Z
KRW-BTC,2025-05-24T00:00:00,2025-05-24T09:00:00,149962000,152700000,149422000,150660000,1063.006882,150660000,upbit,2026-06-28T04:34:13Z
KRW-BTC,2025-05-25T00:00:00,2025-05-25T09:00:00,150680000,152946000,149916000,152133000,975.54767,152133000,upbit,2026-06-28T04:34:13Z
KRW-BTC,2025-05-26T00:00:00,2025-05-26T09:00:00,152133000,153000000,151509000,152195000,987.9758225,152195000,upbit,2026-06-28T04:34:13Z
KRW-BTC,2025-05-27T00:00:00,2025-05-27T09:00:00,152197000,153218000,150001000,151323000,1629.831868,151323000,upbit,2026-06-28T04:34:13Z
KRW-BTC,2025-05-28T00:00:00,2025-05-28T09:00:00,151323000,151608000,149520000,150280000,1140.464119,150280000,upbit,2026-06-28T04:34:13Z
KRW-BTC,2025-05-29T00:00:00,2025-05-29T09:00:00,150280000,151291000,147160000,147370000,1717.725203,147370000,upbit,2026-06-28T04:34:13Z
KRW-BTC,2025-05-30T00:00:00,2025-05-30T09:00:00,147370000,149000000,146300000,147044000,2171.385358,147044000,upbit,2026-06-28T04:34:13Z
KRW-BTC,2025-05-31T00:00:00,2025-05-31T09:00:00,147044000,148700000,146042000,147932000,1097.549234,147932000,upbit,2026-06-28T04:34:13Z
KRW-BTC,2025-06-01T00:00:00,2025-06-01T09:00:00,147932000,149502000,147000000,149100000,759.6966897,149100000,upbit,2026-06-28T04:34:13Z
KRW-BTC,2025-06-02T00:00:00,2025-06-02T09:00:00,149102000,149166000,146209000,148074000,1198.057202,148074000,upbit,2026-06-28T04:34:13Z
KRW-BTC,2025-06-03T00:00:00,2025-06-03T09:00:00,148070000,148900000,147022000,147322000,979.1437735,147322000,upbit,2026-06-28T04:34:13Z
KRW-BTC,2025-06-04T00:00:00,2025-06-04T09:00:00,147378000,147601000,145200000,145210000,1104.007248,145210000,upbit,2026-06-28T04:34:13Z
KRW-BTC,2025-06-05T00:00:00,2025-06-05T09:00:00,145218000,146487000,140399000,141588000,2536.942553,141588000,upbit,2026-06-28T04:34:13Z
KRW-BTC,2025-06-06T00:00:00,2025-06-06T09:00:00,141588000,146120000,140862000,145196000,1279.127266,145196000,upbit,2026-06-28T04:34:13Z
KRW-BTC,2025-06-07T00:00:00,2025-06-07T09:00:00,145196000,146895000,144601000,146514000,603.1996993,146514000,upbit,2026-06-28T04:34:13Z
KRW-BTC,2025-06-08T00:00:00,2025-06-08T09:00:00,146540000,146796000,145196000,145799000,553.0728399,145799000,upbit,2026-06-28T04:34:13Z
KRW-BTC,2025-06-09T00:00:00,2025-06-09T09:00:00,145801000,150600000,144900000,150330000,1605.821299,150330000,upbit,2026-06-28T04:34:13Z
KRW-BTC,2025-06-10T00:00:00,2025-06-10T09:00:00,150330000,150992000,149060000,150604000,1359.551456,150604000,upbit,2026-06-28T04:34:13Z
KRW-BTC,2025-06-11T00:00:00,2025-06-11T09:00:00,150628000,151400000,148999000,149702000,1080.084221,149702000,upbit,2026-06-28T04:34:13Z
KRW-BTC,2025-06-12T00:00:00,2025-06-12T09:00:00,149710000,149840000,145801000,145801000,1570.651336,145801000,upbit,2026-06-28T04:34:13Z
KRW-BTC,2025-06-13T00:00:00,2025-06-13T09:00:00,145811000,147340000,143000000,147266000,2195.125373,147266000,upbit,2026-06-28T04:34:13Z
KRW-BTC,2025-06-14T00:00:00,2025-06-14T09:00:00,147265000,147526000,145082000,146401000,584.4001294,146401000,upbit,2026-06-28T04:34:13Z
KRW-BTC,2025-06-15T00:00:00,2025-06-15T09:00:00,146401000,147100000,145220000,145997000,576.2742017,145997000,upbit,2026-06-28T04:34:13Z
KRW-BTC,2025-06-16T00:00:00,2025-06-16T09:00:00,145998000,149303000,145250000,146673000,1408.774704,146673000,upbit,2026-06-28T04:34:13Z
KRW-BTC,2025-06-17T00:00:00,2025-06-17T09:00:00,146661000,147957000,143900000,145456000,1403.185023,145456000,upbit,2026-06-28T04:34:13Z
KRW-BTC,2025-06-18T00:00:00,2025-06-18T09:00:00,145456000,146128000,144150000,145380000,870.6180194,145380000,upbit,2026-06-28T04:34:13Z
KRW-BTC,2025-06-19T00:00:00,2025-06-19T09:00:00,145381000,146000000,144500000,144978000,700.7715426,144978000,upbit,2026-06-28T04:34:13Z
KRW-BTC,2025-06-20T00:00:00,2025-06-20T09:00:00,144979000,146930000,143107000,143956000,1315.621278,143956000,upbit,2026-06-28T04:34:13Z
KRW-BTC,2025-06-21T00:00:00,2025-06-21T09:00:00,143956000,144427000,141151000,142782000,1092.578547,142782000,upbit,2026-06-28T04:34:13Z
KRW-BTC,2025-06-22T00:00:00,2025-06-22T09:00:00,142811000,144900000,137127000,140908000,3335.880048,140908000,upbit,2026-06-28T04:34:13Z
KRW-BTC,2025-06-23T00:00:00,2025-06-23T09:00:00,140908000,147101000,139698000,146182000,2422.952381,146182000,upbit,2026-06-28T04:34:13Z
KRW-BTC,2025-06-24T00:00:00,2025-06-24T09:00:00,146180000,146387000,144222000,145625000,1272.921121,145625000,upbit,2026-06-28T04:34:13Z
KRW-BTC,2025-06-25T00:00:00,2025-06-25T09:00:00,145626000,148620000,145360000,147365000,1318.589447,147365000,upbit,2026-06-28T04:34:13Z
KRW-BTC,2025-06-26T00:00:00,2025-06-26T09:00:00,147365000,148205000,146500000,146852000,950.3386052,146852000,upbit,2026-06-28T04:34:13Z
KRW-BTC,2025-06-27T00:00:00,2025-06-27T09:00:00,146868000,147628000,146000000,147058000,758.4102258,147058000,upbit,2026-06-28T04:34:13Z
KRW-BTC,2025-06-28T00:00:00,2025-06-28T09:00:00,147001000,147479000,146799000,147174000,291.2820306,147174000,upbit,2026-06-28T04:34:13Z
KRW-BTC,2025-06-29T00:00:00,2025-06-29T09:00:00,147174000,148502000,147091000,147996000,650.9556991,147996000,upbit,2026-06-28T04:34:13Z
KRW-BTC,2025-06-30T00:00:00,2025-06-30T09:00:00,147996000,148480000,145740000,145759000,944.3576122,145759000,upbit,2026-06-28T04:34:13Z
KRW-BTC,2025-07-01T00:00:00,2025-07-01T09:00:00,145759000,146678000,144710000,145019000,915.5808501,145019000,upbit,2026-06-28T04:34:13Z
KRW-BTC,2025-07-02T00:00:00,2025-07-02T09:00:00,145019000,148930000,144265000,147372000,1356.695007,147372000,upbit,2026-06-28T04:34:13Z
KRW-BTC,2025-07-03T00:00:00,2025-07-03T09:00:00,147372000,149755000,147364000,148737000,1182.412375,148737000,upbit,2026-06-28T04:34:13Z
KRW-BTC,2025-07-04T00:00:00,2025-07-04T09:00:00,148737000,149360000,146929000,147797000,819.6440701,147797000,upbit,2026-06-28T04:34:13Z
KRW-BTC,2025-07-05T00:00:00,2025-07-05T09:00:00,147798000,148400000,147655000,148197000,289.9201961,148197000,upbit,2026-06-28T04:34:13Z
KRW-BTC,2025-07-06T00:00:00,2025-07-06T09:00:00,148197000,149100000,147411000,148500000,574.677328,148500000,upbit,2026-06-28T04:34:13Z
KRW-BTC,2025-07-07T00:00:00,2025-07-07T09:00:00,148500000,149100000,147196000,148100000,832.2946169,148100000,upbit,2026-06-28T04:34:13Z
KRW-BTC,2025-07-08T00:00:00,2025-07-08T09:00:00,148100000,148890000,147100000,148302000,670.2924983,148302000,upbit,2026-06-28T04:34:13Z
KRW-BTC,2025-07-09T00:00:00,2025-07-09T09:00:00,148302000,151479000,148000000,150701000,1496.467747,150701000,upbit,2026-06-28T04:34:13Z
KRW-BTC,2025-07-10T00:00:00,2025-07-10T09:00:00,150750000,156960000,150200000,156519000,2648.040601,156519000,upbit,2026-06-28T04:34:13Z
KRW-BTC,2025-07-11T00:00:00,2025-07-11T09:00:00,156517000,160744000,155000000,158187000,3339.42695,158187000,upbit,2026-06-28T04:34:13Z
KRW-BTC,2025-07-12T00:00:00,2025-07-12T09:00:00,158187000,159952000,157200000,159681000,1039.66662,159681000,upbit,2026-06-28T04:34:13Z
KRW-BTC,2025-07-13T00:00:00,2025-07-13T09:00:00,159683000,161754000,159450000,161740000,1227.169496,161740000,upbit,2026-06-28T04:34:13Z
KRW-BTC,2025-07-14T00:00:00,2025-07-14T09:00:00,161740000,166800000,161357000,163923000,3490.730306,163923000,upbit,2026-06-28T04:34:13Z
KRW-BTC,2025-07-15T00:00:00,2025-07-15T09:00:00,163923000,164010000,158658000,160811000,3179.449608,160811000,upbit,2026-06-28T04:34:13Z
KRW-BTC,2025-07-16T00:00:00,2025-07-16T09:00:00,160811000,163210000,160175000,161250000,1841.218769,161250000,upbit,2026-06-28T04:34:13Z
KRW-BTC,2025-07-17T00:00:00,2025-07-17T09:00:00,161246000,163955000,160002000,162232000,2240.666911,162232000,upbit,2026-06-28T04:34:13Z
KRW-BTC,2025-07-18T00:00:00,2025-07-18T09:00:00,162232000,164446000,159301000,161100000,2771.330219,161100000,upbit,2026-06-28T04:34:13Z
KRW-BTC,2025-07-19T00:00:00,2025-07-19T09:00:00,161098000,162470000,160788000,161428000,842.3510109,161428000,upbit,2026-06-28T04:34:13Z
KRW-BTC,2025-07-20T00:00:00,2025-07-20T09:00:00,161428000,162000000,159726000,160072000,1429.78286,160072000,upbit,2026-06-28T04:34:13Z
KRW-BTC,2025-07-21T00:00:00,2025-07-21T09:00:00,160072000,162300000,159350000,160096000,1982.325771,160096000,upbit,2026-06-28T04:34:13Z
KRW-BTC,2025-07-22T00:00:00,2025-07-22T09:00:00,160094000,162990000,158750000,162321000,2730.464511,162321000,upbit,2026-06-28T04:34:13Z
KRW-BTC,2025-07-23T00:00:00,2025-07-23T09:00:00,162321000,162848000,159192000,161990000,2098.239894,161990000,upbit,2026-06-28T04:34:13Z
KRW-BTC,2025-07-24T00:00:00,2025-07-24T09:00:00,162000000,162888000,159000000,160928000,2151.535916,160928000,upbit,2026-06-28T04:34:13Z
KRW-BTC,2025-07-25T00:00:00,2025-07-25T09:00:00,160938000,161239000,157746000,160217000,2661.286022,160217000,upbit,2026-06-28T04:34:13Z
KRW-BTC,2025-07-26T00:00:00,2025-07-26T09:00:00,160225000,161220000,159600000,160900000,789.2778787,160900000,upbit,2026-06-28T04:34:13Z
KRW-BTC,2025-07-27T00:00:00,2025-07-27T09:00:00,160900000,162800000,160858000,162717000,1057.825453,162717000,upbit,2026-06-28T04:34:13Z
KRW-BTC,2025-07-28T00:00:00,2025-07-28T09:00:00,162548000,162985000,161391000,162483000,1461.599378,162483000,upbit,2026-06-28T04:34:13Z
KRW-BTC,2025-07-29T00:00:00,2025-07-29T09:00:00,162483000,163800000,162034000,163158000,1487.534324,163158000,upbit,2026-06-28T04:34:13Z
KRW-BTC,2025-07-30T00:00:00,2025-07-30T09:00:00,163248000,163708000,161800000,163118000,1209.086733,163118000,upbit,2026-06-28T04:34:13Z
KRW-BTC,2025-07-31T00:00:00,2025-07-31T09:00:00,163118000,164300000,161138000,161398000,1460.987469,161398000,upbit,2026-06-28T04:34:13Z
KRW-BTC,2025-08-01T00:00:00,2025-08-01T09:00:00,161400000,161770000,158100000,158102000,2864.499718,158102000,upbit,2026-06-28T04:34:13Z
KRW-BTC,2025-08-02T00:00:00,2025-08-02T09:00:00,158101000,159362000,157115000,157376000,1322.240374,157376000,upbit,2026-06-28T04:34:13Z
KRW-BTC,2025-08-03T00:00:00,2025-08-03T09:00:00,157376000,160324000,156715000,160227000,1104.101297,160227000,upbit,2026-06-28T04:34:13Z
KRW-BTC,2025-08-04T00:00:00,2025-08-04T09:00:00,160208000,161400000,159500000,160332000,1049.67722,160332000,upbit,2026-06-28T04:34:13Z
KRW-BTC,2025-08-05T00:00:00,2025-08-05T09:00:00,160333000,160571000,158206000,159999000,1164.163825,159999000,upbit,2026-06-28T04:34:13Z
KRW-BTC,2025-08-06T00:00:00,2025-08-06T09:00:00,159999000,160955000,158605000,160000000,888.9029126,160000000,upbit,2026-06-28T04:34:13Z
KRW-BTC,2025-08-07T00:00:00,2025-08-07T09:00:00,160000000,162000000,159524000,161853000,1473.611207,161853000,upbit,2026-06-28T04:34:13Z
KRW-BTC,2025-08-08T00:00:00,2025-08-08T09:00:00,161853000,161994000,160008000,160099000,1358.867034,160099000,upbit,2026-06-28T04:34:13Z
KRW-BTC,2025-08-09T00:00:00,2025-08-09T09:00:00,160099000,161547000,160007000,160180000,1399.238562,160180000,upbit,2026-06-28T04:34:13Z
KRW-BTC,2025-08-10T00:00:00,2025-08-10T09:00:00,160180000,163877000,160132000,163859000,2343.227519,163859000,upbit,2026-06-28T04:34:13Z
KRW-BTC,2025-08-11T00:00:00,2025-08-11T09:00:00,163860000,167000000,163350000,164210000,3218.617631,164210000,upbit,2026-06-28T04:34:13Z
KRW-BTC,2025-08-12T00:00:00,2025-08-12T09:00:00,164210000,164990000,163000000,164298000,2238.751472,164298000,upbit,2026-06-28T04:34:13Z
KRW-BTC,2025-08-13T00:00:00,2025-08-13T09:00:00,164298000,168262000,163353000,168051000,2570.302058,168051000,upbit,2026-06-28T04:34:13Z
KRW-BTC,2025-08-14T00:00:00,2025-08-14T09:00:00,168051000,169900000,162550000,164723000,4234.993578,164723000,upbit,2026-06-28T04:34:13Z
KRW-BTC,2025-08-15T00:00:00,2025-08-15T09:00:00,164723000,165885000,163010000,164122000,1381.991758,164122000,upbit,2026-06-28T04:34:13Z
KRW-BTC,2025-08-16T00:00:00,2025-08-16T09:00:00,164122000,164374000,162685000,163058000,813.4514028,163058000,upbit,2026-06-28T04:34:13Z
KRW-BTC,2025-08-17T00:00:00,2025-08-17T09:00:00,163058000,164194000,163035000,163111000,721.8838453,163111000,upbit,2026-06-28T04:34:13Z
KRW-BTC,2025-08-18T00:00:00,2025-08-18T09:00:00,163110000,163456000,160000000,161513000,2026.552991,161513000,upbit,2026-06-28T04:34:13Z
KRW-BTC,2025-08-19T00:00:00,2025-08-19T09:00:00,161513000,162388000,157044000,157172000,2183.559433,157172000,upbit,2026-06-28T04:34:13Z
KRW-BTC,2025-08-20T00:00:00,2025-08-20T09:00:00,157180000,159565000,157100000,159149000,1687.535848,159149000,upbit,2026-06-28T04:34:13Z
KRW-BTC,2025-08-21T00:00:00,2025-08-21T09:00:00,159237000,159900000,157280000,157737000,1101.964876,157737000,upbit,2026-06-28T04:34:13Z
KRW-BTC,2025-08-22T00:00:00,2025-08-22T09:00:00,157737000,162688000,156647000,161176000,3303.070602,161176000,upbit,2026-06-28T04:34:13Z
KRW-BTC,2025-08-23T00:00:00,2025-08-23T09:00:00,161176000,161505000,159000000,159705000,1231.277451,159705000,upbit,2026-06-28T04:34:13Z
KRW-BTC,2025-08-24T00:00:00,2025-08-24T09:00:00,159705000,160272000,155870000,157603000,2179.018038,157603000,upbit,2026-06-28T04:34:13Z
KRW-BTC,2025-08-25T00:00:00,2025-08-25T09:00:00,157603000,158000000,155346000,155887000,2588.283082,155887000,upbit,2026-06-28T04:34:13Z
KRW-BTC,2025-08-26T00:00:00,2025-08-26T09:00:00,155887000,157367000,153952000,156661000,2318.143006,156661000,upbit,2026-06-28T04:34:13Z
KRW-BTC,2025-08-27T00:00:00,2025-08-27T09:00:00,156660000,157200000,154800000,155534000,1378.403694,155534000,upbit,2026-06-28T04:34:13Z
KRW-BTC,2025-08-28T00:00:00,2025-08-28T09:00:00,155532000,157787000,155211000,156737000,1179.833988,156737000,upbit,2026-06-28T04:34:13Z
KRW-BTC,2025-08-29T00:00:00,2025-08-29T09:00:00,156737000,157080000,151100000,152262000,2916.367496,152262000,upbit,2026-06-28T04:34:13Z
KRW-BTC,2025-08-30T00:00:00,2025-08-30T09:00:00,152262000,152267000,149704000,151734000,1660.919038,151734000,upbit,2026-06-28T04:34:13Z
KRW-BTC,2025-08-31T00:00:00,2025-08-31T09:00:00,151734000,152960000,150447000,150700000,1168.424449,150700000,upbit,2026-06-28T04:34:13Z
KRW-BTC,2025-09-01T00:00:00,2025-09-01T09:00:00,150700000,152789000,149000000,152419000,2147.552684,152419000,upbit,2026-06-28T04:34:13Z
KRW-BTC,2025-09-02T00:00:00,2025-09-02T09:00:00,152419000,155445000,150984000,154850000,1920.614398,154850000,upbit,2026-06-28T04:34:13Z
KRW-BTC,2025-09-03T00:00:00,2025-09-03T09:00:00,154850000,156000000,154032000,154890000,1040.195776,154890000,upbit,2026-06-28T04:34:13Z
KRW-BTC,2025-09-04T00:00:00,2025-09-04T09:00:00,154890000,156515000,153093000,155410000,1070.144851,155410000,upbit,2026-06-28T04:34:13Z
KRW-BTC,2025-09-05T00:00:00,2025-09-05T09:00:00,155337000,157853000,154502000,154930000,1644.269754,154930000,upbit,2026-06-28T04:34:13Z
KRW-BTC,2025-09-06T00:00:00,2025-09-06T09:00:00,154930000,155629000,154231000,154325000,472.7760027,154325000,upbit,2026-06-28T04:34:13Z
KRW-BTC,2025-09-07T00:00:00,2025-09-07T09:00:00,154325000,155784000,154200000,155001000,487.363923,155001000,upbit,2026-06-28T04:34:13Z
KRW-BTC,2025-09-08T00:00:00,2025-09-08T09:00:00,155001000,156838000,154592000,156048000,850.1569062,156048000,upbit,2026-06-28T04:34:13Z
KRW-BTC,2025-09-09T00:00:00,2025-09-09T09:00:00,156048000,157200000,154697000,155450000,1398.291181,155450000,upbit,2026-06-28T04:34:13Z
KRW-BTC,2025-09-10T00:00:00,2025-09-10T09:00:00,155451000,158800000,154950000,158561000,1438.344649,158561000,upbit,2026-06-28T04:34:13Z
KRW-BTC,2025-09-11T00:00:00,2025-09-11T09:00:00,158562000,160400000,157777000,160375000,1550.225616,160375000,upbit,2026-06-28T04:34:13Z
KRW-BTC,2025-09-12T00:00:00,2025-09-12T09:00:00,160395000,161794000,160000000,161101000,1460.879412,161101000,upbit,2026-06-28T04:34:13Z
KRW-BTC,2025-09-13T00:00:00,2025-09-13T09:00:00,161110000,161369000,159461000,160536000,1011.504879,160536000,upbit,2026-06-28T04:34:13Z
KRW-BTC,2025-09-14T00:00:00,2025-09-14T09:00:00,160536000,161200000,159899000,160338000,734.2263369,160338000,upbit,2026-06-28T04:34:13Z
KRW-BTC,2025-09-15T00:00:00,2025-09-15T09:00:00,160338000,161791000,159500000,160705000,1328.26488,160705000,upbit,2026-06-28T04:34:13Z
KRW-BTC,2025-09-16T00:00:00,2025-09-16T09:00:00,160705000,162334000,160125000,162167000,1013.134977,162167000,upbit,2026-06-28T04:34:13Z
KRW-BTC,2025-09-17T00:00:00,2025-09-17T09:00:00,162200000,163000000,160210000,161468000,1630.740767,161468000,upbit,2026-06-28T04:34:13Z
KRW-BTC,2025-09-18T00:00:00,2025-09-18T09:00:00,161468000,163333000,161372000,162478000,1738.783457,162478000,upbit,2026-06-28T04:34:13Z
KRW-BTC,2025-09-19T00:00:00,2025-09-19T09:00:00,162478000,163080000,161500000,162138000,1389.24628,162138000,upbit,2026-06-28T04:34:13Z
KRW-BTC,2025-09-20T00:00:00,2025-09-20T09:00:00,162162000,162486000,162000000,162236000,694.3654205,162236000,upbit,2026-06-28T04:34:13Z
KRW-BTC,2025-09-21T00:00:00,2025-09-21T09:00:00,162236000,162239000,161372000,161412000,956.3978682,161412000,upbit,2026-06-28T04:34:13Z
KRW-BTC,2025-09-22T00:00:00,2025-09-22T09:00:00,161410000,161631000,159000000,160730000,3058.732845,160730000,upbit,2026-06-28T04:34:13Z
KRW-BTC,2025-09-23T00:00:00,2025-09-23T09:00:00,160731000,161350000,158668000,159679000,1105.983539,159679000,upbit,2026-06-28T04:34:13Z
KRW-BTC,2025-09-24T00:00:00,2025-09-24T09:00:00,159680000,161200000,159001000,160700000,989.6361966,160700000,upbit,2026-06-28T04:34:13Z
KRW-BTC,2025-09-25T00:00:00,2025-09-25T09:00:00,160700000,161037000,158000000,158200000,2072.657615,158200000,upbit,2026-06-28T04:34:13Z
KRW-BTC,2025-09-26T00:00:00,2025-09-26T09:00:00,158219000,159307000,157100000,158128000,1636.241518,158128000,upbit,2026-06-28T04:34:13Z
KRW-BTC,2025-09-27T00:00:00,2025-09-27T09:00:00,158129000,158250000,157126000,157895000,599.2400771,157895000,upbit,2026-06-28T04:34:13Z
KRW-BTC,2025-09-28T00:00:00,2025-09-28T09:00:00,157892000,160800000,157559000,160579000,1115.146549,160579000,upbit,2026-06-28T04:34:13Z
KRW-BTC,2025-09-29T00:00:00,2025-09-29T09:00:00,160579000,163200000,159300000,162976000,1561.77656,162976000,upbit,2026-06-28T04:34:13Z
KRW-BTC,2025-09-30T00:00:00,2025-09-30T09:00:00,162976000,163655000,161111000,162828000,1347.684652,162828000,upbit,2026-06-28T04:34:13Z
KRW-BTC,2025-10-01T00:00:00,2025-10-01T09:00:00,162828000,168429000,162789000,168424000,2391.533491,168424000,upbit,2026-06-28T04:34:13Z
KRW-BTC,2025-10-02T00:00:00,2025-10-02T09:00:00,168424000,170903000,167709000,170704000,2634.573501,170704000,upbit,2026-06-28T04:34:13Z
KRW-BTC,2025-10-03T00:00:00,2025-10-03T09:00:00,170749000,174995000,169100000,173460000,2241.081068,173460000,upbit,2026-06-28T04:34:13Z
KRW-BTC,2025-10-04T00:00:00,2025-10-04T09:00:00,173460000,174990000,172673000,174964000,2463.170528,174964000,upbit,2026-06-28T04:34:13Z
KRW-BTC,2025-10-05T00:00:00,2025-10-05T09:00:00,174986000,178651000,174270000,177024000,3767.821097,177024000,upbit,2026-06-28T04:34:13Z
KRW-BTC,2025-10-06T00:00:00,2025-10-06T09:00:00,177002000,178790000,176500000,177536000,2611.572411,177536000,upbit,2026-06-28T04:34:13Z
KRW-BTC,2025-10-07T00:00:00,2025-10-07T09:00:00,177562000,178400000,174385000,175460000,3389.804391,175460000,upbit,2026-06-28T04:34:13Z
KRW-BTC,2025-10-08T00:00:00,2025-10-08T09:00:00,175490000,178617000,175460000,178011000,2463.92882,178011000,upbit,2026-06-28T04:34:13Z
KRW-BTC,2025-10-09T00:00:00,2025-10-09T09:00:00,177853000,179869000,176496000,177616000,2825.372596,177616000,upbit,2026-06-28T04:34:13Z
KRW-BTC,2025-10-10T00:00:00,2025-10-10T09:00:00,177616000,178151000,165000000,172257000,6799.937765,172257000,upbit,2026-06-28T04:34:13Z
KRW-BTC,2025-10-11T00:00:00,2025-10-11T09:00:00,172180000,173937000,166500000,170390000,4416.693313,170390000,upbit,2026-06-28T04:34:13Z
KRW-BTC,2025-10-12T00:00:00,2025-10-12T09:00:00,170390000,174909000,168132000,173833000,3435.19073,173833000,upbit,2026-06-28T04:34:13Z
KRW-BTC,2025-10-13T00:00:00,2025-10-13T09:00:00,173833000,175337000,170778000,171680000,2243.159056,171680000,upbit,2026-06-28T04:34:13Z
KRW-BTC,2025-10-14T00:00:00,2025-10-14T09:00:00,171695000,172444000,168000000,170070000,2556.343461,170070000,upbit,2026-06-28T04:34:13Z
KRW-BTC,2025-10-15T00:00:00,2025-10-15T09:00:00,170109000,170740000,168001000,168539000,1724.325772,168539000,upbit,2026-06-28T04:34:13Z
KRW-BTC,2025-10-16T00:00:00,2025-10-16T09:00:00,168642000,170124000,164858000,165290000,2618.729855,165290000,upbit,2026-06-28T04:34:13Z
KRW-BTC,2025-10-17T00:00:00,2025-10-17T09:00:00,165291000,166565000,159671000,163639000,4263.223446,163639000,upbit,2026-06-28T04:34:13Z
KRW-BTC,2025-10-18T00:00:00,2025-10-18T09:00:00,163639000,164998000,162852000,163631000,926.1340221,163631000,upbit,2026-06-28T04:34:13Z
KRW-BTC,2025-10-19T00:00:00,2025-10-19T09:00:00,163631000,165996000,161250000,164806000,1399.977514,164806000,upbit,2026-06-28T04:34:13Z
KRW-BTC,2025-10-20T00:00:00,2025-10-20T09:00:00,164806000,167468000,163398000,165911000,1448.626192,165911000,upbit,2026-06-28T04:34:13Z
KRW-BTC,2025-10-21T00:00:00,2025-10-21T09:00:00,165911000,169336000,162011000,163400000,2420.857207,163400000,upbit,2026-06-28T04:34:13Z
KRW-BTC,2025-10-22T00:00:00,2025-10-22T09:00:00,163400000,164406000,162500000,163153000,1291.512957,163153000,upbit,2026-06-28T04:34:13Z
KRW-BTC,2025-10-23T00:00:00,2025-10-23T09:00:00,163153000,166400000,163035000,165546000,1119.204121,165546000,upbit,2026-06-28T04:34:13Z
KRW-BTC,2025-10-24T00:00:00,2025-10-24T09:00:00,165546000,167381000,164420000,165703000,1440.094873,165703000,upbit,2026-06-28T04:34:13Z
KRW-BTC,2025-10-25T00:00:00,2025-10-25T09:00:00,165703000,166849000,165331000,166310000,515.2898427,166310000,upbit,2026-06-28T04:34:13Z
KRW-BTC,2025-10-26T00:00:00,2025-10-26T09:00:00,166330000,170000000,166104000,169514000,1297.923989,169514000,upbit,2026-06-28T04:34:13Z
KRW-BTC,2025-10-27T00:00:00,2025-10-27T09:00:00,169514000,171500000,168793000,168980000,1539.674254,168980000,upbit,2026-06-28T04:34:13Z
KRW-BTC,2025-10-28T00:00:00,2025-10-28T09:00:00,168980000,170859000,167550000,168263000,1268.518901,168263000,upbit,2026-06-28T04:34:13Z
KRW-BTC,2025-10-29T00:00:00,2025-10-29T09:00:00,168263000,168401000,164000000,164617000,1947.231433,164617000,upbit,2026-06-28T04:34:13Z
KRW-BTC,2025-10-30T00:00:00,2025-10-30T09:00:00,164597000,166201000,162000000,164258000,2160.389729,164258000,upbit,2026-06-28T04:34:13Z
KRW-BTC,2025-10-31T00:00:00,2025-10-31T09:00:00,164259000,166000000,163255000,164275000,1085.963603,164275000,upbit,2026-06-28T04:34:13Z
KRW-BTC,2025-11-01T00:00:00,2025-11-01T09:00:00,164275000,164692000,163410000,164000000,394.9349761,164000000,upbit,2026-06-28T04:34:13Z
KRW-BTC,2025-11-02T00:00:00,2025-11-02T09:00:00,164001000,165139000,163300000,164129000,538.3417149,164129000,upbit,2026-06-28T04:34:13Z
KRW-BTC,2025-11-03T00:00:00,2025-11-03T09:00:00,164074000,164133000,158000000,158587000,3370.61616,158587000,upbit,2026-06-28T04:34:13Z
KRW-BTC,2025-11-04T00:00:00,2025-11-04T09:00:00,158589000,161128000,147651000,152873000,6623.281667,152873000,upbit,2026-06-28T04:34:13Z
KRW-BTC,2025-11-05T00:00:00,2025-11-05T09:00:00,152873000,156324000,146679000,156008000,4638.822224,156008000,upbit,2026-06-28T04:34:13Z
KRW-BTC,2025-11-06T00:00:00,2025-11-06T09:00:00,156008000,156126000,150500000,151401000,1828.656113,151401000,upbit,2026-06-28T04:34:13Z
KRW-BTC,2025-11-07T00:00:00,2025-11-07T09:00:00,151412000,154961000,148831000,153850000,2342.631612,153850000,upbit,2026-06-28T04:34:13Z
KRW-BTC,2025-11-08T00:00:00,2025-11-08T09:00:00,153850000,154400000,151353000,152541000,879.0417704,152541000,upbit,2026-06-28T04:34:13Z
KRW-BTC,2025-11-09T00:00:00,2025-11-09T09:00:00,152542000,156300000,151279000,155490000,1204.966255,155490000,upbit,2026-06-28T04:34:13Z
KRW-BTC,2025-11-10T00:00:00,2025-11-10T09:00:00,155490000,158330000,154922000,156797000,1825.402115,156797000,upbit,2026-06-28T04:34:13Z
KRW-BTC,2025-11-11T00:00:00,2025-11-11T09:00:00,156802000,159150000,153267000,154302000,1489.053906,154302000,upbit,2026-06-28T04:34:13Z
KRW-BTC,2025-11-12T00:00:00,2025-11-12T09:00:00,154302000,157200000,152000000,153300000,1370.692589,153300000,upbit,2026-06-28T04:34:13Z
KRW-BTC,2025-11-13T00:00:00,2025-11-13T09:00:00,153300000,155271000,149000000,151306000,2615.187998,151306000,upbit,2026-06-28T04:34:13Z
KRW-BTC,2025-11-14T00:00:00,2025-11-14T09:00:00,151314000,151619000,142950000,143623000,6095.073704,143623000,upbit,2026-06-28T04:34:13Z
KRW-BTC,2025-11-15T00:00:00,2025-11-15T09:00:00,143623000,146306000,143489000,144265000,1515.285744,144265000,upbit,2026-06-28T04:34:13Z
KRW-BTC,2025-11-16T00:00:00,2025-11-16T09:00:00,144265000,144888000,138663000,140320000,3306.730953,140320000,upbit,2026-06-28T04:34:13Z
KRW-BTC,2025-11-17T00:00:00,2025-11-17T09:00:00,140320000,142926000,137127000,137706000,3402.729073,137706000,upbit,2026-06-28T04:34:13Z
KRW-BTC,2025-11-18T00:00:00,2025-11-18T09:00:00,137706000,139184000,132200000,137750000,6342.520244,137750000,upbit,2026-06-28T04:34:13Z
KRW-BTC,2025-11-19T00:00:00,2025-11-19T09:00:00,137750000,137807000,132449000,136500000,2862.635006,136500000,upbit,2026-06-28T04:34:13Z
KRW-BTC,2025-11-20T00:00:00,2025-11-20T09:00:00,136500000,138621000,129800000,129896000,4303.832306,129896000,upbit,2026-06-28T04:34:13Z
KRW-BTC,2025-11-21T00:00:00,2025-11-21T09:00:00,129896000,131000000,121455000,128044000,8849.112148,128044000,upbit,2026-06-28T04:34:13Z
KRW-BTC,2025-11-22T00:00:00,2025-11-22T09:00:00,128044000,129000000,125609000,127333000,1739.597142,127333000,upbit,2026-06-28T04:34:13Z
KRW-BTC,2025-11-23T00:00:00,2025-11-23T09:00:00,127373000,133852000,127327000,131960000,3695.671673,131960000,upbit,2026-06-28T04:34:13Z
KRW-BTC,2025-11-24T00:00:00,2025-11-24T09:00:00,131998000,133761000,129050000,132574000,3273.548488,132574000,upbit,2026-06-28T04:34:13Z
KRW-BTC,2025-11-25T00:00:00,2025-11-25T09:00:00,132574000,132750000,129365000,130736000,2126.40154,130736000,upbit,2026-06-28T04:34:13Z
KRW-BTC,2025-11-26T00:00:00,2025-11-26T09:00:00,130779000,135485000,129600000,135366000,2216.72386,135366000,upbit,2026-06-28T04:34:13Z
KRW-BTC,2025-11-27T00:00:00,2025-11-27T09:00:00,135366000,138400000,134608000,136941000,2460.708463,136941000,upbit,2026-06-28T04:34:13Z
KRW-BTC,2025-11-28T00:00:00,2025-11-28T09:00:00,136989000,139868000,135691000,136334000,1928.858633,136334000,upbit,2026-06-28T04:34:13Z
KRW-BTC,2025-11-29T00:00:00,2025-11-29T09:00:00,136334000,136770000,135300000,136073000,769.1675745,136073000,upbit,2026-06-28T04:34:13Z
KRW-BTC,2025-11-30T00:00:00,2025-11-30T09:00:00,136000000,137631000,135600000,135744000,776.7449702,135744000,upbit,2026-06-28T04:34:13Z
KRW-BTC,2025-12-01T00:00:00,2025-12-01T09:00:00,135752000,135839000,125809000,129172000,5383.622408,129172000,upbit,2026-06-28T04:34:13Z
KRW-BTC,2025-12-02T00:00:00,2025-12-02T09:00:00,129169000,137330000,128650000,135626000,2981.09362,135626000,upbit,2026-06-28T04:34:13Z
KRW-BTC,2025-12-03T00:00:00,2025-12-03T09:00:00,135683000,140212000,135200000,138881000,2892.416537,138881000,upbit,2026-06-28T04:34:13Z
KRW-BTC,2025-12-04T00:00:00,2025-12-04T09:00:00,138998000,139769000,135909000,137390000,1624.692971,137390000,upbit,2026-06-28T04:34:13Z
KRW-BTC,2025-12-05T00:00:00,2025-12-05T09:00:00,137447000,138298000,132000000,133828000,1944.652428,133828000,upbit,2026-06-28T04:34:13Z
KRW-BTC,2025-12-06T00:00:00,2025-12-06T09:00:00,133870000,134940000,133200000,133598000,675.4047023,133598000,upbit,2026-06-28T04:34:13Z
KRW-BTC,2025-12-07T00:00:00,2025-12-07T09:00:00,133601000,136800000,131333000,135195000,1255.394656,135195000,upbit,2026-06-28T04:34:13Z
KRW-BTC,2025-12-08T00:00:00,2025-12-08T09:00:00,135195000,137296000,133758000,134986000,1384.007306,134986000,upbit,2026-06-28T04:34:13Z
KRW-BTC,2025-12-09T00:00:00,2025-12-09T09:00:00,134975000,139858000,133300000,137200000,1957.435203,137200000,upbit,2026-06-28T04:34:13Z
KRW-BTC,2025-12-10T00:00:00,2025-12-10T09:00:00,137254000,139789000,136304000,136700000,1708.132659,136700000,upbit,2026-06-28T04:34:13Z
KRW-BTC,2025-12-11T00:00:00,2025-12-11T09:00:00,136702000,138792000,133364000,137332000,1851.330569,137332000,upbit,2026-06-28T04:34:13Z
KRW-BTC,2025-12-12T00:00:00,2025-12-12T09:00:00,137333000,137731000,134134000,134902000,1248.587767,134902000,upbit,2026-06-28T04:34:13Z
KRW-BTC,2025-12-13T00:00:00,2025-12-13T09:00:00,134930000,135120000,134150000,134733000,492.0558567,134733000,upbit,2026-06-28T04:34:13Z
KRW-BTC,2025-12-14T00:00:00,2025-12-14T09:00:00,134733000,135000000,131183000,131795000,1158.592164,131795000,upbit,2026-06-28T04:34:13Z
KRW-BTC,2025-12-15T00:00:00,2025-12-15T09:00:00,131797000,134235000,127602000,129132000,2256.236902,129132000,upbit,2026-06-28T04:34:13Z
KRW-BTC,2025-12-16T00:00:00,2025-12-16T09:00:00,129132000,131100000,127000000,130682000,1837.670466,130682000,upbit,2026-06-28T04:34:13Z
KRW-BTC,2025-12-17T00:00:00,2025-12-17T09:00:00,130682000,134100000,127633000,128680000,1765.616456,128680000,upbit,2026-06-28T04:34:13Z
KRW-BTC,2025-12-18T00:00:00,2025-12-18T09:00:00,128680000,132900000,126226000,127135000,2340.678806,127135000,upbit,2026-06-28T04:34:13Z
KRW-BTC,2025-12-19T00:00:00,2025-12-19T09:00:00,127233000,132770000,126551000,131223000,2121.911189,131223000,upbit,2026-06-28T04:34:13Z
KRW-BTC,2025-12-20T00:00:00,2025-12-20T09:00:00,131223000,132189000,130767000,131469000,533.9526546,131469000,upbit,2026-06-28T04:34:13Z
KRW-BTC,2025-12-21T00:00:00,2025-12-21T09:00:00,131526000,132486000,130399000,131860000,732.3567746,131860000,upbit,2026-06-28T04:34:13Z
KRW-BTC,2025-12-22T00:00:00,2025-12-22T09:00:00,131859000,134750000,131050000,132200000,1607.476657,132200000,upbit,2026-06-28T04:34:13Z
KRW-BTC,2025-12-23T00:00:00,2025-12-23T09:00:00,132201000,132618000,129380000,130451000,1251.771812,130451000,upbit,2026-06-28T04:34:13Z
KRW-BTC,2025-12-24T00:00:00,2025-12-24T09:00:00,130451000,130550000,127900000,129236000,1233.62965,129236000,upbit,2026-06-28T04:34:13Z
KRW-BTC,2025-12-25T00:00:00,2025-12-25T09:00:00,129236000,130200000,128100000,128498000,673.7650438,128498000,upbit,2026-06-28T04:34:13Z
KRW-BTC,2025-12-26T00:00:00,2025-12-26T09:00:00,128497000,130800000,127439000,128152000,1416.928933,128152000,upbit,2026-06-28T04:34:13Z
KRW-BTC,2025-12-27T00:00:00,2025-12-27T09:00:00,128149000,128396000,127713000,128298000,382.2685691,128298000,upbit,2026-06-28T04:34:13Z
KRW-BTC,2025-12-28T00:00:00,2025-12-28T09:00:00,128298000,128385000,127522000,127914000,414.891947,127914000,upbit,2026-06-28T04:34:13Z
KRW-BTC,2025-12-29T00:00:00,2025-12-29T09:00:00,127914000,130575000,126500000,127161000,1716.163078,127161000,upbit,2026-06-28T04:34:13Z
KRW-BTC,2025-12-30T00:00:00,2025-12-30T09:00:00,127161000,129602000,126356000,128570000,1093.600878,128570000,upbit,2026-06-28T04:34:13Z
KRW-BTC,2025-12-31T00:00:00,2025-12-31T09:00:00,128570000,129211000,127501000,128067000,766.9390268,128067000,upbit,2026-06-28T04:34:13Z
KRW-BTC,2026-01-01T00:00:00,2026-01-01T09:00:00,128000000,128943000,127864000,128830000,483.2677051,128830000,upbit,2026-06-28T04:34:13Z
KRW-BTC,2026-01-02T00:00:00,2026-01-02T09:00:00,128830000,131400000,128321000,130150000,1503.239753,130150000,upbit,2026-06-28T04:34:13Z
KRW-BTC,2026-01-03T00:00:00,2026-01-03T09:00:00,130151000,131103000,129290000,131077000,777.8706998,131077000,upbit,2026-06-28T04:34:13Z
KRW-BTC,2026-01-04T00:00:00,2026-01-04T09:00:00,131077000,132880000,131060000,132386000,963.7390689,132386000,upbit,2026-06-28T04:34:13Z
KRW-BTC,2026-01-05T00:00:00,2026-01-05T09:00:00,132386000,136950000,132364000,136074000,2066.274463,136074000,upbit,2026-06-28T04:34:13Z
KRW-BTC,2026-01-06T00:00:00,2026-01-06T09:00:00,136074000,136800000,133182000,136299000,1700.607753,136299000,upbit,2026-06-28T04:34:13Z
KRW-BTC,2026-01-07T00:00:00,2026-01-07T09:00:00,136299000,136299000,132500000,132939000,1303.762133,132939000,upbit,2026-06-28T04:34:13Z
KRW-BTC,2026-01-08T00:00:00,2026-01-08T09:00:00,132939000,133750000,130777000,133174000,1215.091003,133174000,upbit,2026-06-28T04:34:13Z
KRW-BTC,2026-01-09T00:00:00,2026-01-09T09:00:00,133200000,134809000,131770000,133451000,839.6340052,133451000,upbit,2026-06-28T04:34:13Z
KRW-BTC,2026-01-10T00:00:00,2026-01-10T09:00:00,133449000,133895000,133200000,133503000,284.4224981,133503000,upbit,2026-06-28T04:34:13Z
KRW-BTC,2026-01-11T00:00:00,2026-01-11T09:00:00,133503000,134250000,133106000,133702000,421.4968245,133702000,upbit,2026-06-28T04:34:13Z
KRW-BTC,2026-01-12T00:00:00,2026-01-12T09:00:00,133751000,136000000,133200000,134602000,1315.030999,134602000,upbit,2026-06-28T04:34:13Z
KRW-BTC,2026-01-13T00:00:00,2026-01-13T09:00:00,134602000,140670000,134321000,139968000,1960.129052,139968000,upbit,2026-06-28T04:34:13Z
KRW-BTC,2026-01-14T00:00:00,2026-01-14T09:00:00,139946000,143050000,138800000,142160000,1980.877108,142160000,upbit,2026-06-28T04:34:13Z
KRW-BTC,2026-01-15T00:00:00,2026-01-15T09:00:00,142160000,142815000,140400000,140907000,1439.141948,140907000,upbit,2026-06-28T04:34:13Z
KRW-BTC,2026-01-16T00:00:00,2026-01-16T09:00:00,140907000,141346000,139800000,141083000,896.6637696,141083000,upbit,2026-06-28T04:34:13Z
KRW-BTC,2026-01-17T00:00:00,2026-01-17T09:00:00,141087000,141250000,140409000,140527000,429.0723767,140527000,upbit,2026-06-28T04:34:13Z
KRW-BTC,2026-01-18T00:00:00,2026-01-18T09:00:00,140526000,141200000,138894000,138940000,642.2370191,138940000,upbit,2026-06-28T04:34:13Z
KRW-BTC,2026-01-19T00:00:00,2026-01-19T09:00:00,138944000,138993000,136590000,137010000,1474.794582,137010000,upbit,2026-06-28T04:34:13Z
KRW-BTC,2026-01-20T00:00:00,2026-01-20T09:00:00,137010000,137650000,131118000,131849000,2250.381395,131849000,upbit,2026-06-28T04:34:13Z
KRW-BTC,2026-01-21T00:00:00,2026-01-21T09:00:00,131849000,134345000,130000000,132505000,2064.782022,132505000,upbit,2026-06-28T04:34:13Z
KRW-BTC,2026-01-22T00:00:00,2026-01-22T09:00:00,132505000,134069000,131786000,132864000,871.3854148,132864000,upbit,2026-06-28T04:34:13Z
KRW-BTC,2026-01-23T00:00:00,2026-01-23T09:00:00,132864000,134741000,131568000,131961000,991.5855696,131961000,upbit,2026-06-28T04:34:13Z
KRW-BTC,2026-01-24T00:00:00,2026-01-24T09:00:00,131906000,132440000,131643000,131644000,370.2895948,131644000,upbit,2026-06-28T04:34:13Z
KRW-BTC,2026-01-25T00:00:00,2026-01-25T09:00:00,131644000,131880000,128000000,128500000,1544.95497,128500000,upbit,2026-06-28T04:34:13Z
KRW-BTC,2026-01-26T00:00:00,2026-01-26T09:00:00,128500000,129900000,127800000,129474000,1509.246827,129474000,upbit,2026-06-28T04:34:13Z
KRW-BTC,2026-01-27T00:00:00,2026-01-27T09:00:00,129474000,130349000,127800000,129687000,1119.308521,129687000,upbit,2026-06-28T04:34:13Z
KRW-BTC,2026-01-28T00:00:00,2026-01-28T09:00:00,129690000,131300000,128423000,129079000,1112.772263,129079000,upbit,2026-06-28T04:34:13Z
KRW-BTC,2026-01-29T00:00:00,2026-01-29T09:00:00,129051000,129080000,122734000,124287000,2871.729811,124287000,upbit,2026-06-28T04:34:13Z
KRW-BTC,2026-01-30T00:00:00,2026-01-30T09:00:00,124258000,125300000,119100000,125210000,3579.23933,125210000,upbit,2026-06-28T04:34:13Z
KRW-BTC,2026-01-31T00:00:00,2026-01-31T09:00:00,125210000,125220000,114971000,117616000,3707.031523,117616000,upbit,2026-06-28T04:34:13Z
KRW-BTC,2026-02-01T00:00:00,2026-02-01T09:00:00,117616000,118500000,112000000,113416000,3563.500358,113416000,upbit,2026-06-28T04:34:13Z
KRW-BTC,2026-02-02T00:00:00,2026-02-02T09:00:00,113416000,117350000,110638000,116997000,3681.90848,116997000,upbit,2026-06-28T04:34:13Z
KRW-BTC,2026-02-03T00:00:00,2026-02-03T09:00:00,116932000,117316000,108800000,111882000,3143.523536,111882000,upbit,2026-06-28T04:34:13Z
KRW-BTC,2026-02-04T00:00:00,2026-02-04T09:00:00,111882000,113470000,106510000,107867000,3504.395679,107867000,upbit,2026-06-28T04:34:13Z
KRW-BTC,2026-02-05T00:00:00,2026-02-05T09:00:00,107867000,108262000,92039000,92920000,12556.1635,92920000,upbit,2026-06-28T04:34:13Z
KRW-BTC,2026-02-06T00:00:00,2026-02-06T09:00:00,92894000,106801000,89000000,104990000,12766.90988,104990000,upbit,2026-06-28T04:34:13Z
KRW-BTC,2026-02-07T00:00:00,2026-02-07T09:00:00,104995000,106500000,99599000,102617000,4914.196744,102617000,upbit,2026-06-28T04:34:13Z
KRW-BTC,2026-02-08T00:00:00,2026-02-08T09:00:00,102602000,107047000,102063000,104587000,2654.824556,104587000,upbit,2026-06-28T04:34:13Z
KRW-BTC,2026-02-09T00:00:00,2026-02-09T09:00:00,104597000,105979000,101300000,103479000,2616.258756,103479000,upbit,2026-06-28T04:34:13Z
KRW-BTC,2026-02-10T00:00:00,2026-02-10T09:00:00,103479000,104188000,101000000,102136000,1879.317899,102136000,upbit,2026-06-28T04:34:13Z
KRW-BTC,2026-02-11T00:00:00,2026-02-11T09:00:00,102136000,102702000,97712000,99166000,3680.918469,99166000,upbit,2026-06-28T04:34:13Z
KRW-BTC,2026-02-12T00:00:00,2026-02-12T09:00:00,99162000,100367000,96000000,97328000,2306.025732,97328000,upbit,2026-06-28T04:34:13Z
KRW-BTC,2026-02-13T00:00:00,2026-02-13T09:00:00,97327000,101663000,96700000,100786000,2257.61836,100786000,upbit,2026-06-28T04:34:13Z
KRW-BTC,2026-02-14T00:00:00,2026-02-14T09:00:00,100799000,104195000,100560000,102850000,2061.919882,102850000,upbit,2026-06-28T04:34:13Z
KRW-BTC,2026-02-15T00:00:00,2026-02-15T09:00:00,102864000,105000000,100853000,102103000,2233.68471,102103000,upbit,2026-06-28T04:34:13Z
KRW-BTC,2026-02-16T00:00:00,2026-02-16T09:00:00,102158000,103708000,100047000,101944000,1542.150652,101944000,upbit,2026-06-28T04:34:13Z
KRW-BTC,2026-02-17T00:00:00,2026-02-17T09:00:00,101944000,102455000,99051000,100054000,1518.620646,100054000,upbit,2026-06-28T04:34:13Z
KRW-BTC,2026-02-18T00:00:00,2026-02-18T09:00:00,100054000,100956000,98115000,98622000,1554.462499,98622000,upbit,2026-06-28T04:34:13Z
KRW-BTC,2026-02-19T00:00:00,2026-02-19T09:00:00,98622000,99409000,97069000,98846000,1533.366065,98846000,upbit,2026-06-28T04:34:13Z
KRW-BTC,2026-02-20T00:00:00,2026-02-20T09:00:00,98847000,100620000,98263000,100065000,1652.577909,100065000,upbit,2026-06-28T04:34:13Z
KRW-BTC,2026-02-21T00:00:00,2026-02-21T09:00:00,100066000,100932000,99415000,99986000,775.4485252,99986000,upbit,2026-06-28T04:34:13Z
KRW-BTC,2026-02-22T00:00:00,2026-02-22T09:00:00,100033000,100263000,98912000,99542000,698.6398691,99542000,upbit,2026-06-28T04:34:13Z
KRW-BTC,2026-02-23T00:00:00,2026-02-23T09:00:00,99579000,99580000,94346000,95352000,3494.871793,95352000,upbit,2026-06-28T04:34:13Z
KRW-BTC,2026-02-24T00:00:00,2026-02-24T09:00:00,95352000,95762000,92000000,93807000,3095.249243,93807000,upbit,2026-06-28T04:34:13Z
KRW-BTC,2026-02-25T00:00:00,2026-02-25T09:00:00,93807000,100482000,93400000,97937000,3478.094668,97937000,upbit,2026-06-28T04:34:13Z
KRW-BTC,2026-02-26T00:00:00,2026-02-26T09:00:00,97935000,99223000,96343000,97449000,1956.336104,97449000,upbit,2026-06-28T04:34:13Z
KRW-BTC,2026-02-27T00:00:00,2026-02-27T09:00:00,97450000,98600000,95061000,96121000,1703.633067,96121000,upbit,2026-06-28T04:34:13Z
KRW-BTC,2026-02-28T00:00:00,2026-02-28T09:00:00,96120000,98601000,92632000,97626000,2847.008072,97626000,upbit,2026-06-28T04:34:13Z
KRW-BTC,2026-03-01T00:00:00,2026-03-01T09:00:00,97626000,99005000,95100000,95904000,2045.73502,95904000,upbit,2026-06-28T04:34:13Z
KRW-BTC,2026-03-02T00:00:00,2026-03-02T09:00:00,95906000,102200000,95871000,100520000,3475.719795,100520000,upbit,2026-06-28T04:34:13Z
KRW-BTC,2026-03-03T00:00:00,2026-03-03T09:00:00,100578000,101549000,97493000,100274000,2835.576988,100274000,upbit,2026-06-28T04:34:13Z
KRW-BTC,2026-03-04T00:00:00,2026-03-04T09:00:00,100310000,107294000,98907000,105374000,4453.713783,105374000,upbit,2026-06-28T04:34:13Z
KRW-BTC,2026-03-05T00:00:00,2026-03-05T09:00:00,105374000,107547000,103747000,103877000,2486.419016,103877000,upbit,2026-06-28T04:34:13Z
KRW-BTC,2026-03-06T00:00:00,2026-03-06T09:00:00,103877000,104699000,100185000,100763000,1995.581831,100763000,upbit,2026-06-28T04:34:13Z
KRW-BTC,2026-03-07T00:00:00,2026-03-07T09:00:00,100821000,101200000,99099000,99385000,1049.705737,99385000,upbit,2026-06-28T04:34:13Z
KRW-BTC,2026-03-08T00:00:00,2026-03-08T09:00:00,99387000,100912000,97500000,97845000,1436.719069,97845000,upbit,2026-06-28T04:34:13Z
KRW-BTC,2026-03-09T00:00:00,2026-03-09T09:00:00,97845000,102200000,97668000,100425000,1914.23416,100425000,upbit,2026-06-28T04:34:13Z
KRW-BTC,2026-03-10T00:00:00,2026-03-10T09:00:00,100499000,104500000,100413000,102417000,2065.784092,102417000,upbit,2026-06-28T04:34:13Z
KRW-BTC,2026-03-11T00:00:00,2026-03-11T09:00:00,102417000,104099000,101150000,102731000,1441.843766,102731000,upbit,2026-06-28T04:34:13Z
KRW-BTC,2026-03-12T00:00:00,2026-03-12T09:00:00,102734000,103416000,101600000,103248000,1196.4774,103248000,upbit,2026-06-28T04:34:13Z
KRW-BTC,2026-03-13T00:00:00,2026-03-13T09:00:00,103247000,108100000,103087000,104404000,3050.389114,104404000,upbit,2026-06-28T04:34:13Z
KRW-BTC,2026-03-14T00:00:00,2026-03-14T09:00:00,104477000,105200000,103921000,105131000,730.6160586,105131000,upbit,2026-06-28T04:34:13Z
KRW-BTC,2026-03-15T00:00:00,2026-03-15T09:00:00,105199000,107381000,104665000,106940000,1181.550316,106940000,upbit,2026-06-28T04:34:13Z
KRW-BTC,2026-03-16T00:00:00,2026-03-16T09:00:00,106995000,110198000,106114000,110058000,3345.485099,110058000,upbit,2026-06-28T04:34:13Z
KRW-BTC,2026-03-17T00:00:00,2026-03-17T09:00:00,110062000,112450000,108500000,109012000,2868.67594,109012000,upbit,2026-06-28T04:34:13Z
KRW-BTC,2026-03-18T00:00:00,2026-03-18T09:00:00,109015000,110022000,104935000,106000000,2441.753754,106000000,upbit,2026-06-28T04:34:13Z
KRW-BTC,2026-03-19T00:00:00,2026-03-19T09:00:00,106000000,106392000,102580000,104078000,2022.570566,104078000,upbit,2026-06-28T04:34:13Z
KRW-BTC,2026-03-20T00:00:00,2026-03-20T09:00:00,104078000,106200000,103865000,105314000,1361.287318,105314000,upbit,2026-06-28T04:34:13Z
KRW-BTC,2026-03-21T00:00:00,2026-03-21T09:00:00,105399000,106446000,103452000,103782000,726.2663963,103782000,upbit,2026-06-28T04:34:13Z
KRW-BTC,2026-03-22T00:00:00,2026-03-22T09:00:00,103831000,104488000,101659000,102021000,1403.491608,102021000,upbit,2026-06-28T04:34:13Z
KRW-BTC,2026-03-23T00:00:00,2026-03-23T09:00:00,102021000,106700000,101384000,105247000,2588.857961,105247000,upbit,2026-06-28T04:34:13Z
KRW-BTC,2026-03-24T00:00:00,2026-03-24T09:00:00,105290000,106270000,103300000,105149000,1416.87243,105149000,upbit,2026-06-28T04:34:13Z
KRW-BTC,2026-03-25T00:00:00,2026-03-25T09:00:00,105149000,107301000,105005000,106523000,1454.627823,106523000,upbit,2026-06-28T04:34:13Z
KRW-BTC,2026-03-26T00:00:00,2026-03-26T09:00:00,106524000,106754000,103154000,103849000,1452.379071,103849000,upbit,2026-06-28T04:34:13Z
KRW-BTC,2026-03-27T00:00:00,2026-03-27T09:00:00,103959000,104300000,99952000,101019000,2223.466902,101019000,upbit,2026-06-28T04:34:13Z
KRW-BTC,2026-03-28T00:00:00,2026-03-28T09:00:00,101019000,101969000,100172000,100895000,754.9679209,100895000,upbit,2026-06-28T04:34:13Z
KRW-BTC,2026-03-29T00:00:00,2026-03-29T09:00:00,100892000,101775000,99212000,100379000,825.6961038,100379000,upbit,2026-06-28T04:34:13Z
KRW-BTC,2026-03-30T00:00:00,2026-03-30T09:00:00,100379000,103182000,100166000,101468000,1306.53786,101468000,upbit,2026-06-28T04:34:13Z
KRW-BTC,2026-03-31T00:00:00,2026-03-31T09:00:00,101468000,103800000,100900000,103275000,1676.729327,103275000,upbit,2026-06-28T04:34:13Z
KRW-BTC,2026-04-01T00:00:00,2026-04-01T09:00:00,103342000,104211000,102347000,103129000,1332.032544,103129000,upbit,2026-06-28T04:34:13Z
KRW-BTC,2026-04-02T00:00:00,2026-04-02T09:00:00,103129000,103819000,100408000,101723000,1561.449663,101723000,upbit,2026-06-28T04:34:13Z
KRW-BTC,2026-04-03T00:00:00,2026-04-03T09:00:00,101737000,102030000,100839000,101648000,580.2970008,101648000,upbit,2026-06-28T04:34:13Z
KRW-BTC,2026-04-04T00:00:00,2026-04-04T09:00:00,101648000,102470000,101450000,102147000,343.0760613,102147000,upbit,2026-06-28T04:34:13Z
KRW-BTC,2026-04-05T00:00:00,2026-04-05T09:00:00,102131000,104567000,101395000,104288000,779.8492981,104288000,upbit,2026-06-28T04:34:13Z
KRW-BTC,2026-04-06T00:00:00,2026-04-06T09:00:00,104289000,105600000,103240000,103923000,1435.104878,103923000,upbit,2026-06-28T04:34:13Z
KRW-BTC,2026-04-07T00:00:00,2026-04-07T09:00:00,103964000,108318000,102400000,107255000,1883.796977,107255000,upbit,2026-06-28T04:34:13Z
KRW-BTC,2026-04-08T00:00:00,2026-04-08T09:00:00,107295000,108000000,105167000,105862000,1649.394991,105862000,upbit,2026-06-28T04:34:13Z
KRW-BTC,2026-04-09T00:00:00,2026-04-09T09:00:00,105868000,108062000,105080000,106628000,1246.96347,106628000,upbit,2026-06-28T04:34:13Z
KRW-BTC,2026-04-10T00:00:00,2026-04-10T09:00:00,106695000,108779000,106506000,108308000,1350.988207,108308000,upbit,2026-06-28T04:34:13Z
KRW-BTC,2026-04-11T00:00:00,2026-04-11T09:00:00,108308000,109384000,107980000,108567000,847.4704109,108567000,upbit,2026-06-28T04:34:13Z
KRW-BTC,2026-04-12T00:00:00,2026-04-12T09:00:00,108567000,108765000,105443000,105700000,1365.15636,105700000,upbit,2026-06-28T04:34:13Z
KRW-BTC,2026-04-13T00:00:00,2026-04-13T09:00:00,105732000,110276000,105438000,109806000,1781.799608,109806000,upbit,2026-06-28T04:34:13Z
KRW-BTC,2026-04-14T00:00:00,2026-04-14T09:00:00,109804000,111996000,109200000,109875000,1946.422133,109875000,upbit,2026-06-28T04:34:13Z
KRW-BTC,2026-04-15T00:00:00,2026-04-15T09:00:00,109870000,111016000,109020000,110456000,1297.587667,110456000,upbit,2026-06-28T04:34:13Z
KRW-BTC,2026-04-16T00:00:00,2026-04-16T09:00:00,110455000,111194000,108661000,110782000,1459.887718,110782000,upbit,2026-06-28T04:34:13Z
KRW-BTC,2026-04-17T00:00:00,2026-04-17T09:00:00,110782000,114891000,110175000,113773000,2616.654741,113773000,upbit,2026-06-28T04:34:13Z
KRW-BTC,2026-04-18T00:00:00,2026-04-18T09:00:00,113741000,114399000,112000000,112375000,1366.772724,112375000,upbit,2026-06-28T04:34:13Z
KRW-BTC,2026-04-19T00:00:00,2026-04-19T09:00:00,112417000,113300000,110003000,110020000,1329.402403,110020000,upbit,2026-06-28T04:34:13Z
KRW-BTC,2026-04-20T00:00:00,2026-04-20T09:00:00,110040000,113200000,110000000,112455000,1322.053612,112455000,upbit,2026-06-28T04:34:13Z
KRW-BTC,2026-04-21T00:00:00,2026-04-21T09:00:00,112455000,113500000,111450000,113049000,1426.955038,113049000,upbit,2026-06-28T04:34:13Z
KRW-BTC,2026-04-22T00:00:00,2026-04-22T09:00:00,113049000,117471000,112779000,115901000,2421.275342,115901000,upbit,2026-06-28T04:34:13Z
KRW-BTC,2026-04-23T00:00:00,2026-04-23T09:00:00,115909000,116800000,114750000,116429000,1761.232952,116429000,upbit,2026-06-28T04:34:13Z
KRW-BTC,2026-04-24T00:00:00,2026-04-24T09:00:00,116430000,116843000,115140000,115463000,1295.913936,115463000,upbit,2026-06-28T04:34:13Z
KRW-BTC,2026-04-25T00:00:00,2026-04-25T09:00:00,115464000,115935000,115002000,115696000,602.7576635,115696000,upbit,2026-06-28T04:34:13Z
KRW-BTC,2026-04-26T00:00:00,2026-04-26T09:00:00,115696000,117151000,115215000,116655000,742.2301276,116655000,upbit,2026-06-28T04:34:13Z
KRW-BTC,2026-04-27T00:00:00,2026-04-27T09:00:00,116692000,117736000,114089000,115338000,1895.390202,115338000,upbit,2026-06-28T04:34:13Z
KRW-BTC,2026-04-28T00:00:00,2026-04-28T09:00:00,115304000,115338000,112648000,113437000,1261.772538,113437000,upbit,2026-06-28T04:34:13Z
KRW-BTC,2026-04-29T00:00:00,2026-04-29T09:00:00,113441000,115503000,112370000,113406000,1259.145451,113406000,upbit,2026-06-28T04:34:13Z
KRW-BTC,2026-04-30T00:00:00,2026-04-30T09:00:00,113394000,114081000,112500000,113810000,922.2722352,113810000,upbit,2026-06-28T04:34:13Z
KRW-BTC,2026-05-01T00:00:00,2026-05-01T09:00:00,113810000,116777000,113751000,115947000,1147.721092,115947000,upbit,2026-06-28T04:34:13Z
KRW-BTC,2026-05-02T00:00:00,2026-05-02T09:00:00,115999000,117000000,115797000,116561000,639.794349,116561000,upbit,2026-06-28T04:34:13Z
KRW-BTC,2026-05-03T00:00:00,2026-05-03T09:00:00,116561000,117338000,116006000,116590000,844.7343175,116590000,upbit,2026-06-28T04:34:13Z
KRW-BTC,2026-05-04T00:00:00,2026-05-04T09:00:00,116590000,119427000,116058000,118620000,2539.125251,118620000,upbit,2026-06-28T04:34:13Z
KRW-BTC,2026-05-05T00:00:00,2026-05-05T09:00:00,118620000,120950000,118523000,119724000,2084.520649,119724000,upbit,2026-06-28T04:34:13Z
KRW-BTC,2026-05-06T00:00:00,2026-05-06T09:00:00,119742000,120845000,119102000,119394000,1790.80033,119394000,upbit,2026-06-28T04:34:13Z
KRW-BTC,2026-05-07T00:00:00,2026-05-07T09:00:00,119394000,119804000,117220000,117896000,1627.797352,117896000,upbit,2026-06-28T04:34:13Z
KRW-BTC,2026-05-08T00:00:00,2026-05-08T09:00:00,117896000,118990000,117090000,118150000,1035.861483,118150000,upbit,2026-06-28T04:34:13Z
KRW-BTC,2026-05-09T00:00:00,2026-05-09T09:00:00,118170000,119306000,118106000,118954000,543.2318927,118954000,upbit,2026-06-28T04:34:13Z
KRW-BTC,2026-05-10T00:00:00,2026-05-10T09:00:00,118992000,120570000,118000000,120433000,1175.516868,120433000,upbit,2026-06-28T04:34:13Z
KRW-BTC,2026-05-11T00:00:00,2026-05-11T09:00:00,120461000,120700000,118739000,120095000,1432.186211,120095000,upbit,2026-06-28T04:34:13Z
KRW-BTC,2026-05-12T00:00:00,2026-05-12T09:00:00,120095000,120297000,118646000,119202000,1157.868766,119202000,upbit,2026-06-28T04:34:13Z
KRW-BTC,2026-05-13T00:00:00,2026-05-13T09:00:00,119202000,120339000,117300000,117854000,1531.372565,117854000,upbit,2026-06-28T04:34:13Z
KRW-BTC,2026-05-14T00:00:00,2026-05-14T09:00:00,117854000,121000000,117325000,119848000,1626.11679,119848000,upbit,2026-06-28T04:34:13Z
KRW-BTC,2026-05-15T00:00:00,2026-05-15T09:00:00,119849000,121000000,117093000,117780000,1570.54469,117780000,upbit,2026-06-28T04:34:13Z
KRW-BTC,2026-05-16T00:00:00,2026-05-16T09:00:00,117783000,118050000,115833000,116697000,1060.997995,116697000,upbit,2026-06-28T04:34:13Z
KRW-BTC,2026-05-17T00:00:00,2026-05-17T09:00:00,116706000,117199000,114953000,115494000,801.524247,115494000,upbit,2026-06-28T04:34:13Z
KRW-BTC,2026-05-18T00:00:00,2026-05-18T09:00:00,115494000,115600000,113305000,114328000,1707.870159,114328000,upbit,2026-06-28T04:34:13Z
KRW-BTC,2026-05-19T00:00:00,2026-05-19T09:00:00,114350000,115063000,113657000,114473000,694.9160689,114473000,upbit,2026-06-28T04:34:13Z
KRW-BTC,2026-05-20T00:00:00,2026-05-20T09:00:00,114473000,115612000,113900000,114949000,877.5258823,114949000,upbit,2026-06-28T04:34:13Z
KRW-BTC,2026-05-21T00:00:00,2026-05-21T09:00:00,114949000,116000000,114215000,115159000,811.9200099,115159000,upbit,2026-06-28T04:34:13Z
KRW-BTC,2026-05-22T00:00:00,2026-05-22T09:00:00,115159000,115651000,113186000,113350000,914.4587117,113350000,upbit,2026-06-28T04:34:13Z
KRW-BTC,2026-05-23T00:00:00,2026-05-23T09:00:00,113350000,115500000,111750000,114869000,1420.6047,114869000,upbit,2026-06-28T04:34:13Z
KRW-BTC,2026-05-24T00:00:00,2026-05-24T09:00:00,114869000,115707000,114000000,115381000,633.5788607,115381000,upbit,2026-06-28T04:34:13Z
KRW-BTC,2026-05-25T00:00:00,2026-05-25T09:00:00,115381000,115732000,114675000,114891000,611.0817318,114891000,upbit,2026-06-28T04:34:13Z
KRW-BTC,2026-05-26T00:00:00,2026-05-26T09:00:00,114935000,115250000,112420000,112425000,1322.679692,112425000,upbit,2026-06-28T04:34:13Z
KRW-BTC,2026-05-27T00:00:00,2026-05-27T09:00:00,112425000,112607000,109248000,109549000,1905.276117,109549000,upbit,2026-06-28T04:34:13Z
KRW-BTC,2026-05-28T00:00:00,2026-05-28T09:00:00,109549000,110001000,107175000,108465000,2087.155092,108465000,upbit,2026-06-28T04:34:13Z
KRW-BTC,2026-05-29T00:00:00,2026-05-29T09:00:00,108469000,109823000,107484000,108790000,1233.513776,108790000,upbit,2026-06-28T04:34:13Z
KRW-BTC,2026-05-30T00:00:00,2026-05-30T09:00:00,108790000,109698000,108591000,109399000,474.1438529,109399000,upbit,2026-06-28T04:34:13Z
KRW-BTC,2026-05-31T00:00:00,2026-05-31T09:00:00,109399000,109900000,108276000,108445000,639.0575828,108445000,upbit,2026-06-28T04:34:13Z
KRW-BTC,2026-06-01T00:00:00,2026-06-01T09:00:00,108445000,109030000,103747000,104140000,2755.986311,104140000,upbit,2026-06-28T04:34:13Z
KRW-BTC,2026-06-02T00:00:00,2026-06-02T09:00:00,104140000,104140000,98110000,98760000,4015.853515,98760000,upbit,2026-06-28T04:34:13Z
KRW-BTC,2026-06-03T00:00:00,2026-06-03T09:00:00,98760000,100073000,95015000,95032000,2900.121754,95032000,upbit,2026-06-28T04:34:13Z
KRW-BTC,2026-06-04T00:00:00,2026-06-04T09:00:00,95032000,96604000,91523000,95506000,3659.013955,95506000,upbit,2026-06-28T04:34:13Z
KRW-BTC,2026-06-05T00:00:00,2026-06-05T09:00:00,95506000,95506000,90500000,93000000,3244.145129,93000000,upbit,2026-06-28T04:34:13Z
KRW-BTC,2026-06-06T00:00:00,2026-06-06T09:00:00,93000000,93600000,90895000,92560000,1231.038022,92560000,upbit,2026-06-28T04:34:13Z
KRW-BTC,2026-06-07T00:00:00,2026-06-07T09:00:00,92560000,97000000,92353000,95430000,1892.840645,95430000,upbit,2026-06-28T04:34:13Z
KRW-BTC,2026-06-08T00:00:00,2026-06-08T09:00:00,95502000,96400000,94000000,94730000,1362.867831,94730000,upbit,2026-06-28T04:34:13Z
KRW-BTC,2026-06-09T00:00:00,2026-06-09T09:00:00,94735000,94980000,91700000,92555000,1333.84496,92555000,upbit,2026-06-28T04:34:13Z
KRW-BTC,2026-06-10T00:00:00,2026-06-10T09:00:00,92555000,94470000,91500000,92601000,1257.280333,92601000,upbit,2026-06-28T04:34:13Z
KRW-BTC,2026-06-11T00:00:00,2026-06-11T09:00:00,92560000,95800000,92558000,95623000,1035.236579,95623000,upbit,2026-06-28T04:34:13Z
KRW-BTC,2026-06-12T00:00:00,2026-06-12T09:00:00,95623000,96947000,94598000,96029000,933.9954944,96029000,upbit,2026-06-28T04:34:13Z
KRW-BTC,2026-06-13T00:00:00,2026-06-13T09:00:00,96029000,97713000,95801000,97475000,688.1851003,97475000,upbit,2026-06-28T04:34:13Z
KRW-BTC,2026-06-14T00:00:00,2026-06-14T09:00:00,97476000,99265000,96060000,99190000,1233.512501,99190000,upbit,2026-06-28T04:34:13Z
KRW-BTC,2026-06-15T00:00:00,2026-06-15T09:00:00,99200000,100992000,98000000,99588000,1697.610658,99588000,upbit,2026-06-28T04:34:13Z
KRW-BTC,2026-06-16T00:00:00,2026-06-16T09:00:00,99576000,100639000,98225000,98645000,1009.042214,98645000,upbit,2026-06-28T04:34:13Z
KRW-BTC,2026-06-17T00:00:00,2026-06-17T09:00:00,98624000,99633000,96511000,97219000,1196.612457,97219000,upbit,2026-06-28T04:34:13Z
KRW-BTC,2026-06-18T00:00:00,2026-06-18T09:00:00,97277000,97542000,94323000,94988000,1282.479549,94988000,upbit,2026-06-28T04:34:13Z
KRW-BTC,2026-06-19T00:00:00,2026-06-19T09:00:00,94988000,96199000,94040000,96102000,892.4022196,96102000,upbit,2026-06-28T04:34:13Z
KRW-BTC,2026-06-20T00:00:00,2026-06-20T09:00:00,96074000,97332000,95600000,97291000,560.9628915,97291000,upbit,2026-06-28T04:34:13Z
KRW-BTC,2026-06-21T00:00:00,2026-06-21T09:00:00,97261000,97593000,95300000,95395000,587.4936477,95395000,upbit,2026-06-28T04:34:13Z
KRW-BTC,2026-06-22T00:00:00,2026-06-22T09:00:00,95395000,98625000,95300000,96640000,1005.45964,96640000,upbit,2026-06-28T04:34:13Z
KRW-BTC,2026-06-23T00:00:00,2026-06-23T09:00:00,96640000,97000000,93569000,94490000,1253.668009,94490000,upbit,2026-06-28T04:34:13Z
KRW-BTC,2026-06-24T00:00:00,2026-06-24T09:00:00,94490000,95448000,90500000,92583000,2098.204281,92583000,upbit,2026-06-28T04:34:13Z
KRW-BTC,2026-06-25T00:00:00,2026-06-25T09:00:00,92583000,93699000,89390000,90890000,2413.247186,90890000,upbit,2026-06-28T04:34:13Z
KRW-BTC,2026-06-26T00:00:00,2026-06-26T09:00:00,90899000,92000000,89000000,91165000,1907.467203,91165000,upbit,2026-06-28T04:34:13Z
KRW-BTC,2026-06-27T00:00:00,2026-06-27T09:00:00,91165000,92300000,90777000,91144000,548.5264212,91144000,upbit,2026-06-28T04:34:13Z
KRW-BTC,2026-06-28T00:00:00,2026-06-28T09:00:00,91130000,91555000,91047000,91261000,72.91937489,91261000,upbit,2026-06-28T04:34:13Z
KRW-ETH,2020-06-20T00:00:00,2020-06-20T09:00:00,277150,279050,274150,277000,20859.27079,277000,upbit,2026-06-28T04:34:13Z
KRW-ETH,2020-06-21T00:00:00,2020-06-21T09:00:00,276950,279000,275000,275850,19275.80865,275850,upbit,2026-06-28T04:34:13Z
KRW-ETH,2020-06-22T00:00:00,2020-06-22T09:00:00,275450,294650,275250,291800,65974.35342,291800,upbit,2026-06-28T04:34:13Z
KRW-ETH,2020-06-23T00:00:00,2020-06-23T09:00:00,291500,293600,288450,290500,42078.73553,290500,upbit,2026-06-28T04:34:13Z
KRW-ETH,2020-06-24T00:00:00,2020-06-24T09:00:00,290500,297900,279000,283000,78529.30732,283000,upbit,2026-06-28T04:34:13Z
KRW-ETH,2020-06-25T00:00:00,2020-06-25T09:00:00,282950,283850,273800,280050,56542.94809,280050,upbit,2026-06-28T04:34:13Z
KRW-ETH,2020-06-26T00:00:00,2020-06-26T09:00:00,280050,281100,274250,276650,45841.08337,276650,upbit,2026-06-28T04:34:13Z
KRW-ETH,2020-06-27T00:00:00,2020-06-27T09:00:00,276650,277700,264200,267800,39142.02903,267800,upbit,2026-06-28T04:34:13Z
KRW-ETH,2020-06-28T00:00:00,2020-06-28T09:00:00,267750,274250,262050,270950,50407.43961,270950,upbit,2026-06-28T04:34:13Z
KRW-ETH,2020-06-29T00:00:00,2020-06-29T09:00:00,270500,274700,265600,272250,48232.41411,272250,upbit,2026-06-28T04:34:13Z
KRW-ETH,2020-06-30T00:00:00,2020-06-30T09:00:00,272200,273200,267400,269900,30537.10344,269900,upbit,2026-06-28T04:34:13Z
KRW-ETH,2020-07-01T00:00:00,2020-07-01T09:00:00,269750,278200,268350,276600,44634.47705,276600,upbit,2026-06-28T04:34:13Z
KRW-ETH,2020-07-02T00:00:00,2020-07-02T09:00:00,276200,277350,268550,271400,44643.46362,271400,upbit,2026-06-28T04:34:13Z
KRW-ETH,2020-07-03T00:00:00,2020-07-03T09:00:00,271050,273150,268850,269250,36843.24306,269250,upbit,2026-06-28T04:34:13Z
KRW-ETH,2020-07-04T00:00:00,2020-07-04T09:00:00,269050,275000,268850,272950,21287.69962,272950,upbit,2026-06-28T04:34:13Z
KRW-ETH,2020-07-05T00:00:00,2020-07-05T09:00:00,272950,273650,267900,271850,25537.69115,271850,upbit,2026-06-28T04:34:13Z
KRW-ETH,2020-07-06T00:00:00,2020-07-06T09:00:00,271850,286650,270450,286000,61326.15018,286000,upbit,2026-06-28T04:34:13Z
KRW-ETH,2020-07-07T00:00:00,2020-07-07T09:00:00,285800,288300,278800,283950,47136.44781,283950,upbit,2026-06-28T04:34:13Z
KRW-ETH,2020-07-08T00:00:00,2020-07-08T09:00:00,283950,293500,282400,291300,72304.48641,291300,upbit,2026-06-28T04:34:13Z
KRW-ETH,2020-07-09T00:00:00,2020-07-09T09:00:00,291300,293000,282500,287250,50606.26238,287250,upbit,2026-06-28T04:34:13Z
KRW-ETH,2020-07-10T00:00:00,2020-07-10T09:00:00,286950,287300,281500,286600,37246.12755,286600,upbit,2026-06-28T04:34:13Z
KRW-ETH,2020-07-11T00:00:00,2020-07-11T09:00:00,286600,287250,282100,284050,21132.5575,284050,upbit,2026-06-28T04:34:13Z
KRW-ETH,2020-07-12T00:00:00,2020-07-12T09:00:00,284050,288450,281350,287850,30110.28705,287850,upbit,2026-06-28T04:34:13Z
KRW-ETH,2020-07-13T00:00:00,2020-07-13T09:00:00,287900,290050,283400,285000,49498.44694,285000,upbit,2026-06-28T04:34:13Z
KRW-ETH,2020-07-14T00:00:00,2020-07-14T09:00:00,285500,288000,283450,285700,35682.66925,285700,upbit,2026-06-28T04:34:13Z
KRW-ETH,2020-07-15T00:00:00,2020-07-15T09:00:00,285700,286550,282900,284850,29638.57713,284850,upbit,2026-06-28T04:34:13Z
KRW-ETH,2020-07-16T00:00:00,2020-07-16T09:00:00,284850,285600,275400,279400,40069.63247,279400,upbit,2026-06-28T04:34:13Z
KRW-ETH,2020-07-17T00:00:00,2020-07-17T09:00:00,279450,280500,277350,278100,28416.51102,278100,upbit,2026-06-28T04:34:13Z
KRW-ETH,2020-07-18T00:00:00,2020-07-18T09:00:00,278100,281500,277550,280350,23578.25171,280350,upbit,2026-06-28T04:34:13Z
KRW-ETH,2020-07-19T00:00:00,2020-07-19T09:00:00,280400,284950,278300,284150,25024.69557,284150,upbit,2026-06-28T04:34:13Z
KRW-ETH,2020-07-20T00:00:00,2020-07-20T09:00:00,283650,285050,280500,282050,31103.93021,282050,upbit,2026-06-28T04:34:13Z
KRW-ETH,2020-07-21T00:00:00,2020-07-21T09:00:00,282050,292800,281950,290900,53703.57706,290900,upbit,2026-06-28T04:34:13Z
KRW-ETH,2020-07-22T00:00:00,2020-07-22T09:00:00,290650,315050,288250,311850,60625.21899,311850,upbit,2026-06-28T04:34:13Z
KRW-ETH,2020-07-23T00:00:00,2020-07-23T09:00:00,311750,330100,307900,325000,101085.2874,325000,upbit,2026-06-28T04:34:13Z
KRW-ETH,2020-07-24T00:00:00,2020-07-24T09:00:00,325000,340800,318450,331600,91204.47854,331600,upbit,2026-06-28T04:34:13Z
KRW-ETH,2020-07-25T00:00:00,2020-07-25T09:00:00,331550,365000,331550,361000,92237.50021,361000,upbit,2026-06-28T04:34:13Z
KRW-ETH,2020-07-26T00:00:00,2020-07-26T09:00:00,361000,376400,354000,367050,115407.5807,367050,upbit,2026-06-28T04:34:13Z
KRW-ETH,2020-07-27T00:00:00,2020-07-27T09:00:00,366950,388850,366350,377000,156194.7006,377000,upbit,2026-06-28T04:34:13Z
KRW-ETH,2020-07-28T00:00:00,2020-07-28T09:00:00,377050,383200,361750,370600,112085.0499,370600,upbit,2026-06-28T04:34:13Z
KRW-ETH,2020-07-29T00:00:00,2020-07-29T09:00:00,371050,383300,366900,376000,81168.24513,376000,upbit,2026-06-28T04:34:13Z
KRW-ETH,2020-07-30T00:00:00,2020-07-30T09:00:00,375950,401800,372500,394900,83884.26941,394900,upbit,2026-06-28T04:34:13Z
KRW-ETH,2020-07-31T00:00:00,2020-07-31T09:00:00,394750,412550,388850,410050,98366.94647,410050,upbit,2026-06-28T04:34:13Z
KRW-ETH,2020-08-01T00:00:00,2020-08-01T09:00:00,409550,462450,406300,456750,105064.0216,456750,upbit,2026-06-28T04:34:13Z
KRW-ETH,2020-08-02T00:00:00,2020-08-02T09:00:00,456400,489500,389150,438500,326707.3942,438500,upbit,2026-06-28T04:34:13Z
KRW-ETH,2020-08-03T00:00:00,2020-08-03T09:00:00,438750,473000,433950,456100,117327.5147,456100,upbit,2026-06-28T04:34:13Z
KRW-ETH,2020-08-04T00:00:00,2020-08-04T09:00:00,456500,475350,452000,463600,95725.30062,463600,upbit,2026-06-28T04:34:13Z
KRW-ETH,2020-08-05T00:00:00,2020-08-05T09:00:00,463400,479550,457500,472950,75118.14234,472950,upbit,2026-06-28T04:34:13Z
KRW-ETH,2020-08-06T00:00:00,2020-08-06T09:00:00,472950,476650,461350,465900,65368.70079,465900,upbit,2026-06-28T04:34:13Z
KRW-ETH,2020-08-07T00:00:00,2020-08-07T09:00:00,465250,469550,435650,451050,71299.43953,451050,upbit,2026-06-28T04:34:13Z
KRW-ETH,2020-08-08T00:00:00,2020-08-08T09:00:00,451000,468000,446700,468000,43056.09182,468000,upbit,2026-06-28T04:34:13Z
KRW-ETH,2020-08-09T00:00:00,2020-08-09T09:00:00,467450,471100,454000,461500,42704.6699,461500,upbit,2026-06-28T04:34:13Z
KRW-ETH,2020-08-10T00:00:00,2020-08-10T09:00:00,461500,471300,459800,465850,57975.62412,465850,upbit,2026-06-28T04:34:13Z
KRW-ETH,2020-08-11T00:00:00,2020-08-11T09:00:00,465500,468000,440400,452750,71303.06455,452750,upbit,2026-06-28T04:34:13Z
KRW-ETH,2020-08-12T00:00:00,2020-08-12T09:00:00,452650,460850,436050,458350,69379.15907,458350,upbit,2026-06-28T04:34:13Z
KRW-ETH,2020-08-13T00:00:00,2020-08-13T09:00:00,458700,509300,447400,497850,112989.0407,497850,upbit,2026-06-28T04:34:13Z
KRW-ETH,2020-08-14T00:00:00,2020-08-14T09:00:00,497900,521600,492400,515100,91159.87189,515100,upbit,2026-06-28T04:34:13Z
KRW-ETH,2020-08-15T00:00:00,2020-08-15T09:00:00,514500,520000,502000,506300,56050.66234,506300,upbit,2026-06-28T04:34:13Z
KRW-ETH,2020-08-16T00:00:00,2020-08-16T09:00:00,506300,511500,485000,505800,60333.16497,505800,upbit,2026-06-28T04:34:13Z
KRW-ETH,2020-08-17T00:00:00,2020-08-17T09:00:00,505800,513500,493550,499000,65464.74669,499000,upbit,2026-06-28T04:34:13Z
KRW-ETH,2020-08-18T00:00:00,2020-08-18T09:00:00,499000,502100,484700,494550,58896.0201,494550,upbit,2026-06-28T04:34:13Z
KRW-ETH,2020-08-19T00:00:00,2020-08-19T09:00:00,494500,499700,468600,481600,66813.63066,481600,upbit,2026-06-28T04:34:13Z
KRW-ETH,2020-08-20T00:00:00,2020-08-20T09:00:00,481550,493000,474050,490250,54496.60411,490250,upbit,2026-06-28T04:34:13Z
KRW-ETH,2020-08-21T00:00:00,2020-08-21T09:00:00,490250,492400,461250,464200,62548.61858,464200,upbit,2026-06-28T04:34:13Z
KRW-ETH,2020-08-22T00:00:00,2020-08-22T09:00:00,464200,470750,450400,469450,59173.75075,469450,upbit,2026-06-28T04:34:13Z
KRW-ETH,2020-08-23T00:00:00,2020-08-23T09:00:00,469450,470550,456000,463100,31547.85687,463100,upbit,2026-06-28T04:34:13Z
KRW-ETH,2020-08-24T00:00:00,2020-08-24T09:00:00,463150,483400,459800,481900,53905.68682,481900,upbit,2026-06-28T04:34:13Z
KRW-ETH,2020-08-25T00:00:00,2020-08-25T09:00:00,481200,482300,443450,455850,70610.23868,455850,upbit,2026-06-28T04:34:13Z
KRW-ETH,2020-08-26T00:00:00,2020-08-26T09:00:00,455850,464000,448200,457000,47723.7831,457000,upbit,2026-06-28T04:34:13Z
KRW-ETH,2020-08-27T00:00:00,2020-08-27T09:00:00,456850,470000,444550,453350,58810.22121,453350,upbit,2026-06-28T04:34:13Z
KRW-ETH,2020-08-28T00:00:00,2020-08-28T09:00:00,453350,467450,449100,464950,42331.57008,464950,upbit,2026-06-28T04:34:13Z
KRW-ETH,2020-08-29T00:00:00,2020-08-29T09:00:00,464550,475000,460950,468050,39429.1164,468050,upbit,2026-06-28T04:34:13Z
KRW-ETH,2020-08-30T00:00:00,2020-08-30T09:00:00,468050,501300,467850,500700,59787.47851,500700,upbit,2026-06-28T04:34:13Z
KRW-ETH,2020-08-31T00:00:00,2020-08-31T09:00:00,500800,516100,490000,511600,84273.62689,511600,upbit,2026-06-28T04:34:13Z
KRW-ETH,2020-09-01T00:00:00,2020-09-01T09:00:00,511600,570000,507000,557400,141428.1253,557400,upbit,2026-06-28T04:34:13Z
KRW-ETH,2020-09-02T00:00:00,2020-09-02T09:00:00,557400,566900,504000,524400,164692.9475,524400,upbit,2026-06-28T04:34:13Z
KRW-ETH,2020-09-03T00:00:00,2020-09-03T09:00:00,524400,535900,451000,462300,218512.1827,462300,upbit,2026-06-28T04:34:13Z
KRW-ETH,2020-09-04T00:00:00,2020-09-04T09:00:00,462300,485900,445150,465800,162141.4729,465800,upbit,2026-06-28T04:34:13Z
KRW-ETH,2020-09-05T00:00:00,2020-09-05T09:00:00,465800,476550,386250,408300,215659.3785,408300,upbit,2026-06-28T04:34:13Z
KRW-ETH,2020-09-06T00:00:00,2020-09-06T09:00:00,408100,434000,384700,424500,209504.179,424500,upbit,2026-06-28T04:34:13Z
KRW-ETH,2020-09-07T00:00:00,2020-09-07T09:00:00,425000,432600,390000,422300,142301.5617,422300,upbit,2026-06-28T04:34:13Z
KRW-ETH,2020-09-08T00:00:00,2020-09-08T09:00:00,422300,425300,395000,404000,100209.7818,404000,upbit,2026-06-28T04:34:13Z
KRW-ETH,2020-09-09T00:00:00,2020-09-09T09:00:00,404000,426150,396500,418050,82644.90222,418050,upbit,2026-06-28T04:34:13Z
KRW-ETH,2020-09-10T00:00:00,2020-09-10T09:00:00,418600,447700,417450,439000,127290.4413,439000,upbit,2026-06-28T04:34:13Z
KRW-ETH,2020-09-11T00:00:00,2020-09-11T09:00:00,439000,445500,424500,443850,62630.1878,443850,upbit,2026-06-28T04:34:13Z
KRW-ETH,2020-09-12T00:00:00,2020-09-12T09:00:00,443850,459950,435100,459950,42925.64463,459950,upbit,2026-06-28T04:34:13Z
KRW-ETH,2020-09-13T00:00:00,2020-09-13T09:00:00,459950,463500,425000,438700,73725.88595,438700,upbit,2026-06-28T04:34:13Z
KRW-ETH,2020-09-14T00:00:00,2020-09-14T09:00:00,438700,455700,427000,447350,63103.10877,447350,upbit,2026-06-28T04:34:13Z
KRW-ETH,2020-09-15T00:00:00,2020-09-15T09:00:00,447100,452100,430800,432850,57140.45413,432850,upbit,2026-06-28T04:34:13Z
KRW-ETH,2020-09-16T00:00:00,2020-09-16T09:00:00,432150,438500,420300,429750,50502.66628,429750,upbit,2026-06-28T04:34:13Z
KRW-ETH,2020-09-17T00:00:00,2020-09-17T09:00:00,430300,461300,428950,455600,76430.38002,455600,upbit,2026-06-28T04:34:13Z
KRW-ETH,2020-09-18T00:00:00,2020-09-18T09:00:00,455450,459400,441000,449650,44828.01331,449650,upbit,2026-06-28T04:34:13Z
KRW-ETH,2020-09-19T00:00:00,2020-09-19T09:00:00,449650,453000,442100,450200,26304.97945,450200,upbit,2026-06-28T04:34:13Z
KRW-ETH,2020-09-20T00:00:00,2020-09-20T09:00:00,450100,450100,429800,435350,30434.51038,435350,upbit,2026-06-28T04:34:13Z
KRW-ETH,2020-09-21T00:00:00,2020-09-21T09:00:00,435350,439550,391150,401450,85035.4644,401450,upbit,2026-06-28T04:34:13Z
KRW-ETH,2020-09-22T00:00:00,2020-09-22T09:00:00,400900,407150,391750,403650,44132.65688,403650,upbit,2026-06-28T04:34:13Z
KRW-ETH,2020-09-23T00:00:00,2020-09-23T09:00:00,403650,403850,370050,375300,59178.12561,375300,upbit,2026-06-28T04:34:13Z
KRW-ETH,2020-09-24T00:00:00,2020-09-24T09:00:00,374750,410000,370100,406500,61995.64239,406500,upbit,2026-06-28T04:34:13Z
KRW-ETH,2020-09-25T00:00:00,2020-09-25T09:00:00,406100,416800,394200,410000,54782.50768,410000,upbit,2026-06-28T04:34:13Z
KRW-ETH,2020-09-26T00:00:00,2020-09-26T09:00:00,410000,414100,403600,412400,33820.5973,412400,upbit,2026-06-28T04:34:13Z
KRW-ETH,2020-09-27T00:00:00,2020-09-27T09:00:00,412750,421500,405600,415400,39078.99972,415400,upbit,2026-06-28T04:34:13Z
KRW-ETH,2020-09-28T00:00:00,2020-09-28T09:00:00,415250,425950,411050,412700,41079.356,412700,upbit,2026-06-28T04:34:13Z
KRW-ETH,2020-09-29T00:00:00,2020-09-29T09:00:00,412700,419300,408500,417700,39213.4012,417700,upbit,2026-06-28T04:34:13Z
KRW-ETH,2020-09-30T00:00:00,2020-09-30T09:00:00,417700,420550,411100,419250,21936.42244,419250,upbit,2026-06-28T04:34:13Z
KRW-ETH,2020-10-01T00:00:00,2020-10-01T09:00:00,419250,429550,405500,413600,35860.19131,413600,upbit,2026-06-28T04:34:13Z
KRW-ETH,2020-10-02T00:00:00,2020-10-02T09:00:00,413600,414800,394900,406600,38598.29376,406600,upbit,2026-06-28T04:34:13Z
KRW-ETH,2020-10-03T00:00:00,2020-10-03T09:00:00,406600,411300,404350,406750,15776.98476,406750,upbit,2026-06-28T04:34:13Z
KRW-ETH,2020-10-04T00:00:00,2020-10-04T09:00:00,406300,414000,403700,411400,17479.30472,411400,upbit,2026-06-28T04:34:13Z
KRW-ETH,2020-10-05T00:00:00,2020-10-05T09:00:00,411250,414800,406650,411400,23490.76608,411400,upbit,2026-06-28T04:34:13Z
KRW-ETH,2020-10-06T00:00:00,2020-10-06T09:00:00,411250,412900,395100,399300,39971.74324,399300,upbit,2026-06-28T04:34:13Z
KRW-ETH,2020-10-07T00:00:00,2020-10-07T09:00:00,399200,399600,390500,398450,28287.288,398450,upbit,2026-06-28T04:34:13Z
KRW-ETH,2020-10-08T00:00:00,2020-10-08T09:00:00,398400,407550,390000,403800,37092.20976,403800,upbit,2026-06-28T04:34:13Z
KRW-ETH,2020-10-09T00:00:00,2020-10-09T09:00:00,404400,420000,401100,417350,40199.03602,417350,upbit,2026-06-28T04:34:13Z
KRW-ETH,2020-10-10T00:00:00,2020-10-10T09:00:00,417650,429950,416750,422050,40980.31123,422050,upbit,2026-06-28T04:34:13Z
KRW-ETH,2020-10-11T00:00:00,2020-10-11T09:00:00,422000,429700,418950,425500,27614.76427,425500,upbit,2026-06-28T04:34:13Z
KRW-ETH,2020-10-12T00:00:00,2020-10-12T09:00:00,425100,448950,419200,441850,56897.93673,441850,upbit,2026-06-28T04:34:13Z
KRW-ETH,2020-10-13T00:00:00,2020-10-13T09:00:00,441650,442950,430800,437850,39735.43864,437850,upbit,2026-06-28T04:34:13Z
KRW-ETH,2020-10-14T00:00:00,2020-10-14T09:00:00,437900,444700,431300,436250,32304.5484,436250,upbit,2026-06-28T04:34:13Z
KRW-ETH,2020-10-15T00:00:00,2020-10-15T09:00:00,435850,437650,427000,434150,30358.04186,434150,upbit,2026-06-28T04:34:13Z
KRW-ETH,2020-10-16T00:00:00,2020-10-16T09:00:00,434150,436950,417450,422150,33906.9249,422150,upbit,2026-06-28T04:34:13Z
KRW-ETH,2020-10-17T00:00:00,2020-10-17T09:00:00,421250,426050,419500,423950,13542.90359,423950,upbit,2026-06-28T04:34:13Z
KRW-ETH,2020-10-18T00:00:00,2020-10-18T09:00:00,423950,434550,422950,433850,14585.77125,433850,upbit,2026-06-28T04:34:13Z
KRW-ETH,2020-10-19T00:00:00,2020-10-19T09:00:00,433900,438500,428000,433050,34303.59101,433050,upbit,2026-06-28T04:34:13Z
KRW-ETH,2020-10-20T00:00:00,2020-10-20T09:00:00,433050,433500,420000,421850,37880.2604,421850,upbit,2026-06-28T04:34:13Z
KRW-ETH,2020-10-21T00:00:00,2020-10-21T09:00:00,422400,449950,421700,441000,70749.75901,441000,upbit,2026-06-28T04:34:13Z
KRW-ETH,2020-10-22T00:00:00,2020-10-22T09:00:00,441000,471000,440650,465000,72884.72146,465000,upbit,2026-06-28T04:34:13Z
KRW-ETH,2020-10-23T00:00:00,2020-10-23T09:00:00,465000,470700,456150,461750,50816.78487,461750,upbit,2026-06-28T04:34:13Z
KRW-ETH,2020-10-24T00:00:00,2020-10-24T09:00:00,461400,469000,459300,464100,24720.25425,464100,upbit,2026-06-28T04:34:13Z
KRW-ETH,2020-10-25T00:00:00,2020-10-25T09:00:00,464000,470000,456650,457500,28479.52945,457500,upbit,2026-06-28T04:34:13Z
KRW-ETH,2020-10-26T00:00:00,2020-10-26T09:00:00,457300,461900,435000,444400,44204.65751,444400,upbit,2026-06-28T04:34:13Z
KRW-ETH,2020-10-27T00:00:00,2020-10-27T09:00:00,444300,459950,439900,452350,39678.03786,452350,upbit,2026-06-28T04:34:13Z
KRW-ETH,2020-10-28T00:00:00,2020-10-28T09:00:00,452450,459900,431100,441050,51393.0516,441050,upbit,2026-06-28T04:34:13Z
KRW-ETH,2020-10-29T00:00:00,2020-10-29T09:00:00,441100,445650,431500,438000,38279.08394,438000,upbit,2026-06-28T04:34:13Z
KRW-ETH,2020-10-30T00:00:00,2020-10-30T09:00:00,438000,443450,425200,433800,45020.56365,433800,upbit,2026-06-28T04:34:13Z
KRW-ETH,2020-10-31T00:00:00,2020-10-31T09:00:00,433600,444300,430850,437700,34722.10451,437700,upbit,2026-06-28T04:34:13Z
KRW-ETH,2020-11-01T00:00:00,2020-11-01T09:00:00,437350,448700,436000,448700,25586.28947,448700,upbit,2026-06-28T04:34:13Z
KRW-ETH,2020-11-02T00:00:00,2020-11-02T09:00:00,448700,457250,430500,435400,55771.71997,435400,upbit,2026-06-28T04:34:13Z
KRW-ETH,2020-11-03T00:00:00,2020-11-03T09:00:00,435450,441150,423550,438750,43424.49131,438750,upbit,2026-06-28T04:34:13Z
KRW-ETH,2020-11-04T00:00:00,2020-11-04T09:00:00,438800,459800,430200,453950,61754.02734,453950,upbit,2026-06-28T04:34:13Z
KRW-ETH,2020-11-05T00:00:00,2020-11-05T09:00:00,453800,469800,447550,464900,109855.5755,464900,upbit,2026-06-28T04:34:13Z
KRW-ETH,2020-11-06T00:00:00,2020-11-06T09:00:00,464850,511000,461200,508200,171954.9523,508200,upbit,2026-06-28T04:34:13Z
KRW-ETH,2020-11-07T00:00:00,2020-11-07T09:00:00,508900,523000,481300,489050,113979.1332,489050,upbit,2026-06-28T04:34:13Z
KRW-ETH,2020-11-08T00:00:00,2020-11-08T09:00:00,489050,511900,485450,507200,58196.72014,507200,upbit,2026-06-28T04:34:13Z
KRW-ETH,2020-11-09T00:00:00,2020-11-09T09:00:00,507100,514800,489000,495800,81910.59054,495800,upbit,2026-06-28T04:34:13Z
KRW-ETH,2020-11-10T00:00:00,2020-11-10T09:00:00,495800,504900,490400,501400,62468.21323,501400,upbit,2026-06-28T04:34:13Z
KRW-ETH,2020-11-11T00:00:00,2020-11-11T09:00:00,501700,523800,500600,514800,74124.80538,514800,upbit,2026-06-28T04:34:13Z
KRW-ETH,2020-11-12T00:00:00,2020-11-12T09:00:00,514600,517900,502000,510000,55572.65121,510000,upbit,2026-06-28T04:34:13Z
KRW-ETH,2020-11-13T00:00:00,2020-11-13T09:00:00,510000,525800,508200,525000,64318.47232,525000,upbit,2026-06-28T04:34:13Z
KRW-ETH,2020-11-14T00:00:00,2020-11-14T09:00:00,525000,526100,504000,510500,44940.00881,510500,upbit,2026-06-28T04:34:13Z
KRW-ETH,2020-11-15T00:00:00,2020-11-15T09:00:00,510700,513100,489500,497000,39905.71768,497000,upbit,2026-06-28T04:34:13Z
KRW-ETH,2020-11-16T00:00:00,2020-11-16T09:00:00,496750,510100,493000,503200,59344.19764,503200,upbit,2026-06-28T04:34:13Z
KRW-ETH,2020-11-17T00:00:00,2020-11-17T09:00:00,503100,529000,503100,528800,87762.60419,528800,upbit,2026-06-28T04:34:13Z
KRW-ETH,2020-11-18T00:00:00,2020-11-18T09:00:00,528500,544500,503500,530500,112531.3958,530500,upbit,2026-06-28T04:34:13Z
KRW-ETH,2020-11-19T00:00:00,2020-11-19T09:00:00,530500,533500,518000,524300,59245.96683,524300,upbit,2026-06-28T04:34:13Z
KRW-ETH,2020-11-20T00:00:00,2020-11-20T09:00:00,524300,567000,523900,564500,110048.6847,564500,upbit,2026-06-28T04:34:13Z
KRW-ETH,2020-11-21T00:00:00,2020-11-21T09:00:00,564500,603100,557800,601500,164838.7822,601500,upbit,2026-06-28T04:34:13Z
KRW-ETH,2020-11-22T00:00:00,2020-11-22T09:00:00,601100,636800,565600,619600,174130.2999,619600,upbit,2026-06-28T04:34:13Z
KRW-ETH,2020-11-23T00:00:00,2020-11-23T09:00:00,619300,668100,606600,666200,157050.4586,666200,upbit,2026-06-28T04:34:13Z
KRW-ETH,2020-11-24T00:00:00,2020-11-24T09:00:00,666200,688400,638000,664100,218249.8782,664100,upbit,2026-06-28T04:34:13Z
KRW-ETH,2020-11-25T00:00:00,2020-11-25T09:00:00,664600,667300,619100,634000,117121.5689,634000,upbit,2026-06-28T04:34:13Z
KRW-ETH,2020-11-26T00:00:00,2020-11-26T09:00:00,634300,640900,545300,583000,189340.0638,583000,upbit,2026-06-28T04:34:13Z
KRW-ETH,2020-11-27T00:00:00,2020-11-27T09:00:00,582900,597600,555500,578900,79111.83488,578900,upbit,2026-06-28T04:34:13Z
KRW-ETH,2020-11-28T00:00:00,2020-11-28T09:00:00,578900,599800,568000,592100,81290.21893,592100,upbit,2026-06-28T04:34:13Z
KRW-ETH,2020-11-29T00:00:00,2020-11-29T09:00:00,591600,634200,583400,633700,78287.93317,633700,upbit,2026-06-28T04:34:13Z
KRW-ETH,2020-11-30T00:00:00,2020-11-30T09:00:00,633700,666200,621500,666000,121134.0753,666000,upbit,2026-06-28T04:34:13Z
KRW-ETH,2020-12-01T00:00:00,2020-12-01T09:00:00,666000,695800,623000,651100,163159.614,651100,upbit,2026-06-28T04:34:13Z
KRW-ETH,2020-12-02T00:00:00,2020-12-02T09:00:00,651100,664700,639700,656200,63528.62673,656200,upbit,2026-06-28T04:34:13Z
KRW-ETH,2020-12-03T00:00:00,2020-12-03T09:00:00,655900,677500,645000,671000,54876.10836,671000,upbit,2026-06-28T04:34:13Z
KRW-ETH,2020-12-04T00:00:00,2020-12-04T09:00:00,671000,674200,622500,625500,73752.91856,625500,upbit,2026-06-28T04:34:13Z
KRW-ETH,2020-12-05T00:00:00,2020-12-05T09:00:00,625500,653000,616900,648700,41746.90455,648700,upbit,2026-06-28T04:34:13Z
KRW-ETH,2020-12-06T00:00:00,2020-12-06T09:00:00,648200,659200,635600,652000,39242.95087,652000,upbit,2026-06-28T04:34:13Z
KRW-ETH,2020-12-07T00:00:00,2020-12-07T09:00:00,652000,653200,639000,642800,27884.39629,642800,upbit,2026-06-28T04:34:13Z
KRW-ETH,2020-12-08T00:00:00,2020-12-08T09:00:00,642800,645700,601800,606000,47498.76422,606000,upbit,2026-06-28T04:34:13Z
KRW-ETH,2020-12-09T00:00:00,2020-12-09T09:00:00,605900,630700,576600,626800,83532.847,626800,upbit,2026-06-28T04:34:13Z
KRW-ETH,2020-12-10T00:00:00,2020-12-10T09:00:00,626800,629100,601300,610300,40419.96066,610300,upbit,2026-06-28T04:34:13Z
KRW-ETH,2020-12-11T00:00:00,2020-12-11T09:00:00,610400,612800,591000,593800,48871.62031,593800,upbit,2026-06-28T04:34:13Z
KRW-ETH,2020-12-12T00:00:00,2020-12-12T09:00:00,594100,625200,593000,622100,47615.83145,622100,upbit,2026-06-28T04:34:13Z
KRW-ETH,2020-12-13T00:00:00,2020-12-13T09:00:00,622100,645300,616100,640500,49547.9134,640500,upbit,2026-06-28T04:34:13Z
KRW-ETH,2020-12-14T00:00:00,2020-12-14T09:00:00,640500,643000,627100,636400,38939.32346,636400,upbit,2026-06-28T04:34:13Z
KRW-ETH,2020-12-15T00:00:00,2020-12-15T09:00:00,636500,648700,632500,639700,38546.95162,639700,upbit,2026-06-28T04:34:13Z
KRW-ETH,2020-12-16T00:00:00,2020-12-16T09:00:00,639700,686000,631100,683500,90819.75603,683500,upbit,2026-06-28T04:34:13Z
KRW-ETH,2020-12-17T00:00:00,2020-12-17T09:00:00,683500,730100,675100,697300,203449.3409,697300,upbit,2026-06-28T04:34:13Z
KRW-ETH,2020-12-18T00:00:00,2020-12-18T09:00:00,697300,719800,683000,711900,77675.90111,711900,upbit,2026-06-28T04:34:13Z
KRW-ETH,2020-12-19T00:00:00,2020-12-19T09:00:00,711900,732500,705500,723200,70930.71591,723200,upbit,2026-06-28T04:34:13Z
KRW-ETH,2020-12-20T00:00:00,2020-12-20T09:00:00,723200,725800,690700,704000,68364.63419,704000,upbit,2026-06-28T04:34:13Z
KRW-ETH,2020-12-21T00:00:00,2020-12-21T09:00:00,704000,714400,666200,678800,99029.89909,678800,upbit,2026-06-28T04:34:13Z
KRW-ETH,2020-12-22T00:00:00,2020-12-22T09:00:00,678200,716700,654000,715900,92140.85179,715900,upbit,2026-06-28T04:34:13Z
KRW-ETH,2020-12-23T00:00:00,2020-12-23T09:00:00,715900,719000,632100,665400,145744.5236,665400,upbit,2026-06-28T04:34:13Z
KRW-ETH,2020-12-24T00:00:00,2020-12-24T09:00:00,665400,688700,643500,683100,113481.3971,683100,upbit,2026-06-28T04:34:13Z
KRW-ETH,2020-12-25T00:00:00,2020-12-25T09:00:00,683100,705000,668900,687700,96583.28301,687700,upbit,2026-06-28T04:34:13Z
KRW-ETH,2020-12-26T00:00:00,2020-12-26T09:00:00,688000,716800,680000,706300,107211.2868,706300,upbit,2026-06-28T04:34:13Z
KRW-ETH,2020-12-27T00:00:00,2020-12-27T09:00:00,706300,799200,693000,766100,361844.1201,766100,upbit,2026-06-28T04:34:13Z
KRW-ETH,2020-12-28T00:00:00,2020-12-28T09:00:00,765500,830000,761100,817300,237199.8287,817300,upbit,2026-06-28T04:34:13Z
KRW-ETH,2020-12-29T00:00:00,2020-12-29T09:00:00,817300,833000,773800,813700,187197.4773,813700,upbit,2026-06-28T04:34:13Z
KRW-ETH,2020-12-30T00:00:00,2020-12-30T09:00:00,813700,833700,796400,830000,144791.0076,830000,upbit,2026-06-28T04:34:13Z
KRW-ETH,2020-12-31T00:00:00,2020-12-31T09:00:00,829900,834900,809100,815100,104374.9814,815100,upbit,2026-06-28T04:34:13Z
KRW-ETH,2021-01-01T00:00:00,2021-01-01T09:00:00,815100,826600,793600,803000,94740.03432,803000,upbit,2026-06-28T04:34:13Z
KRW-ETH,2021-01-02T00:00:00,2021-01-02T09:00:00,802900,865400,789000,858700,231347.6393,858700,upbit,2026-06-28T04:34:13Z
KRW-ETH,2021-01-03T00:00:00,2021-01-03T09:00:00,858700,1144000,855000,1113500,747843.0682,1113500,upbit,2026-06-28T04:34:13Z
KRW-ETH,2021-01-04T00:00:00,2021-01-04T09:00:00,1114000,1335500,1035000,1189000,1434143.673,1189000,upbit,2026-06-28T04:34:13Z
KRW-ETH,2021-01-05T00:00:00,2021-01-05T09:00:00,1190000,1293500,1120500,1236000,735859.9403,1236000,upbit,2026-06-28T04:34:13Z
KRW-ETH,2021-01-06T00:00:00,2021-01-06T09:00:00,1236000,1349000,1194000,1337500,514099.199,1337500,upbit,2026-06-28T04:34:13Z
KRW-ETH,2021-01-07T00:00:00,2021-01-07T09:00:00,1338000,1427500,1285500,1388000,422658.8473,1388000,upbit,2026-06-28T04:34:13Z
KRW-ETH,2021-01-08T00:00:00,2021-01-08T09:00:00,1388000,1485000,1233500,1414000,492239.895,1414000,upbit,2026-06-28T04:34:13Z
KRW-ETH,2021-01-09T00:00:00,2021-01-09T09:00:00,1414000,1478500,1364000,1451500,278721.7277,1451500,upbit,2026-06-28T04:34:13Z
KRW-ETH,2021-01-10T00:00:00,2021-01-10T09:00:00,1451500,1535000,1300000,1428500,469172.7186,1428500,upbit,2026-06-28T04:34:13Z
KRW-ETH,2021-01-11T00:00:00,2021-01-11T09:00:00,1428500,1441000,1051500,1227000,1121057.145,1227000,upbit,2026-06-28T04:34:13Z
KRW-ETH,2021-01-12T00:00:00,2021-01-12T09:00:00,1227000,1293000,1133500,1190000,539529.3175,1190000,upbit,2026-06-28T04:34:13Z
KRW-ETH,2021-01-13T00:00:00,2021-01-13T09:00:00,1190000,1265000,1135500,1252000,298346.7115,1252000,upbit,2026-06-28T04:34:13Z
KRW-ETH,2021-01-14T00:00:00,2021-01-14T09:00:00,1251500,1365000,1208000,1345500,367122.2879,1345500,upbit,2026-06-28T04:34:13Z
KRW-ETH,2021-01-15T00:00:00,2021-01-15T09:00:00,1346000,1365500,1210500,1304000,391913.7752,1304000,upbit,2026-06-28T04:34:13Z
KRW-ETH,2021-01-16T00:00:00,2021-01-16T09:00:00,1304000,1417000,1284000,1366000,298395.7273,1366000,upbit,2026-06-28T04:34:13Z
KRW-ETH,2021-01-17T00:00:00,2021-01-17T09:00:00,1366000,1398500,1300500,1361000,233983.7492,1361000,upbit,2026-06-28T04:34:13Z
KRW-ETH,2021-01-18T00:00:00,2021-01-18T09:00:00,1361000,1377000,1321500,1372500,173009.0023,1372500,upbit,2026-06-28T04:34:13Z
KRW-ETH,2021-01-19T00:00:00,2021-01-19T09:00:00,1372500,1580000,1366000,1509000,449291.827,1509000,upbit,2026-06-28T04:34:13Z
KRW-ETH,2021-01-20T00:00:00,2021-01-20T09:00:00,1509000,1548500,1382500,1523000,409326.49,1523000,upbit,2026-06-28T04:34:13Z
KRW-ETH,2021-01-21T00:00:00,2021-01-21T09:00:00,1522500,1536500,1228000,1256500,583960.1151,1256500,upbit,2026-06-28T04:34:13Z
KRW-ETH,2021-01-22T00:00:00,2021-01-22T09:00:00,1256500,1403500,1144000,1358500,702213.5563,1358500,upbit,2026-06-28T04:34:13Z
KRW-ETH,2021-01-23T00:00:00,2021-01-23T09:00:00,1359000,1405000,1328000,1367000,280333.0409,1367000,upbit,2026-06-28T04:34:13Z
KRW-ETH,2021-01-24T00:00:00,2021-01-24T09:00:00,1366000,1542000,1354000,1532000,386167.7112,1532000,upbit,2026-06-28T04:34:13Z
KRW-ETH,2021-01-25T00:00:00,2021-01-25T09:00:00,1531000,1626000,1450000,1472500,394608.3179,1472500,upbit,2026-06-28T04:34:13Z
KRW-ETH,2021-01-26T00:00:00,2021-01-26T09:00:00,1472500,1536000,1402000,1508500,319152.0882,1508500,upbit,2026-06-28T04:34:13Z
KRW-ETH,2021-01-27T00:00:00,2021-01-27T09:00:00,1509000,1518500,1367500,1404000,356313.6318,1404000,upbit,2026-06-28T04:34:13Z
KRW-ETH,2021-01-28T00:00:00,2021-01-28T09:00:00,1403500,1499500,1373500,1465500,268590.6817,1465500,upbit,2026-06-28T04:34:13Z
KRW-ETH,2021-01-29T00:00:00,2021-01-29T09:00:00,1465500,1532000,1424500,1510500,395114.58,1510500,upbit,2026-06-28T04:34:13Z
KRW-ETH,2021-01-30T00:00:00,2021-01-30T09:00:00,1510500,1533000,1455500,1488500,162852.9956,1488500,upbit,2026-06-28T04:34:13Z
KRW-ETH,2021-01-31T00:00:00,2021-01-31T09:00:00,1488000,1504000,1427500,1444000,127925.8973,1444000,upbit,2026-06-28T04:34:13Z
KRW-ETH,2021-02-01T00:00:00,2021-02-01T09:00:00,1444000,1509500,1413000,1493000,262227.2914,1493000,upbit,2026-06-28T04:34:13Z
KRW-ETH,2021-02-02T00:00:00,2021-02-02T09:00:00,1493000,1650000,1474500,1614000,260544.3476,1614000,upbit,2026-06-28T04:34:13Z
KRW-ETH,2021-02-03T00:00:00,2021-02-03T09:00:00,1614000,1744500,1601500,1739500,240062.0118,1739500,upbit,2026-06-28T04:34:13Z
KRW-ETH,2021-02-04T00:00:00,2021-02-04T09:00:00,1740000,1802500,1631000,1720000,288659.8987,1720000,upbit,2026-06-28T04:34:13Z
KRW-ETH,2021-02-05T00:00:00,2021-02-05T09:00:00,1720000,1856000,1720000,1817500,181397.1689,1817500,upbit,2026-06-28T04:34:13Z
KRW-ETH,2021-02-06T00:00:00,2021-02-06T09:00:00,1817000,1844500,1757000,1785000,162614.5634,1785000,upbit,2026-06-28T04:34:13Z
KRW-ETH,2021-02-07T00:00:00,2021-02-07T09:00:00,1786000,1805500,1641500,1741000,202603.8407,1741000,upbit,2026-06-28T04:34:13Z
KRW-ETH,2021-02-08T00:00:00,2021-02-08T09:00:00,1741000,1855000,1709500,1850000,242072.5381,1850000,upbit,2026-06-28T04:34:13Z
KRW-ETH,2021-02-09T00:00:00,2021-02-09T09:00:00,1850000,1924000,1810000,1855000,193410.8575,1855000,upbit,2026-06-28T04:34:13Z
KRW-ETH,2021-02-10T00:00:00,2021-02-10T09:00:00,1855500,1920500,1817500,1884000,167629.3625,1884000,upbit,2026-06-28T04:34:13Z
KRW-ETH,2021-02-11T00:00:00,2021-02-11T09:00:00,1884000,1933500,1865000,1915500,112183.5122,1915500,upbit,2026-06-28T04:34:13Z
KRW-ETH,2021-02-12T00:00:00,2021-02-12T09:00:00,1915500,1992500,1882000,1977500,115785.3436,1977500,upbit,2026-06-28T04:34:13Z
KRW-ETH,2021-02-13T00:00:00,2021-02-13T09:00:00,1977500,2017000,1907000,1949500,123989.4139,1949500,upbit,2026-06-28T04:34:13Z
KRW-ETH,2021-02-14T00:00:00,2021-02-14T09:00:00,1949000,1998500,1911000,1951500,112852.5649,1951500,upbit,2026-06-28T04:34:13Z
KRW-ETH,2021-02-15T00:00:00,2021-02-15T09:00:00,1953000,1976000,1800000,1949500,112548.4158,1949500,upbit,2026-06-28T04:34:13Z
KRW-ETH,2021-02-16T00:00:00,2021-02-16T09:00:00,1947500,1997000,1919500,1983500,91233.69602,1983500,upbit,2026-06-28T04:34:13Z
KRW-ETH,2021-02-17T00:00:00,2021-02-17T09:00:00,1983500,2057000,1945500,2040000,128847.7905,2040000,upbit,2026-06-28T04:34:13Z
KRW-ETH,2021-02-18T00:00:00,2021-02-18T09:00:00,2041000,2179000,2040000,2177000,133249.0351,2177000,upbit,2026-06-28T04:34:13Z
KRW-ETH,2021-02-19T00:00:00,2021-02-19T09:00:00,2177000,2237000,2124000,2220000,133051.2286,2220000,upbit,2026-06-28T04:34:13Z
KRW-ETH,2021-02-20T00:00:00,2021-02-20T09:00:00,2221000,2353000,2150000,2207000,176098.3171,2207000,upbit,2026-06-28T04:34:13Z
KRW-ETH,2021-02-21T00:00:00,2021-02-21T09:00:00,2206000,2261000,2150000,2201000,85447.49417,2201000,upbit,2026-06-28T04:34:13Z
KRW-ETH,2021-02-22T00:00:00,2021-02-22T09:00:00,2201000,2208000,1851500,2026000,315048.0854,2026000,upbit,2026-06-28T04:34:13Z
KRW-ETH,2021-02-23T00:00:00,2021-02-23T09:00:00,2027000,2031000,1543000,1776500,496164.2971,1776500,upbit,2026-06-28T04:34:13Z
KRW-ETH,2021-02-24T00:00:00,2021-02-24T09:00:00,1776000,1917500,1688000,1847000,236719.7027,1847000,upbit,2026-06-28T04:34:13Z
KRW-ETH,2021-02-25T00:00:00,2021-02-25T09:00:00,1847000,1903000,1679000,1701000,201119.0962,1701000,upbit,2026-06-28T04:34:13Z
KRW-ETH,2021-02-26T00:00:00,2021-02-26T09:00:00,1701000,1779500,1635000,1683000,202233.2549,1683000,upbit,2026-06-28T04:34:13Z
KRW-ETH,2021-02-27T00:00:00,2021-02-27T09:00:00,1683000,1755500,1669500,1692000,130820.1816,1692000,upbit,2026-06-28T04:34:13Z
KRW-ETH,2021-02-28T00:00:00,2021-02-28T09:00:00,1692000,1706000,1500000,1628500,224592.1759,1628500,upbit,2026-06-28T04:34:13Z
KRW-ETH,2021-03-01T00:00:00,2021-03-01T09:00:00,1627500,1789000,1617500,1787000,159232.6145,1787000,upbit,2026-06-28T04:34:13Z
KRW-ETH,2021-03-02T00:00:00,2021-03-02T09:00:00,1787500,1838000,1695500,1724000,150647.5082,1724000,upbit,2026-06-28T04:34:13Z
KRW-ETH,2021-03-03T00:00:00,2021-03-03T09:00:00,1724000,1874500,1713000,1802500,145373.274,1802500,upbit,2026-06-28T04:34:13Z
KRW-ETH,2021-03-04T00:00:00,2021-03-04T09:00:00,1802500,1856500,1765000,1794000,134351.4546,1794000,upbit,2026-06-28T04:34:13Z
KRW-ETH,2021-03-05T00:00:00,2021-03-05T09:00:00,1796000,1798000,1699500,1774500,122071.2851,1774500,upbit,2026-06-28T04:34:13Z
KRW-ETH,2021-03-06T00:00:00,2021-03-06T09:00:00,1776500,1924500,1752000,1901000,120095.8065,1901000,upbit,2026-06-28T04:34:13Z
KRW-ETH,2021-03-07T00:00:00,2021-03-07T09:00:00,1901000,1976500,1874000,1969500,103522.0465,1969500,upbit,2026-06-28T04:34:13Z
KRW-ETH,2021-03-08T00:00:00,2021-03-08T09:00:00,1968000,2108000,1931500,2093000,123023.2949,2093000,upbit,2026-06-28T04:34:13Z
KRW-ETH,2021-03-09T00:00:00,2021-03-09T09:00:00,2093000,2145000,2058000,2143000,111313.4934,2143000,upbit,2026-06-28T04:34:13Z
KRW-ETH,2021-03-10T00:00:00,2021-03-10T09:00:00,2143000,2148000,2025000,2071000,116464.0211,2071000,upbit,2026-06-28T04:34:13Z
KRW-ETH,2021-03-11T00:00:00,2021-03-11T09:00:00,2069000,2110000,2003000,2093000,109003.9022,2093000,upbit,2026-06-28T04:34:13Z
KRW-ETH,2021-03-12T00:00:00,2021-03-12T09:00:00,2093000,2107000,2015000,2055000,92289.74532,2055000,upbit,2026-06-28T04:34:13Z
KRW-ETH,2021-03-13T00:00:00,2021-03-13T09:00:00,2055000,2240000,2020000,2219000,131390.7655,2219000,upbit,2026-06-28T04:34:13Z
KRW-ETH,2021-03-14T00:00:00,2021-03-14T09:00:00,2219000,2236000,2133000,2147000,79587.1071,2147000,upbit,2026-06-28T04:34:13Z
KRW-ETH,2021-03-15T00:00:00,2021-03-15T09:00:00,2145000,2185000,2000000,2076000,136253.3551,2076000,upbit,2026-06-28T04:34:13Z
KRW-ETH,2021-03-16T00:00:00,2021-03-16T09:00:00,2076000,2116000,1983000,2097000,101311.4635,2097000,upbit,2026-06-28T04:34:13Z
KRW-ETH,2021-03-17T00:00:00,2021-03-17T09:00:00,2097000,2135000,2005000,2124000,82379.90975,2124000,upbit,2026-06-28T04:34:13Z
KRW-ETH,2021-03-18T00:00:00,2021-03-18T09:00:00,2124000,2149000,2065000,2065000,62223.50103,2065000,upbit,2026-06-28T04:34:13Z
KRW-ETH,2021-03-19T00:00:00,2021-03-19T09:00:00,2065000,2144000,2021000,2117000,64858.68728,2117000,upbit,2026-06-28T04:34:13Z
KRW-ETH,2021-03-20T00:00:00,2021-03-20T09:00:00,2118000,2188000,2100000,2106000,74095.66375,2106000,upbit,2026-06-28T04:34:13Z
KRW-ETH,2021-03-21T00:00:00,2021-03-21T09:00:00,2106000,2135000,2053000,2088000,58428.3508,2088000,upbit,2026-06-28T04:34:13Z
KRW-ETH,2021-03-22T00:00:00,2021-03-22T09:00:00,2087000,2118000,1981500,2009000,77875.84032,2009000,upbit,2026-06-28T04:34:13Z
KRW-ETH,2021-03-23T00:00:00,2021-03-23T09:00:00,2011000,2048000,1957000,2011000,84731.04056,2011000,upbit,2026-06-28T04:34:13Z
KRW-ETH,2021-03-24T00:00:00,2021-03-24T09:00:00,2011000,2085000,1925000,1959500,90867.6855,1959500,upbit,2026-06-28T04:34:13Z
KRW-ETH,2021-03-25T00:00:00,2021-03-25T09:00:00,1959000,1980500,1900000,1958000,80965.40309,1958000,upbit,2026-06-28T04:34:13Z
KRW-ETH,2021-03-26T00:00:00,2021-03-26T09:00:00,1958000,2036000,1952000,2029000,55710.66084,2029000,upbit,2026-06-28T04:34:13Z
KRW-ETH,2021-03-27T00:00:00,2021-03-27T09:00:00,2029000,2060000,2010000,2043000,39738.99931,2043000,upbit,2026-06-28T04:34:13Z
KRW-ETH,2021-03-28T00:00:00,2021-03-28T09:00:00,2042000,2056000,2018000,2033000,36550.24256,2033000,upbit,2026-06-28T04:34:13Z
KRW-ETH,2021-03-29T00:00:00,2021-03-29T09:00:00,2031000,2183000,2020000,2165000,78129.03098,2165000,upbit,2026-06-28T04:34:13Z
KRW-ETH,2021-03-30T00:00:00,2021-03-30T09:00:00,2163000,2230000,2141000,2220000,70216.8764,2220000,upbit,2026-06-28T04:34:13Z
KRW-ETH,2021-03-31T00:00:00,2021-03-31T09:00:00,2220000,2339000,2151000,2334000,90148.47253,2334000,upbit,2026-06-28T04:34:13Z
KRW-ETH,2021-04-01T00:00:00,2021-04-01T09:00:00,2333000,2468000,2319000,2436000,90620.47081,2436000,upbit,2026-06-28T04:34:13Z
KRW-ETH,2021-04-02T00:00:00,2021-04-02T09:00:00,2436000,2681000,2387000,2679000,112728.413,2679000,upbit,2026-06-28T04:34:13Z
KRW-ETH,2021-04-03T00:00:00,2021-04-03T09:00:00,2679000,2700000,2530000,2544000,116050.0016,2544000,upbit,2026-06-28T04:34:13Z
KRW-ETH,2021-04-04T00:00:00,2021-04-04T09:00:00,2544000,2650000,2507000,2640000,66926.16575,2640000,upbit,2026-06-28T04:34:13Z
KRW-ETH,2021-04-05T00:00:00,2021-04-05T09:00:00,2636000,2821000,2603000,2814000,121218.2738,2814000,upbit,2026-06-28T04:34:13Z
KRW-ETH,2021-04-06T00:00:00,2021-04-06T09:00:00,2813000,2877000,2744000,2835000,114976.8104,2835000,upbit,2026-06-28T04:34:13Z
KRW-ETH,2021-04-07T00:00:00,2021-04-07T09:00:00,2836000,2908000,2324000,2555000,188941.127,2555000,upbit,2026-06-28T04:34:13Z
KRW-ETH,2021-04-08T00:00:00,2021-04-08T09:00:00,2560000,2702000,2461000,2702000,88444.92578,2702000,upbit,2026-06-28T04:34:13Z
KRW-ETH,2021-04-09T00:00:00,2021-04-09T09:00:00,2701000,2748000,2612000,2706000,77623.70553,2706000,upbit,2026-06-28T04:34:13Z
KRW-ETH,2021-04-10T00:00:00,2021-04-10T09:00:00,2706000,2880000,2681000,2803000,94160.38584,2803000,upbit,2026-06-28T04:34:13Z
KRW-ETH,2021-04-11T00:00:00,2021-04-11T09:00:00,2802000,2840000,2715000,2824000,75152.10057,2824000,upbit,2026-06-28T04:34:13Z
KRW-ETH,2021-04-12T00:00:00,2021-04-12T09:00:00,2827000,2837000,2770000,2795000,66944.99426,2795000,upbit,2026-06-28T04:34:13Z
KRW-ETH,2021-04-13T00:00:00,2021-04-13T09:00:00,2795000,2956000,2780000,2925000,103750.0709,2925000,upbit,2026-06-28T04:34:13Z
KRW-ETH,2021-04-14T00:00:00,2021-04-14T09:00:00,2925000,3144000,2890000,3112000,135428.8262,3112000,upbit,2026-06-28T04:34:13Z
KRW-ETH,2021-04-15T00:00:00,2021-04-15T09:00:00,3110000,3199000,3034000,3174000,85292.34503,3174000,upbit,2026-06-28T04:34:13Z
KRW-ETH,2021-04-16T00:00:00,2021-04-16T09:00:00,3174000,3235000,2999000,3141000,121667.1241,3141000,upbit,2026-06-28T04:34:13Z
KRW-ETH,2021-04-17T00:00:00,2021-04-17T09:00:00,3146000,3215000,3003000,3010000,74827.12832,3010000,upbit,2026-06-28T04:34:13Z
KRW-ETH,2021-04-18T00:00:00,2021-04-18T09:00:00,3010000,3040000,2673000,3011000,160430.3793,3011000,upbit,2026-06-28T04:34:13Z
KRW-ETH,2021-04-19T00:00:00,2021-04-19T09:00:00,3009000,3042000,2740000,2781000,103214.4972,2781000,upbit,2026-06-28T04:34:13Z
KRW-ETH,2021-04-20T00:00:00,2021-04-20T09:00:00,2781000,2970000,2500000,2908000,150448.968,2908000,upbit,2026-06-28T04:34:13Z
KRW-ETH,2021-04-21T00:00:00,2021-04-21T09:00:00,2908000,3069000,2800000,2990000,124587.6191,2990000,upbit,2026-06-28T04:34:13Z
KRW-ETH,2021-04-22T00:00:00,2021-04-22T09:00:00,2990000,3174000,2698000,2769000,321152.1653,2769000,upbit,2026-06-28T04:34:13Z
KRW-ETH,2021-04-23T00:00:00,2021-04-23T09:00:00,2767000,2880000,2378000,2812000,305973.126,2812000,upbit,2026-06-28T04:34:13Z
KRW-ETH,2021-04-24T00:00:00,2021-04-24T09:00:00,2812000,2818000,2606000,2693000,115302.3238,2693000,upbit,2026-06-28T04:34:13Z
KRW-ETH,2021-04-25T00:00:00,2021-04-25T09:00:00,2696000,2858000,2628000,2831000,126240.5562,2831000,upbit,2026-06-28T04:34:13Z
KRW-ETH,2021-04-26T00:00:00,2021-04-26T09:00:00,2831000,3016000,2789000,3004000,116003.7382,3004000,upbit,2026-06-28T04:34:13Z
KRW-ETH,2021-04-27T00:00:00,2021-04-27T09:00:00,3004000,3140000,2950000,3140000,110816.9849,3140000,upbit,2026-06-28T04:34:13Z
KRW-ETH,2021-04-28T00:00:00,2021-04-28T09:00:00,3140000,3232000,2982000,3213000,161816.0983,3213000,upbit,2026-06-28T04:34:13Z
KRW-ETH,2021-04-29T00:00:00,2021-04-29T09:00:00,3213000,3320000,3123000,3279000,129353.908,3279000,upbit,2026-06-28T04:34:13Z
KRW-ETH,2021-04-30T00:00:00,2021-04-30T09:00:00,3279000,3309000,3221000,3271000,117943.9212,3271000,upbit,2026-06-28T04:34:13Z
KRW-ETH,2021-05-01T00:00:00,2021-05-01T09:00:00,3271000,3525000,3232000,3507000,134203.3757,3507000,upbit,2026-06-28T04:34:13Z
KRW-ETH,2021-05-02T00:00:00,2021-05-02T09:00:00,3509000,3589000,3400000,3563000,119685.093,3563000,upbit,2026-06-28T04:34:13Z
KRW-ETH,2021-05-03T00:00:00,2021-05-03T09:00:00,3564000,4247000,3562000,4226000,345720.6887,4226000,upbit,2026-06-28T04:34:13Z
KRW-ETH,2021-05-04T00:00:00,2021-05-04T09:00:00,4226000,4527000,3934000,4081000,580006.1518,4081000,upbit,2026-06-28T04:34:13Z
KRW-ETH,2021-05-05T00:00:00,2021-05-05T09:00:00,4081000,4257000,3986000,4209000,265265.5268,4209000,upbit,2026-06-28T04:34:13Z
KRW-ETH,2021-05-06T00:00:00,2021-05-06T09:00:00,4209000,4330000,4091000,4255000,156640.563,4255000,upbit,2026-06-28T04:34:13Z
KRW-ETH,2021-05-07T00:00:00,2021-05-07T09:00:00,4255000,4293000,4061000,4169000,115339.201,4169000,upbit,2026-06-28T04:34:13Z
KRW-ETH,2021-05-08T00:00:00,2021-05-08T09:00:00,4169000,4839000,4114000,4762000,365239.1774,4762000,upbit,2026-06-28T04:34:13Z
KRW-ETH,2021-05-09T00:00:00,2021-05-09T09:00:00,4764000,4989000,4626000,4812000,304123.2581,4812000,upbit,2026-06-28T04:34:13Z
KRW-ETH,2021-05-10T00:00:00,2021-05-10T09:00:00,4811000,5299000,4743000,5009000,376863.5282,5009000,upbit,2026-06-28T04:34:13Z
KRW-ETH,2021-05-11T00:00:00,2021-05-11T09:00:00,5008000,5141000,4741000,5118000,278366.6547,5118000,upbit,2026-06-28T04:34:13Z
KRW-ETH,2021-05-12T00:00:00,2021-05-12T09:00:00,5118000,5410000,4648000,4747000,365555.9957,4747000,upbit,2026-06-28T04:34:13Z
KRW-ETH,2021-05-13T00:00:00,2021-05-13T09:00:00,4749000,5196000,4500000,4721000,485156.3607,4721000,upbit,2026-06-28T04:34:13Z
KRW-ETH,2021-05-14T00:00:00,2021-05-14T09:00:00,4726000,5082000,4661000,5031000,227203.7368,5031000,upbit,2026-06-28T04:34:13Z
KRW-ETH,2021-05-15T00:00:00,2021-05-15T09:00:00,5031000,5087000,4505000,4581000,220281.8342,4581000,upbit,2026-06-28T04:34:13Z
KRW-ETH,2021-05-16T00:00:00,2021-05-16T09:00:00,4580000,4737000,4210000,4452000,273231.598,4452000,upbit,2026-06-28T04:34:13Z
KRW-ETH,2021-05-17T00:00:00,2021-05-17T09:00:00,4451000,4473000,3800000,4086000,514981.3664,4086000,upbit,2026-06-28T04:34:13Z
KRW-ETH,2021-05-18T00:00:00,2021-05-18T09:00:00,4084000,4368000,4009000,4205000,250500.027,4205000,upbit,2026-06-28T04:34:13Z
KRW-ETH,2021-05-19T00:00:00,2021-05-19T09:00:00,4209000,4270000,2600000,3350000,912541.6616,3350000,upbit,2026-06-28T04:34:13Z
KRW-ETH,2021-05-20T00:00:00,2021-05-20T09:00:00,3351000,3749000,3034000,3502000,451034.0564,3502000,upbit,2026-06-28T04:34:13Z
KRW-ETH,2021-05-21T00:00:00,2021-05-21T09:00:00,3505000,3717000,2900000,3196000,354838.5338,3196000,upbit,2026-06-28T04:34:13Z
KRW-ETH,2021-05-22T00:00:00,2021-05-22T09:00:00,3198000,3216000,2687000,2913000,321585.2173,2913000,upbit,2026-06-28T04:34:13Z
KRW-ETH,2021-05-23T00:00:00,2021-05-23T09:00:00,2913000,3015000,2178000,2583000,525639.5084,2583000,upbit,2026-06-28T04:34:13Z
KRW-ETH,2021-05-24T00:00:00,2021-05-24T09:00:00,2582000,3226000,2466000,3209000,521369.6369,3209000,upbit,2026-06-28T04:34:13Z
KRW-ETH,2021-05-25T00:00:00,2021-05-25T09:00:00,3210000,3430000,2950000,3316000,395836.5063,3316000,upbit,2026-06-28T04:34:13Z
KRW-ETH,2021-05-26T00:00:00,2021-05-26T09:00:00,3315000,3495000,3214000,3472000,274485.6926,3472000,upbit,2026-06-28T04:34:13Z
KRW-ETH,2021-05-27T00:00:00,2021-05-27T09:00:00,3472000,3485000,3219000,3318000,207904.5676,3318000,upbit,2026-06-28T04:34:13Z
KRW-ETH,2021-05-28T00:00:00,2021-05-28T09:00:00,3320000,3350000,2904000,2960000,307157.3711,2960000,upbit,2026-06-28T04:34:13Z
KRW-ETH,2021-05-29T00:00:00,2021-05-29T09:00:00,2963000,3085000,2739000,2818000,233530.8127,2818000,upbit,2026-06-28T04:34:13Z
KRW-ETH,2021-05-30T00:00:00,2021-05-30T09:00:00,2819000,2979000,2635000,2895000,253779.9856,2895000,upbit,2026-06-28T04:34:13Z
KRW-ETH,2021-05-31T00:00:00,2021-05-31T09:00:00,2895000,3190000,2750000,3169000,280701.2841,3169000,upbit,2026-06-28T04:34:13Z
KRW-ETH,2021-06-01T00:00:00,2021-06-01T09:00:00,3167000,3227000,3007000,3102000,245458.5617,3102000,upbit,2026-06-28T04:34:13Z
KRW-ETH,2021-06-02T00:00:00,2021-06-02T09:00:00,3102000,3253000,3019000,3151000,175875.7887,3151000,upbit,2026-06-28T04:34:13Z
KRW-ETH,2021-06-03T00:00:00,2021-06-03T09:00:00,3150000,3356000,3113000,3310000,216162.994,3310000,upbit,2026-06-28T04:34:13Z
KRW-ETH,2021-06-04T00:00:00,2021-06-04T09:00:00,3310000,3318000,3011000,3130000,226098.8111,3130000,upbit,2026-06-28T04:34:13Z
KRW-ETH,2021-06-05T00:00:00,2021-06-05T09:00:00,3131000,3241000,3043000,3103000,156102.2591,3103000,upbit,2026-06-28T04:34:13Z
KRW-ETH,2021-06-06T00:00:00,2021-06-06T09:00:00,3103000,3187000,3081000,3160000,95112.2192,3160000,upbit,2026-06-28T04:34:13Z
KRW-ETH,2021-06-07T00:00:00,2021-06-07T09:00:00,3163000,3270000,3000000,3021000,175789.9641,3021000,upbit,2026-06-28T04:34:13Z
KRW-ETH,2021-06-08T00:00:00,2021-06-08T09:00:00,3021000,3055000,2702000,2893000,318679.6872,2893000,upbit,2026-06-28T04:34:13Z
KRW-ETH,2021-06-09T00:00:00,2021-06-09T09:00:00,2893000,3046000,2768000,3018000,272497.1021,3018000,upbit,2026-06-28T04:34:13Z
KRW-ETH,2021-06-10T00:00:00,2021-06-10T09:00:00,3017000,3040000,2853000,2888000,149647.3151,2888000,upbit,2026-06-28T04:34:13Z
KRW-ETH,2021-06-11T00:00:00,2021-06-11T09:00:00,2888000,2921000,2719000,2756000,131180.8691,2756000,upbit,2026-06-28T04:34:13Z
KRW-ETH,2021-06-12T00:00:00,2021-06-12T09:00:00,2756000,2863000,2620000,2760000,150639.4278,2760000,upbit,2026-06-28T04:34:13Z
KRW-ETH,2021-06-13T00:00:00,2021-06-13T09:00:00,2760000,2934000,2700000,2878000,128010.9301,2878000,upbit,2026-06-28T04:34:13Z
KRW-ETH,2021-06-14T00:00:00,2021-06-14T09:00:00,2878000,2999000,2838000,2958000,132409.3732,2958000,upbit,2026-06-28T04:34:13Z
KRW-ETH,2021-06-15T00:00:00,2021-06-15T09:00:00,2956000,3029000,2911000,2940000,121740.1571,2940000,upbit,2026-06-28T04:34:13Z
KRW-ETH,2021-06-16T00:00:00,2021-06-16T09:00:00,2939000,2945000,2783000,2801000,126884.9562,2801000,upbit,2026-06-28T04:34:13Z
KRW-ETH,2021-06-17T00:00:00,2021-06-17T09:00:00,2800000,2861000,2740000,2794000,100685.7005,2794000,upbit,2026-06-28T04:34:13Z
KRW-ETH,2021-06-18T00:00:00,2021-06-18T09:00:00,2794000,2796000,2582000,2650000,140908.5442,2650000,upbit,2026-06-28T04:34:13Z
KRW-ETH,2021-06-19T00:00:00,2021-06-19T09:00:00,2650000,2676000,2568000,2574000,102989.6415,2574000,upbit,2026-06-28T04:34:13Z
KRW-ETH,2021-06-20T00:00:00,2021-06-20T09:00:00,2574000,2671000,2430000,2637000,169112.6115,2637000,upbit,2026-06-28T04:34:13Z
KRW-ETH,2021-06-21T00:00:00,2021-06-21T09:00:00,2638000,2657000,2189000,2233000,352215.788,2233000,upbit,2026-06-28T04:34:13Z
KRW-ETH,2021-06-22T00:00:00,2021-06-22T09:00:00,2232000,2349000,1996000,2186000,366083.3126,2186000,upbit,2026-06-28T04:34:13Z
KRW-ETH,2021-06-23T00:00:00,2021-06-23T09:00:00,2186000,2353000,2110000,2282000,180480.8609,2282000,upbit,2026-06-28T04:34:13Z
KRW-ETH,2021-06-24T00:00:00,2021-06-24T09:00:00,2281000,2350000,2201000,2306000,131162.5797,2306000,upbit,2026-06-28T04:34:13Z
KRW-ETH,2021-06-25T00:00:00,2021-06-25T09:00:00,2307000,2342000,2102000,2127000,170062.0195,2127000,upbit,2026-06-28T04:34:13Z
KRW-ETH,2021-06-26T00:00:00,2021-06-26T09:00:00,2127000,2159000,2021000,2135000,116461.6299,2135000,upbit,2026-06-28T04:34:13Z
KRW-ETH,2021-06-27T00:00:00,2021-06-27T09:00:00,2131000,2283000,2100000,2281000,105661.1015,2281000,upbit,2026-06-28T04:34:13Z
KRW-ETH,2021-06-28T00:00:00,2021-06-28T09:00:00,2282000,2485000,2255000,2415000,179083.076,2415000,upbit,2026-06-28T04:34:13Z
KRW-ETH,2021-06-29T00:00:00,2021-06-29T09:00:00,2414000,2589000,2404000,2507000,168528.3514,2507000,upbit,2026-06-28T04:34:13Z
KRW-ETH,2021-06-30T00:00:00,2021-06-30T09:00:00,2505000,2650000,2418000,2636000,120099.631,2636000,upbit,2026-06-28T04:34:13Z
KRW-ETH,2021-07-01T00:00:00,2021-07-01T09:00:00,2640000,2641000,2449000,2475000,117209.2328,2475000,upbit,2026-06-28T04:34:13Z
KRW-ETH,2021-07-02T00:00:00,2021-07-02T09:00:00,2477000,2524000,2362000,2508000,108598.1329,2508000,upbit,2026-06-28T04:34:13Z
KRW-ETH,2021-07-03T00:00:00,2021-07-03T09:00:00,2511000,2605000,2472000,2586000,85794.05575,2586000,upbit,2026-06-28T04:34:13Z
KRW-ETH,2021-07-04T00:00:00,2021-07-04T09:00:00,2588000,2767000,2558000,2694000,110397.9925,2694000,upbit,2026-06-28T04:34:13Z
KRW-ETH,2021-07-05T00:00:00,2021-07-05T09:00:00,2693000,2709000,2535000,2574000,140630.8761,2574000,upbit,2026-06-28T04:34:13Z
KRW-ETH,2021-07-06T00:00:00,2021-07-06T09:00:00,2574000,2725000,2573000,2704000,138751.801,2704000,upbit,2026-06-28T04:34:13Z
KRW-ETH,2021-07-07T00:00:00,2021-07-07T09:00:00,2701000,2797000,2676000,2717000,119134.3658,2717000,upbit,2026-06-28T04:34:13Z
KRW-ETH,2021-07-08T00:00:00,2021-07-08T09:00:00,2717000,2733000,2495000,2519000,171821.5194,2519000,upbit,2026-06-28T04:34:13Z
KRW-ETH,2021-07-09T00:00:00,2021-07-09T09:00:00,2519000,2575000,2414000,2527000,159735.5699,2527000,upbit,2026-06-28T04:34:13Z
KRW-ETH,2021-07-10T00:00:00,2021-07-10T09:00:00,2527000,2578000,2466000,2493000,74735.6689,2493000,upbit,2026-06-28T04:34:13Z
KRW-ETH,2021-07-11T00:00:00,2021-07-11T09:00:00,2494000,2552000,2452000,2513000,58578.38599,2513000,upbit,2026-06-28T04:34:13Z
KRW-ETH,2021-07-12T00:00:00,2021-07-12T09:00:00,2512000,2545000,2384000,2408000,89098.74431,2408000,upbit,2026-06-28T04:34:13Z
KRW-ETH,2021-07-13T00:00:00,2021-07-13T09:00:00,2408000,2420000,2282000,2301000,98894.34708,2301000,upbit,2026-06-28T04:34:13Z
KRW-ETH,2021-07-14T00:00:00,2021-07-14T09:00:00,2301000,2386000,2218000,2346000,125289.0861,2346000,upbit,2026-06-28T04:34:13Z
KRW-ETH,2021-07-15T00:00:00,2021-07-15T09:00:00,2346000,2405000,2235000,2267000,98336.64147,2267000,upbit,2026-06-28T04:34:13Z
KRW-ETH,2021-07-16T00:00:00,2021-07-16T09:00:00,2268000,2312000,2192000,2224000,88794.98067,2224000,upbit,2026-06-28T04:34:13Z
KRW-ETH,2021-07-17T00:00:00,2021-07-17T09:00:00,2224000,2262000,2196000,2240000,58787.33749,2240000,upbit,2026-06-28T04:34:13Z
KRW-ETH,2021-07-18T00:00:00,2021-07-18T09:00:00,2240000,2351000,2228000,2242000,79987.38321,2242000,upbit,2026-06-28T04:34:13Z
KRW-ETH,2021-07-19T00:00:00,2021-07-19T09:00:00,2242000,2267000,2161000,2169000,74566.4837,2169000,upbit,2026-06-28T04:34:13Z
KRW-ETH,2021-07-20T00:00:00,2021-07-20T09:00:00,2169000,2192000,2040000,2119000,112335.8574,2119000,upbit,2026-06-28T04:34:13Z
KRW-ETH,2021-07-21T00:00:00,2021-07-21T09:00:00,2119000,2377000,2081000,2362000,132659.8035,2362000,upbit,2026-06-28T04:34:13Z
KRW-ETH,2021-07-22T00:00:00,2021-07-22T09:00:00,2361000,2402000,2305000,2372000,109426.7892,2372000,upbit,2026-06-28T04:34:13Z
KRW-ETH,2021-07-23T00:00:00,2021-07-23T09:00:00,2374000,2477000,2356000,2471000,95399.55036,2471000,upbit,2026-06-28T04:34:13Z
KRW-ETH,2021-07-24T00:00:00,2021-07-24T09:00:00,2472000,2565000,2448000,2558000,96526.3313,2558000,upbit,2026-06-28T04:34:13Z
KRW-ETH,2021-07-25T00:00:00,2021-07-25T09:00:00,2556000,2572000,2464000,2540000,75494.10743,2540000,upbit,2026-06-28T04:34:13Z
KRW-ETH,2021-07-26T00:00:00,2021-07-26T09:00:00,2539000,2803000,2518000,2576000,221109.9068,2576000,upbit,2026-06-28T04:34:13Z
KRW-ETH,2021-07-27T00:00:00,2021-07-27T09:00:00,2575000,2670000,2488000,2646000,133411.7674,2646000,upbit,2026-06-28T04:34:13Z
KRW-ETH,2021-07-28T00:00:00,2021-07-28T09:00:00,2647000,2724000,2612000,2662000,107263.531,2662000,upbit,2026-06-28T04:34:13Z
KRW-ETH,2021-07-29T00:00:00,2021-07-29T09:00:00,2663000,2756000,2627000,2731000,64793.19875,2731000,upbit,2026-06-28T04:34:13Z
KRW-ETH,2021-07-30T00:00:00,2021-07-30T09:00:00,2731000,2846000,2676000,2836000,107441.2459,2836000,upbit,2026-06-28T04:34:13Z
KRW-ETH,2021-07-31T00:00:00,2021-07-31T09:00:00,2835000,2958000,2801000,2920000,71699.00433,2920000,upbit,2026-06-28T04:34:13Z
KRW-ETH,2021-08-01T00:00:00,2021-08-01T09:00:00,2927000,3129000,2910000,2967000,134818.2851,2967000,upbit,2026-06-28T04:34:13Z
KRW-ETH,2021-08-02T00:00:00,2021-08-02T09:00:00,2966000,3086000,2890000,3023000,126683.7479,3023000,upbit,2026-06-28T04:34:13Z
KRW-ETH,2021-08-03T00:00:00,2021-08-03T09:00:00,3024000,3057000,2865000,2948000,111835.2501,2948000,upbit,2026-06-28T04:34:13Z
KRW-ETH,2021-08-04T00:00:00,2021-08-04T09:00:00,2948000,3176000,2880000,3136000,140962.3343,3136000,upbit,2026-06-28T04:34:13Z
KRW-ETH,2021-08-05T00:00:00,2021-08-05T09:00:00,3135000,3280000,2970000,3260000,191151.5586,3260000,upbit,2026-06-28T04:34:13Z
KRW-ETH,2021-08-06T00:00:00,2021-08-06T09:00:00,3260000,3387000,3164000,3326000,132851.5018,3326000,upbit,2026-06-28T04:34:13Z
KRW-ETH,2021-08-07T00:00:00,2021-08-07T09:00:00,3327000,3642000,3302000,3611000,182204.695,3611000,upbit,2026-06-28T04:34:13Z
KRW-ETH,2021-08-08T00:00:00,2021-08-08T09:00:00,3611000,3649000,3433000,3493000,134216.8905,3493000,upbit,2026-06-28T04:34:13Z
KRW-ETH,2021-08-09T00:00:00,2021-08-09T09:00:00,3494000,3630000,3356000,3612000,164828.6191,3612000,upbit,2026-06-28T04:34:13Z
KRW-ETH,2021-08-10T00:00:00,2021-08-10T09:00:00,3611000,3698000,3543000,3611000,112888.1299,3611000,upbit,2026-06-28T04:34:13Z
KRW-ETH,2021-08-11T00:00:00,2021-08-11T09:00:00,3611000,3740000,3607000,3651000,101787.7209,3651000,upbit,2026-06-28T04:34:13Z
KRW-ETH,2021-08-12T00:00:00,2021-08-12T09:00:00,3651000,3740000,3500000,3572000,116132.7055,3572000,upbit,2026-06-28T04:34:13Z
KRW-ETH,2021-08-13T00:00:00,2021-08-13T09:00:00,3571000,3838000,3550000,3832000,98458.14615,3832000,upbit,2026-06-28T04:34:13Z
KRW-ETH,2021-08-14T00:00:00,2021-08-14T09:00:00,3832000,3870000,3723000,3802000,92681.33312,3802000,upbit,2026-06-28T04:34:13Z
KRW-ETH,2021-08-15T00:00:00,2021-08-15T09:00:00,3804000,3849000,3661000,3844000,90884.00667,3844000,upbit,2026-06-28T04:34:13Z
KRW-ETH,2021-08-16T00:00:00,2021-08-16T09:00:00,3844000,3873000,3692000,3695000,79651.46968,3695000,upbit,2026-06-28T04:34:13Z
KRW-ETH,2021-08-17T00:00:00,2021-08-17T09:00:00,3694000,3804000,3536000,3549000,101771.693,3549000,upbit,2026-06-28T04:34:13Z
KRW-ETH,2021-08-18T00:00:00,2021-08-18T09:00:00,3549000,3648000,3450000,3555000,88788.50552,3555000,upbit,2026-06-28T04:34:13Z
KRW-ETH,2021-08-19T00:00:00,2021-08-19T09:00:00,3555000,3747000,3504000,3744000,67313.50223,3744000,upbit,2026-06-28T04:34:13Z
KRW-ETH,2021-08-20T00:00:00,2021-08-20T09:00:00,3744000,3867000,3730000,3835000,73009.49907,3835000,upbit,2026-06-28T04:34:13Z
KRW-ETH,2021-08-21T00:00:00,2021-08-21T09:00:00,3837000,3860000,3770000,3797000,54232.72932,3797000,upbit,2026-06-28T04:34:13Z
KRW-ETH,2021-08-22T00:00:00,2021-08-22T09:00:00,3796000,3830000,3700000,3790000,43679.76933,3790000,upbit,2026-06-28T04:34:13Z
KRW-ETH,2021-08-23T00:00:00,2021-08-23T09:00:00,3790000,3908000,3776000,3864000,68900.42333,3864000,upbit,2026-06-28T04:34:13Z
KRW-ETH,2021-08-24T00:00:00,2021-08-24T09:00:00,3864000,3896000,3714000,3728000,66461.87406,3728000,upbit,2026-06-28T04:34:13Z
KRW-ETH,2021-08-25T00:00:00,2021-08-25T09:00:00,3728000,3776000,3600000,3765000,58564.46164,3765000,upbit,2026-06-28T04:34:13Z
KRW-ETH,2021-08-26T00:00:00,2021-08-26T09:00:00,3765000,3780000,3594000,3648000,57634.90764,3648000,upbit,2026-06-28T04:34:13Z
KRW-ETH,2021-08-27T00:00:00,2021-08-27T09:00:00,3646000,3845000,3602000,3826000,64313.75762,3826000,upbit,2026-06-28T04:34:13Z
KRW-ETH,2021-08-28T00:00:00,2021-08-28T09:00:00,3825000,3850000,3758000,3809000,33309.83117,3809000,upbit,2026-06-28T04:34:13Z
KRW-ETH,2021-08-29T00:00:00,2021-08-29T09:00:00,3809000,3845000,3720000,3780000,40531.25714,3780000,upbit,2026-06-28T04:34:13Z
KRW-ETH,2021-08-30T00:00:00,2021-08-30T09:00:00,3783000,3922000,3706000,3825000,63708.55979,3825000,upbit,2026-06-28T04:34:13Z
KRW-ETH,2021-08-31T00:00:00,2021-08-31T09:00:00,3825000,4050000,3777000,4014000,117427.7981,4014000,upbit,2026-06-28T04:34:13Z
KRW-ETH,2021-09-01T00:00:00,2021-09-01T09:00:00,4014000,4438000,3962000,4422000,112075.7022,4422000,upbit,2026-06-28T04:34:13Z
KRW-ETH,2021-09-02T00:00:00,2021-09-02T09:00:00,4422000,4457000,4321000,4398000,87141.48112,4398000,upbit,2026-06-28T04:34:13Z
KRW-ETH,2021-09-03T00:00:00,2021-09-03T09:00:00,4400000,4677000,4334000,4551000,111930.1989,4551000,upbit,2026-06-28T04:34:13Z
KRW-ETH,2021-09-04T00:00:00,2021-09-04T09:00:00,4551000,4598000,4450000,4501000,54178.80946,4501000,upbit,2026-06-28T04:34:13Z
KRW-ETH,2021-09-05T00:00:00,2021-09-05T09:00:00,4503000,4570000,4430000,4521000,58642.88778,4521000,upbit,2026-06-28T04:34:13Z
KRW-ETH,2021-09-06T00:00:00,2021-09-06T09:00:00,4523000,4572000,4450000,4537000,49739.36143,4537000,upbit,2026-06-28T04:34:13Z
KRW-ETH,2021-09-07T00:00:00,2021-09-07T09:00:00,4537000,4556000,3799000,4146000,170735.9836,4146000,upbit,2026-06-28T04:34:13Z
KRW-ETH,2021-09-08T00:00:00,2021-09-08T09:00:00,4147000,4308000,3836000,4229000,156182.3824,4229000,upbit,2026-06-28T04:34:13Z
KRW-ETH,2021-09-09T00:00:00,2021-09-09T09:00:00,4229000,4260000,4081000,4133000,81531.61218,4133000,upbit,2026-06-28T04:34:13Z
KRW-ETH,2021-09-10T00:00:00,2021-09-10T09:00:00,4135000,4245000,3900000,3943000,71985.46398,3943000,upbit,2026-06-28T04:34:13Z
KRW-ETH,2021-09-11T00:00:00,2021-09-11T09:00:00,3943000,4041000,3917000,3965000,47112.6555,3965000,upbit,2026-06-28T04:34:13Z
KRW-ETH,2021-09-12T00:00:00,2021-09-12T09:00:00,3966000,4157000,3924000,4071000,55133.38977,4071000,upbit,2026-06-28T04:34:13Z
KRW-ETH,2021-09-13T00:00:00,2021-09-13T09:00:00,4073000,4112000,3851000,3969000,78320.27185,3969000,upbit,2026-06-28T04:34:13Z
KRW-ETH,2021-09-14T00:00:00,2021-09-14T09:00:00,3969000,4127000,3943000,4125000,56865.34844,4125000,upbit,2026-06-28T04:34:13Z
KRW-ETH,2021-09-15T00:00:00,2021-09-15T09:00:00,4120000,4293000,4030000,4291000,58236.96684,4291000,upbit,2026-06-28T04:34:13Z
KRW-ETH,2021-09-16T00:00:00,2021-09-16T09:00:00,4292000,4359000,4190000,4278000,59628.17146,4278000,upbit,2026-06-28T04:34:13Z
KRW-ETH,2021-09-17T00:00:00,2021-09-17T09:00:00,4281000,4299000,4100000,4150000,49083.29016,4150000,upbit,2026-06-28T04:34:13Z
KRW-ETH,2021-09-18T00:00:00,2021-09-18T09:00:00,4153000,4267000,4124000,4166000,44363.28363,4166000,upbit,2026-06-28T04:34:13Z
KRW-ETH,2021-09-19T00:00:00,2021-09-19T09:00:00,4170000,4180000,4040000,4086000,38765.07857,4086000,upbit,2026-06-28T04:34:13Z
KRW-ETH,2021-09-20T00:00:00,2021-09-20T09:00:00,4089000,4103000,3700000,3728000,119091.2234,3728000,upbit,2026-06-28T04:34:13Z
KRW-ETH,2021-09-21T00:00:00,2021-09-21T09:00:00,3728000,3820000,3401000,3449000,150869.0942,3449000,upbit,2026-06-28T04:34:13Z
KRW-ETH,2021-09-22T00:00:00,2021-09-22T09:00:00,3447000,3815000,3377000,3805000,135019.0904,3805000,upbit,2026-06-28T04:34:13Z
KRW-ETH,2021-09-23T00:00:00,2021-09-23T09:00:00,3803000,3871000,3680000,3817000,75427.87558,3817000,upbit,2026-06-28T04:34:13Z
KRW-ETH,2021-09-24T00:00:00,2021-09-24T09:00:00,3817000,3823000,3426000,3568000,156719.6015,3568000,upbit,2026-06-28T04:34:13Z
KRW-ETH,2021-09-25T00:00:00,2021-09-25T09:00:00,3570000,3608000,3450000,3591000,67632.28552,3591000,upbit,2026-06-28T04:34:13Z
KRW-ETH,2021-09-26T00:00:00,2021-09-26T09:00:00,3590000,3795000,3415000,3739000,97857.06104,3739000,upbit,2026-06-28T04:34:13Z
KRW-ETH,2021-09-27T00:00:00,2021-09-27T09:00:00,3739000,3836000,3598000,3599000,70918.83519,3599000,upbit,2026-06-28T04:34:13Z
KRW-ETH,2021-09-28T00:00:00,2021-09-28T09:00:00,3599000,3631000,3428000,3445000,81142.93381,3445000,upbit,2026-06-28T04:34:13Z
KRW-ETH,2021-09-29T00:00:00,2021-09-29T09:00:00,3447000,3590000,3415000,3489000,71946.02446,3489000,upbit,2026-06-28T04:34:13Z
KRW-ETH,2021-09-30T00:00:00,2021-09-30T09:00:00,3485000,3709000,3474000,3663000,75964.18742,3663000,upbit,2026-06-28T04:34:13Z
KRW-ETH,2021-10-01T00:00:00,2021-10-01T09:00:00,3663000,4031000,3650000,4011000,113115.8559,4011000,upbit,2026-06-28T04:34:13Z
KRW-ETH,2021-10-02T00:00:00,2021-10-02T09:00:00,4012000,4210000,3961000,4134000,76351.38408,4134000,upbit,2026-06-28T04:34:13Z
KRW-ETH,2021-10-03T00:00:00,2021-10-03T09:00:00,4134000,4214000,4062000,4154000,54562.06082,4154000,upbit,2026-06-28T04:34:13Z
KRW-ETH,2021-10-04T00:00:00,2021-10-04T09:00:00,4154000,4168000,3998000,4131000,76789.7828,4131000,upbit,2026-06-28T04:34:13Z
KRW-ETH,2021-10-05T00:00:00,2021-10-05T09:00:00,4134000,4260000,4087000,4211000,57086.91312,4211000,upbit,2026-06-28T04:34:13Z
KRW-ETH,2021-10-06T00:00:00,2021-10-06T09:00:00,4214000,4386000,4058000,4328000,109169.6392,4328000,upbit,2026-06-28T04:34:13Z
KRW-ETH,2021-10-07T00:00:00,2021-10-07T09:00:00,4328000,4421000,4222000,4361000,70607.88991,4361000,upbit,2026-06-28T04:34:13Z
KRW-ETH,2021-10-08T00:00:00,2021-10-08T09:00:00,4362000,4469000,4322000,4355000,56829.03515,4355000,upbit,2026-06-28T04:34:13Z
KRW-ETH,2021-10-09T00:00:00,2021-10-09T09:00:00,4353000,4441000,4333000,4370000,48110.57954,4370000,upbit,2026-06-28T04:34:13Z
KRW-ETH,2021-10-10T00:00:00,2021-10-10T09:00:00,4369000,4394000,4230000,4241000,48285.52893,4241000,upbit,2026-06-28T04:34:13Z
KRW-ETH,2021-10-11T00:00:00,2021-10-11T09:00:00,4242000,4439000,4200000,4375000,61370.87202,4375000,upbit,2026-06-28T04:34:13Z
KRW-ETH,2021-10-12T00:00:00,2021-10-12T09:00:00,4374000,4378000,4232000,4311000,55160.97808,4311000,upbit,2026-06-28T04:34:13Z
KRW-ETH,2021-10-13T00:00:00,2021-10-13T09:00:00,4311000,4403000,4204000,4394000,51655.33195,4394000,upbit,2026-06-28T04:34:13Z
KRW-ETH,2021-10-14T00:00:00,2021-10-14T09:00:00,4389000,4649000,4370000,4609000,79166.71113,4609000,upbit,2026-06-28T04:34:13Z
KRW-ETH,2021-10-15T00:00:00,2021-10-15T09:00:00,4609000,4770000,4555000,4752000,115787.5711,4752000,upbit,2026-06-28T04:34:13Z
KRW-ETH,2021-10-16T00:00:00,2021-10-16T09:00:00,4752000,4848000,4681000,4713000,64732.07463,4713000,upbit,2026-06-28T04:34:13Z
KRW-ETH,2021-10-17T00:00:00,2021-10-17T09:00:00,4713000,4808000,4575000,4744000,44259.83586,4744000,upbit,2026-06-28T04:34:13Z
KRW-ETH,2021-10-18T00:00:00,2021-10-18T09:00:00,4741000,4796000,4550000,4631000,62399.95902,4631000,upbit,2026-06-28T04:34:13Z
KRW-ETH,2021-10-19T00:00:00,2021-10-19T09:00:00,4631000,4764000,4612000,4743000,44383.16759,4743000,upbit,2026-06-28T04:34:13Z
KRW-ETH,2021-10-20T00:00:00,2021-10-20T09:00:00,4743000,5045000,4690000,5040000,89963.75,5040000,upbit,2026-06-28T04:34:13Z
KRW-ETH,2021-10-21T00:00:00,2021-10-21T09:00:00,5039000,5299000,4950000,4967000,132665.0826,4967000,upbit,2026-06-28T04:34:13Z
KRW-ETH,2021-10-22T00:00:00,2021-10-22T09:00:00,4966000,5100000,4800000,4867000,72389.5368,4867000,upbit,2026-06-28T04:34:13Z
KRW-ETH,2021-10-23T00:00:00,2021-10-23T09:00:00,4867000,5097000,4821000,5080000,48233.9917,5080000,upbit,2026-06-28T04:34:13Z
KRW-ETH,2021-10-24T00:00:00,2021-10-24T09:00:00,5085000,5120000,4900000,4999000,46799.78427,4999000,upbit,2026-06-28T04:34:13Z
KRW-ETH,2021-10-25T00:00:00,2021-10-25T09:00:00,4999000,5117000,4976000,5105000,43456.67794,5105000,upbit,2026-06-28T04:34:13Z
KRW-ETH,2021-10-26T00:00:00,2021-10-26T09:00:00,5105000,5149000,4990000,5018000,47113.38098,5018000,upbit,2026-06-28T04:34:13Z
KRW-ETH,2021-10-27T00:00:00,2021-10-27T09:00:00,5019000,5185000,4802000,4820000,126385.4832,4820000,upbit,2026-06-28T04:34:13Z
KRW-ETH,2021-10-28T00:00:00,2021-10-28T09:00:00,4820000,5172000,4752000,5170000,78326.34883,5170000,upbit,2026-06-28T04:34:13Z
KRW-ETH,2021-10-29T00:00:00,2021-10-29T09:00:00,5170000,5350000,5140000,5291000,73803.82788,5291000,upbit,2026-06-28T04:34:13Z
KRW-ETH,2021-10-30T00:00:00,2021-10-30T09:00:00,5292000,5305000,5067000,5131000,52850.37133,5131000,upbit,2026-06-28T04:34:13Z
KRW-ETH,2021-10-31T00:00:00,2021-10-31T09:00:00,5131000,5237000,4995000,5062000,55203.47158,5062000,upbit,2026-06-28T04:34:13Z
KRW-ETH,2021-11-01T00:00:00,2021-11-01T09:00:00,5068000,5200000,4950000,5134000,45890.1487,5134000,upbit,2026-06-28T04:34:13Z
KRW-ETH,2021-11-02T00:00:00,2021-11-02T09:00:00,5134000,5399000,5092000,5376000,53510.60019,5376000,upbit,2026-06-28T04:34:13Z
KRW-ETH,2021-11-03T00:00:00,2021-11-03T09:00:00,5376000,5499000,5260000,5461000,64607.08776,5461000,upbit,2026-06-28T04:34:13Z
KRW-ETH,2021-11-04T00:00:00,2021-11-04T09:00:00,5460000,5487000,5372000,5450000,37988.50868,5450000,upbit,2026-06-28T04:34:13Z
KRW-ETH,2021-11-05T00:00:00,2021-11-05T09:00:00,5450000,5485000,5396000,5440000,27849.88927,5440000,upbit,2026-06-28T04:34:13Z
KRW-ETH,2021-11-06T00:00:00,2021-11-06T09:00:00,5444000,5490000,5341000,5476000,29608.67183,5476000,upbit,2026-06-28T04:34:13Z
KRW-ETH,2021-11-07T00:00:00,2021-11-07T09:00:00,5474000,5620000,5463000,5587000,31909.41699,5587000,upbit,2026-06-28T04:34:13Z
KRW-ETH,2021-11-08T00:00:00,2021-11-08T09:00:00,5587000,5813000,5584000,5805000,46591.17202,5805000,upbit,2026-06-28T04:34:13Z
KRW-ETH,2021-11-09T00:00:00,2021-11-09T09:00:00,5805000,5827000,5670000,5713000,41428.79268,5713000,upbit,2026-06-28T04:34:13Z
KRW-ETH,2021-11-10T00:00:00,2021-11-10T09:00:00,5709000,5820000,5575000,5689000,53745.66222,5689000,upbit,2026-06-28T04:34:13Z
KRW-ETH,2021-11-11T00:00:00,2021-11-11T09:00:00,5689000,5790000,5601000,5749000,31934.50541,5749000,upbit,2026-06-28T04:34:13Z
KRW-ETH,2021-11-12T00:00:00,2021-11-12T09:00:00,5746000,5811000,5551000,5684000,40976.82101,5684000,upbit,2026-06-28T04:34:13Z
KRW-ETH,2021-11-13T00:00:00,2021-11-13T09:00:00,5685000,5732000,5582000,5622000,24371.54869,5622000,upbit,2026-06-28T04:34:13Z
KRW-ETH,2021-11-14T00:00:00,2021-11-14T09:00:00,5622000,5681000,5504000,5609000,26096.29284,5609000,upbit,2026-06-28T04:34:13Z
KRW-ETH,2021-11-15T00:00:00,2021-11-15T09:00:00,5609000,5748000,5540000,5563000,39668.6898,5563000,upbit,2026-06-28T04:34:13Z
KRW-ETH,2021-11-16T00:00:00,2021-11-16T09:00:00,5563000,5568000,5133000,5179000,99784.15517,5179000,upbit,2026-06-28T04:34:13Z
KRW-ETH,2021-11-17T00:00:00,2021-11-17T09:00:00,5181000,5273000,5000000,5253000,79363.56576,5253000,upbit,2026-06-28T04:34:13Z
KRW-ETH,2021-11-18T00:00:00,2021-11-18T09:00:00,5253000,5326000,4903000,4953000,83571.43991,4953000,upbit,2026-06-28T04:34:13Z
KRW-ETH,2021-11-19T00:00:00,2021-11-19T09:00:00,4953000,5347000,4921000,5311000,62029.90457,5311000,upbit,2026-06-28T04:34:13Z
KRW-ETH,2021-11-20T00:00:00,2021-11-20T09:00:00,5311000,5484000,5230000,5450000,38367.839,5450000,upbit,2026-06-28T04:34:13Z
KRW-ETH,2021-11-21T00:00:00,2021-11-21T09:00:00,5450000,5472000,5292000,5303000,30403.79133,5303000,upbit,2026-06-28T04:34:13Z
KRW-ETH,2021-11-22T00:00:00,2021-11-22T09:00:00,5303000,5400000,5080000,5125000,47879.4461,5125000,upbit,2026-06-28T04:34:13Z
KRW-ETH,2021-11-23T00:00:00,2021-11-23T09:00:00,5127000,5458000,5088000,5401000,52600.3519,5401000,upbit,2026-06-28T04:34:13Z
KRW-ETH,2021-11-24T00:00:00,2021-11-24T09:00:00,5400000,5445000,5250000,5350000,46788.77214,5350000,upbit,2026-06-28T04:34:13Z
KRW-ETH,2021-11-25T00:00:00,2021-11-25T09:00:00,5350000,5663000,5313000,5612000,66549.67224,5612000,upbit,2026-06-28T04:34:13Z
KRW-ETH,2021-11-26T00:00:00,2021-11-26T09:00:00,5609000,5651000,5107000,5153000,103690.1586,5153000,upbit,2026-06-28T04:34:13Z
KRW-ETH,2021-11-27T00:00:00,2021-11-27T09:00:00,5151000,5318000,5115000,5249000,34072.6486,5249000,upbit,2026-06-28T04:34:13Z
KRW-ETH,2021-11-28T00:00:00,2021-11-28T09:00:00,5248000,5446000,5110000,5420000,47900.64337,5420000,upbit,2026-06-28T04:34:13Z
KRW-ETH,2021-11-29T00:00:00,2021-11-29T09:00:00,5420000,5567000,5370000,5551000,40742.68619,5551000,upbit,2026-06-28T04:34:13Z
KRW-ETH,2021-11-30T00:00:00,2021-11-30T09:00:00,5550000,5895000,5427000,5739000,92562.74431,5739000,upbit,2026-06-28T04:34:13Z
KRW-ETH,2021-12-01T00:00:00,2021-12-01T09:00:00,5739000,5900000,5650000,5692000,59791.17348,5692000,upbit,2026-06-28T04:34:13Z
KRW-ETH,2021-12-02T00:00:00,2021-12-02T09:00:00,5692000,5766000,5544000,5626000,54944.89496,5626000,upbit,2026-06-28T04:34:13Z
KRW-ETH,2021-12-03T00:00:00,2021-12-03T09:00:00,5620000,5769000,5254000,5356000,65886.3972,5356000,upbit,2026-06-28T04:34:13Z
KRW-ETH,2021-12-04T00:00:00,2021-12-04T09:00:00,5355000,5361000,4375000,5198000,232043.4263,5198000,upbit,2026-06-28T04:34:13Z
KRW-ETH,2021-12-05T00:00:00,2021-12-05T09:00:00,5198000,5360000,5039000,5259000,101824.3013,5259000,upbit,2026-06-28T04:34:13Z
KRW-ETH,2021-12-06T00:00:00,2021-12-06T09:00:00,5257000,5420000,4918000,5388000,114692.3505,5388000,upbit,2026-06-28T04:34:13Z
KRW-ETH,2021-12-07T00:00:00,2021-12-07T09:00:00,5384000,5486000,5308000,5379000,65179.87858,5379000,upbit,2026-06-28T04:34:13Z
KRW-ETH,2021-12-08T00:00:00,2021-12-08T09:00:00,5381000,5490000,5247000,5462000,57978.69987,5462000,upbit,2026-06-28T04:34:13Z
KRW-ETH,2021-12-09T00:00:00,2021-12-09T09:00:00,5462000,5500000,5103000,5128000,55425.49228,5128000,upbit,2026-06-28T04:34:13Z
KRW-ETH,2021-12-10T00:00:00,2021-12-10T09:00:00,5128000,5250000,4939000,4955000,78341.3025,4955000,upbit,2026-06-28T04:34:13Z
KRW-ETH,2021-12-11T00:00:00,2021-12-11T09:00:00,4955000,5100000,4886000,5089000,45145.83484,5089000,upbit,2026-06-28T04:34:13Z
KRW-ETH,2021-12-12T00:00:00,2021-12-12T09:00:00,5089000,5175000,5000000,5119000,33114.48254,5119000,upbit,2026-06-28T04:34:13Z
KRW-ETH,2021-12-13T00:00:00,2021-12-13T09:00:00,5120000,5135000,4662000,4747000,91931.84106,4747000,upbit,2026-06-28T04:34:13Z
KRW-ETH,2021-12-14T00:00:00,2021-12-14T09:00:00,4748000,4825000,4566000,4781000,79947.03179,4781000,upbit,2026-06-28T04:34:13Z
KRW-ETH,2021-12-15T00:00:00,2021-12-15T09:00:00,4780000,5141000,4551000,5037000,90285.06223,5037000,upbit,2026-06-28T04:34:13Z
KRW-ETH,2021-12-16T00:00:00,2021-12-16T09:00:00,5038000,5120000,4954000,4965000,53165.96323,4965000,upbit,2026-06-28T04:34:13Z
KRW-ETH,2021-12-17T00:00:00,2021-12-17T09:00:00,4965000,4999000,4676000,4872000,69380.85334,4872000,upbit,2026-06-28T04:34:13Z
KRW-ETH,2021-12-18T00:00:00,2021-12-18T09:00:00,4869000,4964000,4734000,4933000,36916.42819,4933000,upbit,2026-06-28T04:34:13Z
KRW-ETH,2021-12-19T00:00:00,2021-12-19T09:00:00,4932000,4999000,4865000,4899000,35030.38237,4899000,upbit,2026-06-28T04:34:13Z
KRW-ETH,2021-12-20T00:00:00,2021-12-20T09:00:00,4899000,4947000,4700000,4866000,53342.44207,4866000,upbit,2026-06-28T04:34:13Z
KRW-ETH,2021-12-21T00:00:00,2021-12-21T09:00:00,4866000,4996000,4818000,4936000,48674.26702,4936000,upbit,2026-06-28T04:34:13Z
KRW-ETH,2021-12-22T00:00:00,2021-12-22T09:00:00,4937000,4990000,4850000,4893000,37319.31738,4893000,upbit,2026-06-28T04:34:13Z
KRW-ETH,2021-12-23T00:00:00,2021-12-23T09:00:00,4893000,5010000,4802000,4971000,51755.71477,4971000,upbit,2026-06-28T04:34:13Z
KRW-ETH,2021-12-24T00:00:00,2021-12-24T09:00:00,4971000,5025000,4913000,4937000,40049.96474,4937000,upbit,2026-06-28T04:34:13Z
KRW-ETH,2021-12-25T00:00:00,2021-12-25T09:00:00,4937000,4994000,4894000,4954000,24017.01141,4954000,upbit,2026-06-28T04:34:13Z
KRW-ETH,2021-12-26T00:00:00,2021-12-26T09:00:00,4954000,4979000,4890000,4917000,22468.34968,4917000,upbit,2026-06-28T04:34:13Z
KRW-ETH,2021-12-27T00:00:00,2021-12-27T09:00:00,4917000,4957000,4864000,4896000,26616.36273,4896000,upbit,2026-06-28T04:34:13Z
KRW-ETH,2021-12-28T00:00:00,2021-12-28T09:00:00,4896000,4899000,4630000,4650000,47598.61033,4650000,upbit,2026-06-28T04:34:13Z
KRW-ETH,2021-12-29T00:00:00,2021-12-29T09:00:00,4650000,4682000,4423000,4456000,45101.86807,4456000,upbit,2026-06-28T04:34:13Z
KRW-ETH,2021-12-30T00:00:00,2021-12-30T09:00:00,4457000,4578000,4402000,4506000,35708.67477,4506000,upbit,2026-06-28T04:34:13Z
KRW-ETH,2021-12-31T00:00:00,2021-12-31T09:00:00,4505000,4628000,4461000,4505000,30082.00154,4505000,upbit,2026-06-28T04:34:13Z
KRW-ETH,2022-01-01T00:00:00,2022-01-01T09:00:00,4505000,4599000,4504000,4577000,17660.11399,4577000,upbit,2026-06-28T04:34:13Z
KRW-ETH,2022-01-02T00:00:00,2022-01-02T09:00:00,4577000,4681000,4541000,4652000,17866.26362,4652000,upbit,2026-06-28T04:34:13Z
KRW-ETH,2022-01-03T00:00:00,2022-01-03T09:00:00,4651000,4677000,4513000,4591000,25092.11311,4591000,upbit,2026-06-28T04:34:13Z
KRW-ETH,2022-01-04T00:00:00,2022-01-04T09:00:00,4591000,4743000,4516000,4619000,29575.94121,4619000,upbit,2026-06-28T04:34:13Z
KRW-ETH,2022-01-05T00:00:00,2022-01-05T09:00:00,4619000,4672000,4240000,4382000,48802.18806,4382000,upbit,2026-06-28T04:34:13Z
KRW-ETH,2022-01-06T00:00:00,2022-01-06T09:00:00,4382000,4408000,4094000,4212000,65073.35158,4212000,upbit,2026-06-28T04:34:13Z
KRW-ETH,2022-01-07T00:00:00,2022-01-07T09:00:00,4212000,4222000,3850000,3955000,93597.55269,3955000,upbit,2026-06-28T04:34:13Z
KRW-ETH,2022-01-08T00:00:00,2022-01-08T09:00:00,3956000,4009000,3766000,3860000,56103.74625,3860000,upbit,2026-06-28T04:34:13Z
KRW-ETH,2022-01-09T00:00:00,2022-01-09T09:00:00,3859000,3953000,3803000,3886000,32896.56019,3886000,upbit,2026-06-28T04:34:13Z
KRW-ETH,2022-01-10T00:00:00,2022-01-10T09:00:00,3886000,3919000,3610000,3780000,73195.50145,3780000,upbit,2026-06-28T04:34:13Z
KRW-ETH,2022-01-11T00:00:00,2022-01-11T09:00:00,3781000,3978000,3727000,3965000,55654.95136,3965000,upbit,2026-06-28T04:34:13Z
KRW-ETH,2022-01-12T00:00:00,2022-01-12T09:00:00,3965000,4144000,3921000,4092000,47291.24125,4092000,upbit,2026-06-28T04:34:13Z
KRW-ETH,2022-01-13T00:00:00,2022-01-13T09:00:00,4092000,4143000,3940000,3946000,38600.59592,3946000,upbit,2026-06-28T04:34:13Z
KRW-ETH,2022-01-14T00:00:00,2022-01-14T09:00:00,3947000,4056000,3895000,4011000,30750.07027,4011000,upbit,2026-06-28T04:34:13Z
KRW-ETH,2022-01-15T00:00:00,2022-01-15T09:00:00,4012000,4082000,3975000,4037000,17033.09354,4037000,upbit,2026-06-28T04:34:13Z
KRW-ETH,2022-01-16T00:00:00,2022-01-16T09:00:00,4037000,4100000,3990000,4047000,18065.9831,4047000,upbit,2026-06-28T04:34:13Z
KRW-ETH,2022-01-17T00:00:00,2022-01-17T09:00:00,4049000,4062000,3838000,3917000,27376.01712,3917000,upbit,2026-06-28T04:34:13Z
KRW-ETH,2022-01-18T00:00:00,2022-01-18T09:00:00,3917000,3939000,3750000,3821000,30446.39056,3821000,upbit,2026-06-28T04:34:13Z
KRW-ETH,2022-01-19T00:00:00,2022-01-19T09:00:00,3821000,3842000,3688000,3720000,30321.86845,3720000,upbit,2026-06-28T04:34:13Z
KRW-ETH,2022-01-20T00:00:00,2022-01-20T09:00:00,3725000,3935000,3644000,3660000,40113.62274,3660000,upbit,2026-06-28T04:34:13Z
KRW-ETH,2022-01-21T00:00:00,2022-01-21T09:00:00,3660000,3692000,3098000,3196000,125351.4198,3196000,upbit,2026-06-28T04:34:13Z
KRW-ETH,2022-01-22T00:00:00,2022-01-22T09:00:00,3197000,3244000,2886000,2987000,148898.0398,2987000,upbit,2026-06-28T04:34:13Z
KRW-ETH,2022-01-23T00:00:00,2022-01-23T09:00:00,2988000,3130000,2930000,3097000,69286.35273,3097000,upbit,2026-06-28T04:34:13Z
KRW-ETH,2022-01-24T00:00:00,2022-01-24T09:00:00,3100000,3101000,2672000,2980000,183862.1676,2980000,upbit,2026-06-28T04:34:13Z
KRW-ETH,2022-01-25T00:00:00,2022-01-25T09:00:00,2980000,3044000,2860000,2986000,86202.77205,2986000,upbit,2026-06-28T04:34:13Z
KRW-ETH,2022-01-26T00:00:00,2022-01-26T09:00:00,2987000,3318000,2944000,3017000,154884.8766,3017000,upbit,2026-06-28T04:34:13Z
KRW-ETH,2022-01-27T00:00:00,2022-01-27T09:00:00,3016000,3093000,2884000,2987000,107811.1672,2987000,upbit,2026-06-28T04:34:13Z
KRW-ETH,2022-01-28T00:00:00,2022-01-28T09:00:00,2989000,3158000,2931000,3139000,87197.5003,3139000,upbit,2026-06-28T04:34:13Z
KRW-ETH,2022-01-29T00:00:00,2022-01-29T09:00:00,3139000,3249000,3121000,3217000,68155.7495,3217000,upbit,2026-06-28T04:34:13Z
KRW-ETH,2022-01-30T00:00:00,2022-01-30T09:00:00,3218000,3278000,3165000,3243000,42594.33578,3243000,upbit,2026-06-28T04:34:13Z
KRW-ETH,2022-01-31T00:00:00,2022-01-31T09:00:00,3241000,3330000,3080000,3301000,56375.81856,3301000,upbit,2026-06-28T04:34:13Z
KRW-ETH,2022-02-01T00:00:00,2022-02-01T09:00:00,3301000,3457000,3290000,3440000,51964.70017,3440000,upbit,2026-06-28T04:34:13Z
KRW-ETH,2022-02-02T00:00:00,2022-02-02T09:00:00,3440000,3459000,3255000,3303000,63925.04834,3303000,upbit,2026-06-28T04:34:13Z
KRW-ETH,2022-02-03T00:00:00,2022-02-03T09:00:00,3300000,3368000,3184000,3308000,54440.06189,3308000,upbit,2026-06-28T04:34:13Z
KRW-ETH,2022-02-04T00:00:00,2022-02-04T09:00:00,3307000,3654000,3280000,3650000,93357.01729,3650000,upbit,2026-06-28T04:34:13Z
KRW-ETH,2022-02-05T00:00:00,2022-02-05T09:00:00,3651000,3759000,3613000,3695000,63702.1295,3695000,upbit,2026-06-28T04:34:13Z
KRW-ETH,2022-02-06T00:00:00,2022-02-06T09:00:00,3697000,3753000,3610000,3733000,46035.86646,3733000,upbit,2026-06-28T04:34:13Z
KRW-ETH,2022-02-07T00:00:00,2022-02-07T09:00:00,3733000,3880000,3670000,3830000,63054.54631,3830000,upbit,2026-06-28T04:34:13Z
KRW-ETH,2022-02-08T00:00:00,2022-02-08T09:00:00,3828000,3934000,3693000,3801000,76304.13925,3801000,upbit,2026-06-28T04:34:13Z
KRW-ETH,2022-02-09T00:00:00,2022-02-09T09:00:00,3801000,3944000,3722000,3916000,40165.2392,3916000,upbit,2026-06-28T04:34:13Z
KRW-ETH,2022-02-10T00:00:00,2022-02-10T09:00:00,3917000,3956000,3741000,3754000,77904.66847,3754000,upbit,2026-06-28T04:34:13Z
KRW-ETH,2022-02-11T00:00:00,2022-02-11T09:00:00,3752000,3804000,3510000,3578000,63212.77979,3578000,upbit,2026-06-28T04:34:13Z
KRW-ETH,2022-02-12T00:00:00,2022-02-12T09:00:00,3582000,3630000,3490000,3565000,47259.82848,3565000,upbit,2026-06-28T04:34:13Z
KRW-ETH,2022-02-13T00:00:00,2022-02-13T09:00:00,3567000,3609000,3503000,3519000,25522.1916,3519000,upbit,2026-06-28T04:34:13Z
KRW-ETH,2022-02-14T00:00:00,2022-02-14T09:00:00,3519000,3605000,3458000,3553000,42478.68191,3553000,upbit,2026-06-28T04:34:13Z
KRW-ETH,2022-02-15T00:00:00,2022-02-15T09:00:00,3553000,3859000,3536000,3847000,52135.8563,3847000,upbit,2026-06-28T04:34:13Z
KRW-ETH,2022-02-16T00:00:00,2022-02-16T09:00:00,3847000,3858000,3710000,3793000,46109.7966,3793000,upbit,2026-06-28T04:34:13Z
KRW-ETH,2022-02-17T00:00:00,2022-02-17T09:00:00,3791000,3828000,3496000,3527000,71881.41186,3527000,upbit,2026-06-28T04:34:13Z
KRW-ETH,2022-02-18T00:00:00,2022-02-18T09:00:00,3527000,3580000,3372000,3410000,66458.08129,3410000,upbit,2026-06-28T04:34:13Z
KRW-ETH,2022-02-19T00:00:00,2022-02-19T09:00:00,3410000,3461000,3291000,3383000,41697.56482,3383000,upbit,2026-06-28T04:34:13Z
KRW-ETH,2022-02-20T00:00:00,2022-02-20T09:00:00,3383000,3383000,3166000,3218000,56692.22005,3218000,upbit,2026-06-28T04:34:13Z
KRW-ETH,2022-02-21T00:00:00,2022-02-21T09:00:00,3219000,3357000,3128000,3149000,88888.68086,3149000,upbit,2026-06-28T04:34:13Z
KRW-ETH,2022-02-22T00:00:00,2022-02-22T09:00:00,3149000,3246000,3066000,3209000,74273.55853,3209000,upbit,2026-06-28T04:34:13Z
KRW-ETH,2022-02-23T00:00:00,2022-02-23T09:00:00,3209000,3352000,3150000,3154000,62008.14153,3154000,upbit,2026-06-28T04:34:13Z
KRW-ETH,2022-02-24T00:00:00,2022-02-24T09:00:00,3155000,3318000,2860000,3184000,165160.6473,3184000,upbit,2026-06-28T04:34:13Z
KRW-ETH,2022-02-25T00:00:00,2022-02-25T09:00:00,3185000,3452000,3151000,3376000,82006.4801,3376000,upbit,2026-06-28T04:34:13Z
KRW-ETH,2022-02-26T00:00:00,2022-02-26T09:00:00,3373000,3499000,3340000,3402000,54513.02521,3402000,upbit,2026-06-28T04:34:13Z
KRW-ETH,2022-02-27T00:00:00,2022-02-27T09:00:00,3403000,3454000,3158000,3217000,88005.61635,3217000,upbit,2026-06-28T04:34:13Z
KRW-ETH,2022-02-28T00:00:00,2022-02-28T09:00:00,3217000,3548000,3163000,3534000,110013.721,3534000,upbit,2026-06-28T04:34:13Z
KRW-ETH,2022-03-01T00:00:00,2022-03-01T09:00:00,3534000,3678000,3473000,3605000,99849.5678,3605000,upbit,2026-06-28T04:34:13Z
KRW-ETH,2022-03-02T00:00:00,2022-03-02T09:00:00,3605000,3673000,3541000,3587000,71023.67883,3587000,upbit,2026-06-28T04:34:13Z
KRW-ETH,2022-03-03T00:00:00,2022-03-03T09:00:00,3587000,3612000,3415000,3460000,60602.47499,3460000,upbit,2026-06-28T04:34:13Z
KRW-ETH,2022-03-04T00:00:00,2022-03-04T09:00:00,3460000,3465000,3204000,3247000,69744.31428,3247000,upbit,2026-06-28T04:34:13Z
KRW-ETH,2022-03-05T00:00:00,2022-03-05T09:00:00,3247000,3310000,3210000,3290000,34010.56847,3290000,upbit,2026-06-28T04:34:13Z
KRW-ETH,2022-03-06T00:00:00,2022-03-06T09:00:00,3290000,3307000,3163000,3177000,32930.15642,3177000,upbit,2026-06-28T04:34:13Z
KRW-ETH,2022-03-07T00:00:00,2022-03-07T09:00:00,3177000,3278000,3063000,3105000,66629.01256,3105000,upbit,2026-06-28T04:34:13Z
KRW-ETH,2022-03-08T00:00:00,2022-03-08T09:00:00,3108000,3260000,3099000,3203000,47433.94053,3203000,upbit,2026-06-28T04:34:13Z
KRW-ETH,2022-03-09T00:00:00,2022-03-09T09:00:00,3207000,3417000,3200000,3355000,72614.18726,3355000,upbit,2026-06-28T04:34:13Z
KRW-ETH,2022-03-10T00:00:00,2022-03-10T09:00:00,3355000,3367000,3186000,3233000,56239.67319,3233000,upbit,2026-06-28T04:34:13Z
KRW-ETH,2022-03-11T00:00:00,2022-03-11T09:00:00,3235000,3325000,3155000,3193000,49198.1305,3193000,upbit,2026-06-28T04:34:13Z
KRW-ETH,2022-03-12T00:00:00,2022-03-12T09:00:00,3193000,3251000,3190000,3210000,21787.82842,3210000,upbit,2026-06-28T04:34:13Z
KRW-ETH,2022-03-13T00:00:00,2022-03-13T09:00:00,3207000,3241000,3135000,3154000,28798.84373,3154000,upbit,2026-06-28T04:34:13Z
KRW-ETH,2022-03-14T00:00:00,2022-03-14T09:00:00,3154000,3245000,3134000,3210000,39914.06359,3210000,upbit,2026-06-28T04:34:13Z
KRW-ETH,2022-03-15T00:00:00,2022-03-15T09:00:00,3211000,3291000,3144000,3235000,39597.05526,3235000,upbit,2026-06-28T04:34:13Z
KRW-ETH,2022-03-16T00:00:00,2022-03-16T09:00:00,3236000,3426000,3221000,3396000,69660.86794,3396000,upbit,2026-06-28T04:34:13Z
KRW-ETH,2022-03-17T00:00:00,2022-03-17T09:00:00,3396000,3463000,3360000,3440000,36843.21317,3440000,upbit,2026-06-28T04:34:13Z
KRW-ETH,2022-03-18T00:00:00,2022-03-18T09:00:00,3436000,3618000,3386000,3575000,51271.62516,3575000,upbit,2026-06-28T04:34:13Z
KRW-ETH,2022-03-19T00:00:00,2022-03-19T09:00:00,3575000,3631000,3524000,3580000,37087.05287,3580000,upbit,2026-06-28T04:34:13Z
KRW-ETH,2022-03-20T00:00:00,2022-03-20T09:00:00,3580000,3597000,3455000,3503000,37091.37202,3503000,upbit,2026-06-28T04:34:13Z
KRW-ETH,2022-03-21T00:00:00,2022-03-21T09:00:00,3504000,3610000,3470000,3533000,37449.33115,3533000,upbit,2026-06-28T04:34:13Z
KRW-ETH,2022-03-22T00:00:00,2022-03-22T09:00:00,3532000,3692000,3532000,3626000,52824.64438,3626000,upbit,2026-06-28T04:34:13Z
KRW-ETH,2022-03-23T00:00:00,2022-03-23T09:00:00,3626000,3700000,3578000,3689000,43065.59326,3689000,upbit,2026-06-28T04:34:13Z
KRW-ETH,2022-03-24T00:00:00,2022-03-24T09:00:00,3688000,3770000,3650000,3735000,47114.65383,3735000,upbit,2026-06-28T04:34:13Z
KRW-ETH,2022-03-25T00:00:00,2022-03-25T09:00:00,3738000,3843000,3710000,3770000,39130.86489,3770000,upbit,2026-06-28T04:34:13Z
KRW-ETH,2022-03-26T00:00:00,2022-03-26T09:00:00,3770000,3816000,3737000,3810000,20494.74822,3810000,upbit,2026-06-28T04:34:13Z
KRW-ETH,2022-03-27T00:00:00,2022-03-27T09:00:00,3810000,3940000,3780000,3931000,31376.80515,3931000,upbit,2026-06-28T04:34:13Z
KRW-ETH,2022-03-28T00:00:00,2022-03-28T09:00:00,3931000,4101000,3905000,4025000,50651.35727,4025000,upbit,2026-06-28T04:34:13Z
KRW-ETH,2022-03-29T00:00:00,2022-03-29T09:00:00,4026000,4202000,4020000,4086000,56433.99849,4086000,upbit,2026-06-28T04:34:13Z
KRW-ETH,2022-03-30T00:00:00,2022-03-30T09:00:00,4086000,4116000,4007000,4066000,41753.073,4066000,upbit,2026-06-28T04:34:13Z
KRW-ETH,2022-03-31T00:00:00,2022-03-31T09:00:00,4066000,4141000,3965000,3990000,43688.57812,3990000,upbit,2026-06-28T04:34:13Z
KRW-ETH,2022-04-01T00:00:00,2022-04-01T09:00:00,3990000,4220000,3926000,4205000,48847.29815,4205000,upbit,2026-06-28T04:34:13Z
KRW-ETH,2022-04-02T00:00:00,2022-04-02T09:00:00,4205000,4300000,4188000,4210000,35242.09887,4210000,upbit,2026-06-28T04:34:13Z
KRW-ETH,2022-04-03T00:00:00,2022-04-03T09:00:00,4211000,4348000,4180000,4300000,28025.43768,4300000,upbit,2026-06-28T04:34:13Z
KRW-ETH,2022-04-04T00:00:00,2022-04-04T09:00:00,4300000,4337000,4190000,4313000,34779.52078,4313000,upbit,2026-06-28T04:34:13Z
KRW-ETH,2022-04-05T00:00:00,2022-04-05T09:00:00,4309000,4344000,4209000,4213000,31142.1273,4213000,upbit,2026-06-28T04:34:13Z
KRW-ETH,2022-04-06T00:00:00,2022-04-06T09:00:00,4213000,4215000,3891000,3898000,73360.04461,3898000,upbit,2026-06-28T04:34:13Z
KRW-ETH,2022-04-07T00:00:00,2022-04-07T09:00:00,3899000,4050000,3875000,3995000,46952.59373,3995000,upbit,2026-06-28T04:34:13Z
KRW-ETH,2022-04-08T00:00:00,2022-04-08T09:00:00,3995000,4120000,3983000,4004000,42130.80024,4004000,upbit,2026-06-28T04:34:13Z
KRW-ETH,2022-04-09T00:00:00,2022-04-09T09:00:00,4004000,4077000,3983000,4061000,18781.54115,4061000,upbit,2026-06-28T04:34:13Z
KRW-ETH,2022-04-10T00:00:00,2022-04-10T09:00:00,4061000,4110000,4008000,4016000,16300.75697,4016000,upbit,2026-06-28T04:34:13Z
KRW-ETH,2022-04-11T00:00:00,2022-04-11T09:00:00,4016000,4027000,3760000,3774000,69912.86226,3774000,upbit,2026-06-28T04:34:13Z
KRW-ETH,2022-04-12T00:00:00,2022-04-12T09:00:00,3774000,3886000,3713000,3822000,63144.91291,3822000,upbit,2026-06-28T04:34:13Z
KRW-ETH,2022-04-13T00:00:00,2022-04-13T09:00:00,3821000,3929000,3781000,3912000,39485.10328,3912000,upbit,2026-06-28T04:34:13Z
KRW-ETH,2022-04-14T00:00:00,2022-04-14T09:00:00,3912000,3932000,3751000,3797000,41424.23366,3797000,upbit,2026-06-28T04:34:13Z
KRW-ETH,2022-04-15T00:00:00,2022-04-15T09:00:00,3796000,3830000,3766000,3813000,22385.16635,3813000,upbit,2026-06-28T04:34:13Z
KRW-ETH,2022-04-16T00:00:00,2022-04-16T09:00:00,3813000,3861000,3781000,3827000,14300.73189,3827000,upbit,2026-06-28T04:34:13Z
KRW-ETH,2022-04-17T00:00:00,2022-04-17T09:00:00,3823000,3845000,3756000,3766000,16250.68557,3766000,upbit,2026-06-28T04:34:13Z
KRW-ETH,2022-04-18T00:00:00,2022-04-18T09:00:00,3766000,3838000,3635000,3808000,42857.78375,3808000,upbit,2026-06-28T04:34:13Z
KRW-ETH,2022-04-19T00:00:00,2022-04-19T09:00:00,3808000,3879000,3770000,3845000,34143.6639,3845000,upbit,2026-06-28T04:34:13Z
KRW-ETH,2022-04-20T00:00:00,2022-04-20T09:00:00,3846000,3919000,3792000,3823000,27374.73284,3823000,upbit,2026-06-28T04:34:13Z
KRW-ETH,2022-04-21T00:00:00,2022-04-21T09:00:00,3823000,3925000,3719000,3751000,34359.07121,3751000,upbit,2026-06-28T04:34:13Z
KRW-ETH,2022-04-22T00:00:00,2022-04-22T09:00:00,3751000,3776000,3695000,3720000,25711.28886,3720000,upbit,2026-06-28T04:34:13Z
KRW-ETH,2022-04-23T00:00:00,2022-04-23T09:00:00,3720000,3740000,3671000,3702000,13455.52258,3702000,upbit,2026-06-28T04:34:13Z
KRW-ETH,2022-04-24T00:00:00,2022-04-24T09:00:00,3702000,3724000,3670000,3677000,14905.4265,3677000,upbit,2026-06-28T04:34:13Z
KRW-ETH,2022-04-25T00:00:00,2022-04-25T09:00:00,3677000,3798000,3551000,3765000,42520.39062,3765000,upbit,2026-06-28T04:34:13Z
KRW-ETH,2022-04-26T00:00:00,2022-04-26T09:00:00,3766000,3799000,3553000,3596000,39317.76055,3596000,upbit,2026-06-28T04:34:13Z
KRW-ETH,2022-04-27T00:00:00,2022-04-27T09:00:00,3597000,3702000,3580000,3677000,24282.80747,3677000,upbit,2026-06-28T04:34:13Z
KRW-ETH,2022-04-28T00:00:00,2022-04-28T09:00:00,3677000,3786000,3646000,3737000,26791.87551,3737000,upbit,2026-06-28T04:34:13Z
KRW-ETH,2022-04-29T00:00:00,2022-04-29T09:00:00,3737000,3753000,3603000,3628000,26801.56705,3628000,upbit,2026-06-28T04:34:13Z
KRW-ETH,2022-04-30T00:00:00,2022-04-30T09:00:00,3630000,3656000,3564000,3570000,17625.43521,3570000,upbit,2026-06-28T04:34:13Z
KRW-ETH,2022-05-01T00:00:00,2022-05-01T09:00:00,3570000,3650000,3530000,3625000,23539.08409,3625000,upbit,2026-06-28T04:34:13Z
KRW-ETH,2022-05-02T00:00:00,2022-05-02T09:00:00,3625000,3690000,3575000,3668000,28558.40557,3668000,upbit,2026-06-28T04:34:13Z
KRW-ETH,2022-05-03T00:00:00,2022-05-03T09:00:00,3667000,3675000,3570000,3592000,22905.50655,3592000,upbit,2026-06-28T04:34:13Z
KRW-ETH,2022-05-04T00:00:00,2022-05-04T09:00:00,3595000,3783000,3585000,3751000,32342.58246,3751000,upbit,2026-06-28T04:34:13Z
KRW-ETH,2022-05-05T00:00:00,2022-05-05T09:00:00,3752000,3775000,3525000,3576000,44544.97317,3576000,upbit,2026-06-28T04:34:13Z
KRW-ETH,2022-05-06T00:00:00,2022-05-06T09:00:00,3576000,3589000,3445000,3516000,35364.11837,3516000,upbit,2026-06-28T04:34:13Z
KRW-ETH,2022-05-07T00:00:00,2022-05-07T09:00:00,3516000,3519000,3425000,3456000,15633.49455,3456000,upbit,2026-06-28T04:34:13Z
KRW-ETH,2022-05-08T00:00:00,2022-05-08T09:00:00,3456000,3463000,3285000,3311000,32698.30972,3311000,upbit,2026-06-28T04:34:13Z
KRW-ETH,2022-05-09T00:00:00,2022-05-09T09:00:00,3312000,3333000,3025000,3038000,92388.66206,3038000,upbit,2026-06-28T04:34:13Z
KRW-ETH,2022-05-10T00:00:00,2022-05-10T09:00:00,3038000,3225000,2968000,3095000,90011.24188,3095000,upbit,2026-06-28T04:34:13Z
KRW-ETH,2022-05-11T00:00:00,2022-05-11T09:00:00,3097000,3299000,2812000,2884000,197471.7171,2884000,upbit,2026-06-28T04:34:13Z
KRW-ETH,2022-05-12T00:00:00,2022-05-12T09:00:00,2884000,2984000,2450000,2648000,205240.6389,2648000,upbit,2026-06-28T04:34:13Z
KRW-ETH,2022-05-13T00:00:00,2022-05-13T09:00:00,2647000,2841000,2616000,2694000,120831.6452,2694000,upbit,2026-06-28T04:34:13Z
KRW-ETH,2022-05-14T00:00:00,2022-05-14T09:00:00,2694000,2780000,2609000,2733000,58405.11588,2733000,upbit,2026-06-28T04:34:13Z
KRW-ETH,2022-05-15T00:00:00,2022-05-15T09:00:00,2732000,2826000,2667000,2806000,41871.49679,2806000,upbit,2026-06-28T04:34:13Z
KRW-ETH,2022-05-16T00:00:00,2022-05-16T09:00:00,2806000,2809000,2622000,2660000,56260.19328,2660000,upbit,2026-06-28T04:34:13Z
KRW-ETH,2022-05-17T00:00:00,2022-05-17T09:00:00,2661000,2742000,2617000,2695000,50208.2397,2695000,upbit,2026-06-28T04:34:13Z
KRW-ETH,2022-05-18T00:00:00,2022-05-18T09:00:00,2696000,2715000,2465000,2472000,59690.49481,2472000,upbit,2026-06-28T04:34:13Z
KRW-ETH,2022-05-19T00:00:00,2022-05-19T09:00:00,2473000,2610000,2450000,2583000,53482.29409,2583000,upbit,2026-06-28T04:34:13Z
KRW-ETH,2022-05-20T00:00:00,2022-05-20T09:00:00,2582000,2649000,2491000,2538000,43075.36229,2538000,upbit,2026-06-28T04:34:13Z
KRW-ETH,2022-05-21T00:00:00,2022-05-21T09:00:00,2537000,2565000,2513000,2552000,19261.93398,2552000,upbit,2026-06-28T04:34:13Z
KRW-ETH,2022-05-22T00:00:00,2022-05-22T09:00:00,2552000,2640000,2543000,2627000,23558.47761,2627000,upbit,2026-06-28T04:34:13Z
KRW-ETH,2022-05-23T00:00:00,2022-05-23T09:00:00,2626000,2666000,2512000,2533000,40295.78705,2533000,upbit,2026-06-28T04:34:13Z
KRW-ETH,2022-05-24T00:00:00,2022-05-24T09:00:00,2533000,2553000,2450000,2525000,36764.88948,2525000,upbit,2026-06-28T04:34:13Z
KRW-ETH,2022-05-25T00:00:00,2022-05-25T09:00:00,2525000,2564000,2478000,2494000,33407.42273,2494000,upbit,2026-06-28T04:34:13Z
KRW-ETH,2022-05-26T00:00:00,2022-05-26T09:00:00,2495000,2513000,2252000,2314000,95110.33605,2314000,upbit,2026-06-28T04:34:13Z
KRW-ETH,2022-05-27T00:00:00,2022-05-27T09:00:00,2314000,2331000,2201000,2225000,79286.26466,2225000,upbit,2026-06-28T04:34:13Z
KRW-ETH,2022-05-28T00:00:00,2022-05-28T09:00:00,2224000,2305000,2215000,2286000,36021.51532,2286000,upbit,2026-06-28T04:34:13Z
KRW-ETH,2022-05-29T00:00:00,2022-05-29T09:00:00,2284000,2327000,2250000,2306000,24902.90143,2306000,upbit,2026-06-28T04:34:13Z
KRW-ETH,2022-05-30T00:00:00,2022-05-30T09:00:00,2305000,2519000,2290000,2494000,53397.95269,2494000,upbit,2026-06-28T04:34:13Z
KRW-ETH,2022-05-31T00:00:00,2022-05-31T09:00:00,2494000,2517000,2421000,2439000,49419.62945,2439000,upbit,2026-06-28T04:34:13Z
KRW-ETH,2022-06-01T00:00:00,2022-06-01T09:00:00,2439000,2476000,2255000,2312000,55116.37971,2312000,upbit,2026-06-28T04:34:13Z
KRW-ETH,2022-06-02T00:00:00,2022-06-02T09:00:00,2313000,2338000,2263000,2313000,41476.56731,2313000,upbit,2026-06-28T04:34:13Z
KRW-ETH,2022-06-03T00:00:00,2022-06-03T09:00:00,2314000,2319000,2220000,2262000,42175.5609,2262000,upbit,2026-06-28T04:34:13Z
KRW-ETH,2022-06-04T00:00:00,2022-06-04T09:00:00,2262000,2304000,2235000,2291000,17061.98617,2291000,upbit,2026-06-28T04:34:13Z
KRW-ETH,2022-06-05T00:00:00,2022-06-05T09:00:00,2290000,2319000,2255000,2296000,17244.84958,2296000,upbit,2026-06-28T04:34:13Z
KRW-ETH,2022-06-06T00:00:00,2022-06-06T09:00:00,2295000,2412000,2292000,2346000,40136.37012,2346000,upbit,2026-06-28T04:34:13Z
KRW-ETH,2022-06-07T00:00:00,2022-06-07T09:00:00,2346000,2366000,2213000,2296000,70598.49647,2296000,upbit,2026-06-28T04:34:13Z
KRW-ETH,2022-06-08T00:00:00,2022-06-08T09:00:00,2296000,2330000,2251000,2286000,34792.74294,2286000,upbit,2026-06-28T04:34:13Z
KRW-ETH,2022-06-09T00:00:00,2022-06-09T09:00:00,2286000,2321000,2265000,2273000,26390.64667,2273000,upbit,2026-06-28T04:34:13Z
KRW-ETH,2022-06-10T00:00:00,2022-06-10T09:00:00,2273000,2291000,2150000,2156000,52867.74297,2156000,upbit,2026-06-28T04:34:13Z
KRW-ETH,2022-06-11T00:00:00,2022-06-11T09:00:00,2156000,2178000,1956000,2001000,126370.2888,2001000,upbit,2026-06-28T04:34:13Z
KRW-ETH,2022-06-12T00:00:00,2022-06-12T09:00:00,2001000,2011000,1855000,1873500,106369.6677,1873500,upbit,2026-06-28T04:34:13Z
KRW-ETH,2022-06-13T00:00:00,2022-06-13T09:00:00,1873500,1895000,1524500,1577500,355457.2096,1577500,upbit,2026-06-28T04:34:13Z
KRW-ETH,2022-06-14T00:00:00,2022-06-14T09:00:00,1576000,1637500,1407000,1573500,296154.2238,1573500,upbit,2026-06-28T04:34:13Z
KRW-ETH,2022-06-15T00:00:00,2022-06-15T09:00:00,1573500,1620000,1350000,1601500,465129.3796,1601500,upbit,2026-06-28T04:34:13Z
KRW-ETH,2022-06-16T00:00:00,2022-06-16T09:00:00,1601500,1621000,1388500,1408000,225398.7018,1408000,upbit,2026-06-28T04:34:13Z
KRW-ETH,2022-06-17T00:00:00,2022-06-17T09:00:00,1408000,1462500,1378500,1432500,135065.082,1432500,upbit,2026-06-28T04:34:13Z
KRW-ETH,2022-06-18T00:00:00,2022-06-18T09:00:00,1432000,1445500,1201500,1313000,268059.0532,1313000,upbit,2026-06-28T04:34:13Z
KRW-ETH,2022-06-19T00:00:00,2022-06-19T09:00:00,1312500,1487500,1237500,1462000,275753.3536,1462000,upbit,2026-06-28T04:34:13Z
KRW-ETH,2022-06-20T00:00:00,2022-06-20T09:00:00,1462000,1516000,1373000,1460500,222374.5057,1460500,upbit,2026-06-28T04:34:13Z
KRW-ETH,2022-06-21T00:00:00,2022-06-21T09:00:00,1460500,1535500,1440000,1466500,167537.1609,1466500,upbit,2026-06-28T04:34:13Z
KRW-ETH,2022-06-22T00:00:00,2022-06-22T09:00:00,1466500,1468000,1374000,1378000,124033.7723,1378000,upbit,2026-06-28T04:34:13Z
KRW-ETH,2022-06-23T00:00:00,2022-06-23T09:00:00,1378000,1495000,1373500,1481500,92824.65778,1481500,upbit,2026-06-28T04:34:13Z
KRW-ETH,2022-06-24T00:00:00,2022-06-24T09:00:00,1481500,1613500,1468500,1591500,115083.3209,1591500,upbit,2026-06-28T04:34:13Z
KRW-ETH,2022-06-25T00:00:00,2022-06-25T09:00:00,1592000,1630000,1536500,1608500,77594.97887,1608500,upbit,2026-06-28T04:34:13Z
KRW-ETH,2022-06-26T00:00:00,2022-06-26T09:00:00,1608000,1660000,1560000,1564500,75761.60787,1564500,upbit,2026-06-28T04:34:13Z
KRW-ETH,2022-06-27T00:00:00,2022-06-27T09:00:00,1563500,1604000,1528000,1553000,73384.76766,1553000,upbit,2026-06-28T04:34:13Z
KRW-ETH,2022-06-28T00:00:00,2022-06-28T09:00:00,1553000,1600500,1490500,1498000,77320.59417,1498000,upbit,2026-06-28T04:34:13Z
KRW-ETH,2022-06-29T00:00:00,2022-06-29T09:00:00,1498000,1510000,1435500,1453000,75102.95523,1453000,upbit,2026-06-28T04:34:13Z
KRW-ETH,2022-06-30T00:00:00,2022-06-30T09:00:00,1453000,1462000,1331500,1400500,100591.4948,1400500,upbit,2026-06-28T04:34:13Z
KRW-ETH,2022-07-01T00:00:00,2022-07-01T09:00:00,1398500,1450000,1365000,1403500,101323.7922,1403500,upbit,2026-06-28T04:34:13Z
KRW-ETH,2022-07-02T00:00:00,2022-07-02T09:00:00,1405000,1424000,1364000,1409500,42066.22325,1409500,upbit,2026-06-28T04:34:13Z
KRW-ETH,2022-07-03T00:00:00,2022-07-03T09:00:00,1409500,1433500,1381500,1416000,37904.04947,1416000,upbit,2026-06-28T04:34:13Z
KRW-ETH,2022-07-04T00:00:00,2022-07-04T09:00:00,1416000,1514500,1380000,1500000,75465.56687,1500000,upbit,2026-06-28T04:34:13Z
KRW-ETH,2022-07-05T00:00:00,2022-07-05T09:00:00,1501000,1539500,1432000,1491500,91375.82057,1491500,upbit,2026-06-28T04:34:13Z
KRW-ETH,2022-07-06T00:00:00,2022-07-06T09:00:00,1491000,1576000,1468500,1553500,75022.1502,1553500,upbit,2026-06-28T04:34:13Z
KRW-ETH,2022-07-07T00:00:00,2022-07-07T09:00:00,1553500,1628000,1527000,1607500,69315.71204,1607500,upbit,2026-06-28T04:34:13Z
KRW-ETH,2022-07-08T00:00:00,2022-07-08T09:00:00,1607000,1651000,1567000,1590000,97530.60464,1590000,upbit,2026-06-28T04:34:13Z
KRW-ETH,2022-07-09T00:00:00,2022-07-09T09:00:00,1590000,1607000,1575000,1588000,33637.76307,1588000,upbit,2026-06-28T04:34:13Z
KRW-ETH,2022-07-10T00:00:00,2022-07-10T09:00:00,1587500,1592000,1516500,1530000,42677.09468,1530000,upbit,2026-06-28T04:34:13Z
KRW-ETH,2022-07-11T00:00:00,2022-07-11T09:00:00,1530000,1537000,1451000,1454500,56091.08838,1454500,upbit,2026-06-28T04:34:13Z
KRW-ETH,2022-07-12T00:00:00,2022-07-12T09:00:00,1454500,1456500,1378000,1381000,74666.41993,1381000,upbit,2026-06-28T04:34:13Z
KRW-ETH,2022-07-13T00:00:00,2022-07-13T09:00:00,1380500,1468000,1345500,1466500,120082.7037,1466500,upbit,2026-06-28T04:34:13Z
KRW-ETH,2022-07-14T00:00:00,2022-07-14T09:00:00,1466500,1596000,1423000,1571000,100722.6107,1571000,upbit,2026-06-28T04:34:13Z
KRW-ETH,2022-07-15T00:00:00,2022-07-15T09:00:00,1571000,1693000,1556500,1627000,98180.1447,1627000,upbit,2026-06-28T04:34:13Z
KRW-ETH,2022-07-16T00:00:00,2022-07-16T09:00:00,1625500,1857500,1577500,1780500,140751.0607,1780500,upbit,2026-06-28T04:34:13Z
KRW-ETH,2022-07-17T00:00:00,2022-07-17T09:00:00,1780500,1820000,1742000,1767500,117113.6074,1767500,upbit,2026-06-28T04:34:13Z
KRW-ETH,2022-07-18T00:00:00,2022-07-18T09:00:00,1767500,2092000,1764000,2072000,185860.4718,2072000,upbit,2026-06-28T04:34:13Z
KRW-ETH,2022-07-19T00:00:00,2022-07-19T09:00:00,2072000,2135000,1965000,2027000,184621.231,2027000,upbit,2026-06-28T04:34:13Z
KRW-ETH,2022-07-20T00:00:00,2022-07-20T09:00:00,2027000,2124000,1974000,1999000,156830.455,1999000,upbit,2026-06-28T04:34:13Z
KRW-ETH,2022-07-21T00:00:00,2022-07-21T09:00:00,2000000,2108000,1936000,2068000,118447.3937,2068000,upbit,2026-06-28T04:34:13Z
KRW-ETH,2022-07-22T00:00:00,2022-07-22T09:00:00,2067000,2166000,2012000,2033000,113668.1027,2033000,upbit,2026-06-28T04:34:13Z
KRW-ETH,2022-07-23T00:00:00,2022-07-23T09:00:00,2036000,2102000,1985000,2049000,75889.3278,2049000,upbit,2026-06-28T04:34:13Z
KRW-ETH,2022-07-24T00:00:00,2022-07-24T09:00:00,2049000,2184000,2046000,2109000,107719.823,2109000,upbit,2026-06-28T04:34:13Z
KRW-ETH,2022-07-25T00:00:00,2022-07-25T09:00:00,2111000,2127000,1926500,1932000,138488.8774,1932000,upbit,2026-06-28T04:34:13Z
KRW-ETH,2022-07-26T00:00:00,2022-07-26T09:00:00,1932000,1944000,1818500,1936500,128053.7629,1936500,upbit,2026-06-28T04:34:13Z
KRW-ETH,2022-07-27T00:00:00,2022-07-27T09:00:00,1937000,2159000,1902500,2153000,155223.3723,2153000,upbit,2026-06-28T04:34:13Z
KRW-ETH,2022-07-28T00:00:00,2022-07-28T09:00:00,2152000,2328000,2106000,2256000,174828.1435,2256000,upbit,2026-06-28T04:34:13Z
KRW-ETH,2022-07-29T00:00:00,2022-07-29T09:00:00,2256000,2325000,2189000,2275000,130199.3238,2275000,upbit,2026-06-28T04:34:13Z
KRW-ETH,2022-07-30T00:00:00,2022-07-30T09:00:00,2275000,2295000,2221000,2243000,70837.76991,2243000,upbit,2026-06-28T04:34:13Z
KRW-ETH,2022-07-31T00:00:00,2022-07-31T09:00:00,2243000,2299000,2205000,2215000,58264.26143,2215000,upbit,2026-06-28T04:34:13Z
KRW-ETH,2022-08-01T00:00:00,2022-08-01T09:00:00,2215000,2246000,2139000,2167000,60371.54762,2167000,upbit,2026-06-28T04:34:13Z
KRW-ETH,2022-08-02T00:00:00,2022-08-02T09:00:00,2166000,2223000,2082000,2183000,89154.46927,2183000,upbit,2026-06-28T04:34:13Z
KRW-ETH,2022-08-03T00:00:00,2022-08-03T09:00:00,2186000,2239000,2141000,2178000,62501.80645,2178000,upbit,2026-06-28T04:34:13Z
KRW-ETH,2022-08-04T00:00:00,2022-08-04T09:00:00,2179000,2215000,2125000,2151000,56928.0417,2151000,upbit,2026-06-28T04:34:13Z
KRW-ETH,2022-08-05T00:00:00,2022-08-05T09:00:00,2154000,2297000,2148000,2293000,82392.36236,2293000,upbit,2026-06-28T04:34:13Z
KRW-ETH,2022-08-06T00:00:00,2022-08-06T09:00:00,2293000,2314000,2241000,2247000,43800.97342,2247000,upbit,2026-06-28T04:34:13Z
KRW-ETH,2022-08-07T00:00:00,2022-08-07T09:00:00,2247000,2283000,2223000,2254000,33461.90984,2254000,upbit,2026-06-28T04:34:13Z
KRW-ETH,2022-08-08T00:00:00,2022-08-08T09:00:00,2254000,2390000,2249000,2348000,74919.47021,2348000,upbit,2026-06-28T04:34:13Z
KRW-ETH,2022-08-09T00:00:00,2022-08-09T09:00:00,2345000,2370000,2236000,2280000,79232.51818,2280000,upbit,2026-06-28T04:34:13Z
KRW-ETH,2022-08-10T00:00:00,2022-08-10T09:00:00,2281000,2485000,2232000,2445000,140841.9174,2445000,upbit,2026-06-28T04:34:13Z
KRW-ETH,2022-08-11T00:00:00,2022-08-11T09:00:00,2445000,2561000,2442000,2497000,123980.3036,2497000,upbit,2026-06-28T04:34:13Z
KRW-ETH,2022-08-12T00:00:00,2022-08-12T09:00:00,2495000,2604000,2472000,2597000,65164.83866,2597000,upbit,2026-06-28T04:34:13Z
KRW-ETH,2022-08-13T00:00:00,2022-08-13T09:00:00,2598000,2676000,2583000,2644000,71717.54285,2644000,upbit,2026-06-28T04:34:13Z
KRW-ETH,2022-08-14T00:00:00,2022-08-14T09:00:00,2644000,2694000,2554000,2594000,64628.39474,2594000,upbit,2026-06-28T04:34:13Z
KRW-ETH,2022-08-15T00:00:00,2022-08-15T09:00:00,2594000,2673000,2525000,2561000,81769.50668,2561000,upbit,2026-06-28T04:34:13Z
KRW-ETH,2022-08-16T00:00:00,2022-08-16T09:00:00,2561000,2573000,2501000,2524000,53258.02056,2524000,upbit,2026-06-28T04:34:13Z
KRW-ETH,2022-08-17T00:00:00,2022-08-17T09:00:00,2524000,2606000,2451000,2482000,81404.27555,2482000,upbit,2026-06-28T04:34:13Z
KRW-ETH,2022-08-18T00:00:00,2022-08-18T09:00:00,2482000,2543000,2469000,2529000,44019.75852,2529000,upbit,2026-06-28T04:34:13Z
KRW-ETH,2022-08-19T00:00:00,2022-08-19T09:00:00,2529000,2531000,2205000,2212000,154699.6081,2212000,upbit,2026-06-28T04:34:13Z
KRW-ETH,2022-08-20T00:00:00,2022-08-20T09:00:00,2210000,2287000,2110000,2191000,90251.2435,2191000,upbit,2026-06-28T04:34:13Z
KRW-ETH,2022-08-21T00:00:00,2022-08-21T09:00:00,2190000,2251000,2149000,2216000,63612.43452,2216000,upbit,2026-06-28T04:34:13Z
KRW-ETH,2022-08-22T00:00:00,2022-08-22T09:00:00,2216000,2224000,2112000,2221000,78025.55255,2221000,upbit,2026-06-28T04:34:13Z
KRW-ETH,2022-08-23T00:00:00,2022-08-23T09:00:00,2221000,2277000,2142000,2263000,75519.49568,2263000,upbit,2026-06-28T04:34:13Z
KRW-ETH,2022-08-24T00:00:00,2022-08-24T09:00:00,2262000,2300000,2202000,2255000,60758.06198,2255000,upbit,2026-06-28T04:34:13Z
KRW-ETH,2022-08-25T00:00:00,2022-08-25T09:00:00,2255000,2335000,2251000,2300000,48167.5407,2300000,upbit,2026-06-28T04:34:13Z
KRW-ETH,2022-08-26T00:00:00,2022-08-26T09:00:00,2302000,2315000,2060000,2086000,134844.9996,2086000,upbit,2026-06-28T04:34:13Z
KRW-ETH,2022-08-27T00:00:00,2022-08-27T09:00:00,2086000,2102000,2010000,2063000,65272.84086,2063000,upbit,2026-06-28T04:34:13Z
KRW-ETH,2022-08-28T00:00:00,2022-08-28T09:00:00,2063000,2090000,1975000,1979500,42888.04739,1979500,upbit,2026-06-28T04:34:13Z
KRW-ETH,2022-08-29T00:00:00,2022-08-29T09:00:00,1978000,2138000,1970500,2127000,74358.77669,2127000,upbit,2026-06-28T04:34:13Z
KRW-ETH,2022-08-30T00:00:00,2022-08-30T09:00:00,2126000,2203000,2047000,2103000,94895.85651,2103000,upbit,2026-06-28T04:34:13Z
KRW-ETH,2022-08-31T00:00:00,2022-08-31T09:00:00,2101000,2209000,2100000,2136000,89723.27581,2136000,upbit,2026-06-28T04:34:13Z
KRW-ETH,2022-09-01T00:00:00,2022-09-01T09:00:00,2136000,2193000,2098000,2175000,76365.25878,2175000,upbit,2026-06-28T04:34:13Z
KRW-ETH,2022-09-02T00:00:00,2022-09-02T09:00:00,2176000,2260000,2145000,2176000,97587.305,2176000,upbit,2026-06-28T04:34:13Z
KRW-ETH,2022-09-03T00:00:00,2022-09-03T09:00:00,2176000,2189000,2131000,2152000,37260.34287,2152000,upbit,2026-06-28T04:34:13Z
KRW-ETH,2022-09-04T00:00:00,2022-09-04T09:00:00,2153000,2184000,2135000,2173000,28386.65886,2173000,upbit,2026-06-28T04:34:13Z
KRW-ETH,2022-09-05T00:00:00,2022-09-05T09:00:00,2174000,2247000,2153000,2228000,61973.01937,2228000,upbit,2026-06-28T04:34:13Z
KRW-ETH,2022-09-06T00:00:00,2022-09-06T09:00:00,2226000,2321000,2178000,2183000,121839.9062,2183000,upbit,2026-06-28T04:34:13Z
KRW-ETH,2022-09-07T00:00:00,2022-09-07T09:00:00,2183000,2295000,2103000,2262000,91984.82917,2262000,upbit,2026-06-28T04:34:13Z
KRW-ETH,2022-09-08T00:00:00,2022-09-08T09:00:00,2262000,2300000,2225000,2270000,58246.54244,2270000,upbit,2026-06-28T04:34:13Z
KRW-ETH,2022-09-09T00:00:00,2022-09-09T09:00:00,2271000,2376000,2267000,2355000,68702.92218,2355000,upbit,2026-06-28T04:34:13Z
KRW-ETH,2022-09-10T00:00:00,2022-09-10T09:00:00,2353000,2430000,2335000,2416000,41928.3989,2416000,upbit,2026-06-28T04:34:13Z
KRW-ETH,2022-09-11T00:00:00,2022-09-11T09:00:00,2414000,2431000,2373000,2407000,38460.47104,2407000,upbit,2026-06-28T04:34:13Z
KRW-ETH,2022-09-12T00:00:00,2022-09-12T09:00:00,2407000,2427000,2320000,2346000,60911.50653,2346000,upbit,2026-06-28T04:34:13Z
KRW-ETH,2022-09-13T00:00:00,2022-09-13T09:00:00,2346000,2384000,2163000,2184000,107648.9831,2184000,upbit,2026-06-28T04:34:13Z
KRW-ETH,2022-09-14T00:00:00,2022-09-14T09:00:00,2183000,2303000,2160000,2291000,74307.196,2291000,upbit,2026-06-28T04:34:13Z
KRW-ETH,2022-09-15T00:00:00,2022-09-15T09:00:00,2290000,2342000,2110000,2128000,176152.2271,2128000,upbit,2026-06-28T04:34:13Z
KRW-ETH,2022-09-16T00:00:00,2022-09-16T09:00:00,2128000,2132000,2000000,2025000,76559.08373,2025000,upbit,2026-06-28T04:34:13Z
KRW-ETH,2022-09-17T00:00:00,2022-09-17T09:00:00,2025000,2069000,1993500,2058000,46838.07809,2058000,upbit,2026-06-28T04:34:13Z
KRW-ETH,2022-09-18T00:00:00,2022-09-18T09:00:00,2059000,2060000,1872000,1891500,75313.04333,1891500,upbit,2026-06-28T04:34:13Z
KRW-ETH,2022-09-19T00:00:00,2022-09-19T09:00:00,1891500,1965000,1827500,1940500,94088.49472,1940500,upbit,2026-06-28T04:34:13Z
KRW-ETH,2022-09-20T00:00:00,2022-09-20T09:00:00,1941000,1955000,1862000,1876000,46218.56557,1876000,upbit,2026-06-28T04:34:13Z
KRW-ETH,2022-09-21T00:00:00,2022-09-21T09:00:00,1877000,1977000,1758000,1792000,92873.63134,1792000,upbit,2026-06-28T04:34:13Z
KRW-ETH,2022-09-22T00:00:00,2022-09-22T09:00:00,1791000,1916500,1781500,1884500,77566.50326,1884500,upbit,2026-06-28T04:34:13Z
KRW-ETH,2022-09-23T00:00:00,2022-09-23T09:00:00,1885000,1936000,1817500,1899500,76845.60697,1899500,upbit,2026-06-28T04:34:13Z
KRW-ETH,2022-09-24T00:00:00,2022-09-24T09:00:00,1899000,1936500,1880000,1898500,35926.22205,1898500,upbit,2026-06-28T04:34:13Z
KRW-ETH,2022-09-25T00:00:00,2022-09-25T09:00:00,1899500,1917000,1835000,1864000,31052.69585,1864000,upbit,2026-06-28T04:34:13Z
KRW-ETH,2022-09-26T00:00:00,2022-09-26T09:00:00,1862000,1920000,1848000,1916000,47431.39277,1916000,upbit,2026-06-28T04:34:13Z
KRW-ETH,2022-09-27T00:00:00,2022-09-27T09:00:00,1916000,1995000,1880500,1914000,73822.00264,1914000,upbit,2026-06-28T04:34:13Z
KRW-ETH,2022-09-28T00:00:00,2022-09-28T09:00:00,1915500,1948000,1830000,1924000,64703.99806,1924000,upbit,2026-06-28T04:34:13Z
KRW-ETH,2022-09-29T00:00:00,2022-09-29T09:00:00,1923000,1948000,1864500,1910500,51168.69649,1910500,upbit,2026-06-28T04:34:13Z
KRW-ETH,2022-09-30T00:00:00,2022-09-30T09:00:00,1910000,1964000,1892500,1911000,43457.25421,1911000,upbit,2026-06-28T04:34:13Z
KRW-ETH,2022-10-01T00:00:00,2022-10-01T09:00:00,1909000,1920000,1884500,1896500,16267.92768,1896500,upbit,2026-06-28T04:34:13Z
KRW-ETH,2022-10-02T00:00:00,2022-10-02T09:00:00,1896500,1901500,1850000,1858500,20412.14704,1858500,upbit,2026-06-28T04:34:13Z
KRW-ETH,2022-10-03T00:00:00,2022-10-03T09:00:00,1858500,1917500,1842500,1906000,26808.03074,1906000,upbit,2026-06-28T04:34:13Z
KRW-ETH,2022-10-04T00:00:00,2022-10-04T09:00:00,1904500,1950000,1901500,1940000,33773.94139,1940000,upbit,2026-06-28T04:34:13Z
KRW-ETH,2022-10-05T00:00:00,2022-10-05T09:00:00,1941000,1944500,1890000,1926000,32019.57976,1926000,upbit,2026-06-28T04:34:13Z
KRW-ETH,2022-10-06T00:00:00,2022-10-06T09:00:00,1926000,1956500,1916000,1924500,34152.03551,1924500,upbit,2026-06-28T04:34:13Z
KRW-ETH,2022-10-07T00:00:00,2022-10-07T09:00:00,1922500,1937500,1881500,1895500,30949.93176,1895500,upbit,2026-06-28T04:34:13Z
KRW-ETH,2022-10-08T00:00:00,2022-10-08T09:00:00,1895000,1904000,1870000,1880000,13556.55781,1880000,upbit,2026-06-28T04:34:13Z
KRW-ETH,2022-10-09T00:00:00,2022-10-09T09:00:00,1879000,1895500,1870500,1886000,10945.68468,1886000,upbit,2026-06-28T04:34:13Z
KRW-ETH,2022-10-10T00:00:00,2022-10-10T09:00:00,1884000,1905000,1848000,1849500,21362.50137,1849500,upbit,2026-06-28T04:34:13Z
KRW-ETH,2022-10-11T00:00:00,2022-10-11T09:00:00,1848000,1860000,1821500,1837000,25606.38459,1837000,upbit,2026-06-28T04:34:13Z
KRW-ETH,2022-10-12T00:00:00,2022-10-12T09:00:00,1836500,1871500,1832500,1855500,16729.52029,1855500,upbit,2026-06-28T04:34:13Z
KRW-ETH,2022-10-13T00:00:00,2022-10-13T09:00:00,1854000,1871500,1730500,1848000,62168.07248,1848000,upbit,2026-06-28T04:34:13Z
KRW-ETH,2022-10-14T00:00:00,2022-10-14T09:00:00,1848000,1922000,1841500,1869000,37584.03473,1869000,upbit,2026-06-28T04:34:13Z
KRW-ETH,2022-10-15T00:00:00,2022-10-15T09:00:00,1868500,1874500,1828000,1841000,12730.529,1841000,upbit,2026-06-28T04:34:13Z
KRW-ETH,2022-10-16T00:00:00,2022-10-16T09:00:00,1841000,1891500,1841000,1875000,11775.96745,1875000,upbit,2026-06-28T04:34:13Z
KRW-ETH,2022-10-17T00:00:00,2022-10-17T09:00:00,1875000,1916000,1861000,1904500,22658.67867,1904500,upbit,2026-06-28T04:34:13Z
KRW-ETH,2022-10-18T00:00:00,2022-10-18T09:00:00,1904500,1920000,1856500,1884500,26722.47034,1884500,upbit,2026-06-28T04:34:13Z
KRW-ETH,2022-10-19T00:00:00,2022-10-19T09:00:00,1884500,1888000,1851000,1856500,19567.43082,1856500,upbit,2026-06-28T04:34:13Z
KRW-ETH,2022-10-20T00:00:00,2022-10-20T09:00:00,1857000,1883000,1840000,1852500,19019.04171,1852500,upbit,2026-06-28T04:34:13Z
KRW-ETH,2022-10-21T00:00:00,2022-10-21T09:00:00,1850500,1880000,1820500,1873000,21268.10721,1873000,upbit,2026-06-28T04:34:13Z
KRW-ETH,2022-10-22T00:00:00,2022-10-22T09:00:00,1872000,1896500,1865000,1887000,12044.13379,1887000,upbit,2026-06-28T04:34:13Z
KRW-ETH,2022-10-23T00:00:00,2022-10-23T09:00:00,1888500,1959500,1875000,1951500,22786.8753,1951500,upbit,2026-06-28T04:34:13Z
KRW-ETH,2022-10-24T00:00:00,2022-10-24T09:00:00,1950000,1963000,1910000,1931500,24414.14305,1931500,upbit,2026-06-28T04:34:13Z
KRW-ETH,2022-10-25T00:00:00,2022-10-25T09:00:00,1932000,2150000,1918000,2072000,63350.10662,2072000,upbit,2026-06-28T04:34:13Z
KRW-ETH,2022-10-26T00:00:00,2022-10-26T09:00:00,2072000,2234000,2067000,2193000,79074.2571,2193000,upbit,2026-06-28T04:34:13Z
KRW-ETH,2022-10-27T00:00:00,2022-10-27T09:00:00,2194000,2208000,2120000,2133000,53601.07121,2133000,upbit,2026-06-28T04:34:13Z
KRW-ETH,2022-10-28T00:00:00,2022-10-28T09:00:00,2133000,2211000,2103000,2186000,45917.62434,2186000,upbit,2026-06-28T04:34:13Z
KRW-ETH,2022-10-29T00:00:00,2022-10-29T09:00:00,2184000,2310000,2177000,2265000,59175.0404,2265000,upbit,2026-06-28T04:34:13Z
KRW-ETH,2022-10-30T00:00:00,2022-10-30T09:00:00,2263000,2300000,2218000,2231000,29756.86075,2231000,upbit,2026-06-28T04:34:13Z
KRW-ETH,2022-10-31T00:00:00,2022-10-31T09:00:00,2234000,2291000,2184000,2208000,38155.11993,2208000,upbit,2026-06-28T04:34:13Z
KRW-ETH,2022-11-01T00:00:00,2022-11-01T09:00:00,2207000,2250000,2200000,2218000,26295.82364,2218000,upbit,2026-06-28T04:34:13Z
KRW-ETH,2022-11-02T00:00:00,2022-11-02T09:00:00,2215000,2285000,2136000,2157000,55494.97504,2157000,upbit,2026-06-28T04:34:13Z
KRW-ETH,2022-11-03T00:00:00,2022-11-03T09:00:00,2157000,2207000,2156000,2176000,25689.20587,2176000,upbit,2026-06-28T04:34:13Z
KRW-ETH,2022-11-04T00:00:00,2022-11-04T09:00:00,2175000,2330000,2173000,2288000,58125.2879,2288000,upbit,2026-06-28T04:34:13Z
KRW-ETH,2022-11-05T00:00:00,2022-11-05T09:00:00,2286000,2319000,2267000,2276000,25680.01447,2276000,upbit,2026-06-28T04:34:13Z
KRW-ETH,2022-11-06T00:00:00,2022-11-06T09:00:00,2276000,2291000,2207000,2213000,19443.52881,2213000,upbit,2026-06-28T04:34:13Z
KRW-ETH,2022-11-07T00:00:00,2022-11-07T09:00:00,2210000,2250000,2182000,2209000,32548.57903,2209000,upbit,2026-06-28T04:34:13Z
KRW-ETH,2022-11-08T00:00:00,2022-11-08T09:00:00,2206000,2216000,1860000,1917000,162725.499,1917000,upbit,2026-06-28T04:34:13Z
KRW-ETH,2022-11-09T00:00:00,2022-11-09T09:00:00,1917000,1930000,1548500,1588500,258495.8941,1588500,upbit,2026-06-28T04:34:13Z
KRW-ETH,2022-11-10T00:00:00,2022-11-10T09:00:00,1589500,1874500,1573500,1830000,208222.1513,1830000,upbit,2026-06-28T04:34:13Z
KRW-ETH,2022-11-11T00:00:00,2022-11-11T09:00:00,1832000,1854000,1675000,1788500,130043.0207,1788500,upbit,2026-06-28T04:34:13Z
KRW-ETH,2022-11-12T00:00:00,2022-11-12T09:00:00,1788000,1794500,1714500,1748500,58148.92358,1748500,upbit,2026-06-28T04:34:13Z
KRW-ETH,2022-11-13T00:00:00,2022-11-13T09:00:00,1748500,1765000,1671500,1684000,64133.01666,1684000,upbit,2026-06-28T04:34:13Z
KRW-ETH,2022-11-14T00:00:00,2022-11-14T09:00:00,1684500,1763500,1583000,1695500,129820.8977,1695500,upbit,2026-06-28T04:34:13Z
KRW-ETH,2022-11-15T00:00:00,2022-11-15T09:00:00,1695500,1751000,1682000,1708500,59212.91693,1708500,upbit,2026-06-28T04:34:13Z
KRW-ETH,2022-11-16T00:00:00,2022-11-16T09:00:00,1707000,1725500,1640000,1678000,53914.82626,1678000,upbit,2026-06-28T04:34:13Z
KRW-ETH,2022-11-17T00:00:00,2022-11-17T09:00:00,1675500,1687500,1630000,1654500,38325.42284,1654500,upbit,2026-06-28T04:34:13Z
KRW-ETH,2022-11-18T00:00:00,2022-11-18T09:00:00,1654000,1690000,1653500,1674000,31570.66432,1674000,upbit,2026-06-28T04:34:13Z
KRW-ETH,2022-11-19T00:00:00,2022-11-19T09:00:00,1674000,1700000,1662500,1683500,19004.32067,1683500,upbit,2026-06-28T04:34:13Z
KRW-ETH,2022-11-20T00:00:00,2022-11-20T09:00:00,1683500,1691500,1586500,1600500,44970.21827,1600500,upbit,2026-06-28T04:34:13Z
KRW-ETH,2022-11-21T00:00:00,2022-11-21T09:00:00,1601500,1604500,1530500,1560000,58130.11223,1560000,upbit,2026-06-28T04:34:13Z
KRW-ETH,2022-11-22T00:00:00,2022-11-22T09:00:00,1560000,1593000,1516500,1586000,63393.44472,1586000,upbit,2026-06-28T04:34:13Z
KRW-ETH,2022-11-23T00:00:00,2022-11-23T09:00:00,1585500,1644500,1575000,1639000,49509.39395,1639000,upbit,2026-06-28T04:34:13Z
KRW-ETH,2022-11-24T00:00:00,2022-11-24T09:00:00,1639500,1673500,1625500,1648000,40350.71942,1648000,upbit,2026-06-28T04:34:13Z
KRW-ETH,2022-11-25T00:00:00,2022-11-25T09:00:00,1647500,1651500,1602000,1645000,27212.06336,1645000,upbit,2026-06-28T04:34:13Z
KRW-ETH,2022-11-26T00:00:00,2022-11-26T09:00:00,1645000,1689500,1643500,1659000,23198.99568,1659000,upbit,2026-06-28T04:34:13Z
KRW-ETH,2022-11-27T00:00:00,2022-11-27T09:00:00,1659000,1678500,1641000,1648000,15501.3152,1648000,upbit,2026-06-28T04:34:13Z
KRW-ETH,2022-11-28T00:00:00,2022-11-28T09:00:00,1645500,1651000,1600000,1609000,28742.9412,1609000,upbit,2026-06-28T04:34:13Z
KRW-ETH,2022-11-29T00:00:00,2022-11-29T09:00:00,1609500,1672000,1595000,1657000,33161.62513,1657000,upbit,2026-06-28T04:34:13Z
KRW-ETH,2022-11-30T00:00:00,2022-11-30T09:00:00,1657000,1766500,1655000,1752500,50982.60764,1752500,upbit,2026-06-28T04:34:13Z
KRW-ETH,2022-12-01T00:00:00,2022-12-01T09:00:00,1752500,1754500,1710000,1729000,29415.60568,1729000,upbit,2026-06-28T04:34:13Z
KRW-ETH,2022-12-02T00:00:00,2022-12-02T09:00:00,1729000,1742500,1701000,1735500,25238.85333,1735500,upbit,2026-06-28T04:34:13Z
KRW-ETH,2022-12-03T00:00:00,2022-12-03T09:00:00,1735500,1747000,1675000,1679000,18346.12178,1679000,upbit,2026-06-28T04:34:13Z
KRW-ETH,2022-12-04T00:00:00,2022-12-04T09:00:00,1679000,1722500,1677500,1713500,19206.29478,1713500,upbit,2026-06-28T04:34:13Z
KRW-ETH,2022-12-05T00:00:00,2022-12-05T09:00:00,1712500,1736000,1678000,1688000,27626.8906,1688000,upbit,2026-06-28T04:34:13Z
KRW-ETH,2022-12-06T00:00:00,2022-12-06T09:00:00,1688000,1702500,1668500,1699000,18723.21521,1699000,upbit,2026-06-28T04:34:13Z
KRW-ETH,2022-12-07T00:00:00,2022-12-07T09:00:00,1699000,1706000,1634500,1651000,26828.1828,1651000,upbit,2026-06-28T04:34:13Z
KRW-ETH,2022-12-08T00:00:00,2022-12-08T09:00:00,1651000,1720000,1640000,1703500,23448.70306,1703500,upbit,2026-06-28T04:34:13Z
KRW-ETH,2022-12-09T00:00:00,2022-12-09T09:00:00,1703500,1722500,1680000,1685000,23495.11937,1685000,upbit,2026-06-28T04:34:13Z
KRW-ETH,2022-12-10T00:00:00,2022-12-10T09:00:00,1685000,1707500,1681500,1687500,12815.65008,1687500,upbit,2026-06-28T04:34:13Z
KRW-ETH,2022-12-11T00:00:00,2022-12-11T09:00:00,1687500,1704000,1675500,1683500,9875.754559,1683500,upbit,2026-06-28T04:34:13Z
KRW-ETH,2022-12-12T00:00:00,2022-12-12T09:00:00,1682000,1696500,1652500,1694500,20297.26232,1694500,upbit,2026-06-28T04:34:13Z
KRW-ETH,2022-12-13T00:00:00,2022-12-13T09:00:00,1693000,1762500,1658000,1721500,57381.66818,1721500,upbit,2026-06-28T04:34:13Z
KRW-ETH,2022-12-14T00:00:00,2022-12-14T09:00:00,1721500,1761000,1706500,1707500,32061.15571,1707500,upbit,2026-06-28T04:34:13Z
KRW-ETH,2022-12-15T00:00:00,2022-12-15T09:00:00,1708000,1717000,1666500,1674000,26876.15692,1674000,upbit,2026-06-28T04:34:13Z
KRW-ETH,2022-12-16T00:00:00,2022-12-16T09:00:00,1674000,1682500,1547500,1563500,57734.68016,1563500,upbit,2026-06-28T04:34:13Z
KRW-ETH,2022-12-17T00:00:00,2022-12-17T09:00:00,1563000,1575500,1538500,1575000,26096.69785,1575000,upbit,2026-06-28T04:34:13Z
KRW-ETH,2022-12-18T00:00:00,2022-12-18T09:00:00,1574500,1584000,1557500,1571000,13864.5517,1571000,upbit,2026-06-28T04:34:13Z
KRW-ETH,2022-12-19T00:00:00,2022-12-19T09:00:00,1570500,1580000,1518500,1537000,22686.95714,1537000,upbit,2026-06-28T04:34:13Z
KRW-ETH,2022-12-20T00:00:00,2022-12-20T09:00:00,1537000,1603000,1531500,1586000,38125.49865,1586000,upbit,2026-06-28T04:34:13Z
KRW-ETH,2022-12-21T00:00:00,2022-12-21T09:00:00,1584000,1595000,1569500,1582500,21225.55904,1582500,upbit,2026-06-28T04:34:13Z
KRW-ETH,2022-12-22T00:00:00,2022-12-22T09:00:00,1582500,1609000,1546500,1583000,24386.49343,1583000,upbit,2026-06-28T04:34:13Z
KRW-ETH,2022-12-23T00:00:00,2022-12-23T09:00:00,1583000,1600000,1575500,1588500,19943.3458,1588500,upbit,2026-06-28T04:34:13Z
KRW-ETH,2022-12-24T00:00:00,2022-12-24T09:00:00,1588500,1599000,1584000,1590500,7103.473278,1590500,upbit,2026-06-28T04:34:13Z
KRW-ETH,2022-12-25T00:00:00,2022-12-25T09:00:00,1590500,1596500,1560000,1580500,11979.05613,1580500,upbit,2026-06-28T04:34:13Z
KRW-ETH,2022-12-26T00:00:00,2022-12-26T09:00:00,1580500,1582500,1557500,1573500,13217.72942,1573500,upbit,2026-06-28T04:34:13Z
KRW-ETH,2022-12-27T00:00:00,2022-12-27T09:00:00,1573000,1580000,1538500,1547000,14958.71069,1547000,upbit,2026-06-28T04:34:13Z
KRW-ETH,2022-12-28T00:00:00,2022-12-28T09:00:00,1547000,1549500,1506000,1514500,30225.15595,1514500,upbit,2026-06-28T04:34:13Z
KRW-ETH,2022-12-29T00:00:00,2022-12-29T09:00:00,1514500,1541000,1503000,1531500,20298.10904,1531500,upbit,2026-06-28T04:34:13Z
KRW-ETH,2022-12-30T00:00:00,2022-12-30T09:00:00,1530000,1532000,1500000,1524000,19483.61525,1524000,upbit,2026-06-28T04:34:13Z
KRW-ETH,2022-12-31T00:00:00,2022-12-31T09:00:00,1524000,1537000,1514000,1525000,10909.81178,1525000,upbit,2026-06-28T04:34:13Z
KRW-ETH,2023-01-01T00:00:00,2023-01-01T09:00:00,1524000,1535500,1519000,1528000,6939.249786,1528000,upbit,2026-06-28T04:34:13Z
KRW-ETH,2023-01-02T00:00:00,2023-01-02T09:00:00,1526500,1559500,1517500,1543500,15985.1574,1543500,upbit,2026-06-28T04:34:13Z
KRW-ETH,2023-01-03T00:00:00,2023-01-03T09:00:00,1542500,1561000,1541500,1554500,13129.52566,1554500,upbit,2026-06-28T04:34:13Z
KRW-ETH,2023-01-04T00:00:00,2023-01-04T09:00:00,1554500,1622500,1553500,1610000,24454.2604,1610000,upbit,2026-06-28T04:34:13Z
KRW-ETH,2023-01-05T00:00:00,2023-01-05T09:00:00,1610000,1614000,1589000,1602500,15009.41415,1602500,upbit,2026-06-28T04:34:13Z
KRW-ETH,2023-01-06T00:00:00,2023-01-06T09:00:00,1602500,1619500,1575500,1610000,17944.20536,1610000,upbit,2026-06-28T04:34:13Z
KRW-ETH,2023-01-07T00:00:00,2023-01-07T09:00:00,1609500,1615500,1603500,1609000,8188.42655,1609000,upbit,2026-06-28T04:34:13Z
KRW-ETH,2023-01-08T00:00:00,2023-01-08T09:00:00,1608000,1639500,1600000,1634500,9740.455444,1634500,upbit,2026-06-28T04:34:13Z
KRW-ETH,2023-01-09T00:00:00,2023-01-09T09:00:00,1633500,1688000,1627000,1663500,27871.12087,1663500,upbit,2026-06-28T04:34:13Z
KRW-ETH,2023-01-10T00:00:00,2023-01-10T09:00:00,1661000,1693000,1654500,1680500,19557.02169,1680500,upbit,2026-06-28T04:34:13Z
KRW-ETH,2023-01-11T00:00:00,2023-01-11T09:00:00,1680500,1745000,1668000,1739500,20554.06036,1739500,upbit,2026-06-28T04:34:13Z
KRW-ETH,2023-01-12T00:00:00,2023-01-12T09:00:00,1738000,1800000,1718500,1770500,47485.94534,1770500,upbit,2026-06-28T04:34:13Z
KRW-ETH,2023-01-13T00:00:00,2023-01-13T09:00:00,1770000,1824000,1753000,1807000,34629.79181,1807000,upbit,2026-06-28T04:34:13Z
KRW-ETH,2023-01-14T00:00:00,2023-01-14T09:00:00,1807000,1947500,1803500,1912000,90423.82535,1912000,upbit,2026-06-28T04:34:13Z
KRW-ETH,2023-01-15T00:00:00,2023-01-15T09:00:00,1912000,1936000,1876000,1921000,24401.15548,1921000,upbit,2026-06-28T04:34:13Z
KRW-ETH,2023-01-16T00:00:00,2023-01-16T09:00:00,1922000,1988000,1895000,1961000,31947.0559,1961000,upbit,2026-06-28T04:34:13Z
KRW-ETH,2023-01-17T00:00:00,2023-01-17T09:00:00,1959500,1988000,1918500,1945000,25945.82346,1945000,upbit,2026-06-28T04:34:13Z
KRW-ETH,2023-01-18T00:00:00,2023-01-18T09:00:00,1945000,1995000,1875000,1881000,48284.07795,1881000,upbit,2026-06-28T04:34:13Z
KRW-ETH,2023-01-19T00:00:00,2023-01-19T09:00:00,1880500,1943500,1876000,1931500,20150.04124,1931500,upbit,2026-06-28T04:34:13Z
KRW-ETH,2023-01-20T00:00:00,2023-01-20T09:00:00,1929000,2060000,1926000,2050000,30816.94717,2050000,upbit,2026-06-28T04:34:13Z
KRW-ETH,2023-01-21T00:00:00,2023-01-21T09:00:00,2049000,2091000,2020000,2025000,37878.83663,2025000,upbit,2026-06-28T04:34:13Z
KRW-ETH,2023-01-22T00:00:00,2023-01-22T09:00:00,2025000,2065000,2011000,2036000,20565.76734,2036000,upbit,2026-06-28T04:34:13Z
KRW-ETH,2023-01-23T00:00:00,2023-01-23T09:00:00,2033000,2055000,1995000,2032000,22976.03736,2032000,upbit,2026-06-28T04:34:13Z
KRW-ETH,2023-01-24T00:00:00,2023-01-24T09:00:00,2032000,2053000,1926000,1951500,30171.07216,1951500,upbit,2026-06-28T04:34:13Z
KRW-ETH,2023-01-25T00:00:00,2023-01-25T09:00:00,1950500,2036000,1904000,2008000,38782.30756,2008000,upbit,2026-06-28T04:34:13Z
KRW-ETH,2023-01-26T00:00:00,2023-01-26T09:00:00,2008000,2034000,1990000,2014000,23814.51889,2014000,upbit,2026-06-28T04:34:13Z
KRW-ETH,2023-01-27T00:00:00,2023-01-27T09:00:00,2014000,2025000,1960500,2005000,24645.68521,2005000,upbit,2026-06-28T04:34:13Z
KRW-ETH,2023-01-28T00:00:00,2023-01-28T09:00:00,2006000,2016000,1970000,1987000,15830.04379,1987000,upbit,2026-06-28T04:34:13Z
KRW-ETH,2023-01-29T00:00:00,2023-01-29T09:00:00,1987000,2073000,1980500,2055000,28137.01156,2055000,upbit,2026-06-28T04:34:13Z
KRW-ETH,2023-01-30T00:00:00,2023-01-30T09:00:00,2054000,2060000,1938000,1969500,34622.60834,1969500,upbit,2026-06-28T04:34:13Z
KRW-ETH,2023-01-31T00:00:00,2023-01-31T09:00:00,1969500,2011000,1952000,1992500,21724.12666,1992500,upbit,2026-06-28T04:34:13Z
KRW-ETH,2023-02-01T00:00:00,2023-02-01T09:00:00,1992500,2060000,1957500,2048000,32184.49044,2048000,upbit,2026-06-28T04:34:13Z
KRW-ETH,2023-02-02T00:00:00,2023-02-02T09:00:00,2046000,2138000,2046000,2072000,39206.03462,2072000,upbit,2026-06-28T04:34:13Z
KRW-ETH,2023-02-03T00:00:00,2023-02-03T09:00:00,2068000,2101000,2047000,2091000,28141.3039,2091000,upbit,2026-06-28T04:34:13Z
KRW-ETH,2023-02-04T00:00:00,2023-02-04T09:00:00,2089000,2130000,2080000,2098000,17423.07543,2098000,upbit,2026-06-28T04:34:13Z
KRW-ETH,2023-02-05T00:00:00,2023-02-05T09:00:00,2098000,2110000,2040000,2058000,22748.59299,2058000,upbit,2026-06-28T04:34:13Z
KRW-ETH,2023-02-06T00:00:00,2023-02-06T09:00:00,2058000,2106000,2035000,2070000,23958.11129,2070000,upbit,2026-06-28T04:34:13Z
KRW-ETH,2023-02-07T00:00:00,2023-02-07T09:00:00,2070000,2121000,2067000,2116000,26775.0727,2116000,upbit,2026-06-28T04:34:13Z
KRW-ETH,2023-02-08T00:00:00,2023-02-08T09:00:00,2116000,2141000,2083000,2105000,24319.28089,2105000,upbit,2026-06-28T04:34:13Z
KRW-ETH,2023-02-09T00:00:00,2023-02-09T09:00:00,2105000,2113000,1987000,1997500,38116.91827,1997500,upbit,2026-06-28T04:34:13Z
KRW-ETH,2023-02-10T00:00:00,2023-02-10T09:00:00,1997500,2007000,1942500,1968500,30826.68229,1968500,upbit,2026-06-28T04:34:13Z
KRW-ETH,2023-02-11T00:00:00,2023-02-11T09:00:00,1969000,1998500,1962000,1996500,11283.77242,1996500,upbit,2026-06-28T04:34:13Z
KRW-ETH,2023-02-12T00:00:00,2023-02-12T09:00:00,1996500,1999000,1947000,1965500,12255.51122,1965500,upbit,2026-06-28T04:34:13Z
KRW-ETH,2023-02-13T00:00:00,2023-02-13T09:00:00,1965500,1977000,1908000,1957500,24013.81482,1957500,upbit,2026-06-28T04:34:13Z
KRW-ETH,2023-02-14T00:00:00,2023-02-14T09:00:00,1958500,2022000,1926500,2016000,30715.37434,2016000,upbit,2026-06-28T04:34:13Z
KRW-ETH,2023-02-15T00:00:00,2023-02-15T09:00:00,2015000,2161000,2002000,2148000,40171.95515,2148000,upbit,2026-06-28T04:34:13Z
KRW-ETH,2023-02-16T00:00:00,2023-02-16T09:00:00,2148000,2238000,2109000,2119000,46336.61981,2119000,upbit,2026-06-28T04:34:13Z
KRW-ETH,2023-02-17T00:00:00,2023-02-17T09:00:00,2119000,2211000,2110000,2182000,28593.91282,2182000,upbit,2026-06-28T04:34:13Z
KRW-ETH,2023-02-18T00:00:00,2023-02-18T09:00:00,2182000,2203000,2171000,2183000,12752.74177,2183000,upbit,2026-06-28T04:34:13Z
KRW-ETH,2023-02-19T00:00:00,2023-02-19T09:00:00,2183000,2215000,2165000,2176000,17396.48168,2176000,upbit,2026-06-28T04:34:13Z
KRW-ETH,2023-02-20T00:00:00,2023-02-20T09:00:00,2173000,2211000,2144000,2187000,23634.93366,2187000,upbit,2026-06-28T04:34:13Z
KRW-ETH,2023-02-21T00:00:00,2023-02-21T09:00:00,2185000,2213000,2134000,2153000,25780.53727,2153000,upbit,2026-06-28T04:34:13Z
KRW-ETH,2023-02-22T00:00:00,2023-02-22T09:00:00,2153000,2166000,2095000,2151000,21781.47976,2151000,upbit,2026-06-28T04:34:13Z
KRW-ETH,2023-02-23T00:00:00,2023-02-23T09:00:00,2151000,2182000,2132000,2164000,19451.10183,2164000,upbit,2026-06-28T04:34:13Z
KRW-ETH,2023-02-24T00:00:00,2023-02-24T09:00:00,2161000,2173000,2101000,2142000,20676.03051,2142000,upbit,2026-06-28T04:34:13Z
KRW-ETH,2023-02-25T00:00:00,2023-02-25T09:00:00,2138000,2142000,2090000,2132000,10833.04554,2132000,upbit,2026-06-28T04:34:13Z
KRW-ETH,2023-02-26T00:00:00,2023-02-26T09:00:00,2132000,2184000,2113000,2178000,12162.9254,2178000,upbit,2026-06-28T04:34:13Z
KRW-ETH,2023-02-27T00:00:00,2023-02-27T09:00:00,2178000,2210000,2150000,2174000,20636.19826,2174000,upbit,2026-06-28T04:34:13Z
KRW-ETH,2023-02-28T00:00:00,2023-02-28T09:00:00,2175000,2188000,2145000,2150000,15149.45803,2150000,upbit,2026-06-28T04:34:13Z
KRW-ETH,2023-03-01T00:00:00,2023-03-01T09:00:00,2153000,2200000,2135000,2194000,17948.88144,2194000,upbit,2026-06-28T04:34:13Z
KRW-ETH,2023-03-02T00:00:00,2023-03-02T09:00:00,2194000,2205000,2151000,2183000,17265.46066,2183000,upbit,2026-06-28T04:34:13Z
KRW-ETH,2023-03-03T00:00:00,2023-03-03T09:00:00,2182000,2187000,2061000,2084000,31622.52544,2084000,upbit,2026-06-28T04:34:13Z
KRW-ETH,2023-03-04T00:00:00,2023-03-04T09:00:00,2085000,2104000,2082000,2092000,9649.959608,2092000,upbit,2026-06-28T04:34:13Z
KRW-ETH,2023-03-05T00:00:00,2023-03-05T09:00:00,2091000,2110000,2072000,2092000,10317.26138,2092000,upbit,2026-06-28T04:34:13Z
KRW-ETH,2023-03-06T00:00:00,2023-03-06T09:00:00,2092000,2105000,2066000,2080000,10036.33871,2080000,upbit,2026-06-28T04:34:13Z
KRW-ETH,2023-03-07T00:00:00,2023-03-07T09:00:00,2080000,2106000,2049000,2077000,17959.01626,2077000,upbit,2026-06-28T04:34:13Z
KRW-ETH,2023-03-08T00:00:00,2023-03-08T09:00:00,2077000,2089000,2045000,2050000,14602.4736,2050000,upbit,2026-06-28T04:34:13Z
KRW-ETH,2023-03-09T00:00:00,2023-03-09T09:00:00,2052000,2069000,1930000,1948000,26425.69235,1948000,upbit,2026-06-28T04:34:13Z
KRW-ETH,2023-03-10T00:00:00,2023-03-10T09:00:00,1948500,1949000,1870000,1936000,36619.65256,1936000,upbit,2026-06-28T04:34:13Z
KRW-ETH,2023-03-11T00:00:00,2023-03-11T09:00:00,1937000,1999500,1914500,1993500,33283.8909,1993500,upbit,2026-06-28T04:34:13Z
KRW-ETH,2023-03-12T00:00:00,2023-03-12T09:00:00,1992000,2109000,1947500,2098000,31187.49326,2098000,upbit,2026-06-28T04:34:13Z
KRW-ETH,2023-03-13T00:00:00,2023-03-13T09:00:00,2096000,2218000,2070000,2200000,56367.309,2200000,upbit,2026-06-28T04:34:13Z
KRW-ETH,2023-03-14T00:00:00,2023-03-14T09:00:00,2200000,2319000,2169000,2235000,65616.34345,2235000,upbit,2026-06-28T04:34:13Z
KRW-ETH,2023-03-15T00:00:00,2023-03-15T09:00:00,2236000,2264000,2165000,2209000,36147.49913,2209000,upbit,2026-06-28T04:34:13Z
KRW-ETH,2023-03-16T00:00:00,2023-03-16T09:00:00,2209000,2250000,2185000,2230000,17760.2736,2230000,upbit,2026-06-28T04:34:13Z
KRW-ETH,2023-03-17T00:00:00,2023-03-17T09:00:00,2229000,2374000,2222000,2361000,44140.6559,2361000,upbit,2026-06-28T04:34:13Z
KRW-ETH,2023-03-18T00:00:00,2023-03-18T09:00:00,2361000,2427000,2333000,2338000,34753.80351,2338000,upbit,2026-06-28T04:34:13Z
KRW-ETH,2023-03-19T00:00:00,2023-03-19T09:00:00,2336000,2429000,2335000,2371000,20426.02416,2371000,upbit,2026-06-28T04:34:13Z
KRW-ETH,2023-03-20T00:00:00,2023-03-20T09:00:00,2371000,2393000,2317000,2328000,25048.21223,2328000,upbit,2026-06-28T04:34:13Z
KRW-ETH,2023-03-21T00:00:00,2023-03-21T09:00:00,2328000,2436000,2295000,2385000,34771.89706,2385000,upbit,2026-06-28T04:34:13Z
KRW-ETH,2023-03-22T00:00:00,2023-03-22T09:00:00,2385000,2414000,2281000,2312000,32597.51391,2312000,upbit,2026-06-28T04:34:13Z
KRW-ETH,2023-03-23T00:00:00,2023-03-23T09:00:00,2312000,2427000,2280000,2390000,31298.49369,2390000,upbit,2026-06-28T04:34:13Z
KRW-ETH,2023-03-24T00:00:00,2023-03-24T09:00:00,2392000,2403000,2322000,2344000,28578.75912,2344000,upbit,2026-06-28T04:34:13Z
KRW-ETH,2023-03-25T00:00:00,2023-03-25T09:00:00,2344000,2351000,2305000,2328000,10121.5256,2328000,upbit,2026-06-28T04:34:13Z
KRW-ETH,2023-03-26T00:00:00,2023-03-26T09:00:00,2332000,2388000,2323000,2354000,11780.23911,2354000,upbit,2026-06-28T04:34:13Z
KRW-ETH,2023-03-27T00:00:00,2023-03-27T09:00:00,2356000,2374000,2256000,2287000,21506.0294,2287000,upbit,2026-06-28T04:34:13Z
KRW-ETH,2023-03-28T00:00:00,2023-03-28T09:00:00,2284000,2363000,2260000,2340000,20430.38688,2340000,upbit,2026-06-28T04:34:13Z
KRW-ETH,2023-03-29T00:00:00,2023-03-29T09:00:00,2340000,2408000,2340000,2369000,28879.99681,2369000,upbit,2026-06-28T04:34:13Z
KRW-ETH,2023-03-30T00:00:00,2023-03-30T09:00:00,2367000,2406000,2345000,2377000,24965.03109,2377000,upbit,2026-06-28T04:34:13Z
KRW-ETH,2023-03-31T00:00:00,2023-03-31T09:00:00,2377000,2436000,2361000,2402000,26968.7381,2402000,upbit,2026-06-28T04:34:13Z
KRW-ETH,2023-04-01T00:00:00,2023-04-01T09:00:00,2402000,2426000,2398000,2406000,10847.76909,2406000,upbit,2026-06-28T04:34:13Z
KRW-ETH,2023-04-02T00:00:00,2023-04-02T09:00:00,2406000,2409000,2355000,2375000,12746.09523,2375000,upbit,2026-06-28T04:34:13Z
KRW-ETH,2023-04-03T00:00:00,2023-04-03T09:00:00,2378000,2424000,2352000,2395000,19475.72391,2395000,upbit,2026-06-28T04:34:13Z
KRW-ETH,2023-04-04T00:00:00,2023-04-04T09:00:00,2395000,2494000,2389000,2471000,28876.66059,2471000,upbit,2026-06-28T04:34:13Z
KRW-ETH,2023-04-05T00:00:00,2023-04-05T09:00:00,2471000,2550000,2461000,2516000,30301.79914,2516000,upbit,2026-06-28T04:34:13Z
KRW-ETH,2023-04-06T00:00:00,2023-04-06T09:00:00,2516000,2521000,2458000,2475000,20632.75137,2475000,upbit,2026-06-28T04:34:13Z
KRW-ETH,2023-04-07T00:00:00,2023-04-07T09:00:00,2477000,2494000,2446000,2471000,12034.72254,2471000,upbit,2026-06-28T04:34:13Z
KRW-ETH,2023-04-08T00:00:00,2023-04-08T09:00:00,2471000,2484000,2452000,2454000,7057.81693,2454000,upbit,2026-06-28T04:34:13Z
KRW-ETH,2023-04-09T00:00:00,2023-04-09T09:00:00,2454000,2472000,2421000,2450000,12129.28557,2450000,upbit,2026-06-28T04:34:13Z
KRW-ETH,2023-04-10T00:00:00,2023-04-10T09:00:00,2450000,2520000,2441000,2511000,17427.94384,2511000,upbit,2026-06-28T04:34:13Z
KRW-ETH,2023-04-11T00:00:00,2023-04-11T09:00:00,2509000,2545000,2495000,2505000,24009.28116,2505000,upbit,2026-06-28T04:34:13Z
KRW-ETH,2023-04-12T00:00:00,2023-04-12T09:00:00,2506000,2560000,2460000,2537000,31521.72874,2537000,upbit,2026-06-28T04:34:13Z
KRW-ETH,2023-04-13T00:00:00,2023-04-13T09:00:00,2537000,2656000,2516000,2641000,35824.11464,2641000,upbit,2026-06-28T04:34:13Z
KRW-ETH,2023-04-14T00:00:00,2023-04-14T09:00:00,2642000,2780000,2638000,2745000,45288.73775,2745000,upbit,2026-06-28T04:34:13Z
KRW-ETH,2023-04-15T00:00:00,2023-04-15T09:00:00,2745000,2773000,2720000,2750000,12806.38763,2750000,upbit,2026-06-28T04:34:13Z
KRW-ETH,2023-04-16T00:00:00,2023-04-16T09:00:00,2750000,2795000,2732000,2765000,12624.67069,2765000,upbit,2026-06-28T04:34:13Z
KRW-ETH,2023-04-17T00:00:00,2023-04-17T09:00:00,2765000,2769000,2706000,2727000,18527.94558,2727000,upbit,2026-06-28T04:34:13Z
KRW-ETH,2023-04-18T00:00:00,2023-04-18T09:00:00,2727000,2778000,2696000,2744000,17399.51991,2744000,upbit,2026-06-28T04:34:13Z
KRW-ETH,2023-04-19T00:00:00,2023-04-19T09:00:00,2744000,2749000,2560000,2576000,33266.47617,2576000,upbit,2026-06-28T04:34:13Z
KRW-ETH,2023-04-20T00:00:00,2023-04-20T09:00:00,2574000,2627000,2553000,2588000,26018.33757,2588000,upbit,2026-06-28T04:34:13Z
KRW-ETH,2023-04-21T00:00:00,2023-04-21T09:00:00,2588000,2601000,2440000,2464000,28112.65765,2464000,upbit,2026-06-28T04:34:13Z
KRW-ETH,2023-04-22T00:00:00,2023-04-22T09:00:00,2464000,2521000,2450000,2509000,14383.17252,2509000,upbit,2026-06-28T04:34:13Z
KRW-ETH,2023-04-23T00:00:00,2023-04-23T09:00:00,2508000,2510000,2469000,2487000,8445.293575,2487000,upbit,2026-06-28T04:34:13Z
KRW-ETH,2023-04-24T00:00:00,2023-04-24T09:00:00,2487000,2515000,2425000,2460000,15285.39475,2460000,upbit,2026-06-28T04:34:13Z
KRW-ETH,2023-04-25T00:00:00,2023-04-25T09:00:00,2460000,2517000,2416000,2499000,15944.0759,2499000,upbit,2026-06-28T04:34:13Z
KRW-ETH,2023-04-26T00:00:00,2023-04-26T09:00:00,2498000,2610000,2406000,2498000,36057.59568,2498000,upbit,2026-06-28T04:34:13Z
KRW-ETH,2023-04-27T00:00:00,2023-04-27T09:00:00,2494000,2588000,2491000,2544000,20899.40978,2544000,upbit,2026-06-28T04:34:13Z
KRW-ETH,2023-04-28T00:00:00,2023-04-28T09:00:00,2544000,2563000,2511000,2523000,11671.39568,2523000,upbit,2026-06-28T04:34:13Z
KRW-ETH,2023-04-29T00:00:00,2023-04-29T09:00:00,2524000,2554000,2515000,2541000,6967.724243,2541000,upbit,2026-06-28T04:34:13Z
KRW-ETH,2023-04-30T00:00:00,2023-04-30T09:00:00,2541000,2580000,2505000,2506000,11586.19455,2506000,upbit,2026-06-28T04:34:13Z
KRW-ETH,2023-05-01T00:00:00,2023-05-01T09:00:00,2506000,2529000,2437000,2461000,15709.55279,2461000,upbit,2026-06-28T04:34:13Z
KRW-ETH,2023-05-02T00:00:00,2023-05-02T09:00:00,2462000,2522000,2443000,2504000,11158.90119,2504000,upbit,2026-06-28T04:34:13Z
KRW-ETH,2023-05-03T00:00:00,2023-05-03T09:00:00,2502000,2561000,2475000,2542000,14557.35902,2542000,upbit,2026-06-28T04:34:13Z
KRW-ETH,2023-05-04T00:00:00,2023-05-04T09:00:00,2540000,2556000,2503000,2509000,11725.09751,2509000,upbit,2026-06-28T04:34:13Z
KRW-ETH,2023-05-05T00:00:00,2023-05-05T09:00:00,2509000,2655000,2507000,2639000,25859.92551,2639000,upbit,2026-06-28T04:34:13Z
KRW-ETH,2023-05-06T00:00:00,2023-05-06T09:00:00,2638000,2674000,2501000,2540000,27430.42629,2540000,upbit,2026-06-28T04:34:13Z
KRW-ETH,2023-05-07T00:00:00,2023-05-07T09:00:00,2541000,2576000,2509000,2510000,14244.18122,2510000,upbit,2026-06-28T04:34:13Z
KRW-ETH,2023-05-08T00:00:00,2023-05-08T09:00:00,2510000,2527000,2455000,2486000,22088.99092,2486000,upbit,2026-06-28T04:34:13Z
KRW-ETH,2023-05-09T00:00:00,2023-05-09T09:00:00,2486000,2504000,2457000,2483000,13839.66285,2483000,upbit,2026-06-28T04:34:13Z
KRW-ETH,2023-05-10T00:00:00,2023-05-10T09:00:00,2483000,2531000,2439000,2469000,19391.12776,2469000,upbit,2026-06-28T04:34:13Z
KRW-ETH,2023-05-11T00:00:00,2023-05-11T09:00:00,2469000,2477000,2410000,2421000,13047.85647,2421000,upbit,2026-06-28T04:34:13Z
KRW-ETH,2023-05-12T00:00:00,2023-05-12T09:00:00,2421000,2465000,2350000,2452000,17564.99948,2452000,upbit,2026-06-28T04:34:13Z
KRW-ETH,2023-05-13T00:00:00,2023-05-13T09:00:00,2450000,2465000,2426000,2441000,7265.304635,2441000,upbit,2026-06-28T04:34:13Z
KRW-ETH,2023-05-14T00:00:00,2023-05-14T09:00:00,2441000,2465000,2434000,2436000,7164.851027,2436000,upbit,2026-06-28T04:34:13Z
KRW-ETH,2023-05-15T00:00:00,2023-05-15T09:00:00,2435000,2487000,2418000,2448000,12176.26026,2448000,upbit,2026-06-28T04:34:13Z
KRW-ETH,2023-05-16T00:00:00,2023-05-16T09:00:00,2448000,2473000,2430000,2455000,8888.331919,2455000,upbit,2026-06-28T04:34:13Z
KRW-ETH,2023-05-17T00:00:00,2023-05-17T09:00:00,2455000,2472000,2416000,2442000,11156.72232,2442000,upbit,2026-06-28T04:34:13Z
KRW-ETH,2023-05-18T00:00:00,2023-05-18T09:00:00,2442000,2460000,2405000,2432000,8501.05576,2432000,upbit,2026-06-28T04:34:13Z
KRW-ETH,2023-05-19T00:00:00,2023-05-19T09:00:00,2433000,2455000,2418000,2435000,6455.638542,2435000,upbit,2026-06-28T04:34:13Z
KRW-ETH,2023-05-20T00:00:00,2023-05-20T09:00:00,2435000,2458000,2433000,2444000,3593.67667,2444000,upbit,2026-06-28T04:34:13Z
KRW-ETH,2023-05-21T00:00:00,2023-05-21T09:00:00,2444000,2455000,2428000,2430000,4559.65228,2430000,upbit,2026-06-28T04:34:13Z
KRW-ETH,2023-05-22T00:00:00,2023-05-22T09:00:00,2432000,2446000,2410000,2431000,8934.958739,2431000,upbit,2026-06-28T04:34:13Z
KRW-ETH,2023-05-23T00:00:00,2023-05-23T09:00:00,2431000,2490000,2425000,2478000,11718.46251,2478000,upbit,2026-06-28T04:34:13Z
KRW-ETH,2023-05-24T00:00:00,2023-05-24T09:00:00,2477000,2481000,2395000,2420000,13895.14674,2420000,upbit,2026-06-28T04:34:13Z
KRW-ETH,2023-05-25T00:00:00,2023-05-25T09:00:00,2420000,2439000,2380000,2424000,10107.51919,2424000,upbit,2026-06-28T04:34:13Z
KRW-ETH,2023-05-26T00:00:00,2023-05-26T09:00:00,2423000,2464000,2411000,2448000,8267.901119,2448000,upbit,2026-06-28T04:34:13Z
KRW-ETH,2023-05-27T00:00:00,2023-05-27T09:00:00,2445000,2458000,2432000,2444000,5144.132574,2444000,upbit,2026-06-28T04:34:13Z
KRW-ETH,2023-05-28T00:00:00,2023-05-28T09:00:00,2445000,2550000,2439000,2542000,14274.73088,2542000,upbit,2026-06-28T04:34:13Z
KRW-ETH,2023-05-29T00:00:00,2023-05-29T09:00:00,2540000,2566000,2508000,2523000,11183.74735,2523000,upbit,2026-06-28T04:34:13Z
KRW-ETH,2023-05-30T00:00:00,2023-05-30T09:00:00,2522000,2558000,2509000,2528000,9231.349998,2528000,upbit,2026-06-28T04:34:13Z
KRW-ETH,2023-05-31T00:00:00,2023-05-31T09:00:00,2529000,2541000,2480000,2504000,11020.1183,2504000,upbit,2026-06-28T04:34:13Z
KRW-ETH,2023-06-01T00:00:00,2023-06-01T09:00:00,2504000,2523000,2467000,2485000,8684.994954,2485000,upbit,2026-06-28T04:34:13Z
KRW-ETH,2023-06-02T00:00:00,2023-06-02T09:00:00,2487000,2531000,2470000,2524000,9085.264498,2524000,upbit,2026-06-28T04:34:13Z
KRW-ETH,2023-06-03T00:00:00,2023-06-03T09:00:00,2524000,2528000,2501000,2507000,4347.153299,2507000,upbit,2026-06-28T04:34:13Z
KRW-ETH,2023-06-04T00:00:00,2023-06-04T09:00:00,2507000,2525000,2496000,2502000,4729.986695,2502000,upbit,2026-06-28T04:34:13Z
KRW-ETH,2023-06-05T00:00:00,2023-06-05T09:00:00,2503000,2503000,2390000,2414000,18452.67523,2414000,upbit,2026-06-28T04:34:13Z
KRW-ETH,2023-06-06T00:00:00,2023-06-06T09:00:00,2413000,2502000,2380000,2482000,16219.3492,2482000,upbit,2026-06-28T04:34:13Z
KRW-ETH,2023-06-07T00:00:00,2023-06-07T09:00:00,2480000,2494000,2422000,2430000,12951.97682,2430000,upbit,2026-06-28T04:34:13Z
KRW-ETH,2023-06-08T00:00:00,2023-06-08T09:00:00,2431000,2457000,2425000,2438000,6313.344254,2438000,upbit,2026-06-28T04:34:13Z
KRW-ETH,2023-06-09T00:00:00,2023-06-09T09:00:00,2437000,2441000,2415000,2421000,6264.207822,2421000,upbit,2026-06-28T04:34:13Z
KRW-ETH,2023-06-10T00:00:00,2023-06-10T09:00:00,2421000,2429000,2290000,2329000,27377.42687,2329000,upbit,2026-06-28T04:34:13Z
KRW-ETH,2023-06-11T00:00:00,2023-06-11T09:00:00,2329000,2351000,2311000,2324000,8239.541327,2324000,upbit,2026-06-28T04:34:13Z
KRW-ETH,2023-06-12T00:00:00,2023-06-12T09:00:00,2324000,2327000,2277000,2293000,9786.063951,2293000,upbit,2026-06-28T04:34:13Z
KRW-ETH,2023-06-13T00:00:00,2023-06-13T09:00:00,2293000,2309000,2270000,2273000,15133.86527,2273000,upbit,2026-06-28T04:34:13Z
KRW-ETH,2023-06-14T00:00:00,2023-06-14T09:00:00,2274000,2289000,2154000,2168000,19326.23341,2168000,upbit,2026-06-28T04:34:13Z
KRW-ETH,2023-06-15T00:00:00,2023-06-15T09:00:00,2169000,2192000,2130000,2179000,17144.63501,2179000,upbit,2026-06-28T04:34:13Z
KRW-ETH,2023-06-16T00:00:00,2023-06-16T09:00:00,2178000,2265000,2168000,2253000,12652.51697,2253000,upbit,2026-06-28T04:34:13Z
KRW-ETH,2023-06-17T00:00:00,2023-06-17T09:00:00,2251000,2310000,2246000,2267000,9451.177825,2267000,upbit,2026-06-28T04:34:13Z
KRW-ETH,2023-06-18T00:00:00,2023-06-18T09:00:00,2265000,2287000,2248000,2253000,5981.688869,2253000,upbit,2026-06-28T04:34:13Z
KRW-ETH,2023-06-19T00:00:00,2023-06-19T09:00:00,2253000,2289000,2233000,2269000,8624.037966,2269000,upbit,2026-06-28T04:34:13Z
KRW-ETH,2023-06-20T00:00:00,2023-06-20T09:00:00,2270000,2345000,2259000,2339000,16805.33253,2339000,upbit,2026-06-28T04:34:13Z
KRW-ETH,2023-06-21T00:00:00,2023-06-21T09:00:00,2340000,2481000,2333000,2469000,29533.9152,2469000,upbit,2026-06-28T04:34:13Z
KRW-ETH,2023-06-22T00:00:00,2023-06-22T09:00:00,2468000,2524000,2446000,2451000,22519.53677,2451000,upbit,2026-06-28T04:34:13Z
KRW-ETH,2023-06-23T00:00:00,2023-06-23T09:00:00,2450000,2549000,2450000,2509000,22720.87361,2509000,upbit,2026-06-28T04:34:13Z
KRW-ETH,2023-06-24T00:00:00,2023-06-24T09:00:00,2509000,2527000,2487000,2499000,12464.75026,2499000,upbit,2026-06-28T04:34:13Z
KRW-ETH,2023-06-25T00:00:00,2023-06-25T09:00:00,2500000,2571000,2489000,2514000,17601.44824,2514000,upbit,2026-06-28T04:34:13Z
KRW-ETH,2023-06-26T00:00:00,2023-06-26T09:00:00,2513000,2526000,2439000,2466000,16937.66978,2466000,upbit,2026-06-28T04:34:13Z
KRW-ETH,2023-06-27T00:00:00,2023-06-27T09:00:00,2465000,2527000,2461000,2498000,12190.356,2498000,upbit,2026-06-28T04:34:13Z
KRW-ETH,2023-06-28T00:00:00,2023-06-28T09:00:00,2498000,2502000,2430000,2431000,11483.37445,2431000,upbit,2026-06-28T04:34:13Z
KRW-ETH,2023-06-29T00:00:00,2023-06-29T09:00:00,2431000,2500000,2428000,2469000,10760.7435,2469000,upbit,2026-06-28T04:34:13Z
KRW-ETH,2023-06-30T00:00:00,2023-06-30T09:00:00,2469000,2586000,2431000,2574000,37417.47737,2574000,upbit,2026-06-28T04:34:13Z
KRW-ETH,2023-07-01T00:00:00,2023-07-01T09:00:00,2574000,2591000,2540000,2563000,14579.4666,2563000,upbit,2026-06-28T04:34:13Z
KRW-ETH,2023-07-02T00:00:00,2023-07-02T09:00:00,2563000,2600000,2519000,2572000,10435.25651,2572000,upbit,2026-06-28T04:34:13Z
KRW-ETH,2023-07-03T00:00:00,2023-07-03T09:00:00,2572000,2616000,2567000,2582000,13983.48965,2582000,upbit,2026-06-28T04:34:13Z
KRW-ETH,2023-07-04T00:00:00,2023-07-04T09:00:00,2582000,2599000,2552000,2557000,8905.386866,2557000,upbit,2026-06-28T04:34:13Z
KRW-ETH,2023-07-05T00:00:00,2023-07-05T09:00:00,2557000,2567000,2495000,2531000,12811.91102,2531000,upbit,2026-06-28T04:34:13Z
KRW-ETH,2023-07-06T00:00:00,2023-07-06T09:00:00,2531000,2583000,2465000,2465000,16636.13654,2465000,upbit,2026-06-28T04:34:13Z
KRW-ETH,2023-07-07T00:00:00,2023-07-07T09:00:00,2465000,2489000,2442000,2481000,9222.606523,2481000,upbit,2026-06-28T04:34:13Z
KRW-ETH,2023-07-08T00:00:00,2023-07-08T09:00:00,2480000,2484000,2451000,2474000,3906.757613,2474000,upbit,2026-06-28T04:34:13Z
KRW-ETH,2023-07-09T00:00:00,2023-07-09T09:00:00,2474000,2484000,2455000,2460000,4170.148534,2460000,upbit,2026-06-28T04:34:13Z
KRW-ETH,2023-07-10T00:00:00,2023-07-10T09:00:00,2460000,2504000,2445000,2475000,7990.80717,2475000,upbit,2026-06-28T04:34:13Z
KRW-ETH,2023-07-11T00:00:00,2023-07-11T09:00:00,2475000,2483000,2453000,2461000,6766.913845,2461000,upbit,2026-06-28T04:34:13Z
KRW-ETH,2023-07-12T00:00:00,2023-07-12T09:00:00,2464000,2489000,2450000,2450000,9665.695361,2450000,upbit,2026-06-28T04:34:13Z
KRW-ETH,2023-07-13T00:00:00,2023-07-13T09:00:00,2453000,2563000,2424000,2553000,29360.39864,2553000,upbit,2026-06-28T04:34:13Z
KRW-ETH,2023-07-14T00:00:00,2023-07-14T09:00:00,2553000,2580000,2456000,2499000,20635.81285,2499000,upbit,2026-06-28T04:34:13Z
KRW-ETH,2023-07-15T00:00:00,2023-07-15T09:00:00,2499000,2500000,2471000,2479000,7464.711486,2479000,upbit,2026-06-28T04:34:13Z
KRW-ETH,2023-07-16T00:00:00,2023-07-16T09:00:00,2480000,2498000,2465000,2476000,6250.046605,2476000,upbit,2026-06-28T04:34:13Z
KRW-ETH,2023-07-17T00:00:00,2023-07-17T09:00:00,2477000,2486000,2422000,2455000,11899.57478,2455000,upbit,2026-06-28T04:34:13Z
KRW-ETH,2023-07-18T00:00:00,2023-07-18T09:00:00,2455000,2462000,2421000,2441000,7965.486943,2441000,upbit,2026-06-28T04:34:13Z
KRW-ETH,2023-07-19T00:00:00,2023-07-19T09:00:00,2441000,2468000,2420000,2423000,9679.563384,2423000,upbit,2026-06-28T04:34:13Z
KRW-ETH,2023-07-20T00:00:00,2023-07-20T09:00:00,2422000,2473000,2419000,2447000,9790.130838,2447000,upbit,2026-06-28T04:34:13Z
KRW-ETH,2023-07-21T00:00:00,2023-07-21T09:00:00,2447000,2469000,2442000,2456000,5000.537769,2456000,upbit,2026-06-28T04:34:13Z
KRW-ETH,2023-07-22T00:00:00,2023-07-22T09:00:00,2459000,2463000,2418000,2430000,5126.534998,2430000,upbit,2026-06-28T04:34:13Z
KRW-ETH,2023-07-23T00:00:00,2023-07-23T09:00:00,2431000,2461000,2417000,2444000,5631.672286,2444000,upbit,2026-06-28T04:34:13Z
KRW-ETH,2023-07-24T00:00:00,2023-07-24T09:00:00,2444000,2447000,2391000,2404000,10498.4186,2404000,upbit,2026-06-28T04:34:13Z
KRW-ETH,2023-07-25T00:00:00,2023-07-25T09:00:00,2404000,2427000,2389000,2411000,7104.711256,2411000,upbit,2026-06-28T04:34:13Z
KRW-ETH,2023-07-26T00:00:00,2023-07-26T09:00:00,2411000,2438000,2392000,2416000,7922.514661,2416000,upbit,2026-06-28T04:34:13Z
KRW-ETH,2023-07-27T00:00:00,2023-07-27T09:00:00,2417000,2442000,2411000,2414000,6485.171156,2414000,upbit,2026-06-28T04:34:13Z
KRW-ETH,2023-07-28T00:00:00,2023-07-28T09:00:00,2416000,2439000,2405000,2424000,6070.82036,2424000,upbit,2026-06-28T04:34:13Z
KRW-ETH,2023-07-29T00:00:00,2023-07-29T09:00:00,2424000,2439000,2420000,2426000,2791.41308,2426000,upbit,2026-06-28T04:34:13Z
KRW-ETH,2023-07-30T00:00:00,2023-07-30T09:00:00,2426000,2439000,2404000,2409000,5899.883093,2409000,upbit,2026-06-28T04:34:13Z
KRW-ETH,2023-07-31T00:00:00,2023-07-31T09:00:00,2412000,2428000,2405000,2409000,5699.325106,2409000,upbit,2026-06-28T04:34:13Z
KRW-ETH,2023-08-01T00:00:00,2023-08-01T09:00:00,2409000,2438000,2370000,2437000,9480.332281,2437000,upbit,2026-06-28T04:34:13Z
KRW-ETH,2023-08-02T00:00:00,2023-08-02T09:00:00,2434000,2450000,2403000,2420000,9006.375498,2420000,upbit,2026-06-28T04:34:13Z
KRW-ETH,2023-08-03T00:00:00,2023-08-03T09:00:00,2420000,2446000,2411000,2418000,5472.986323,2418000,upbit,2026-06-28T04:34:13Z
KRW-ETH,2023-08-04T00:00:00,2023-08-04T09:00:00,2420000,2442000,2410000,2420000,5937.463761,2420000,upbit,2026-06-28T04:34:13Z
KRW-ETH,2023-08-05T00:00:00,2023-08-05T09:00:00,2422000,2435000,2413000,2431000,3567.004922,2431000,upbit,2026-06-28T04:34:13Z
KRW-ETH,2023-08-06T00:00:00,2023-08-06T09:00:00,2431000,2440000,2425000,2427000,3716.316494,2427000,upbit,2026-06-28T04:34:13Z
KRW-ETH,2023-08-07T00:00:00,2023-08-07T09:00:00,2429000,2443000,2391000,2421000,8794.63221,2421000,upbit,2026-06-28T04:34:13Z
KRW-ETH,2023-08-08T00:00:00,2023-08-08T09:00:00,2419000,2467000,2413000,2455000,7830.323402,2455000,upbit,2026-06-28T04:34:13Z
KRW-ETH,2023-08-09T00:00:00,2023-08-09T09:00:00,2455000,2477000,2454000,2460000,6442.239033,2460000,upbit,2026-06-28T04:34:13Z
KRW-ETH,2023-08-10T00:00:00,2023-08-10T09:00:00,2461000,2475000,2449000,2460000,6362.94656,2460000,upbit,2026-06-28T04:34:13Z
KRW-ETH,2023-08-11T00:00:00,2023-08-11T09:00:00,2461000,2472000,2452000,2468000,4388.70161,2468000,upbit,2026-06-28T04:34:13Z
KRW-ETH,2023-08-12T00:00:00,2023-08-12T09:00:00,2468000,2472000,2463000,2469000,2521.513129,2469000,upbit,2026-06-28T04:34:13Z
KRW-ETH,2023-08-13T00:00:00,2023-08-13T09:00:00,2469000,2483000,2455000,2456000,3841.958064,2456000,upbit,2026-06-28T04:34:13Z
KRW-ETH,2023-08-14T00:00:00,2023-08-14T09:00:00,2456000,2480000,2453000,2464000,5042.746296,2464000,upbit,2026-06-28T04:34:13Z
KRW-ETH,2023-08-15T00:00:00,2023-08-15T09:00:00,2463000,2483000,2461000,2468000,7297.147405,2468000,upbit,2026-06-28T04:34:13Z
KRW-ETH,2023-08-16T00:00:00,2023-08-16T09:00:00,2468000,2475000,2447000,2453000,10499.5311,2453000,upbit,2026-06-28T04:34:13Z
KRW-ETH,2023-08-17T00:00:00,2023-08-17T09:00:00,2453000,2457000,2246000,2311000,31908.59297,2311000,upbit,2026-06-28T04:34:13Z
KRW-ETH,2023-08-18T00:00:00,2023-08-18T09:00:00,2311000,2333000,2265000,2289000,17375.02559,2289000,upbit,2026-06-28T04:34:13Z
KRW-ETH,2023-08-19T00:00:00,2023-08-19T09:00:00,2291000,2339000,2281000,2305000,6215.030855,2305000,upbit,2026-06-28T04:34:13Z
KRW-ETH,2023-08-20T00:00:00,2023-08-20T09:00:00,2305000,2327000,2288000,2312000,5413.879732,2312000,upbit,2026-06-28T04:34:13Z
KRW-ETH,2023-08-21T00:00:00,2023-08-21T09:00:00,2311000,2314000,2270000,2286000,6212.73073,2286000,upbit,2026-06-28T04:34:13Z
KRW-ETH,2023-08-22T00:00:00,2023-08-22T09:00:00,2286000,2293000,2200000,2241000,9746.650168,2241000,upbit,2026-06-28T04:34:13Z
KRW-ETH,2023-08-23T00:00:00,2023-08-23T09:00:00,2241000,2305000,2230000,2285000,9088.132261,2285000,upbit,2026-06-28T04:34:13Z
KRW-ETH,2023-08-24T00:00:00,2023-08-24T09:00:00,2285000,2289000,2232000,2262000,6645.602169,2262000,upbit,2026-06-28T04:34:13Z
KRW-ETH,2023-08-25T00:00:00,2023-08-25T09:00:00,2262000,2283000,2233000,2252000,6814.576368,2252000,upbit,2026-06-28T04:34:13Z
KRW-ETH,2023-08-26T00:00:00,2023-08-26T09:00:00,2253000,2255000,2238000,2242000,2551.759796,2242000,upbit,2026-06-28T04:34:13Z
KRW-ETH,2023-08-27T00:00:00,2023-08-27T09:00:00,2243000,2253000,2236000,2247000,3668.402853,2247000,upbit,2026-06-28T04:34:13Z
KRW-ETH,2023-08-28T00:00:00,2023-08-28T09:00:00,2247000,2253000,2206000,2234000,8167.751246,2234000,upbit,2026-06-28T04:34:13Z
KRW-ETH,2023-08-29T00:00:00,2023-08-29T09:00:00,2235000,2354000,2223000,2336000,16491.43112,2336000,upbit,2026-06-28T04:34:13Z
KRW-ETH,2023-08-30T00:00:00,2023-08-30T09:00:00,2333000,2341000,2303000,2319000,8138.871557,2319000,upbit,2026-06-28T04:34:13Z
KRW-ETH,2023-08-31T00:00:00,2023-08-31T09:00:00,2319000,2347000,2238000,2255000,11984.268,2255000,upbit,2026-06-28T04:34:13Z
KRW-ETH,2023-09-01T00:00:00,2023-09-01T09:00:00,2252000,2263000,2205000,2232000,8982.783694,2232000,upbit,2026-06-28T04:34:13Z
KRW-ETH,2023-09-02T00:00:00,2023-09-02T09:00:00,2233000,2246000,2216000,2227000,6907.109294,2227000,upbit,2026-06-28T04:34:13Z
KRW-ETH,2023-09-03T00:00:00,2023-09-03T09:00:00,2227000,2239000,2216000,2225000,3739.180003,2225000,upbit,2026-06-28T04:34:13Z
KRW-ETH,2023-09-04T00:00:00,2023-09-04T09:00:00,2226000,2229000,2200000,2211000,5602.3636,2211000,upbit,2026-06-28T04:34:13Z
KRW-ETH,2023-09-05T00:00:00,2023-09-05T09:00:00,2212000,2244000,2190000,2220000,6349.170114,2220000,upbit,2026-06-28T04:34:13Z
KRW-ETH,2023-09-06T00:00:00,2023-09-06T09:00:00,2222000,2285000,2200000,2220000,5685.826393,2220000,upbit,2026-06-28T04:34:13Z
KRW-ETH,2023-09-07T00:00:00,2023-09-07T09:00:00,2222000,2251000,2212000,2238000,6196.760616,2238000,upbit,2026-06-28T04:34:13Z
KRW-ETH,2023-09-08T00:00:00,2023-09-08T09:00:00,2237000,2245000,2201000,2227000,5286.282401,2227000,upbit,2026-06-28T04:34:13Z
KRW-ETH,2023-09-09T00:00:00,2023-09-09T09:00:00,2228000,2231000,2218000,2227000,1909.028127,2227000,upbit,2026-06-28T04:34:13Z
KRW-ETH,2023-09-10T00:00:00,2023-09-10T09:00:00,2228000,2229000,2192000,2205000,4430.747104,2205000,upbit,2026-06-28T04:34:13Z
KRW-ETH,2023-09-11T00:00:00,2023-09-11T09:00:00,2205000,2205000,2100000,2117000,13922.14735,2117000,upbit,2026-06-28T04:34:13Z
KRW-ETH,2023-09-12T00:00:00,2023-09-12T09:00:00,2117000,2200000,2113000,2161000,9429.845497,2161000,upbit,2026-06-28T04:34:13Z
KRW-ETH,2023-09-13T00:00:00,2023-09-13T09:00:00,2161000,2190000,2150000,2177000,7085.961545,2177000,upbit,2026-06-28T04:34:13Z
KRW-ETH,2023-09-14T00:00:00,2023-09-14T09:00:00,2177000,2223000,2175000,2197000,8069.592262,2197000,upbit,2026-06-28T04:34:13Z
KRW-ETH,2023-09-15T00:00:00,2023-09-15T09:00:00,2197000,2233000,2186000,2215000,7022.22991,2215000,upbit,2026-06-28T04:34:13Z
KRW-ETH,2023-09-16T00:00:00,2023-09-16T09:00:00,2215000,2227000,2208000,2215000,4623.75862,2215000,upbit,2026-06-28T04:34:13Z
KRW-ETH,2023-09-17T00:00:00,2023-09-17T09:00:00,2215000,2215000,2182000,2187000,3693.718011,2187000,upbit,2026-06-28T04:34:13Z
KRW-ETH,2023-09-18T00:00:00,2023-09-18T09:00:00,2188000,2242000,2170000,2200000,9680.421878,2200000,upbit,2026-06-28T04:34:13Z
KRW-ETH,2023-09-19T00:00:00,2023-09-19T09:00:00,2200000,2227000,2183000,2205000,7059.367434,2205000,upbit,2026-06-28T04:34:13Z
KRW-ETH,2023-09-20T00:00:00,2023-09-20T09:00:00,2205000,2214000,2166000,2185000,9245.595337,2185000,upbit,2026-06-28T04:34:13Z
KRW-ETH,2023-09-21T00:00:00,2023-09-21T09:00:00,2185000,2197000,2130000,2146000,9363.547861,2146000,upbit,2026-06-28T04:34:13Z
KRW-ETH,2023-09-22T00:00:00,2023-09-22T09:00:00,2148000,2165000,2140000,2158000,4711.55265,2158000,upbit,2026-06-28T04:34:13Z
KRW-ETH,2023-09-23T00:00:00,2023-09-23T09:00:00,2157000,2162000,2151000,2158000,2464.083515,2158000,upbit,2026-06-28T04:34:13Z
KRW-ETH,2023-09-24T00:00:00,2023-09-24T09:00:00,2158000,2164000,2131000,2137000,4256.950001,2137000,upbit,2026-06-28T04:34:13Z
KRW-ETH,2023-09-25T00:00:00,2023-09-25T09:00:00,2139000,2158000,2115000,2141000,7290.942588,2141000,upbit,2026-06-28T04:34:13Z
KRW-ETH,2023-09-26T00:00:00,2023-09-26T09:00:00,2141000,2169000,2139000,2161000,6260.721661,2161000,upbit,2026-06-28T04:34:13Z
KRW-ETH,2023-09-27T00:00:00,2023-09-27T09:00:00,2163000,2220000,2160000,2181000,9964.150531,2181000,upbit,2026-06-28T04:34:13Z
KRW-ETH,2023-09-28T00:00:00,2023-09-28T09:00:00,2181000,2260000,2181000,2241000,11132.04484,2241000,upbit,2026-06-28T04:34:13Z
KRW-ETH,2023-09-29T00:00:00,2023-09-29T09:00:00,2240000,2290000,2235000,2256000,10905.04729,2256000,upbit,2026-06-28T04:34:13Z
KRW-ETH,2023-09-30T00:00:00,2023-09-30T09:00:00,2256000,2296000,2255000,2267000,5502.606566,2267000,upbit,2026-06-28T04:34:13Z
KRW-ETH,2023-10-01T00:00:00,2023-10-01T09:00:00,2267000,2355000,2264000,2340000,8769.477259,2340000,upbit,2026-06-28T04:34:13Z
KRW-ETH,2023-10-02T00:00:00,2023-10-02T09:00:00,2340000,2359000,2235000,2258000,16781.44483,2258000,upbit,2026-06-28T04:34:13Z
KRW-ETH,2023-10-03T00:00:00,2023-10-03T09:00:00,2260000,2284000,2236000,2247000,9754.778802,2247000,upbit,2026-06-28T04:34:13Z
KRW-ETH,2023-10-04T00:00:00,2023-10-04T09:00:00,2247000,2253000,2216000,2232000,8299.55899,2232000,upbit,2026-06-28T04:34:13Z
KRW-ETH,2023-10-05T00:00:00,2023-10-05T09:00:00,2228000,2243000,2190000,2191000,9031.084918,2191000,upbit,2026-06-28T04:34:13Z
KRW-ETH,2023-10-06T00:00:00,2023-10-06T09:00:00,2192000,2244000,2191000,2228000,6999.202511,2228000,upbit,2026-06-28T04:34:13Z
KRW-ETH,2023-10-07T00:00:00,2023-10-07T09:00:00,2228000,2234000,2213000,2218000,3218.42453,2218000,upbit,2026-06-28T04:34:13Z
KRW-ETH,2023-10-08T00:00:00,2023-10-08T09:00:00,2218000,2228000,2198000,2216000,4949.397186,2216000,upbit,2026-06-28T04:34:13Z
KRW-ETH,2023-10-09T00:00:00,2023-10-09T09:00:00,2218000,2226000,2121000,2155000,10820.5267,2155000,upbit,2026-06-28T04:34:13Z
KRW-ETH,2023-10-10T00:00:00,2023-10-10T09:00:00,2155000,2174000,2121000,2138000,7826.168362,2138000,upbit,2026-06-28T04:34:13Z
KRW-ETH,2023-10-11T00:00:00,2023-10-11T09:00:00,2138000,2149000,2113000,2140000,8038.537374,2140000,upbit,2026-06-28T04:34:13Z
KRW-ETH,2023-10-12T00:00:00,2023-10-12T09:00:00,2140000,2140000,2087000,2115000,9380.706544,2115000,upbit,2026-06-28T04:34:13Z
KRW-ETH,2023-10-13T00:00:00,2023-10-13T09:00:00,2115000,2159000,2111000,2134000,5640.039495,2134000,upbit,2026-06-28T04:34:13Z
KRW-ETH,2023-10-14T00:00:00,2023-10-14T09:00:00,2134000,2143000,2126000,2131000,4496.124888,2131000,upbit,2026-06-28T04:34:13Z
KRW-ETH,2023-10-15T00:00:00,2023-10-15T09:00:00,2130000,2140000,2120000,2127000,4487.442374,2127000,upbit,2026-06-28T04:34:13Z
KRW-ETH,2023-10-16T00:00:00,2023-10-16T09:00:00,2128000,2223000,2122000,2172000,18989.86842,2172000,upbit,2026-06-28T04:34:13Z
KRW-ETH,2023-10-17T00:00:00,2023-10-17T09:00:00,2172000,2176000,2121000,2129000,9961.08588,2129000,upbit,2026-06-28T04:34:13Z
KRW-ETH,2023-10-18T00:00:00,2023-10-18T09:00:00,2129000,2160000,2127000,2138000,9499.665886,2138000,upbit,2026-06-28T04:34:13Z
KRW-ETH,2023-10-19T00:00:00,2023-10-19T09:00:00,2138000,2147000,2112000,2129000,10174.85389,2129000,upbit,2026-06-28T04:34:13Z
KRW-ETH,2023-10-20T00:00:00,2023-10-20T09:00:00,2129000,2200000,2120000,2176000,17053.87361,2176000,upbit,2026-06-28T04:34:13Z
KRW-ETH,2023-10-21T00:00:00,2023-10-21T09:00:00,2176000,2212000,2159000,2199000,8301.466005,2199000,upbit,2026-06-28T04:34:13Z
KRW-ETH,2023-10-22T00:00:00,2023-10-22T09:00:00,2199000,2244000,2192000,2236000,9290.557909,2236000,upbit,2026-06-28T04:34:13Z
KRW-ETH,2023-10-23T00:00:00,2023-10-23T09:00:00,2235000,2395000,2234000,2361000,27468.50655,2361000,upbit,2026-06-28T04:34:13Z
KRW-ETH,2023-10-24T00:00:00,2023-10-24T09:00:00,2361000,2484000,2345000,2399000,48659.14722,2399000,upbit,2026-06-28T04:34:13Z
KRW-ETH,2023-10-25T00:00:00,2023-10-25T09:00:00,2399000,2447000,2383000,2409000,17865.28745,2409000,upbit,2026-06-28T04:34:13Z
KRW-ETH,2023-10-26T00:00:00,2023-10-26T09:00:00,2410000,2516000,2388000,2435000,30777.2641,2435000,upbit,2026-06-28T04:34:13Z
KRW-ETH,2023-10-27T00:00:00,2023-10-27T09:00:00,2436000,2441000,2373000,2415000,10774.59664,2415000,upbit,2026-06-28T04:34:13Z
KRW-ETH,2023-10-28T00:00:00,2023-10-28T09:00:00,2415000,2446000,2411000,2418000,7480.998994,2418000,upbit,2026-06-28T04:34:13Z
KRW-ETH,2023-10-29T00:00:00,2023-10-29T09:00:00,2417000,2450000,2406000,2436000,7430.913805,2436000,upbit,2026-06-28T04:34:13Z
KRW-ETH,2023-10-30T00:00:00,2023-10-30T09:00:00,2436000,2477000,2420000,2450000,13478.32478,2450000,upbit,2026-06-28T04:34:13Z
KRW-ETH,2023-10-31T00:00:00,2023-10-31T09:00:00,2450000,2465000,2420000,2464000,14574.68334,2464000,upbit,2026-06-28T04:34:13Z
KRW-ETH,2023-11-01T00:00:00,2023-11-01T09:00:00,2465000,2515000,2440000,2504000,20122.66666,2504000,upbit,2026-06-28T04:34:13Z
KRW-ETH,2023-11-02T00:00:00,2023-11-02T09:00:00,2503000,2543000,2431000,2447000,21396.94765,2447000,upbit,2026-06-28T04:34:13Z
KRW-ETH,2023-11-03T00:00:00,2023-11-03T09:00:00,2450000,2466000,2405000,2465000,16119.0525,2465000,upbit,2026-06-28T04:34:13Z
KRW-ETH,2023-11-04T00:00:00,2023-11-04T09:00:00,2465000,2507000,2454000,2489000,10745.49913,2489000,upbit,2026-06-28T04:34:13Z
KRW-ETH,2023-11-05T00:00:00,2023-11-05T09:00:00,2490000,2564000,2480000,2541000,20156.45085,2541000,upbit,2026-06-28T04:34:13Z
KRW-ETH,2023-11-06T00:00:00,2023-11-06T09:00:00,2541000,2555000,2499000,2536000,16088.2972,2536000,upbit,2026-06-28T04:34:13Z
KRW-ETH,2023-11-07T00:00:00,2023-11-07T09:00:00,2540000,2545000,2489000,2524000,14516.09524,2524000,upbit,2026-06-28T04:34:13Z
KRW-ETH,2023-11-08T00:00:00,2023-11-08T09:00:00,2524000,2530000,2502000,2518000,11367.46446,2518000,upbit,2026-06-28T04:34:13Z
KRW-ETH,2023-11-09T00:00:00,2023-11-09T09:00:00,2518000,2868000,2513000,2855000,89935.54954,2855000,upbit,2026-06-28T04:34:13Z
KRW-ETH,2023-11-10T00:00:00,2023-11-10T09:00:00,2855000,2875000,2781000,2792000,56254.72442,2792000,upbit,2026-06-28T04:34:13Z
KRW-ETH,2023-11-11T00:00:00,2023-11-11T09:00:00,2791000,2799000,2725000,2748000,23809.43564,2748000,upbit,2026-06-28T04:34:13Z
KRW-ETH,2023-11-12T00:00:00,2023-11-12T09:00:00,2748000,2752000,2702000,2724000,15305.19837,2724000,upbit,2026-06-28T04:34:13Z
KRW-ETH,2023-11-13T00:00:00,2023-11-13T09:00:00,2725000,2841000,2717000,2767000,38650.48935,2767000,upbit,2026-06-28T04:34:13Z
KRW-ETH,2023-11-14T00:00:00,2023-11-14T09:00:00,2765000,2784000,2653000,2673000,30538.22919,2673000,upbit,2026-06-28T04:34:13Z
KRW-ETH,2023-11-15T00:00:00,2023-11-15T09:00:00,2673000,2749000,2612000,2746000,27310.33132,2746000,upbit,2026-06-28T04:34:13Z
KRW-ETH,2023-11-16T00:00:00,2023-11-16T09:00:00,2745000,2802000,2620000,2654000,43574.26051,2654000,upbit,2026-06-28T04:34:13Z
KRW-ETH,2023-11-17T00:00:00,2023-11-17T09:00:00,2654000,2677000,2587000,2650000,20373.50822,2650000,upbit,2026-06-28T04:34:13Z
KRW-ETH,2023-11-18T00:00:00,2023-11-18T09:00:00,2650000,2651000,2588000,2638000,10428.16622,2638000,upbit,2026-06-28T04:34:13Z
KRW-ETH,2023-11-19T00:00:00,2023-11-19T09:00:00,2639000,2688000,2618000,2680000,10513.86465,2680000,upbit,2026-06-28T04:34:13Z
KRW-ETH,2023-11-20T00:00:00,2023-11-20T09:00:00,2680000,2747000,2661000,2708000,16939.08492,2708000,upbit,2026-06-28T04:34:13Z
KRW-ETH,2023-11-21T00:00:00,2023-11-21T09:00:00,2708000,2720000,2620000,2620000,22890.56276,2620000,upbit,2026-06-28T04:34:13Z
KRW-ETH,2023-11-22T00:00:00,2023-11-22T09:00:00,2621000,2790000,2618000,2761000,22918.3535,2761000,upbit,2026-06-28T04:34:13Z
KRW-ETH,2023-11-23T00:00:00,2023-11-23T09:00:00,2761000,2790000,2730000,2761000,15741.35935,2761000,upbit,2026-06-28T04:34:13Z
KRW-ETH,2023-11-24T00:00:00,2023-11-24T09:00:00,2762000,2848000,2756000,2790000,21099.34125,2790000,upbit,2026-06-28T04:34:13Z
KRW-ETH,2023-11-25T00:00:00,2023-11-25T09:00:00,2790000,2807000,2765000,2785000,11020.30062,2785000,upbit,2026-06-28T04:34:13Z
KRW-ETH,2023-11-26T00:00:00,2023-11-26T09:00:00,2785000,2801000,2746000,2768000,11851.31085,2768000,upbit,2026-06-28T04:34:13Z
KRW-ETH,2023-11-27T00:00:00,2023-11-27T09:00:00,2768000,2780000,2690000,2738000,17215.1199,2738000,upbit,2026-06-28T04:34:13Z
KRW-ETH,2023-11-28T00:00:00,2023-11-28T09:00:00,2738000,2770000,2688000,2740000,13528.30248,2740000,upbit,2026-06-28T04:34:13Z
KRW-ETH,2023-11-29T00:00:00,2023-11-29T09:00:00,2738000,2770000,2711000,2718000,12351.50623,2718000,upbit,2026-06-28T04:34:13Z
KRW-ETH,2023-11-30T00:00:00,2023-11-30T09:00:00,2718000,2753000,2705000,2750000,9822.638483,2750000,upbit,2026-06-28T04:34:13Z
KRW-ETH,2023-12-01T00:00:00,2023-12-01T09:00:00,2752000,2820000,2743000,2794000,19739.32963,2794000,upbit,2026-06-28T04:34:13Z
KRW-ETH,2023-12-02T00:00:00,2023-12-02T09:00:00,2792000,2894000,2791000,2886000,16806.4241,2886000,upbit,2026-06-28T04:34:13Z
KRW-ETH,2023-12-03T00:00:00,2023-12-03T09:00:00,2886000,2962000,2874000,2942000,16728.34968,2942000,upbit,2026-06-28T04:34:13Z
KRW-ETH,2023-12-04T00:00:00,2023-12-04T09:00:00,2942000,3055000,2942000,3037000,48072.97174,3037000,upbit,2026-06-28T04:34:13Z
KRW-ETH,2023-12-05T00:00:00,2023-12-05T09:00:00,3037000,3146000,2962000,3137000,38533.43282,3137000,upbit,2026-06-28T04:34:13Z
KRW-ETH,2023-12-06T00:00:00,2023-12-06T09:00:00,3136000,3163000,3071000,3081000,37796.18709,3081000,upbit,2026-06-28T04:34:13Z
KRW-ETH,2023-12-07T00:00:00,2023-12-07T09:00:00,3081000,3260000,3043000,3227000,43637.37367,3227000,upbit,2026-06-28T04:34:13Z
KRW-ETH,2023-12-08T00:00:00,2023-12-08T09:00:00,3227000,3274000,3199000,3215000,36337.91704,3215000,upbit,2026-06-28T04:34:13Z
KRW-ETH,2023-12-09T00:00:00,2023-12-09T09:00:00,3215000,3268000,3200000,3218000,24027.37074,3218000,upbit,2026-06-28T04:34:13Z
KRW-ETH,2023-12-10T00:00:00,2023-12-10T09:00:00,3215000,3243000,3174000,3213000,16339.27126,3213000,upbit,2026-06-28T04:34:13Z
KRW-ETH,2023-12-11T00:00:00,2023-12-11T09:00:00,3213000,3221000,2980000,3073000,42430.05487,3073000,upbit,2026-06-28T04:34:13Z
KRW-ETH,2023-12-12T00:00:00,2023-12-12T09:00:00,3073000,3115000,3011000,3061000,25375.19813,3061000,upbit,2026-06-28T04:34:13Z
KRW-ETH,2023-12-13T00:00:00,2023-12-13T09:00:00,3060000,3150000,2988000,3114000,22851.6597,3114000,upbit,2026-06-28T04:34:13Z
KRW-ETH,2023-12-14T00:00:00,2023-12-14T09:00:00,3113000,3190000,3088000,3159000,20862.32701,3159000,upbit,2026-06-28T04:34:13Z
KRW-ETH,2023-12-15T00:00:00,2023-12-15T09:00:00,3160000,3165000,3070000,3073000,16753.72629,3073000,upbit,2026-06-28T04:34:13Z
KRW-ETH,2023-12-16T00:00:00,2023-12-16T09:00:00,3072000,3109000,3050000,3056000,10617.71712,3056000,upbit,2026-06-28T04:34:13Z
KRW-ETH,2023-12-17T00:00:00,2023-12-17T09:00:00,3056000,3069000,3011000,3013000,11598.77484,3013000,upbit,2026-06-28T04:34:13Z
KRW-ETH,2023-12-18T00:00:00,2023-12-18T09:00:00,3013000,3033000,2885000,3024000,31802.98882,3024000,upbit,2026-06-28T04:34:13Z
KRW-ETH,2023-12-19T00:00:00,2023-12-19T09:00:00,3024000,3066000,2900000,2979000,22119.98963,2979000,upbit,2026-06-28T04:34:13Z
KRW-ETH,2023-12-20T00:00:00,2023-12-20T09:00:00,2980000,3068000,2944000,2991000,27682.321,2991000,upbit,2026-06-28T04:34:13Z
KRW-ETH,2023-12-21T00:00:00,2023-12-21T09:00:00,2991000,3092000,2971000,3037000,26712.19582,3037000,upbit,2026-06-28T04:34:13Z
KRW-ETH,2023-12-22T00:00:00,2023-12-22T09:00:00,3037000,3189000,3029000,3150000,52791.28228,3150000,upbit,2026-06-28T04:34:13Z
KRW-ETH,2023-12-23T00:00:00,2023-12-23T09:00:00,3148000,3168000,3085000,3126000,17959.28784,3126000,upbit,2026-06-28T04:34:13Z
KRW-ETH,2023-12-24T00:00:00,2023-12-24T09:00:00,3126000,3160000,3041000,3050000,19549.75105,3050000,upbit,2026-06-28T04:34:13Z
KRW-ETH,2023-12-25T00:00:00,2023-12-25T09:00:00,3054000,3089000,3016000,3028000,24986.32833,3028000,upbit,2026-06-28T04:34:13Z
KRW-ETH,2023-12-26T00:00:00,2023-12-26T09:00:00,3028000,3039000,2952000,2994000,26979.78869,2994000,upbit,2026-06-28T04:34:13Z
KRW-ETH,2023-12-27T00:00:00,2023-12-27T09:00:00,2994000,3188000,2961000,3171000,34377.53266,3171000,upbit,2026-06-28T04:34:13Z
KRW-ETH,2023-12-28T00:00:00,2023-12-28T09:00:00,3171000,3250000,3129000,3131000,44269.98215,3131000,upbit,2026-06-28T04:34:13Z
KRW-ETH,2023-12-29T00:00:00,2023-12-29T09:00:00,3131000,3171000,3043000,3087000,30798.04421,3087000,upbit,2026-06-28T04:34:13Z
KRW-ETH,2023-12-30T00:00:00,2023-12-30T09:00:00,3087000,3115000,3057000,3081000,12659.25245,3081000,upbit,2026-06-28T04:34:13Z
KRW-ETH,2023-12-31T00:00:00,2023-12-31T09:00:00,3081000,3109000,3060000,3082000,12170.32394,3082000,upbit,2026-06-28T04:34:13Z
KRW-ETH,2024-01-01T00:00:00,2024-01-01T09:00:00,3082000,3140000,3070000,3136000,11918.79208,3136000,upbit,2026-06-28T04:34:13Z
KRW-ETH,2024-01-02T00:00:00,2024-01-02T09:00:00,3134000,3230000,3128000,3154000,29124.21086,3154000,upbit,2026-06-28T04:34:13Z
KRW-ETH,2024-01-03T00:00:00,2024-01-03T09:00:00,3154000,3190000,2851000,3024000,57149.3757,3024000,upbit,2026-06-28T04:34:13Z
KRW-ETH,2024-01-04T00:00:00,2024-01-04T09:00:00,3024000,3078000,2967000,3053000,24389.84137,3053000,upbit,2026-06-28T04:34:13Z
KRW-ETH,2024-01-05T00:00:00,2024-01-05T09:00:00,3051000,3066000,2986000,3050000,15766.16709,3050000,upbit,2026-06-28T04:34:13Z
KRW-ETH,2024-01-06T00:00:00,2024-01-06T09:00:00,3050000,3055000,2992000,3024000,10438.69285,3024000,upbit,2026-06-28T04:34:13Z
KRW-ETH,2024-01-07T00:00:00,2024-01-07T09:00:00,3027000,3056000,2971000,2995000,12655.58463,2995000,upbit,2026-06-28T04:34:13Z
KRW-ETH,2024-01-08T00:00:00,2024-01-08T09:00:00,2995000,3156000,2906000,3131000,38601.96159,3131000,upbit,2026-06-28T04:34:13Z
KRW-ETH,2024-01-09T00:00:00,2024-01-09T09:00:00,3131000,3199000,3004000,3156000,47027.55625,3156000,upbit,2026-06-28T04:34:13Z
KRW-ETH,2024-01-10T00:00:00,2024-01-10T09:00:00,3156000,3687000,3143000,3525000,159046.5136,3525000,upbit,2026-06-28T04:34:13Z
KRW-ETH,2024-01-11T00:00:00,2024-01-11T09:00:00,3528000,3676000,3485000,3593000,117962.1413,3593000,upbit,2026-06-28T04:34:13Z
KRW-ETH,2024-01-12T00:00:00,2024-01-12T09:00:00,3592000,3719000,3408000,3504000,95292.6883,3504000,upbit,2026-06-28T04:34:13Z
KRW-ETH,2024-01-13T00:00:00,2024-01-13T09:00:00,3503000,3561000,3408000,3549000,40003.71009,3549000,upbit,2026-06-28T04:34:13Z
KRW-ETH,2024-01-14T00:00:00,2024-01-14T09:00:00,3549000,3553000,3392000,3396000,24419.80383,3396000,upbit,2026-06-28T04:34:13Z
KRW-ETH,2024-01-15T00:00:00,2024-01-15T09:00:00,3397000,3498000,3395000,3451000,21700.83871,3451000,upbit,2026-06-28T04:34:13Z
KRW-ETH,2024-01-16T00:00:00,2024-01-16T09:00:00,3451000,3582000,3444000,3551000,24323.57336,3551000,upbit,2026-06-28T04:34:13Z
KRW-ETH,2024-01-17T00:00:00,2024-01-17T09:00:00,3550000,3560000,3460000,3483000,18068.41266,3483000,upbit,2026-06-28T04:34:13Z
KRW-ETH,2024-01-18T00:00:00,2024-01-18T09:00:00,3480000,3499000,3383000,3424000,21121.02029,3424000,upbit,2026-06-28T04:34:13Z
KRW-ETH,2024-01-19T00:00:00,2024-01-19T09:00:00,3424000,3460000,3348000,3454000,23954.45377,3454000,upbit,2026-06-28T04:34:13Z
KRW-ETH,2024-01-20T00:00:00,2024-01-20T09:00:00,3453000,3454000,3393000,3410000,6889.318789,3410000,upbit,2026-06-28T04:34:13Z
KRW-ETH,2024-01-21T00:00:00,2024-01-21T09:00:00,3411000,3433000,3389000,3391000,6645.828283,3391000,upbit,2026-06-28T04:34:13Z
KRW-ETH,2024-01-22T00:00:00,2024-01-22T09:00:00,3391000,3402000,3191000,3199000,30769.77624,3199000,upbit,2026-06-28T04:34:13Z
KRW-ETH,2024-01-23T00:00:00,2024-01-23T09:00:00,3198000,3250000,3003000,3117000,47740.78765,3117000,upbit,2026-06-28T04:34:13Z
KRW-ETH,2024-01-24T00:00:00,2024-01-24T09:00:00,3118000,3123000,3036000,3077000,20173.85361,3077000,upbit,2026-06-28T04:34:13Z
KRW-ETH,2024-01-25T00:00:00,2024-01-25T09:00:00,3077000,3089000,3008000,3060000,14467.03203,3060000,upbit,2026-06-28T04:34:13Z
KRW-ETH,2024-01-26T00:00:00,2024-01-26T09:00:00,3061000,3140000,3030000,3119000,23218.49666,3119000,upbit,2026-06-28T04:34:13Z
KRW-ETH,2024-01-27T00:00:00,2024-01-27T09:00:00,3119000,3148000,3100000,3129000,11615.92961,3129000,upbit,2026-06-28T04:34:13Z
KRW-ETH,2024-01-28T00:00:00,2024-01-28T09:00:00,3129000,3178000,3088000,3105000,12674.53321,3105000,upbit,2026-06-28T04:34:13Z
KRW-ETH,2024-01-29T00:00:00,2024-01-29T09:00:00,3106000,3167000,3074000,3165000,13174.29066,3165000,upbit,2026-06-28T04:34:13Z
KRW-ETH,2024-01-30T00:00:00,2024-01-30T09:00:00,3164000,3280000,3137000,3216000,26276.33572,3216000,upbit,2026-06-28T04:34:13Z
KRW-ETH,2024-01-31T00:00:00,2024-01-31T09:00:00,3216000,3230000,3130000,3150000,18557.215,3150000,upbit,2026-06-28T04:34:13Z
KRW-ETH,2024-02-01T00:00:00,2024-02-01T09:00:00,3150000,3174000,3100000,3166000,11973.44886,3166000,upbit,2026-06-28T04:34:13Z
KRW-ETH,2024-02-02T00:00:00,2024-02-02T09:00:00,3167000,3189000,3143000,3169000,10055.07728,3169000,upbit,2026-06-28T04:34:13Z
KRW-ETH,2024-02-03T00:00:00,2024-02-03T09:00:00,3170000,3200000,3161000,3164000,6678.604608,3164000,upbit,2026-06-28T04:34:13Z
KRW-ETH,2024-02-04T00:00:00,2024-02-04T09:00:00,3164000,3187000,3140000,3160000,6338.06069,3160000,upbit,2026-06-28T04:34:13Z
KRW-ETH,2024-02-05T00:00:00,2024-02-05T09:00:00,3158000,3210000,3130000,3173000,10183.63137,3173000,upbit,2026-06-28T04:34:13Z
KRW-ETH,2024-02-06T00:00:00,2024-02-06T09:00:00,3173000,3267000,3166000,3249000,12606.15139,3249000,upbit,2026-06-28T04:34:13Z
KRW-ETH,2024-02-07T00:00:00,2024-02-07T09:00:00,3249000,3328000,3229000,3299000,16084.68938,3299000,upbit,2026-06-28T04:34:13Z
KRW-ETH,2024-02-08T00:00:00,2024-02-08T09:00:00,3297000,3347000,3296000,3316000,16566.43952,3316000,upbit,2026-06-28T04:34:13Z
KRW-ETH,2024-02-09T00:00:00,2024-02-09T09:00:00,3316000,3427000,3304000,3355000,26373.94878,3355000,upbit,2026-06-28T04:34:13Z
KRW-ETH,2024-02-10T00:00:00,2024-02-10T09:00:00,3357000,3414000,3324000,3378000,13358.49431,3378000,upbit,2026-06-28T04:34:13Z
KRW-ETH,2024-02-11T00:00:00,2024-02-11T09:00:00,3378000,3423000,3367000,3390000,11557.50199,3390000,upbit,2026-06-28T04:34:13Z
KRW-ETH,2024-02-12T00:00:00,2024-02-12T09:00:00,3389000,3579000,3360000,3570000,26193.10338,3570000,upbit,2026-06-28T04:34:13Z
KRW-ETH,2024-02-13T00:00:00,2024-02-13T09:00:00,3569000,3636000,3525000,3580000,37336.49801,3580000,upbit,2026-06-28T04:34:13Z
KRW-ETH,2024-02-14T00:00:00,2024-02-14T09:00:00,3580000,3777000,3550000,3764000,40029.14374,3764000,upbit,2026-06-28T04:34:13Z
KRW-ETH,2024-02-15T00:00:00,2024-02-15T09:00:00,3763000,3932000,3761000,3876000,52308.63752,3876000,upbit,2026-06-28T04:34:13Z
KRW-ETH,2024-02-16T00:00:00,2024-02-16T09:00:00,3876000,3949000,3830000,3877000,35535.47004,3877000,upbit,2026-06-28T04:34:13Z
KRW-ETH,2024-02-17T00:00:00,2024-02-17T09:00:00,3878000,3886000,3752000,3857000,27209.45962,3857000,upbit,2026-06-28T04:34:13Z
KRW-ETH,2024-02-18T00:00:00,2024-02-18T09:00:00,3858000,3990000,3818000,3976000,20434.68055,3976000,upbit,2026-06-28T04:34:13Z
KRW-ETH,2024-02-19T00:00:00,2024-02-19T09:00:00,3976000,4134000,3950000,4076000,35193.53131,4076000,upbit,2026-06-28T04:34:13Z
KRW-ETH,2024-02-20T00:00:00,2024-02-20T09:00:00,4078000,4189000,3989000,4162000,43605.13063,4162000,upbit,2026-06-28T04:34:13Z
KRW-ETH,2024-02-21T00:00:00,2024-02-21T09:00:00,4162000,4182000,4036000,4149000,37048.65537,4149000,upbit,2026-06-28T04:34:13Z
KRW-ETH,2024-02-22T00:00:00,2024-02-22T09:00:00,4146000,4200000,4070000,4147000,30276.59224,4147000,upbit,2026-06-28T04:34:13Z
KRW-ETH,2024-02-23T00:00:00,2024-02-23T09:00:00,4145000,4180000,4065000,4076000,21194.96636,4076000,upbit,2026-06-28T04:34:13Z
KRW-ETH,2024-02-24T00:00:00,2024-02-24T09:00:00,4078000,4148000,4051000,4127000,15927.60895,4127000,upbit,2026-06-28T04:34:13Z
KRW-ETH,2024-02-25T00:00:00,2024-02-25T09:00:00,4124000,4299000,4111000,4291000,29245.39804,4291000,upbit,2026-06-28T04:34:13Z
KRW-ETH,2024-02-26T00:00:00,2024-02-26T09:00:00,4291000,4376000,4167000,4358000,50651.82085,4358000,upbit,2026-06-28T04:34:13Z
KRW-ETH,2024-02-27T00:00:00,2024-02-27T09:00:00,4357000,4537000,4336000,4469000,57585.74518,4469000,upbit,2026-06-28T04:34:13Z
KRW-ETH,2024-02-28T00:00:00,2024-02-28T09:00:00,4472000,4820000,4440000,4751000,102959.8023,4751000,upbit,2026-06-28T04:34:13Z
KRW-ETH,2024-02-29T00:00:00,2024-02-29T09:00:00,4752000,4945000,4670000,4697000,97515.20306,4697000,upbit,2026-06-28T04:34:13Z
KRW-ETH,2024-03-01T00:00:00,2024-03-01T09:00:00,4697000,4868000,4695000,4807000,33198.16475,4807000,upbit,2026-06-28T04:34:13Z
KRW-ETH,2024-03-02T00:00:00,2024-03-02T09:00:00,4807000,4863000,4751000,4761000,31343.79883,4761000,upbit,2026-06-28T04:34:13Z
KRW-ETH,2024-03-03T00:00:00,2024-03-03T09:00:00,4761000,4871000,4650000,4869000,37547.09991,4869000,upbit,2026-06-28T04:34:13Z
KRW-ETH,2024-03-04T00:00:00,2024-03-04T09:00:00,4864000,5095000,4824000,5077000,71535.5678,5077000,upbit,2026-06-28T04:34:13Z
KRW-ETH,2024-03-05T00:00:00,2024-03-05T09:00:00,5076000,5399000,4783000,5085000,143847.2122,5085000,upbit,2026-06-28T04:34:13Z
KRW-ETH,2024-03-06T00:00:00,2024-03-06T09:00:00,5081000,5480000,4910000,5406000,106971.4634,5406000,upbit,2026-06-28T04:34:13Z
KRW-ETH,2024-03-07T00:00:00,2024-03-07T09:00:00,5406000,5500000,5283000,5446000,53150.55061,5446000,upbit,2026-06-28T04:34:13Z
KRW-ETH,2024-03-08T00:00:00,2024-03-08T09:00:00,5445000,5624000,5425000,5496000,54953.07237,5496000,upbit,2026-06-28T04:34:13Z
KRW-ETH,2024-03-09T00:00:00,2024-03-09T09:00:00,5496000,5545000,5420000,5480000,26266.51563,5480000,upbit,2026-06-28T04:34:13Z
KRW-ETH,2024-03-10T00:00:00,2024-03-10T09:00:00,5480000,5546000,5400000,5488000,27671.81223,5488000,upbit,2026-06-28T04:34:13Z
KRW-ETH,2024-03-11T00:00:00,2024-03-11T09:00:00,5488000,5694000,5291000,5659000,64958.17917,5659000,upbit,2026-06-28T04:34:13Z
KRW-ETH,2024-03-12T00:00:00,2024-03-12T09:00:00,5659000,5730000,5510000,5646000,45609.4383,5646000,upbit,2026-06-28T04:34:13Z
KRW-ETH,2024-03-13T00:00:00,2024-03-13T09:00:00,5646000,5783000,5620000,5711000,45007.07289,5711000,upbit,2026-06-28T04:34:13Z
KRW-ETH,2024-03-14T00:00:00,2024-03-14T09:00:00,5711000,5738000,5366000,5580000,66306.17755,5580000,upbit,2026-06-28T04:34:13Z
KRW-ETH,2024-03-15T00:00:00,2024-03-15T09:00:00,5580000,5653000,5192000,5436000,88349.17875,5436000,upbit,2026-06-28T04:34:13Z
KRW-ETH,2024-03-16T00:00:00,2024-03-16T09:00:00,5437000,5506000,5101000,5210000,39986.20455,5210000,upbit,2026-06-28T04:34:13Z
KRW-ETH,2024-03-17T00:00:00,2024-03-17T09:00:00,5210000,5364000,4979000,5326000,52592.6385,5326000,upbit,2026-06-28T04:34:13Z
KRW-ETH,2024-03-18T00:00:00,2024-03-18T09:00:00,5324000,5330000,5124000,5156000,27564.23718,5156000,upbit,2026-06-28T04:34:13Z
KRW-ETH,2024-03-19T00:00:00,2024-03-19T09:00:00,5155000,5195000,4705000,4719000,75346.75714,4719000,upbit,2026-06-28T04:34:13Z
KRW-ETH,2024-03-20T00:00:00,2024-03-20T09:00:00,4719000,5211000,4518000,5173000,88974.95615,5173000,upbit,2026-06-28T04:34:13Z
KRW-ETH,2024-03-21T00:00:00,2024-03-21T09:00:00,5172000,5249000,5000000,5087000,41218.0472,5087000,upbit,2026-06-28T04:34:13Z
KRW-ETH,2024-03-22T00:00:00,2024-03-22T09:00:00,5087000,5123000,4812000,4913000,35643.3541,4913000,upbit,2026-06-28T04:34:13Z
KRW-ETH,2024-03-23T00:00:00,2024-03-23T09:00:00,4910000,4980000,4807000,4855000,22091.29663,4855000,upbit,2026-06-28T04:34:13Z
KRW-ETH,2024-03-24T00:00:00,2024-03-24T09:00:00,4854000,4999000,4811000,4964000,21252.24543,4964000,upbit,2026-06-28T04:34:13Z
KRW-ETH,2024-03-25T00:00:00,2024-03-25T09:00:00,4963000,5170000,4916000,5096000,30427.85528,5096000,upbit,2026-06-28T04:34:13Z
KRW-ETH,2024-03-26T00:00:00,2024-03-26T09:00:00,5096000,5188000,5067000,5126000,25157.79874,5126000,upbit,2026-06-28T04:34:13Z
KRW-ETH,2024-03-27T00:00:00,2024-03-27T09:00:00,5131000,5200000,5002000,5040000,27531.91485,5040000,upbit,2026-06-28T04:34:13Z
KRW-ETH,2024-03-28T00:00:00,2024-03-28T09:00:00,5040000,5134000,5000000,5076000,20318.47143,5076000,upbit,2026-06-28T04:34:13Z
KRW-ETH,2024-03-29T00:00:00,2024-03-29T09:00:00,5076000,5097000,4980000,5020000,17798.13887,5020000,upbit,2026-06-28T04:34:13Z
KRW-ETH,2024-03-30T00:00:00,2024-03-30T09:00:00,5020000,5083000,4996000,5033000,11479.34811,5033000,upbit,2026-06-28T04:34:13Z
KRW-ETH,2024-03-31T00:00:00,2024-03-31T09:00:00,5029000,5176000,5026000,5161000,16263.00538,5161000,upbit,2026-06-28T04:34:13Z
KRW-ETH,2024-04-01T00:00:00,2024-04-01T09:00:00,5161000,5175000,4951000,5040000,24685.96465,5040000,upbit,2026-06-28T04:34:13Z
KRW-ETH,2024-04-02T00:00:00,2024-04-02T09:00:00,5040000,5041000,4747000,4812000,35092.27163,4812000,upbit,2026-06-28T04:34:13Z
KRW-ETH,2024-04-03T00:00:00,2024-04-03T09:00:00,4809000,4899000,4701000,4842000,20384.31784,4842000,upbit,2026-06-28T04:34:13Z
KRW-ETH,2024-04-04T00:00:00,2024-04-04T09:00:00,4837000,4966000,4769000,4838000,22541.06744,4838000,upbit,2026-06-28T04:34:13Z
KRW-ETH,2024-04-05T00:00:00,2024-04-05T09:00:00,4838000,4845000,4710000,4815000,20664.28797,4815000,upbit,2026-06-28T04:34:13Z
KRW-ETH,2024-04-06T00:00:00,2024-04-06T09:00:00,4811000,4880000,4789000,4823000,8380.56852,4823000,upbit,2026-06-28T04:34:13Z
KRW-ETH,2024-04-07T00:00:00,2024-04-07T09:00:00,4823000,4960000,4817000,4947000,12120.3964,4947000,upbit,2026-06-28T04:34:13Z
KRW-ETH,2024-04-08T00:00:00,2024-04-08T09:00:00,4947000,5300000,4886000,5260000,42092.70768,5260000,upbit,2026-06-28T04:34:13Z
KRW-ETH,2024-04-09T00:00:00,2024-04-09T09:00:00,5260000,5301000,4980000,5042000,38933.33365,5042000,upbit,2026-06-28T04:34:13Z
KRW-ETH,2024-04-10T00:00:00,2024-04-10T09:00:00,5042000,5099000,4920000,5059000,26415.17289,5059000,upbit,2026-06-28T04:34:13Z
KRW-ETH,2024-04-11T00:00:00,2024-04-11T09:00:00,5060000,5146000,5007000,5023000,18630.31987,5023000,upbit,2026-06-28T04:34:13Z
KRW-ETH,2024-04-12T00:00:00,2024-04-12T09:00:00,5023000,5066000,4757000,4822000,35983.52128,4822000,upbit,2026-06-28T04:34:13Z
KRW-ETH,2024-04-13T00:00:00,2024-04-13T09:00:00,4822000,4860000,4400000,4570000,60042.61565,4570000,upbit,2026-06-28T04:34:13Z
KRW-ETH,2024-04-14T00:00:00,2024-04-14T09:00:00,4570000,4794000,4450000,4752000,40038.72297,4752000,upbit,2026-06-28T04:34:13Z
KRW-ETH,2024-04-15T00:00:00,2024-04-15T09:00:00,4752000,4912000,4624000,4719000,45456.53181,4719000,upbit,2026-06-28T04:34:13Z
KRW-ETH,2024-04-16T00:00:00,2024-04-16T09:00:00,4720000,4738000,4520000,4623000,28364.32097,4623000,upbit,2026-06-28T04:34:13Z
KRW-ETH,2024-04-17T00:00:00,2024-04-17T09:00:00,4625000,4680000,4402000,4451000,26879.70135,4451000,upbit,2026-06-28T04:34:13Z
KRW-ETH,2024-04-18T00:00:00,2024-04-18T09:00:00,4451000,4554000,4367000,4506000,23606.93548,4506000,upbit,2026-06-28T04:34:13Z
KRW-ETH,2024-04-19T00:00:00,2024-04-19T09:00:00,4507000,4575000,4257000,4475000,33555.54628,4475000,upbit,2026-06-28T04:34:13Z
KRW-ETH,2024-04-20T00:00:00,2024-04-20T09:00:00,4475000,4622000,4431000,4610000,14667.50567,4610000,upbit,2026-06-28T04:34:13Z
KRW-ETH,2024-04-21T00:00:00,2024-04-21T09:00:00,4610000,4673000,4568000,4600000,12888.54993,4600000,upbit,2026-06-28T04:34:13Z
KRW-ETH,2024-04-22T00:00:00,2024-04-22T09:00:00,4600000,4695000,4586000,4652000,15860.2566,4652000,upbit,2026-06-28T04:34:13Z
KRW-ETH,2024-04-23T00:00:00,2024-04-23T09:00:00,4653000,4718000,4563000,4661000,17663.50299,4661000,upbit,2026-06-28T04:34:13Z
KRW-ETH,2024-04-24T00:00:00,2024-04-24T09:00:00,4662000,4736000,4519000,4567000,20594.06731,4567000,upbit,2026-06-28T04:34:13Z
KRW-ETH,2024-04-25T00:00:00,2024-04-25T09:00:00,4569000,4621000,4444000,4535000,17799.50807,4535000,upbit,2026-06-28T04:34:13Z
KRW-ETH,2024-04-26T00:00:00,2024-04-26T09:00:00,4539000,4554000,4470000,4512000,9453.455979,4512000,upbit,2026-06-28T04:34:13Z
KRW-ETH,2024-04-27T00:00:00,2024-04-27T09:00:00,4512000,4721000,4453000,4689000,14248.38595,4689000,upbit,2026-06-28T04:34:13Z
KRW-ETH,2024-04-28T00:00:00,2024-04-28T09:00:00,4689000,4795000,4660000,4679000,19459.29548,4679000,upbit,2026-06-28T04:34:13Z
KRW-ETH,2024-04-29T00:00:00,2024-04-29T09:00:00,4679000,4713000,4459000,4604000,26475.49144,4604000,upbit,2026-06-28T04:34:13Z
KRW-ETH,2024-04-30T00:00:00,2024-04-30T09:00:00,4604000,4653000,4221000,4327000,37466.78978,4327000,upbit,2026-06-28T04:34:13Z
KRW-ETH,2024-05-01T00:00:00,2024-05-01T09:00:00,4327000,4351000,3980000,4252000,51845.88468,4252000,upbit,2026-06-28T04:34:13Z
KRW-ETH,2024-05-02T00:00:00,2024-05-02T09:00:00,4252000,4280000,4076000,4201000,21713.6512,4201000,upbit,2026-06-28T04:34:13Z
KRW-ETH,2024-05-03T00:00:00,2024-05-03T09:00:00,4201000,4434000,4187000,4400000,30242.38833,4400000,upbit,2026-06-28T04:34:13Z
KRW-ETH,2024-05-04T00:00:00,2024-05-04T09:00:00,4401000,4470000,4352000,4410000,14527.76629,4410000,upbit,2026-06-28T04:34:13Z
KRW-ETH,2024-05-05T00:00:00,2024-05-05T09:00:00,4408000,4465000,4314000,4410000,11299.23551,4410000,upbit,2026-06-28T04:34:13Z
KRW-ETH,2024-05-06T00:00:00,2024-05-06T09:00:00,4409000,4500000,4300000,4308000,17631.69536,4308000,upbit,2026-06-28T04:34:13Z
KRW-ETH,2024-05-07T00:00:00,2024-05-07T09:00:00,4308000,4379000,4220000,4229000,15313.59927,4229000,upbit,2026-06-28T04:34:13Z
KRW-ETH,2024-05-08T00:00:00,2024-05-08T09:00:00,4229000,4273000,4137000,4169000,17129.43002,4169000,upbit,2026-06-28T04:34:13Z
KRW-ETH,2024-05-09T00:00:00,2024-05-09T09:00:00,4169000,4269000,4130000,4243000,10698.7062,4243000,upbit,2026-06-28T04:34:13Z
KRW-ETH,2024-05-10T00:00:00,2024-05-10T09:00:00,4240000,4250000,4073000,4108000,13965.7086,4108000,upbit,2026-06-28T04:34:13Z
KRW-ETH,2024-05-11T00:00:00,2024-05-11T09:00:00,4109000,4143000,4070000,4111000,6260.731174,4111000,upbit,2026-06-28T04:34:13Z
KRW-ETH,2024-05-12T00:00:00,2024-05-12T09:00:00,4111000,4160000,4094000,4125000,4943.899197,4125000,upbit,2026-06-28T04:34:13Z
KRW-ETH,2024-05-13T00:00:00,2024-05-13T09:00:00,4125000,4189000,4030000,4125000,13954.28928,4125000,upbit,2026-06-28T04:34:13Z
KRW-ETH,2024-05-14T00:00:00,2024-05-14T09:00:00,4125000,4139000,4021000,4053000,11590.1876,4053000,upbit,2026-06-28T04:34:13Z
KRW-ETH,2024-05-15T00:00:00,2024-05-15T09:00:00,4053000,4228000,4027000,4220000,21486.28716,4220000,upbit,2026-06-28T04:34:13Z
KRW-ETH,2024-05-16T00:00:00,2024-05-16T09:00:00,4219000,4237000,4079000,4096000,18486.00529,4096000,upbit,2026-06-28T04:34:13Z
KRW-ETH,2024-05-17T00:00:00,2024-05-17T09:00:00,4096000,4305000,4084000,4278000,19464.3744,4278000,upbit,2026-06-28T04:34:13Z
KRW-ETH,2024-05-18T00:00:00,2024-05-18T09:00:00,4278000,4369000,4270000,4343000,12033.72639,4343000,upbit,2026-06-28T04:34:13Z
KRW-ETH,2024-05-19T00:00:00,2024-05-19T09:00:00,4341000,4351000,4246000,4268000,11075.12487,4268000,upbit,2026-06-28T04:34:13Z
KRW-ETH,2024-05-20T00:00:00,2024-05-20T09:00:00,4270000,5028000,4236000,4992000,55370.88345,4992000,upbit,2026-06-28T04:34:13Z
KRW-ETH,2024-05-21T00:00:00,2024-05-21T09:00:00,4992000,5283000,4941000,5231000,88166.45238,5231000,upbit,2026-06-28T04:34:13Z
KRW-ETH,2024-05-22T00:00:00,2024-05-22T09:00:00,5231000,5250000,5008000,5152000,48070.40246,5152000,upbit,2026-06-28T04:34:13Z
KRW-ETH,2024-05-23T00:00:00,2024-05-23T09:00:00,5152000,5449000,4936000,5288000,130842.6141,5288000,upbit,2026-06-28T04:34:13Z
KRW-ETH,2024-05-24T00:00:00,2024-05-24T09:00:00,5288000,5350000,5080000,5177000,41377.02373,5177000,upbit,2026-06-28T04:34:13Z
KRW-ETH,2024-05-25T00:00:00,2024-05-25T09:00:00,5177000,5262000,5154000,5206000,15213.74909,5206000,upbit,2026-06-28T04:34:13Z
KRW-ETH,2024-05-26T00:00:00,2024-05-26T09:00:00,5206000,5420000,5193000,5342000,30017.8108,5342000,upbit,2026-06-28T04:34:13Z
KRW-ETH,2024-05-27T00:00:00,2024-05-27T09:00:00,5342000,5495000,5338000,5390000,43131.29068,5390000,upbit,2026-06-28T04:34:13Z
KRW-ETH,2024-05-28T00:00:00,2024-05-28T09:00:00,5390000,5450000,5262000,5325000,30074.07168,5325000,upbit,2026-06-28T04:34:13Z
KRW-ETH,2024-05-29T00:00:00,2024-05-29T09:00:00,5324000,5360000,5207000,5234000,20567.85268,5234000,upbit,2026-06-28T04:34:13Z
KRW-ETH,2024-05-30T00:00:00,2024-05-30T09:00:00,5235000,5300000,5160000,5212000,19948.15429,5212000,upbit,2026-06-28T04:34:13Z
KRW-ETH,2024-05-31T00:00:00,2024-05-31T09:00:00,5213000,5362000,5188000,5269000,22302.82687,5269000,upbit,2026-06-28T04:34:13Z
KRW-ETH,2024-06-01T00:00:00,2024-06-01T09:00:00,5270000,5350000,5253000,5341000,7810.237041,5341000,upbit,2026-06-28T04:34:13Z
KRW-ETH,2024-06-02T00:00:00,2024-06-02T09:00:00,5341000,5372000,5279000,5300000,10137.32908,5300000,upbit,2026-06-28T04:34:13Z
KRW-ETH,2024-06-03T00:00:00,2024-06-03T09:00:00,5302000,5345000,5240000,5259000,16241.96489,5259000,upbit,2026-06-28T04:34:13Z
KRW-ETH,2024-06-04T00:00:00,2024-06-04T09:00:00,5259000,5286000,5215000,5273000,11937.42615,5273000,upbit,2026-06-28T04:34:13Z
KRW-ETH,2024-06-05T00:00:00,2024-06-05T09:00:00,5274000,5364000,5235000,5345000,19036.86063,5345000,upbit,2026-06-28T04:34:13Z
KRW-ETH,2024-06-06T00:00:00,2024-06-06T09:00:00,5348000,5358000,5256000,5296000,14232.05197,5296000,upbit,2026-06-28T04:34:13Z
KRW-ETH,2024-06-07T00:00:00,2024-06-07T09:00:00,5297000,5328000,5168000,5199000,20758.68203,5199000,upbit,2026-06-28T04:34:13Z
KRW-ETH,2024-06-08T00:00:00,2024-06-08T09:00:00,5199000,5228000,5187000,5212000,7977.145047,5212000,upbit,2026-06-28T04:34:13Z
KRW-ETH,2024-06-09T00:00:00,2024-06-09T09:00:00,5214000,5240000,5185000,5208000,4505.91341,5208000,upbit,2026-06-28T04:34:13Z
KRW-ETH,2024-06-10T00:00:00,2024-06-10T09:00:00,5208000,5216000,5105000,5135000,10482.50688,5135000,upbit,2026-06-28T04:34:13Z
KRW-ETH,2024-06-11T00:00:00,2024-06-11T09:00:00,5135000,5140000,4868000,4959000,24054.2751,4959000,upbit,2026-06-28T04:34:13Z
KRW-ETH,2024-06-12T00:00:00,2024-06-12T09:00:00,4959000,5143000,4891000,5006000,20001.23555,5006000,upbit,2026-06-28T04:34:13Z
KRW-ETH,2024-06-13T00:00:00,2024-06-13T09:00:00,5006000,5010000,4870000,4915000,12941.49944,4915000,upbit,2026-06-28T04:34:13Z
KRW-ETH,2024-06-14T00:00:00,2024-06-14T09:00:00,4914000,5016000,4805000,4957000,14240.54468,4957000,upbit,2026-06-28T04:34:13Z
KRW-ETH,2024-06-15T00:00:00,2024-06-15T09:00:00,4957000,5085000,4931000,5062000,10578.38989,5062000,upbit,2026-06-28T04:34:13Z
KRW-ETH,2024-06-16T00:00:00,2024-06-16T09:00:00,5062000,5159000,5015000,5121000,8296.877481,5121000,upbit,2026-06-28T04:34:13Z
KRW-ETH,2024-06-17T00:00:00,2024-06-17T09:00:00,5120000,5138000,4891000,4946000,21811.28892,4946000,upbit,2026-06-28T04:34:13Z
KRW-ETH,2024-06-18T00:00:00,2024-06-18T09:00:00,4946000,4957000,4765000,4900000,22981.77376,4900000,upbit,2026-06-28T04:34:13Z
KRW-ETH,2024-06-19T00:00:00,2024-06-19T09:00:00,4900000,5058000,4872000,5020000,17294.02574,5020000,upbit,2026-06-28T04:34:13Z
KRW-ETH,2024-06-20T00:00:00,2024-06-20T09:00:00,5020000,5102000,4935000,4973000,18943.70046,4973000,upbit,2026-06-28T04:34:13Z
KRW-ETH,2024-06-21T00:00:00,2024-06-21T09:00:00,4973000,5000000,4867000,4955000,12049.94048,4955000,upbit,2026-06-28T04:34:13Z
KRW-ETH,2024-06-22T00:00:00,2024-06-22T09:00:00,4955000,4964000,4913000,4945000,4621.111879,4945000,upbit,2026-06-28T04:34:13Z
KRW-ETH,2024-06-23T00:00:00,2024-06-23T09:00:00,4945000,4976000,4820000,4820000,7251.018822,4820000,upbit,2026-06-28T04:34:13Z
KRW-ETH,2024-06-24T00:00:00,2024-06-24T09:00:00,4821000,4850000,4590000,4753000,30684.13104,4753000,upbit,2026-06-28T04:34:13Z
KRW-ETH,2024-06-25T00:00:00,2024-06-25T09:00:00,4753000,4838000,4706000,4803000,16011.6926,4803000,upbit,2026-06-28T04:34:13Z
KRW-ETH,2024-06-26T00:00:00,2024-06-26T09:00:00,4803000,4844000,4707000,4766000,10684.96639,4766000,upbit,2026-06-28T04:34:13Z
KRW-ETH,2024-06-27T00:00:00,2024-06-27T09:00:00,4767000,4902000,4743000,4863000,14258.70561,4863000,upbit,2026-06-28T04:34:13Z
KRW-ETH,2024-06-28T00:00:00,2024-06-28T09:00:00,4863000,4908000,4744000,4761000,12469.96683,4761000,upbit,2026-06-28T04:34:13Z
KRW-ETH,2024-06-29T00:00:00,2024-06-29T09:00:00,4766000,4791000,4750000,4754000,4807.297409,4754000,upbit,2026-06-28T04:34:13Z
KRW-ETH,2024-06-30T00:00:00,2024-06-30T09:00:00,4755000,4852000,4712000,4821000,7303.209101,4821000,upbit,2026-06-28T04:34:13Z
KRW-ETH,2024-07-01T00:00:00,2024-07-01T09:00:00,4821000,4948000,4808000,4835000,13062.43303,4835000,upbit,2026-06-28T04:34:13Z
KRW-ETH,2024-07-02T00:00:00,2024-07-02T09:00:00,4835000,4867000,4777000,4811000,8116.498597,4811000,upbit,2026-06-28T04:34:13Z
KRW-ETH,2024-07-03T00:00:00,2024-07-03T09:00:00,4811000,4826000,4627000,4672000,15381.798,4672000,upbit,2026-06-28T04:34:13Z
KRW-ETH,2024-07-04T00:00:00,2024-07-04T09:00:00,4673000,4696000,4370000,4379000,27350.47369,4379000,upbit,2026-06-28T04:34:13Z
KRW-ETH,2024-07-05T00:00:00,2024-07-05T09:00:00,4379000,4470000,4058000,4266000,54320.25098,4266000,upbit,2026-06-28T04:34:13Z
KRW-ETH,2024-07-06T00:00:00,2024-07-06T09:00:00,4270000,4384000,4205000,4365000,16840.01916,4365000,upbit,2026-06-28T04:34:13Z
KRW-ETH,2024-07-07T00:00:00,2024-07-07T09:00:00,4367000,4373000,4151000,4164000,14286.49375,4164000,upbit,2026-06-28T04:34:13Z
KRW-ETH,2024-07-08T00:00:00,2024-07-08T09:00:00,4167000,4397000,4050000,4290000,29118.59169,4290000,upbit,2026-06-28T04:34:13Z
KRW-ETH,2024-07-09T00:00:00,2024-07-09T09:00:00,4290000,4401000,4267000,4336000,17246.36564,4336000,upbit,2026-06-28T04:34:13Z
KRW-ETH,2024-07-10T00:00:00,2024-07-10T09:00:00,4335000,4461000,4297000,4397000,15470.04317,4397000,upbit,2026-06-28T04:34:13Z
KRW-ETH,2024-07-11T00:00:00,2024-07-11T09:00:00,4397000,4530000,4336000,4381000,18453.49877,4381000,upbit,2026-06-28T04:34:13Z
KRW-ETH,2024-07-12T00:00:00,2024-07-12T09:00:00,4382000,4444000,4318000,4413000,13081.55017,4413000,upbit,2026-06-28T04:34:13Z
KRW-ETH,2024-07-13T00:00:00,2024-07-13T09:00:00,4414000,4485000,4383000,4450000,9560.114248,4450000,upbit,2026-06-28T04:34:13Z
KRW-ETH,2024-07-14T00:00:00,2024-07-14T09:00:00,4450000,4595000,4440000,4557000,14424.35579,4557000,upbit,2026-06-28T04:34:13Z
KRW-ETH,2024-07-15T00:00:00,2024-07-15T09:00:00,4557000,4911000,4548000,4900000,25924.20999,4900000,upbit,2026-06-28T04:34:13Z
KRW-ETH,2024-07-16T00:00:00,2024-07-16T09:00:00,4900000,4927000,4681000,4809000,36014.81626,4809000,upbit,2026-06-28T04:34:13Z
KRW-ETH,2024-07-17T00:00:00,2024-07-17T09:00:00,4810000,4900000,4719000,4730000,23618.60328,4730000,upbit,2026-06-28T04:34:13Z
KRW-ETH,2024-07-18T00:00:00,2024-07-18T09:00:00,4730000,4890000,4720000,4811000,19001.40847,4811000,upbit,2026-06-28T04:34:13Z
KRW-ETH,2024-07-19T00:00:00,2024-07-19T09:00:00,4811000,4939000,4737000,4888000,26682.94954,4888000,upbit,2026-06-28T04:34:13Z
KRW-ETH,2024-07-20T00:00:00,2024-07-20T09:00:00,4888000,4954000,4864000,4928000,13048.6233,4928000,upbit,2026-06-28T04:34:13Z
KRW-ETH,2024-07-21T00:00:00,2024-07-21T09:00:00,4928000,4943000,4800000,4932000,17578.67978,4932000,upbit,2026-06-28T04:34:13Z
KRW-ETH,2024-07-22T00:00:00,2024-07-22T09:00:00,4932000,4968000,4790000,4808000,20954.67495,4808000,upbit,2026-06-28T04:34:13Z
KRW-ETH,2024-07-23T00:00:00,2024-07-23T09:00:00,4808000,4960000,4770000,4870000,36754.29344,4870000,upbit,2026-06-28T04:34:13Z
KRW-ETH,2024-07-24T00:00:00,2024-07-24T09:00:00,4870000,4883000,4632000,4674000,25375.65303,4674000,upbit,2026-06-28T04:34:13Z
KRW-ETH,2024-07-25T00:00:00,2024-07-25T09:00:00,4675000,4679000,4350000,4463000,48005.17598,4463000,upbit,2026-06-28T04:34:13Z
KRW-ETH,2024-07-26T00:00:00,2024-07-26T09:00:00,4464000,4587000,4458000,4571000,23329.72368,4571000,upbit,2026-06-28T04:34:13Z
KRW-ETH,2024-07-27T00:00:00,2024-07-27T09:00:00,4571000,4645000,4466000,4515000,24830.19541,4515000,upbit,2026-06-28T04:34:13Z
KRW-ETH,2024-07-28T00:00:00,2024-07-28T09:00:00,4515000,4587000,4471000,4569000,12324.30552,4569000,upbit,2026-06-28T04:34:13Z
KRW-ETH,2024-07-29T00:00:00,2024-07-29T09:00:00,4569000,4723000,4559000,4641000,25974.61607,4641000,upbit,2026-06-28T04:34:13Z
KRW-ETH,2024-07-30T00:00:00,2024-07-30T09:00:00,4642000,4697000,4544000,4597000,16872.56665,4597000,upbit,2026-06-28T04:34:13Z
KRW-ETH,2024-07-31T00:00:00,2024-07-31T09:00:00,4597000,4669000,4514000,4518000,16139.98746,4518000,upbit,2026-06-28T04:34:13Z
KRW-ETH,2024-08-01T00:00:00,2024-08-01T09:00:00,4517000,4537000,4351000,4500000,22863.74612,4500000,upbit,2026-06-28T04:34:13Z
KRW-ETH,2024-08-02T00:00:00,2024-08-02T09:00:00,4500000,4521000,4192000,4213000,25758.2784,4213000,upbit,2026-06-28T04:34:13Z
KRW-ETH,2024-08-03T00:00:00,2024-08-03T09:00:00,4213000,4248000,4060000,4110000,24088.61428,4110000,upbit,2026-06-28T04:34:13Z
KRW-ETH,2024-08-04T00:00:00,2024-08-04T09:00:00,4111000,4140000,3781000,3790000,35345.57199,3790000,upbit,2026-06-28T04:34:13Z
KRW-ETH,2024-08-05T00:00:00,2024-08-05T09:00:00,3790000,3812000,3162000,3483000,209059.7844,3483000,upbit,2026-06-28T04:34:13Z
KRW-ETH,2024-08-06T00:00:00,2024-08-06T09:00:00,3485000,3719000,3450000,3526000,63843.90206,3526000,upbit,2026-06-28T04:34:13Z
KRW-ETH,2024-08-07T00:00:00,2024-08-07T09:00:00,3525000,3620000,3300000,3338000,62637.50969,3338000,upbit,2026-06-28T04:34:13Z
KRW-ETH,2024-08-08T00:00:00,2024-08-08T09:00:00,3338000,3818000,3301000,3757000,66896.54791,3757000,upbit,2026-06-28T04:34:13Z
KRW-ETH,2024-08-09T00:00:00,2024-08-09T09:00:00,3757000,3803000,3600000,3654000,45674.66493,3654000,upbit,2026-06-28T04:34:13Z
KRW-ETH,2024-08-10T00:00:00,2024-08-10T09:00:00,3655000,3721000,3634000,3669000,14996.39496,3669000,upbit,2026-06-28T04:34:13Z
KRW-ETH,2024-08-11T00:00:00,2024-08-11T09:00:00,3670000,3802000,3578000,3601000,27693.30377,3601000,upbit,2026-06-28T04:34:13Z
KRW-ETH,2024-08-12T00:00:00,2024-08-12T09:00:00,3601000,3851000,3526000,3817000,47047.06375,3817000,upbit,2026-06-28T04:34:13Z
KRW-ETH,2024-08-13T00:00:00,2024-08-13T09:00:00,3817000,3833000,3665000,3774000,31402.59148,3774000,upbit,2026-06-28T04:34:13Z
KRW-ETH,2024-08-14T00:00:00,2024-08-14T09:00:00,3776000,3880000,3687000,3732000,31024.18635,3732000,upbit,2026-06-28T04:34:13Z
KRW-ETH,2024-08-15T00:00:00,2024-08-15T09:00:00,3732000,3748000,3554000,3616000,26660.40355,3616000,upbit,2026-06-28T04:34:13Z
KRW-ETH,2024-08-16T00:00:00,2024-08-16T09:00:00,3616000,3674000,3583000,3623000,16427.07078,3623000,upbit,2026-06-28T04:34:13Z
KRW-ETH,2024-08-17T00:00:00,2024-08-17T09:00:00,3624000,3659000,3612000,3638000,6040.624774,3638000,upbit,2026-06-28T04:34:13Z
KRW-ETH,2024-08-18T00:00:00,2024-08-18T09:00:00,3638000,3730000,3618000,3640000,11637.14392,3640000,upbit,2026-06-28T04:34:13Z
KRW-ETH,2024-08-19T00:00:00,2024-08-19T09:00:00,3638000,3672000,3537000,3620000,19155.47885,3620000,upbit,2026-06-28T04:34:13Z
KRW-ETH,2024-08-20T00:00:00,2024-08-20T09:00:00,3620000,3664000,3502000,3522000,24665.63748,3522000,upbit,2026-06-28T04:34:13Z
KRW-ETH,2024-08-21T00:00:00,2024-08-21T09:00:00,3522000,3606000,3475000,3564000,17055.74818,3564000,upbit,2026-06-28T04:34:13Z
KRW-ETH,2024-08-22T00:00:00,2024-08-22T09:00:00,3564000,3579000,3515000,3557000,11272.60438,3557000,upbit,2026-06-28T04:34:13Z
KRW-ETH,2024-08-23T00:00:00,2024-08-23T09:00:00,3558000,3739000,3554000,3690000,23079.48965,3690000,upbit,2026-06-28T04:34:13Z
KRW-ETH,2024-08-24T00:00:00,2024-08-24T09:00:00,3690000,3758000,3667000,3701000,19509.04802,3701000,upbit,2026-06-28T04:34:13Z
KRW-ETH,2024-08-25T00:00:00,2024-08-25T09:00:00,3701000,3735000,3662000,3689000,13184.09938,3689000,upbit,2026-06-28T04:34:13Z
KRW-ETH,2024-08-26T00:00:00,2024-08-26T09:00:00,3690000,3701000,3590000,3605000,14360.43533,3605000,upbit,2026-06-28T04:34:13Z
KRW-ETH,2024-08-27T00:00:00,2024-08-27T09:00:00,3606000,3619000,3312000,3346000,40415.42699,3346000,upbit,2026-06-28T04:34:13Z
KRW-ETH,2024-08-28T00:00:00,2024-08-28T09:00:00,3347000,3485000,3300000,3445000,33287.94799,3445000,upbit,2026-06-28T04:34:13Z
KRW-ETH,2024-08-29T00:00:00,2024-08-29T09:00:00,3444000,3511000,3411000,3437000,15008.10389,3437000,upbit,2026-06-28T04:34:13Z
KRW-ETH,2024-08-30T00:00:00,2024-08-30T09:00:00,3437000,3465000,3334000,3435000,14911.40896,3435000,upbit,2026-06-28T04:34:13Z
KRW-ETH,2024-08-31T00:00:00,2024-08-31T09:00:00,3437000,3447000,3389000,3419000,5024.242392,3419000,upbit,2026-06-28T04:34:13Z
KRW-ETH,2024-09-01T00:00:00,2024-09-01T09:00:00,3420000,3425000,3295000,3317000,14201.47535,3317000,upbit,2026-06-28T04:34:13Z
KRW-ETH,2024-09-02T00:00:00,2024-09-02T09:00:00,3317000,3480000,3315000,3442000,14145.60707,3442000,upbit,2026-06-28T04:34:13Z
KRW-ETH,2024-09-03T00:00:00,2024-09-03T09:00:00,3443000,3464000,3297000,3304000,14343.188,3304000,upbit,2026-06-28T04:34:13Z
KRW-ETH,2024-09-04T00:00:00,2024-09-04T09:00:00,3306000,3373000,3170000,3323000,23444.67416,3323000,upbit,2026-06-28T04:34:13Z
KRW-ETH,2024-09-05T00:00:00,2024-09-05T09:00:00,3323000,3340000,3201000,3220000,14573.90469,3220000,upbit,2026-06-28T04:34:13Z
KRW-ETH,2024-09-06T00:00:00,2024-09-06T09:00:00,3221000,3256000,2955000,3039000,44219.82937,3039000,upbit,2026-06-28T04:34:13Z
KRW-ETH,2024-09-07T00:00:00,2024-09-07T09:00:00,3040000,3143000,3021000,3088000,14017.52807,3088000,upbit,2026-06-28T04:34:13Z
KRW-ETH,2024-09-08T00:00:00,2024-09-08T09:00:00,3090000,3157000,3043000,3118000,10300.35732,3118000,upbit,2026-06-28T04:34:13Z
KRW-ETH,2024-09-09T00:00:00,2024-09-09T09:00:00,3118000,3222000,3090000,3196000,17744.35624,3196000,upbit,2026-06-28T04:34:13Z
KRW-ETH,2024-09-10T00:00:00,2024-09-10T09:00:00,3196000,3247000,3153000,3232000,13695.61357,3232000,upbit,2026-06-28T04:34:13Z
KRW-ETH,2024-09-11T00:00:00,2024-09-11T09:00:00,3232000,3237000,3092000,3158000,15786.03026,3158000,upbit,2026-06-28T04:34:13Z
KRW-ETH,2024-09-12T00:00:00,2024-09-12T09:00:00,3160000,3220000,3126000,3179000,16569.10445,3179000,upbit,2026-06-28T04:34:13Z
KRW-ETH,2024-09-13T00:00:00,2024-09-13T09:00:00,3179000,3302000,3143000,3267000,15560.59421,3267000,upbit,2026-06-28T04:34:13Z
KRW-ETH,2024-09-14T00:00:00,2024-09-14T09:00:00,3267000,3270000,3202000,3244000,6996.088174,3244000,upbit,2026-06-28T04:34:13Z
KRW-ETH,2024-09-15T00:00:00,2024-09-15T09:00:00,3244000,3262000,3070000,3125000,10529.51034,3125000,upbit,2026-06-28T04:34:13Z
KRW-ETH,2024-09-16T00:00:00,2024-09-16T09:00:00,3124000,3138000,3039000,3094000,18468.29411,3094000,upbit,2026-06-28T04:34:13Z
KRW-ETH,2024-09-17T00:00:00,2024-09-17T09:00:00,3095000,3210000,3053000,3147000,17377.03669,3147000,upbit,2026-06-28T04:34:13Z
KRW-ETH,2024-09-18T00:00:00,2024-09-18T09:00:00,3145000,3182000,3073000,3179000,15046.97637,3179000,upbit,2026-06-28T04:34:13Z
KRW-ETH,2024-09-19T00:00:00,2024-09-19T09:00:00,3179000,3325000,3170000,3286000,24509.45725,3286000,upbit,2026-06-28T04:34:13Z
KRW-ETH,2024-09-20T00:00:00,2024-09-20T09:00:00,3285000,3432000,3250000,3423000,25952.85971,3423000,upbit,2026-06-28T04:34:13Z
KRW-ETH,2024-09-21T00:00:00,2024-09-21T09:00:00,3423000,3492000,3385000,3482000,13053.29599,3482000,upbit,2026-06-28T04:34:13Z
KRW-ETH,2024-09-22T00:00:00,2024-09-22T09:00:00,3480000,3507000,3383000,3451000,12506.05385,3451000,upbit,2026-06-28T04:34:13Z
KRW-ETH,2024-09-23T00:00:00,2024-09-23T09:00:00,3451000,3612000,3397000,3538000,17569.94624,3538000,upbit,2026-06-28T04:34:13Z
KRW-ETH,2024-09-24T00:00:00,2024-09-24T09:00:00,3538000,3562000,3470000,3519000,15919.47344,3519000,upbit,2026-06-28T04:34:13Z
KRW-ETH,2024-09-25T00:00:00,2024-09-25T09:00:00,3520000,3545000,3420000,3449000,15003.13741,3449000,upbit,2026-06-28T04:34:13Z
KRW-ETH,2024-09-26T00:00:00,2024-09-26T09:00:00,3450000,3512000,3417000,3478000,18412.42991,3478000,upbit,2026-06-28T04:34:13Z
KRW-ETH,2024-09-27T00:00:00,2024-09-27T09:00:00,3477000,3595000,3467000,3560000,17593.36,3560000,upbit,2026-06-28T04:34:13Z
KRW-ETH,2024-09-28T00:00:00,2024-09-28T09:00:00,3560000,3573000,3490000,3519000,12179.05078,3519000,upbit,2026-06-28T04:34:13Z
KRW-ETH,2024-09-29T00:00:00,2024-09-29T09:00:00,3523000,3535000,3471000,3480000,10060.76288,3480000,upbit,2026-06-28T04:34:13Z
KRW-ETH,2024-09-30T00:00:00,2024-09-30T09:00:00,3480000,3484000,3400000,3440000,14482.46668,3440000,upbit,2026-06-28T04:34:13Z
KRW-ETH,2024-10-01T00:00:00,2024-10-01T09:00:00,3440000,3512000,3244000,3281000,22924.65523,3281000,upbit,2026-06-28T04:34:13Z
KRW-ETH,2024-10-02T00:00:00,2024-10-02T09:00:00,3281000,3339000,3169000,3188000,19143.68117,3188000,upbit,2026-06-28T04:34:13Z
KRW-ETH,2024-10-03T00:00:00,2024-10-03T09:00:00,3189000,3237000,3141000,3189000,15632.61507,3189000,upbit,2026-06-28T04:34:13Z
KRW-ETH,2024-10-04T00:00:00,2024-10-04T09:00:00,3190000,3299000,3170000,3261000,13531.92475,3261000,upbit,2026-06-28T04:34:13Z
KRW-ETH,2024-10-05T00:00:00,2024-10-05T09:00:00,3259000,3284000,3233000,3271000,5747.725959,3271000,upbit,2026-06-28T04:34:13Z
KRW-ETH,2024-10-06T00:00:00,2024-10-06T09:00:00,3271000,3308000,3257000,3282000,5778.182747,3282000,upbit,2026-06-28T04:34:13Z
KRW-ETH,2024-10-07T00:00:00,2024-10-07T09:00:00,3282000,3380000,3245000,3269000,15285.24767,3269000,upbit,2026-06-28T04:34:13Z
KRW-ETH,2024-10-08T00:00:00,2024-10-08T09:00:00,3267000,3330000,3254000,3305000,8264.230321,3305000,upbit,2026-06-28T04:34:13Z
KRW-ETH,2024-10-09T00:00:00,2024-10-09T09:00:00,3304000,3346000,3202000,3219000,9195.75979,3219000,upbit,2026-06-28T04:34:13Z
KRW-ETH,2024-10-10T00:00:00,2024-10-10T09:00:00,3219000,3285000,3190000,3246000,10039.63799,3246000,upbit,2026-06-28T04:34:13Z
KRW-ETH,2024-10-11T00:00:00,2024-10-11T09:00:00,3245000,3335000,3237000,3292000,8708.9204,3292000,upbit,2026-06-28T04:34:13Z
KRW-ETH,2024-10-12T00:00:00,2024-10-12T09:00:00,3292000,3348000,3285000,3330000,5913.808515,3330000,upbit,2026-06-28T04:34:13Z
KRW-ETH,2024-10-13T00:00:00,2024-10-13T09:00:00,3329000,3341000,3292000,3329000,5784.488961,3329000,upbit,2026-06-28T04:34:13Z
KRW-ETH,2024-10-14T00:00:00,2024-10-14T09:00:00,3329000,3551000,3302000,3528000,23396.05092,3528000,upbit,2026-06-28T04:34:13Z
KRW-ETH,2024-10-15T00:00:00,2024-10-15T09:00:00,3528000,3623000,3442000,3524000,26297.17721,3524000,upbit,2026-06-28T04:34:13Z
KRW-ETH,2024-10-16T00:00:00,2024-10-16T09:00:00,3524000,3575000,3504000,3541000,14774.89569,3541000,upbit,2026-06-28T04:34:13Z
KRW-ETH,2024-10-17T00:00:00,2024-10-17T09:00:00,3540000,3591000,3526000,3550000,12369.7279,3550000,upbit,2026-06-28T04:34:13Z
KRW-ETH,2024-10-18T00:00:00,2024-10-18T09:00:00,3550000,3630000,3533000,3601000,14707.16419,3601000,upbit,2026-06-28T04:34:13Z
KRW-ETH,2024-10-19T00:00:00,2024-10-19T09:00:00,3602000,3624000,3589000,3615000,8535.601512,3615000,upbit,2026-06-28T04:34:13Z
KRW-ETH,2024-10-20T00:00:00,2024-10-20T09:00:00,3615000,3749000,3596000,3738000,13950.73098,3738000,upbit,2026-06-28T04:34:13Z
KRW-ETH,2024-10-21T00:00:00,2024-10-21T09:00:00,3738000,3766000,3630000,3651000,20139.6489,3651000,upbit,2026-06-28T04:34:13Z
KRW-ETH,2024-10-22T00:00:00,2024-10-22T09:00:00,3654000,3665000,3579000,3612000,16457.63093,3612000,upbit,2026-06-28T04:34:13Z
KRW-ETH,2024-10-23T00:00:00,2024-10-23T09:00:00,3613000,3622000,3421000,3499000,18442.77999,3499000,upbit,2026-06-28T04:34:13Z
KRW-ETH,2024-10-24T00:00:00,2024-10-24T09:00:00,3500000,3549000,3468000,3500000,19747.27755,3500000,upbit,2026-06-28T04:34:13Z
KRW-ETH,2024-10-25T00:00:00,2024-10-25T09:00:00,3501000,3555000,3365000,3433000,26843.95354,3433000,upbit,2026-06-28T04:34:13Z
KRW-ETH,2024-10-26T00:00:00,2024-10-26T09:00:00,3433000,3509000,3415000,3475000,8581.392731,3475000,upbit,2026-06-28T04:34:13Z
KRW-ETH,2024-10-27T00:00:00,2024-10-27T09:00:00,3475000,3522000,3450000,3496000,8852.661241,3496000,upbit,2026-06-28T04:34:13Z
KRW-ETH,2024-10-28T00:00:00,2024-10-28T09:00:00,3496000,3600000,3450000,3579000,20957.24113,3579000,upbit,2026-06-28T04:34:13Z
KRW-ETH,2024-10-29T00:00:00,2024-10-29T09:00:00,3577000,3718000,3566000,3674000,30553.94624,3674000,upbit,2026-06-28T04:34:13Z
KRW-ETH,2024-10-30T00:00:00,2024-10-30T09:00:00,3672000,3784000,3611000,3695000,34506.64299,3695000,upbit,2026-06-28T04:34:13Z
KRW-ETH,2024-10-31T00:00:00,2024-10-31T09:00:00,3695000,3711000,3490000,3514000,28120.41762,3514000,upbit,2026-06-28T04:34:13Z
KRW-ETH,2024-11-01T00:00:00,2024-11-01T09:00:00,3514000,3604000,3430000,3516000,22234.71357,3516000,upbit,2026-06-28T04:34:13Z
KRW-ETH,2024-11-02T00:00:00,2024-11-02T09:00:00,3516000,3535000,3460000,3496000,8879.042968,3496000,upbit,2026-06-28T04:34:13Z
KRW-ETH,2024-11-03T00:00:00,2024-11-03T09:00:00,3493000,3500000,3366000,3426000,16360.67448,3426000,upbit,2026-06-28T04:34:13Z
KRW-ETH,2024-11-04T00:00:00,2024-11-04T09:00:00,3426000,3469000,3290000,3335000,17474.44071,3335000,upbit,2026-06-28T04:34:13Z
KRW-ETH,2024-11-05T00:00:00,2024-11-05T09:00:00,3335000,3456000,3316000,3364000,18545.11863,3364000,upbit,2026-06-28T04:34:13Z
KRW-ETH,2024-11-06T00:00:00,2024-11-06T09:00:00,3364000,3767000,3359000,3755000,67605.64743,3755000,upbit,2026-06-28T04:34:13Z
KRW-ETH,2024-11-07T00:00:00,2024-11-07T09:00:00,3755000,3996000,3701000,3981000,77549.45916,3981000,upbit,2026-06-28T04:34:13Z
KRW-ETH,2024-11-08T00:00:00,2024-11-08T09:00:00,3981000,4150000,3980000,4136000,56303.1774,4136000,upbit,2026-06-28T04:34:13Z
KRW-ETH,2024-11-09T00:00:00,2024-11-09T09:00:00,4136000,4370000,4111000,4332000,51487.66493,4332000,upbit,2026-06-28T04:34:13Z
KRW-ETH,2024-11-10T00:00:00,2024-11-10T09:00:00,4332000,4480000,4239000,4411000,79667.42987,4411000,upbit,2026-06-28T04:34:13Z
KRW-ETH,2024-11-11T00:00:00,2024-11-11T09:00:00,4411000,4744000,4304000,4725000,94436.676,4725000,upbit,2026-06-28T04:34:13Z
KRW-ETH,2024-11-12T00:00:00,2024-11-12T09:00:00,4725000,4894000,4500000,4614000,114399.5898,4614000,upbit,2026-06-28T04:34:13Z
KRW-ETH,2024-11-13T00:00:00,2024-11-13T09:00:00,4617000,4720000,4443000,4524000,78624.55264,4524000,upbit,2026-06-28T04:34:13Z
KRW-ETH,2024-11-14T00:00:00,2024-11-14T09:00:00,4523000,4609000,4250000,4331000,60396.76446,4331000,upbit,2026-06-28T04:34:13Z
KRW-ETH,2024-11-15T00:00:00,2024-11-15T09:00:00,4332000,4437000,4281000,4359000,55055.53538,4359000,upbit,2026-06-28T04:34:13Z
KRW-ETH,2024-11-16T00:00:00,2024-11-16T09:00:00,4358000,4600000,4326000,4402000,93673.91829,4402000,upbit,2026-06-28T04:34:13Z
KRW-ETH,2024-11-17T00:00:00,2024-11-17T09:00:00,4403000,4441000,4260000,4329000,55854.2774,4329000,upbit,2026-06-28T04:34:13Z
KRW-ETH,2024-11-18T00:00:00,2024-11-18T09:00:00,4330000,4545000,4298000,4511000,65533.18965,4511000,upbit,2026-06-28T04:34:13Z
KRW-ETH,2024-11-19T00:00:00,2024-11-19T09:00:00,4511000,4540000,4328000,4372000,59172.97944,4372000,upbit,2026-06-28T04:34:13Z
KRW-ETH,2024-11-20T00:00:00,2024-11-20T09:00:00,4373000,4426000,4300000,4338000,50466.16391,4338000,upbit,2026-06-28T04:34:13Z
KRW-ETH,2024-11-21T00:00:00,2024-11-21T09:00:00,4338000,4733000,4309000,4685000,171843.3389,4685000,upbit,2026-06-28T04:34:13Z
KRW-ETH,2024-11-22T00:00:00,2024-11-22T09:00:00,4684000,4789000,4350000,4614000,146127.2877,4614000,upbit,2026-06-28T04:34:13Z
KRW-ETH,2024-11-23T00:00:00,2024-11-23T09:00:00,4613000,4821000,4572000,4727000,143847.9808,4727000,upbit,2026-06-28T04:34:13Z
KRW-ETH,2024-11-24T00:00:00,2024-11-24T09:00:00,4725000,4805000,4492000,4672000,97500.64239,4672000,upbit,2026-06-28T04:34:13Z
KRW-ETH,2024-11-25T00:00:00,2024-11-25T09:00:00,4672000,4932000,4555000,4759000,148214.9067,4759000,upbit,2026-06-28T04:34:13Z
KRW-ETH,2024-11-26T00:00:00,2024-11-26T09:00:00,4759000,4826000,4572000,4654000,76285.74333,4654000,upbit,2026-06-28T04:34:13Z
KRW-ETH,2024-11-27T00:00:00,2024-11-27T09:00:00,4653000,5130000,4605000,5070000,110089.5282,5070000,upbit,2026-06-28T04:34:13Z
KRW-ETH,2024-11-28T00:00:00,2024-11-28T09:00:00,5071000,5106000,4944000,4988000,69262.01043,4988000,upbit,2026-06-28T04:34:13Z
KRW-ETH,2024-11-29T00:00:00,2024-11-29T09:00:00,4988000,5031000,4909000,4966000,53466.1212,4966000,upbit,2026-06-28T04:34:13Z
KRW-ETH,2024-11-30T00:00:00,2024-11-30T09:00:00,4966000,5180000,4941000,5133000,74323.20634,5133000,upbit,2026-06-28T04:34:13Z
KRW-ETH,2024-12-01T00:00:00,2024-12-01T09:00:00,5132000,5197000,5090000,5105000,57600.32816,5105000,upbit,2026-06-28T04:34:13Z
KRW-ETH,2024-12-02T00:00:00,2024-12-02T09:00:00,5104000,5215000,4995000,5085000,92668.98149,5085000,upbit,2026-06-28T04:34:13Z
KRW-ETH,2024-12-03T00:00:00,2024-12-03T09:00:00,5085000,5113000,3120000,5051000,194378.3896,5051000,upbit,2026-06-28T04:34:13Z
KRW-ETH,2024-12-04T00:00:00,2024-12-04T09:00:00,5051000,5456000,5049000,5402000,144258.1325,5402000,upbit,2026-06-28T04:34:13Z
KRW-ETH,2024-12-05T00:00:00,2024-12-05T09:00:00,5403000,5541000,5250000,5364000,109634.8981,5364000,upbit,2026-06-28T04:34:13Z
KRW-ETH,2024-12-06T00:00:00,2024-12-06T09:00:00,5365000,5700000,5314000,5581000,100687.575,5581000,upbit,2026-06-28T04:34:13Z
KRW-ETH,2024-12-07T00:00:00,2024-12-07T09:00:00,5580000,5619000,5500000,5562000,40010.31326,5562000,upbit,2026-06-28T04:34:13Z
KRW-ETH,2024-12-08T00:00:00,2024-12-08T09:00:00,5563000,5618000,5503000,5591000,31185.08927,5591000,upbit,2026-06-28T04:34:13Z
KRW-ETH,2024-12-09T00:00:00,2024-12-09T09:00:00,5591000,5601000,5030000,5300000,100138.4961,5300000,upbit,2026-06-28T04:34:13Z
KRW-ETH,2024-12-10T00:00:00,2024-12-10T09:00:00,5306000,5398000,5084000,5194000,86983.17686,5194000,upbit,2026-06-28T04:34:13Z
KRW-ETH,2024-12-11T00:00:00,2024-12-11T09:00:00,5195000,5463000,5056000,5423000,58403.24537,5423000,upbit,2026-06-28T04:34:13Z
KRW-ETH,2024-12-12T00:00:00,2024-12-12T09:00:00,5423000,5656000,5382000,5544000,66453.10443,5544000,upbit,2026-06-28T04:34:13Z
KRW-ETH,2024-12-13T00:00:00,2024-12-13T09:00:00,5544000,5636000,5500000,5567000,39779.3586,5567000,upbit,2026-06-28T04:34:13Z
KRW-ETH,2024-12-14T00:00:00,2024-12-14T09:00:00,5567000,5616000,5459000,5567000,36733.36984,5567000,upbit,2026-06-28T04:34:13Z
KRW-ETH,2024-12-15T00:00:00,2024-12-15T09:00:00,5568000,5678000,5524000,5651000,34257.59594,5651000,upbit,2026-06-28T04:34:13Z
KRW-ETH,2024-12-16T00:00:00,2024-12-16T09:00:00,5651000,5900000,5627000,5774000,72832.00734,5774000,upbit,2026-06-28T04:34:13Z
KRW-ETH,2024-12-17T00:00:00,2024-12-17T09:00:00,5774000,5870000,5606000,5701000,74340.63969,5701000,upbit,2026-06-28T04:34:13Z
KRW-ETH,2024-12-18T00:00:00,2024-12-18T09:00:00,5701000,5750000,5325000,5351000,76232.47969,5351000,upbit,2026-06-28T04:34:13Z
KRW-ETH,2024-12-19T00:00:00,2024-12-19T09:00:00,5351000,5557000,5063000,5170000,92729.86101,5170000,upbit,2026-06-28T04:34:13Z
KRW-ETH,2024-12-20T00:00:00,2024-12-20T09:00:00,5171000,5298000,4685000,5256000,146072.6613,5256000,upbit,2026-06-28T04:34:13Z
KRW-ETH,2024-12-21T00:00:00,2024-12-21T09:00:00,5256000,5342000,5020000,5078000,51213.78404,5078000,upbit,2026-06-28T04:34:13Z
KRW-ETH,2024-12-22T00:00:00,2024-12-22T09:00:00,5079000,5147000,4928000,4989000,34304.09259,4989000,upbit,2026-06-28T04:34:13Z
KRW-ETH,2024-12-23T00:00:00,2024-12-23T09:00:00,4989000,5228000,4882000,5154000,46638.63887,5154000,upbit,2026-06-28T04:34:13Z
KRW-ETH,2024-12-24T00:00:00,2024-12-24T09:00:00,5154000,5271000,5050000,5195000,39126.33015,5195000,upbit,2026-06-28T04:34:13Z
KRW-ETH,2024-12-25T00:00:00,2024-12-25T09:00:00,5193000,5300000,5142000,5207000,30448.87062,5207000,upbit,2026-06-28T04:34:13Z
KRW-ETH,2024-12-26T00:00:00,2024-12-26T09:00:00,5210000,5237000,5000000,5013000,30793.74468,5013000,upbit,2026-06-28T04:34:13Z
KRW-ETH,2024-12-27T00:00:00,2024-12-27T09:00:00,5016000,5161000,4973000,5019000,32824.60711,5019000,upbit,2026-06-28T04:34:13Z
KRW-ETH,2024-12-28T00:00:00,2024-12-28T09:00:00,5019000,5120000,4992000,5083000,16383.32552,5083000,upbit,2026-06-28T04:34:13Z
KRW-ETH,2024-12-29T00:00:00,2024-12-29T09:00:00,5083000,5093000,4952000,5004000,17479.72125,5004000,upbit,2026-06-28T04:34:13Z
KRW-ETH,2024-12-30T00:00:00,2024-12-30T09:00:00,5005000,5099000,4901000,4994000,36488.01921,4994000,upbit,2026-06-28T04:34:13Z
KRW-ETH,2024-12-31T00:00:00,2024-12-31T09:00:00,4995000,5129000,4910000,4978000,29159.80238,4978000,upbit,2026-06-28T04:34:13Z
KRW-ETH,2025-01-01T00:00:00,2025-01-01T09:00:00,4981000,5034000,4960000,5021000,22855.21647,5021000,upbit,2026-06-28T04:34:13Z
KRW-ETH,2025-01-02T00:00:00,2025-01-02T09:00:00,5021000,5194000,5008000,5132000,32248.60106,5132000,upbit,2026-06-28T04:34:13Z
KRW-ETH,2025-01-03T00:00:00,2025-01-03T09:00:00,5132000,5342000,5080000,5312000,33499.43117,5312000,upbit,2026-06-28T04:34:13Z
KRW-ETH,2025-01-04T00:00:00,2025-01-04T09:00:00,5313000,5408000,5276000,5382000,27146.70916,5382000,upbit,2026-06-28T04:34:13Z
KRW-ETH,2025-01-05T00:00:00,2025-01-05T09:00:00,5382000,5421000,5295000,5350000,19994.50781,5350000,upbit,2026-06-28T04:34:13Z
KRW-ETH,2025-01-06T00:00:00,2025-01-06T09:00:00,5350000,5472000,5320000,5413000,28745.06388,5413000,upbit,2026-06-28T04:34:13Z
KRW-ETH,2025-01-07T00:00:00,2025-01-07T09:00:00,5413000,5433000,5023000,5059000,49827.86162,5059000,upbit,2026-06-28T04:34:13Z
KRW-ETH,2025-01-08T00:00:00,2025-01-08T09:00:00,5060000,5114000,4897000,4985000,54649.32005,4985000,upbit,2026-06-28T04:34:13Z
KRW-ETH,2025-01-09T00:00:00,2025-01-09T09:00:00,4986000,5028000,4810000,4864000,39961.59546,4864000,upbit,2026-06-28T04:34:13Z
KRW-ETH,2025-01-10T00:00:00,2025-01-10T09:00:00,4865000,5009000,4854000,4915000,30858.62295,4915000,upbit,2026-06-28T04:34:13Z
KRW-ETH,2025-01-11T00:00:00,2025-01-11T09:00:00,4914000,4967000,4862000,4915000,17682.51073,4915000,upbit,2026-06-28T04:34:13Z
KRW-ETH,2025-01-12T00:00:00,2025-01-12T09:00:00,4915000,4950000,4857000,4909000,16640.31257,4909000,upbit,2026-06-28T04:34:13Z
KRW-ETH,2025-01-13T00:00:00,2025-01-13T09:00:00,4910000,4989000,4550000,4717000,82269.66404,4717000,upbit,2026-06-28T04:34:13Z
KRW-ETH,2025-01-14T00:00:00,2025-01-14T09:00:00,4719000,4850000,4691000,4791000,36715.55013,4791000,upbit,2026-06-28T04:34:13Z
KRW-ETH,2025-01-15T00:00:00,2025-01-15T09:00:00,4793000,5096000,4716000,5057000,59689.3208,5057000,upbit,2026-06-28T04:34:13Z
KRW-ETH,2025-01-16T00:00:00,2025-01-16T09:00:00,5056000,5069000,4831000,4858000,66876.46265,4858000,upbit,2026-06-28T04:34:13Z
KRW-ETH,2025-01-17T00:00:00,2025-01-17T09:00:00,4858000,5171000,4853000,5085000,59111.25787,5085000,upbit,2026-06-28T04:34:13Z
KRW-ETH,2025-01-18T00:00:00,2025-01-18T09:00:00,5084000,5150000,4854000,4929000,82796.72096,4929000,upbit,2026-06-28T04:34:13Z
KRW-ETH,2025-01-19T00:00:00,2025-01-19T09:00:00,4930000,5200000,4789000,4892000,177220.5764,4892000,upbit,2026-06-28T04:34:13Z
KRW-ETH,2025-01-20T00:00:00,2025-01-20T09:00:00,4890000,5150000,4814000,4923000,123607.256,4923000,upbit,2026-06-28T04:34:13Z
KRW-ETH,2025-01-21T00:00:00,2025-01-21T09:00:00,4923000,4983000,4835000,4939000,57265.7234,4939000,upbit,2026-06-28T04:34:13Z
KRW-ETH,2025-01-22T00:00:00,2025-01-22T09:00:00,4939000,4986000,4829000,4846000,36064.70416,4846000,upbit,2026-06-28T04:34:13Z
KRW-ETH,2025-01-23T00:00:00,2025-01-23T09:00:00,4847000,4990000,4780000,4976000,50947.62522,4976000,upbit,2026-06-28T04:34:13Z
KRW-ETH,2025-01-24T00:00:00,2025-01-24T09:00:00,4979000,5093000,4890000,4968000,52225.0788,4968000,upbit,2026-06-28T04:34:13Z
KRW-ETH,2025-01-25T00:00:00,2025-01-25T09:00:00,4969000,5017000,4920000,4985000,18641.27384,4985000,upbit,2026-06-28T04:34:13Z
KRW-ETH,2025-01-26T00:00:00,2025-01-26T09:00:00,4985000,5033000,4914000,4923000,22205.55327,4923000,upbit,2026-06-28T04:34:13Z
KRW-ETH,2025-01-27T00:00:00,2025-01-27T09:00:00,4924000,4950000,4700000,4835000,62266.31673,4835000,upbit,2026-06-28T04:34:13Z
KRW-ETH,2025-01-28T00:00:00,2025-01-28T09:00:00,4835000,4879000,4710000,4741000,29747.18416,4741000,upbit,2026-06-28T04:34:13Z
KRW-ETH,2025-01-29T00:00:00,2025-01-29T09:00:00,4742000,4839000,4732000,4776000,22500.52857,4776000,upbit,2026-06-28T04:34:13Z
KRW-ETH,2025-01-30T00:00:00,2025-01-30T09:00:00,4776000,4962000,4754000,4898000,34359.52096,4898000,upbit,2026-06-28T04:34:13Z
KRW-ETH,2025-01-31T00:00:00,2025-01-31T09:00:00,4898000,5188000,4886000,5042000,61921.58487,5042000,upbit,2026-06-28T04:34:13Z
KRW-ETH,2025-02-01T00:00:00,2025-02-01T09:00:00,5046000,5099000,4840000,4877000,36610.68657,4877000,upbit,2026-06-28T04:34:13Z
KRW-ETH,2025-02-02T00:00:00,2025-02-02T09:00:00,4878000,4930000,4451000,4541000,75379.01877,4541000,upbit,2026-06-28T04:34:13Z
KRW-ETH,2025-02-03T00:00:00,2025-02-03T09:00:00,4540000,4616000,3950000,4501000,297904.1518,4501000,upbit,2026-06-28T04:34:13Z
KRW-ETH,2025-02-04T00:00:00,2025-02-04T09:00:00,4502000,4528000,4130000,4302000,115830.8808,4302000,upbit,2026-06-28T04:34:13Z
KRW-ETH,2025-02-05T00:00:00,2025-02-05T09:00:00,4302000,4402000,4235000,4366000,53979.54969,4366000,upbit,2026-06-28T04:34:13Z
KRW-ETH,2025-02-06T00:00:00,2025-02-06T09:00:00,4366000,4431000,4165000,4214000,49024.04714,4214000,upbit,2026-06-28T04:34:13Z
KRW-ETH,2025-02-07T00:00:00,2025-02-07T09:00:00,4214000,4311000,4000000,4068000,57555.36885,4068000,upbit,2026-06-28T04:34:13Z
KRW-ETH,2025-02-08T00:00:00,2025-02-08T09:00:00,4068000,4133000,4004000,4061000,27440.64503,4061000,upbit,2026-06-28T04:34:13Z
KRW-ETH,2025-02-09T00:00:00,2025-02-09T09:00:00,4063000,4149000,3910000,4022000,34860.88929,4022000,upbit,2026-06-28T04:34:13Z
KRW-ETH,2025-02-10T00:00:00,2025-02-10T09:00:00,4022000,4078000,3921000,4040000,32637.54023,4040000,upbit,2026-06-28T04:34:13Z
KRW-ETH,2025-02-11T00:00:00,2025-02-11T09:00:00,4040000,4121000,3941000,3970000,36081.56301,3970000,upbit,2026-06-28T04:34:13Z
KRW-ETH,2025-02-12T00:00:00,2025-02-12T09:00:00,3970000,4232000,3895000,4143000,51230.79379,4143000,upbit,2026-06-28T04:34:13Z
KRW-ETH,2025-02-13T00:00:00,2025-02-13T09:00:00,4142000,4166000,3970000,4037000,35500.90326,4037000,upbit,2026-06-28T04:34:13Z
KRW-ETH,2025-02-14T00:00:00,2025-02-14T09:00:00,4037000,4179000,4012000,4095000,30344.34896,4095000,upbit,2026-06-28T04:34:13Z
KRW-ETH,2025-02-15T00:00:00,2025-02-15T09:00:00,4095000,4119000,4038000,4069000,16209.78417,4069000,upbit,2026-06-28T04:34:13Z
KRW-ETH,2025-02-16T00:00:00,2025-02-16T09:00:00,4071000,4102000,4015000,4029000,13404.72474,4029000,upbit,2026-06-28T04:34:13Z
KRW-ETH,2025-02-17T00:00:00,2025-02-17T09:00:00,4029000,4288000,3997000,4134000,44405.63391,4134000,upbit,2026-06-28T04:34:13Z
KRW-ETH,2025-02-18T00:00:00,2025-02-18T09:00:00,4134000,4155000,3941000,4018000,41219.89182,4018000,upbit,2026-06-28T04:34:13Z
KRW-ETH,2025-02-19T00:00:00,2025-02-19T09:00:00,4019000,4087000,3984000,4055000,22485.33318,4055000,upbit,2026-06-28T04:34:13Z
KRW-ETH,2025-02-20T00:00:00,2025-02-20T09:00:00,4055000,4100000,4025000,4058000,21774.32051,4058000,upbit,2026-06-28T04:34:13Z
KRW-ETH,2025-02-21T00:00:00,2025-02-21T09:00:00,4058000,4188000,3904000,3954000,54228.55224,3954000,upbit,2026-06-28T04:34:13Z
KRW-ETH,2025-02-22T00:00:00,2025-02-22T09:00:00,3955000,4117000,3938000,4069000,24281.81041,4069000,upbit,2026-06-28T04:34:13Z
KRW-ETH,2025-02-23T00:00:00,2025-02-23T09:00:00,4067000,4180000,4044000,4136000,29100.77675,4136000,upbit,2026-06-28T04:34:13Z
KRW-ETH,2025-02-24T00:00:00,2025-02-24T09:00:00,4135000,4169000,3601000,3634000,91391.65167,3634000,upbit,2026-06-28T04:34:13Z
KRW-ETH,2025-02-25T00:00:00,2025-02-25T09:00:00,3633000,3696000,3368000,3643000,104476.4021,3643000,upbit,2026-06-28T04:34:13Z
KRW-ETH,2025-02-26T00:00:00,2025-02-26T09:00:00,3643000,3647000,3310000,3408000,54240.0372,3408000,upbit,2026-06-28T04:34:13Z
KRW-ETH,2025-02-27T00:00:00,2025-02-27T09:00:00,3409000,3487000,3291000,3384000,50712.57836,3384000,upbit,2026-06-28T04:34:13Z
KRW-ETH,2025-02-28T00:00:00,2025-02-28T09:00:00,3385000,3395000,3102000,3301000,99995.73247,3301000,upbit,2026-06-28T04:34:13Z
KRW-ETH,2025-03-01T00:00:00,2025-03-01T09:00:00,3301000,3392000,3191000,3302000,38713.41267,3302000,upbit,2026-06-28T04:34:13Z
KRW-ETH,2025-03-02T00:00:00,2025-03-02T09:00:00,3303000,3836000,3251000,3803000,143493.6011,3803000,upbit,2026-06-28T04:34:13Z
KRW-ETH,2025-03-03T00:00:00,2025-03-03T09:00:00,3803000,3816000,3164000,3242000,103237.4149,3242000,upbit,2026-06-28T04:34:13Z
KRW-ETH,2025-03-04T00:00:00,2025-03-04T09:00:00,3243000,3336000,3028000,3244000,80459.11168,3244000,upbit,2026-06-28T04:34:13Z
KRW-ETH,2025-03-05T00:00:00,2025-03-05T09:00:00,3247000,3404000,3215000,3340000,44872.78395,3340000,upbit,2026-06-28T04:34:13Z
KRW-ETH,2025-03-06T00:00:00,2025-03-06T09:00:00,3340000,3452000,3253000,3278000,44271.36978,3278000,upbit,2026-06-28T04:34:13Z
KRW-ETH,2025-03-07T00:00:00,2025-03-07T09:00:00,3278000,3350000,3154000,3196000,51557.59295,3196000,upbit,2026-06-28T04:34:13Z
KRW-ETH,2025-03-08T00:00:00,2025-03-08T09:00:00,3197000,3330000,3150000,3286000,32841.3434,3286000,upbit,2026-06-28T04:34:13Z
KRW-ETH,2025-03-09T00:00:00,2025-03-09T09:00:00,3283000,3296000,2985000,3031000,49719.64163,3031000,upbit,2026-06-28T04:34:13Z
KRW-ETH,2025-03-10T00:00:00,2025-03-10T09:00:00,3031000,3199000,2725000,2791000,95529.40094,2791000,upbit,2026-06-28T04:34:13Z
KRW-ETH,2025-03-11T00:00:00,2025-03-11T09:00:00,2791000,2910000,2635000,2855000,97082.41937,2855000,upbit,2026-06-28T04:34:13Z
KRW-ETH,2025-03-12T00:00:00,2025-03-12T09:00:00,2855000,2901000,2732000,2825000,79771.40244,2825000,upbit,2026-06-28T04:34:13Z
KRW-ETH,2025-03-13T00:00:00,2025-03-13T09:00:00,2825000,2847000,2710000,2762000,44754.00624,2762000,upbit,2026-06-28T04:34:13Z
KRW-ETH,2025-03-14T00:00:00,2025-03-14T09:00:00,2765000,2866000,2756000,2820000,28614.93592,2820000,upbit,2026-06-28T04:34:13Z
KRW-ETH,2025-03-15T00:00:00,2025-03-15T09:00:00,2820000,2882000,2808000,2848000,19018.34324,2848000,upbit,2026-06-28T04:34:13Z
KRW-ETH,2025-03-16T00:00:00,2025-03-16T09:00:00,2848000,2855000,2746000,2781000,25573.30771,2781000,upbit,2026-06-28T04:34:13Z
KRW-ETH,2025-03-17T00:00:00,2025-03-17T09:00:00,2781000,2848000,2761000,2818000,19551.12723,2818000,upbit,2026-06-28T04:34:13Z
KRW-ETH,2025-03-18T00:00:00,2025-03-18T09:00:00,2817000,2838000,2758000,2831000,19218.54763,2831000,upbit,2026-06-28T04:34:13Z
KRW-ETH,2025-03-19T00:00:00,2025-03-19T09:00:00,2830000,3039000,2820000,3013000,50073.7689,3013000,upbit,2026-06-28T04:34:13Z
KRW-ETH,2025-03-20T00:00:00,2025-03-20T09:00:00,3013000,3037000,2887000,2926000,29318.5926,2926000,upbit,2026-06-28T04:34:13Z
KRW-ETH,2025-03-21T00:00:00,2025-03-21T09:00:00,2926000,2944000,2858000,2910000,17908.66187,2910000,upbit,2026-06-28T04:34:13Z
KRW-ETH,2025-03-22T00:00:00,2025-03-22T09:00:00,2910000,2963000,2907000,2930000,11015.69979,2930000,upbit,2026-06-28T04:34:13Z
KRW-ETH,2025-03-23T00:00:00,2025-03-23T09:00:00,2930000,2990000,2926000,2960000,12943.09164,2960000,upbit,2026-06-28T04:34:13Z
KRW-ETH,2025-03-24T00:00:00,2025-03-24T09:00:00,2957000,3103000,2924000,3067000,28645.97308,3067000,upbit,2026-06-28T04:34:13Z
KRW-ETH,2025-03-25T00:00:00,2025-03-25T09:00:00,3064000,3094000,3010000,3044000,22033.21746,3044000,upbit,2026-06-28T04:34:13Z
KRW-ETH,2025-03-26T00:00:00,2025-03-26T09:00:00,3044000,3061000,2938000,2972000,27718.32733,2972000,upbit,2026-06-28T04:34:13Z
KRW-ETH,2025-03-27T00:00:00,2025-03-27T09:00:00,2972000,3007000,2942000,2958000,17949.09389,2958000,upbit,2026-06-28T04:34:13Z
KRW-ETH,2025-03-28T00:00:00,2025-03-28T09:00:00,2960000,2974000,2777000,2828000,39476.78554,2828000,upbit,2026-06-28T04:34:13Z
KRW-ETH,2025-03-29T00:00:00,2025-03-29T09:00:00,2829000,2849000,2691000,2729000,27360.68471,2729000,upbit,2026-06-28T04:34:13Z
KRW-ETH,2025-03-30T00:00:00,2025-03-30T09:00:00,2729000,2763000,2655000,2702000,23100.41149,2702000,upbit,2026-06-28T04:34:13Z
KRW-ETH,2025-03-31T00:00:00,2025-03-31T09:00:00,2703000,2762000,2652000,2721000,28030.57487,2721000,upbit,2026-06-28T04:34:13Z
KRW-ETH,2025-04-01T00:00:00,2025-04-01T09:00:00,2721000,2857000,2707000,2829000,24826.9827,2829000,upbit,2026-06-28T04:34:13Z
KRW-ETH,2025-04-02T00:00:00,2025-04-02T09:00:00,2829000,2885000,2653000,2670000,37700.44866,2670000,upbit,2026-06-28T04:34:13Z
KRW-ETH,2025-04-03T00:00:00,2025-04-03T09:00:00,2672000,2738000,2609000,2693000,30868.97207,2693000,upbit,2026-06-28T04:34:13Z
KRW-ETH,2025-04-04T00:00:00,2025-04-04T09:00:00,2694000,2705000,2607000,2670000,40892.52622,2670000,upbit,2026-06-28T04:34:13Z
KRW-ETH,2025-04-05T00:00:00,2025-04-05T09:00:00,2670000,2689000,2616000,2665000,13232.84089,2665000,upbit,2026-06-28T04:34:13Z
KRW-ETH,2025-04-06T00:00:00,2025-04-06T09:00:00,2666000,2682000,2312000,2368000,75605.69434,2368000,upbit,2026-06-28T04:34:13Z
KRW-ETH,2025-04-07T00:00:00,2025-04-07T09:00:00,2368000,2444000,2151000,2315000,123935.5308,2315000,upbit,2026-06-28T04:34:13Z
KRW-ETH,2025-04-08T00:00:00,2025-04-08T09:00:00,2318000,2410000,2174000,2210000,53874.12067,2210000,upbit,2026-06-28T04:34:13Z
KRW-ETH,2025-04-09T00:00:00,2025-04-09T09:00:00,2210000,2485000,2096000,2454000,161682.4118,2454000,upbit,2026-06-28T04:34:13Z
KRW-ETH,2025-04-10T00:00:00,2025-04-10T09:00:00,2454000,2455000,2193000,2257000,88093.25489,2257000,upbit,2026-06-28T04:34:13Z
KRW-ETH,2025-04-11T00:00:00,2025-04-11T09:00:00,2257000,2320000,2227000,2282000,48600.18799,2282000,upbit,2026-06-28T04:34:13Z
KRW-ETH,2025-04-12T00:00:00,2025-04-12T09:00:00,2282000,2417000,2257000,2381000,44374.45746,2381000,upbit,2026-06-28T04:34:13Z
KRW-ETH,2025-04-13T00:00:00,2025-04-13T09:00:00,2380000,2390000,2280000,2320000,44168.40871,2320000,upbit,2026-06-28T04:34:13Z
KRW-ETH,2025-04-14T00:00:00,2025-04-14T09:00:00,2320000,2449000,2316000,2356000,46078.19912,2356000,upbit,2026-06-28T04:34:13Z
KRW-ETH,2025-04-15T00:00:00,2025-04-15T09:00:00,2355000,2405000,2317000,2322000,34743.00526,2322000,upbit,2026-06-28T04:34:13Z
KRW-ETH,2025-04-16T00:00:00,2025-04-16T09:00:00,2325000,2338000,2240000,2288000,39803.18898,2288000,upbit,2026-06-28T04:34:13Z
KRW-ETH,2025-04-17T00:00:00,2025-04-17T09:00:00,2290000,2335000,2268000,2287000,19143.96799,2287000,upbit,2026-06-28T04:34:13Z
KRW-ETH,2025-04-18T00:00:00,2025-04-18T09:00:00,2288000,2316000,2280000,2301000,12865.17394,2301000,upbit,2026-06-28T04:34:13Z
KRW-ETH,2025-04-19T00:00:00,2025-04-19T09:00:00,2302000,2355000,2297000,2327000,16901.43526,2327000,upbit,2026-06-28T04:34:13Z
KRW-ETH,2025-04-20T00:00:00,2025-04-20T09:00:00,2325000,2339000,2269000,2288000,18319.91246,2288000,upbit,2026-06-28T04:34:13Z
KRW-ETH,2025-04-21T00:00:00,2025-04-21T09:00:00,2289000,2374000,2251000,2278000,42931.79931,2278000,upbit,2026-06-28T04:34:13Z
KRW-ETH,2025-04-22T00:00:00,2025-04-22T09:00:00,2278000,2539000,2226000,2515000,82581.9058,2515000,upbit,2026-06-28T04:34:13Z
KRW-ETH,2025-04-23T00:00:00,2025-04-23T09:00:00,2515000,2625000,2498000,2575000,79026.39088,2575000,upbit,2026-06-28T04:34:13Z
KRW-ETH,2025-04-24T00:00:00,2025-04-24T09:00:00,2576000,2582000,2480000,2539000,41740.02502,2539000,upbit,2026-06-28T04:34:13Z
KRW-ETH,2025-04-25T00:00:00,2025-04-25T09:00:00,2539000,2635000,2509000,2577000,44412.4514,2577000,upbit,2026-06-28T04:34:13Z
KRW-ETH,2025-04-26T00:00:00,2025-04-26T09:00:00,2577000,2647000,2566000,2627000,31039.11298,2627000,upbit,2026-06-28T04:34:13Z
KRW-ETH,2025-04-27T00:00:00,2025-04-27T09:00:00,2626000,2679000,2575000,2582000,26831.1394,2582000,upbit,2026-06-28T04:34:13Z
KRW-ETH,2025-04-28T00:00:00,2025-04-28T09:00:00,2581000,2631000,2521000,2591000,38027.29745,2591000,upbit,2026-06-28T04:34:13Z
KRW-ETH,2025-04-29T00:00:00,2025-04-29T09:00:00,2592000,2657000,2575000,2600000,30596.5633,2600000,upbit,2026-06-28T04:34:13Z
KRW-ETH,2025-04-30T00:00:00,2025-04-30T09:00:00,2600000,2615000,2505000,2590000,28417.05014,2590000,upbit,2026-06-28T04:34:13Z
KRW-ETH,2025-05-01T00:00:00,2025-05-01T09:00:00,2590000,2692000,2587000,2651000,31699.34592,2651000,upbit,2026-06-28T04:34:13Z
KRW-ETH,2025-05-02T00:00:00,2025-05-02T09:00:00,2650000,2678000,2595000,2635000,27938.03351,2635000,upbit,2026-06-28T04:34:13Z
KRW-ETH,2025-05-03T00:00:00,2025-05-03T09:00:00,2635000,2651000,2599000,2629000,13627.21153,2629000,upbit,2026-06-28T04:34:13Z
KRW-ETH,2025-05-04T00:00:00,2025-05-04T09:00:00,2630000,2653000,2594000,2601000,14900.70092,2601000,upbit,2026-06-28T04:34:13Z
KRW-ETH,2025-05-05T00:00:00,2025-05-05T09:00:00,2602000,2613000,2546000,2593000,25387.90085,2593000,upbit,2026-06-28T04:34:13Z
KRW-ETH,2025-05-06T00:00:00,2025-05-06T09:00:00,2591000,2599000,2496000,2581000,24819.73326,2581000,upbit,2026-06-28T04:34:13Z
KRW-ETH,2025-05-07T00:00:00,2025-05-07T09:00:00,2582000,2620000,2541000,2573000,23970.61045,2573000,upbit,2026-06-28T04:34:13Z
KRW-ETH,2025-05-08T00:00:00,2025-05-08T09:00:00,2573000,3112000,2565000,3097000,98048.94527,3097000,upbit,2026-06-28T04:34:13Z
KRW-ETH,2025-05-09T00:00:00,2025-05-09T09:00:00,3097000,3483000,3051000,3273000,175356.797,3273000,upbit,2026-06-28T04:34:13Z
KRW-ETH,2025-05-10T00:00:00,2025-05-10T09:00:00,3274000,3596000,3241000,3577000,100113.513,3577000,upbit,2026-06-28T04:34:13Z
KRW-ETH,2025-05-11T00:00:00,2025-05-11T09:00:00,3577000,3600000,3419000,3517000,71358.23986,3517000,upbit,2026-06-28T04:34:13Z
KRW-ETH,2025-05-12T00:00:00,2025-05-12T09:00:00,3518000,3659000,3400000,3517000,95407.46932,3517000,upbit,2026-06-28T04:34:13Z
KRW-ETH,2025-05-13T00:00:00,2025-05-13T09:00:00,3517000,3819000,3409000,3750000,88179.55357,3750000,upbit,2026-06-28T04:34:13Z
KRW-ETH,2025-05-14T00:00:00,2025-05-14T09:00:00,3750000,3825000,3601000,3674000,79814.43792,3674000,upbit,2026-06-28T04:34:13Z
KRW-ETH,2025-05-15T00:00:00,2025-05-15T09:00:00,3673000,3727000,3519000,3587000,62486.83982,3587000,upbit,2026-06-28T04:34:13Z
KRW-ETH,2025-05-16T00:00:00,2025-05-16T09:00:00,3588000,3726000,3564000,3594000,47530.0976,3594000,upbit,2026-06-28T04:34:13Z
KRW-ETH,2025-05-17T00:00:00,2025-05-17T09:00:00,3595000,3598000,3483000,3521000,37608.41815,3521000,upbit,2026-06-28T04:34:13Z
KRW-ETH,2025-05-18T00:00:00,2025-05-18T09:00:00,3521000,3654000,3362000,3529000,71157.97453,3529000,upbit,2026-06-28T04:34:13Z
KRW-ETH,2025-05-19T00:00:00,2025-05-19T09:00:00,3529000,3594000,3348000,3558000,71118.27246,3558000,upbit,2026-06-28T04:34:13Z
KRW-ETH,2025-05-20T00:00:00,2025-05-20T09:00:00,3558000,3642000,3463000,3558000,53754.63721,3558000,upbit,2026-06-28T04:34:13Z
KRW-ETH,2025-05-21T00:00:00,2025-05-21T09:00:00,3558000,3660000,3440000,3549000,80269.26115,3549000,upbit,2026-06-28T04:34:13Z
KRW-ETH,2025-05-22T00:00:00,2025-05-22T09:00:00,3550000,3738000,3541000,3693000,83489.64128,3693000,upbit,2026-06-28T04:34:13Z
KRW-ETH,2025-05-23T00:00:00,2025-05-23T09:00:00,3695000,3776000,3500000,3536000,105682.4474,3536000,upbit,2026-06-28T04:34:13Z
KRW-ETH,2025-05-24T00:00:00,2025-05-24T09:00:00,3536000,3589000,3518000,3540000,26620.68493,3540000,upbit,2026-06-28T04:34:13Z
KRW-ETH,2025-05-25T00:00:00,2025-05-25T09:00:00,3540000,3574000,3461000,3558000,29647.76264,3558000,upbit,2026-06-28T04:34:13Z
KRW-ETH,2025-05-26T00:00:00,2025-05-26T09:00:00,3558000,3596000,3516000,3562000,24967.56153,3562000,upbit,2026-06-28T04:34:13Z
KRW-ETH,2025-05-27T00:00:00,2025-05-27T09:00:00,3563000,3750000,3500000,3694000,65742.73169,3694000,upbit,2026-06-28T04:34:13Z
KRW-ETH,2025-05-28T00:00:00,2025-05-28T09:00:00,3694000,3743000,3629000,3742000,48121.47031,3742000,upbit,2026-06-28T04:34:13Z
KRW-ETH,2025-05-29T00:00:00,2025-05-29T09:00:00,3741000,3880000,3658000,3673000,76855.86904,3673000,upbit,2026-06-28T04:34:13Z
KRW-ETH,2025-05-30T00:00:00,2025-05-30T09:00:00,3673000,3704000,3550000,3584000,60879.69991,3584000,upbit,2026-06-28T04:34:13Z
KRW-ETH,2025-05-31T00:00:00,2025-05-31T09:00:00,3583000,3618000,3519000,3577000,30227.39165,3577000,upbit,2026-06-28T04:34:13Z
KRW-ETH,2025-06-01T00:00:00,2025-06-01T09:00:00,3577000,3598000,3502000,3581000,21542.46723,3581000,upbit,2026-06-28T04:34:13Z
KRW-ETH,2025-06-02T00:00:00,2025-06-02T09:00:00,3582000,3662000,3483000,3647000,35487.43181,3647000,upbit,2026-06-28T04:34:13Z
KRW-ETH,2025-06-03T00:00:00,2025-06-03T09:00:00,3647000,3707000,3603000,3624000,38778.9411,3624000,upbit,2026-06-28T04:34:13Z
KRW-ETH,2025-06-04T00:00:00,2025-06-04T09:00:00,3621000,3717000,3606000,3622000,32518.23826,3622000,upbit,2026-06-28T04:34:13Z
KRW-ETH,2025-06-05T00:00:00,2025-06-05T09:00:00,3621000,3650000,3350000,3373000,62094.05108,3373000,upbit,2026-06-28T04:34:13Z
KRW-ETH,2025-06-06T00:00:00,2025-06-06T09:00:00,3372000,3509000,3321000,3444000,44634.60395,3444000,upbit,2026-06-28T04:34:13Z
KRW-ETH,2025-06-07T00:00:00,2025-06-07T09:00:00,3444000,3530000,3418000,3504000,17642.58303,3504000,upbit,2026-06-28T04:34:13Z
KRW-ETH,2025-06-08T00:00:00,2025-06-08T09:00:00,3503000,3509000,3446000,3462000,18830.18929,3462000,upbit,2026-06-28T04:34:13Z
KRW-ETH,2025-06-09T00:00:00,2025-06-09T09:00:00,3462000,3671000,3412000,3655000,43166.60004,3655000,upbit,2026-06-28T04:34:13Z
KRW-ETH,2025-06-10T00:00:00,2025-06-10T09:00:00,3655000,3862000,3646000,3848000,83653.54332,3848000,upbit,2026-06-28T04:34:13Z
KRW-ETH,2025-06-11T00:00:00,2025-06-11T09:00:00,3847000,3953000,3786000,3820000,73476.35989,3820000,upbit,2026-06-28T04:34:13Z
KRW-ETH,2025-06-12T00:00:00,2025-06-12T09:00:00,3819000,3837000,3620000,3642000,57958.52256,3642000,upbit,2026-06-28T04:34:13Z
KRW-ETH,2025-06-13T00:00:00,2025-06-13T09:00:00,3642000,3648000,3410000,3584000,106046.6159,3584000,upbit,2026-06-28T04:34:13Z
KRW-ETH,2025-06-14T00:00:00,2025-06-14T09:00:00,3583000,3584000,3463000,3515000,24507.54996,3515000,upbit,2026-06-28T04:34:13Z
KRW-ETH,2025-06-15T00:00:00,2025-06-15T09:00:00,3514000,3543000,3463000,3520000,23345.99918,3520000,upbit,2026-06-28T04:34:13Z
KRW-ETH,2025-06-16T00:00:00,2025-06-16T09:00:00,3522000,3673000,3480000,3495000,57719.93636,3495000,upbit,2026-06-28T04:34:13Z
KRW-ETH,2025-06-17T00:00:00,2025-06-17T09:00:00,3496000,3599000,3415000,3490000,50458.43391,3490000,upbit,2026-06-28T04:34:13Z
KRW-ETH,2025-06-18T00:00:00,2025-06-18T09:00:00,3490000,3527000,3430000,3498000,39623.49872,3498000,upbit,2026-06-28T04:34:13Z
KRW-ETH,2025-06-19T00:00:00,2025-06-19T09:00:00,3497000,3527000,3457000,3492000,21490.58164,3492000,upbit,2026-06-28T04:34:13Z
KRW-ETH,2025-06-20T00:00:00,2025-06-20T09:00:00,3493000,3548000,3322000,3358000,51279.93732,3358000,upbit,2026-06-28T04:34:13Z
KRW-ETH,2025-06-21T00:00:00,2025-06-21T09:00:00,3357000,3404000,3112000,3212000,54301.06805,3212000,upbit,2026-06-28T04:34:13Z
KRW-ETH,2025-06-22T00:00:00,2025-06-22T09:00:00,3213000,3246000,2956000,3110000,114601.5062,3110000,upbit,2026-06-28T04:34:13Z
KRW-ETH,2025-06-23T00:00:00,2025-06-23T09:00:00,3110000,3376000,3070000,3347000,83577.90695,3347000,upbit,2026-06-28T04:34:13Z
KRW-ETH,2025-06-24T00:00:00,2025-06-24T09:00:00,3348000,3413000,3275000,3362000,49807.66747,3362000,upbit,2026-06-28T04:34:13Z
KRW-ETH,2025-06-25T00:00:00,2025-06-25T09:00:00,3362000,3389000,3300000,3321000,39041.59807,3321000,upbit,2026-06-28T04:34:13Z
KRW-ETH,2025-06-26T00:00:00,2025-06-26T09:00:00,3322000,3450000,3300000,3321000,48140.99996,3321000,upbit,2026-06-28T04:34:13Z
KRW-ETH,2025-06-27T00:00:00,2025-06-27T09:00:00,3320000,3378000,3271000,3325000,29152.49619,3325000,upbit,2026-06-28T04:34:13Z
KRW-ETH,2025-06-28T00:00:00,2025-06-28T09:00:00,3327000,3353000,3310000,3340000,12097.62894,3340000,upbit,2026-06-28T04:34:13Z
KRW-ETH,2025-06-29T00:00:00,2025-06-29T09:00:00,3340000,3444000,3315000,3411000,24508.02635,3411000,upbit,2026-06-28T04:34:13Z
KRW-ETH,2025-06-30T00:00:00,2025-06-30T09:00:00,3411000,3445000,3332000,3377000,29625.23214,3377000,upbit,2026-06-28T04:34:13Z
KRW-ETH,2025-07-01T00:00:00,2025-07-01T09:00:00,3377000,3394000,3281000,3303000,25648.37289,3303000,upbit,2026-06-28T04:34:13Z
KRW-ETH,2025-07-02T00:00:00,2025-07-02T09:00:00,3304000,3535000,3258000,3477000,44087.20921,3477000,upbit,2026-06-28T04:34:13Z
KRW-ETH,2025-07-03T00:00:00,2025-07-03T09:00:00,3477000,3576000,3471000,3517000,33519.9756,3517000,upbit,2026-06-28T04:34:13Z
KRW-ETH,2025-07-04T00:00:00,2025-07-04T09:00:00,3518000,3542000,3390000,3429000,29822.03863,3429000,upbit,2026-06-28T04:34:13Z
KRW-ETH,2025-07-05T00:00:00,2025-07-05T09:00:00,3433000,3458000,3410000,3445000,10682.73915,3445000,upbit,2026-06-28T04:34:13Z
KRW-ETH,2025-07-06T00:00:00,2025-07-06T09:00:00,3445000,3538000,3422000,3501000,20764.72768,3501000,upbit,2026-06-28T04:34:13Z
KRW-ETH,2025-07-07T00:00:00,2025-07-07T09:00:00,3500000,3525000,3432000,3481000,25685.20338,3481000,upbit,2026-06-28T04:34:13Z
KRW-ETH,2025-07-08T00:00:00,2025-07-08T09:00:00,3481000,3575000,3456000,3557000,26039.74799,3557000,upbit,2026-06-28T04:34:13Z
KRW-ETH,2025-07-09T00:00:00,2025-07-09T09:00:00,3557000,3780000,3536000,3751000,52891.13216,3751000,upbit,2026-06-28T04:34:13Z
KRW-ETH,2025-07-10T00:00:00,2025-07-10T09:00:00,3751000,4029000,3729000,3983000,83555.0384,3983000,upbit,2026-06-28T04:34:13Z
KRW-ETH,2025-07-11T00:00:00,2025-07-11T09:00:00,3982000,4108000,3904000,3981000,91579.98961,3981000,upbit,2026-06-28T04:34:13Z
KRW-ETH,2025-07-12T00:00:00,2025-07-12T09:00:00,3981000,4030000,3937000,4001000,30051.39229,4001000,upbit,2026-06-28T04:34:13Z
KRW-ETH,2025-07-13T00:00:00,2025-07-13T09:00:00,4001000,4077000,3993000,4036000,27051.21999,4036000,upbit,2026-06-28T04:34:13Z
KRW-ETH,2025-07-14T00:00:00,2025-07-14T09:00:00,4038000,4176000,4027000,4123000,63449.40929,4123000,upbit,2026-06-28T04:34:13Z
KRW-ETH,2025-07-15T00:00:00,2025-07-15T09:00:00,4123000,4293000,3998000,4289000,82456.44466,4289000,upbit,2026-06-28T04:34:13Z
KRW-ETH,2025-07-16T00:00:00,2025-07-16T09:00:00,4289000,4649000,4247000,4581000,101462.9099,4581000,upbit,2026-06-28T04:34:13Z
KRW-ETH,2025-07-17T00:00:00,2025-07-17T09:00:00,4580000,4778000,4523000,4728000,125862.0986,4728000,upbit,2026-06-28T04:34:13Z
KRW-ETH,2025-07-18T00:00:00,2025-07-18T09:00:00,4728000,4997000,4715000,4847000,140714.9607,4847000,upbit,2026-06-28T04:34:13Z
KRW-ETH,2025-07-19T00:00:00,2025-07-19T09:00:00,4846000,4940000,4793000,4917000,39792.17579,4917000,upbit,2026-06-28T04:34:13Z
KRW-ETH,2025-07-20T00:00:00,2025-07-20T09:00:00,4918000,5191000,4898000,5124000,85427.71218,5124000,upbit,2026-06-28T04:34:13Z
KRW-ETH,2025-07-21T00:00:00,2025-07-21T09:00:00,5127000,5214000,5051000,5130000,74152.2101,5130000,upbit,2026-06-28T04:34:13Z
KRW-ETH,2025-07-22T00:00:00,2025-07-22T09:00:00,5130000,5180000,4940000,5078000,95383.74703,5078000,upbit,2026-06-28T04:34:13Z
KRW-ETH,2025-07-23T00:00:00,2025-07-23T09:00:00,5078000,5125000,4801000,4951000,93328.53889,4951000,upbit,2026-06-28T04:34:13Z
KRW-ETH,2025-07-24T00:00:00,2025-07-24T09:00:00,4952000,5128000,4745000,5041000,99291.99487,5041000,upbit,2026-06-28T04:34:13Z
KRW-ETH,2025-07-25T00:00:00,2025-07-25T09:00:00,5036000,5115000,4900000,5078000,68357.34688,5078000,upbit,2026-06-28T04:34:13Z
KRW-ETH,2025-07-26T00:00:00,2025-07-26T09:00:00,5078000,5160000,5045000,5107000,37715.15541,5107000,upbit,2026-06-28T04:34:13Z
KRW-ETH,2025-07-27T00:00:00,2025-07-27T09:00:00,5107000,5281000,5100000,5279000,57091.54484,5279000,upbit,2026-06-28T04:34:13Z
KRW-ETH,2025-07-28T00:00:00,2025-07-28T09:00:00,5279000,5349000,5161000,5224000,73058.50648,5224000,upbit,2026-06-28T04:34:13Z
KRW-ETH,2025-07-29T00:00:00,2025-07-29T09:00:00,5224000,5335000,5155000,5252000,61304.24816,5252000,upbit,2026-06-28T04:34:13Z
KRW-ETH,2025-07-30T00:00:00,2025-07-30T09:00:00,5252000,5286000,5155000,5268000,45533.41051,5268000,upbit,2026-06-28T04:34:13Z
KRW-ETH,2025-07-31T00:00:00,2025-07-31T09:00:00,5269000,5335000,5147000,5153000,54031.58867,5153000,upbit,2026-06-28T04:34:13Z
KRW-ETH,2025-08-01T00:00:00,2025-08-01T09:00:00,5153000,5193000,4819000,4861000,117132.0239,4861000,upbit,2026-06-28T04:34:13Z
KRW-ETH,2025-08-02T00:00:00,2025-08-02T09:00:00,4861000,4941000,4722000,4748000,70793.35756,4748000,upbit,2026-06-28T04:34:13Z
KRW-ETH,2025-08-03T00:00:00,2025-08-03T09:00:00,4748000,4934000,4696000,4910000,51567.14784,4910000,upbit,2026-06-28T04:34:13Z
KRW-ETH,2025-08-04T00:00:00,2025-08-04T09:00:00,4910000,5206000,4888000,5177000,70452.40803,5177000,upbit,2026-06-28T04:34:13Z
KRW-ETH,2025-08-05T00:00:00,2025-08-05T09:00:00,5178000,5188000,4980000,5061000,69705.13508,5061000,upbit,2026-06-28T04:34:13Z
KRW-ETH,2025-08-06T00:00:00,2025-08-06T09:00:00,5065000,5145000,4993000,5120000,43296.04152,5120000,upbit,2026-06-28T04:34:13Z
KRW-ETH,2025-08-07T00:00:00,2025-08-07T09:00:00,5120000,5400000,5087000,5382000,88097.18548,5382000,upbit,2026-06-28T04:34:13Z
KRW-ETH,2025-08-08T00:00:00,2025-08-08T09:00:00,5383000,5578000,5333000,5492000,94836.89662,5492000,upbit,2026-06-28T04:34:13Z
KRW-ETH,2025-08-09T00:00:00,2025-08-09T09:00:00,5492000,5926000,5486000,5861000,131955.7745,5861000,upbit,2026-06-28T04:34:13Z
KRW-ETH,2025-08-10T00:00:00,2025-08-10T09:00:00,5861000,5971000,5692000,5846000,112987.7442,5846000,upbit,2026-06-28T04:34:13Z
KRW-ETH,2025-08-11T00:00:00,2025-08-11T09:00:00,5845000,5978000,5727000,5844000,112946.7389,5844000,upbit,2026-06-28T04:34:13Z
KRW-ETH,2025-08-12T00:00:00,2025-08-12T09:00:00,5844000,6325000,5837000,6282000,147825.2867,6282000,upbit,2026-06-28T04:34:13Z
KRW-ETH,2025-08-13T00:00:00,2025-08-13T09:00:00,6281000,6500000,6248000,6479000,144373.5441,6479000,upbit,2026-06-28T04:34:13Z
KRW-ETH,2025-08-14T00:00:00,2025-08-14T09:00:00,6480000,6542000,6101000,6335000,209603.1311,6335000,upbit,2026-06-28T04:34:13Z
KRW-ETH,2025-08-15T00:00:00,2025-08-15T09:00:00,6337000,6477000,6114000,6215000,109561.2328,6215000,upbit,2026-06-28T04:34:13Z
KRW-ETH,2025-08-16T00:00:00,2025-08-16T09:00:00,6215000,6257000,6063000,6146000,51853.30137,6146000,upbit,2026-06-28T04:34:13Z
KRW-ETH,2025-08-17T00:00:00,2025-08-17T09:00:00,6146000,6342000,6107000,6219000,63107.49863,6219000,upbit,2026-06-28T04:34:13Z
KRW-ETH,2025-08-18T00:00:00,2025-08-18T09:00:00,6219000,6240000,5901000,5999000,128999.1905,5999000,upbit,2026-06-28T04:34:13Z
KRW-ETH,2025-08-19T00:00:00,2025-08-19T09:00:00,6000000,6055000,5672000,5682000,112939.6662,5682000,upbit,2026-06-28T04:34:13Z
KRW-ETH,2025-08-20T00:00:00,2025-08-20T09:00:00,5683000,6087000,5681000,6041000,125763.7783,6041000,upbit,2026-06-28T04:34:13Z
KRW-ETH,2025-08-21T00:00:00,2025-08-21T09:00:00,6042000,6053000,5901000,5930000,59310.3421,5930000,upbit,2026-06-28T04:34:13Z
KRW-ETH,2025-08-22T00:00:00,2025-08-22T09:00:00,5930000,6742000,5896000,6664000,257077.6103,6664000,upbit,2026-06-28T04:34:13Z
KRW-ETH,2025-08-23T00:00:00,2025-08-23T09:00:00,6664000,6668000,6431000,6614000,92371.36499,6614000,upbit,2026-06-28T04:34:13Z
KRW-ETH,2025-08-24T00:00:00,2025-08-24T09:00:00,6617000,6845000,6550000,6634000,106471.5798,6634000,upbit,2026-06-28T04:34:13Z
KRW-ETH,2025-08-25T00:00:00,2025-08-25T09:00:00,6634000,6671000,6160000,6197000,141498.3883,6197000,upbit,2026-06-28T04:34:13Z
KRW-ETH,2025-08-26T00:00:00,2025-08-26T09:00:00,6197000,6481000,6091000,6444000,109464.416,6444000,upbit,2026-06-28T04:34:13Z
KRW-ETH,2025-08-27T00:00:00,2025-08-27T09:00:00,6443000,6500000,6268000,6308000,75105.36384,6308000,upbit,2026-06-28T04:34:13Z
KRW-ETH,2025-08-28T00:00:00,2025-08-28T09:00:00,6309000,6440000,6200000,6286000,60487.64577,6286000,upbit,2026-06-28T04:34:13Z
KRW-ETH,2025-08-29T00:00:00,2025-08-29T09:00:00,6286000,6294000,5991000,6121000,106820.7322,6121000,upbit,2026-06-28T04:34:13Z
KRW-ETH,2025-08-30T00:00:00,2025-08-30T09:00:00,6122000,6164000,5934000,6100000,49998.27028,6100000,upbit,2026-06-28T04:34:13Z
KRW-ETH,2025-08-31T00:00:00,2025-08-31T09:00:00,6101000,6250000,6097000,6114000,50204.37322,6114000,upbit,2026-06-28T04:34:13Z
KRW-ETH,2025-09-01T00:00:00,2025-09-01T09:00:00,6114000,6250000,5923000,6025000,79154.97481,6025000,upbit,2026-06-28T04:34:13Z
KRW-ETH,2025-09-02T00:00:00,2025-09-02T09:00:00,6026000,6135000,5951000,6027000,72085.90045,6027000,upbit,2026-06-28T04:34:13Z
KRW-ETH,2025-09-03T00:00:00,2025-09-03T09:00:00,6030000,6213000,5974000,6164000,60822.31431,6164000,upbit,2026-06-28T04:34:13Z
KRW-ETH,2025-09-04T00:00:00,2025-09-04T09:00:00,6164000,6213000,6000000,6039000,52040.8994,6039000,upbit,2026-06-28T04:34:13Z
KRW-ETH,2025-09-05T00:00:00,2025-09-05T09:00:00,6040000,6258000,5983000,6030000,86642.86725,6030000,upbit,2026-06-28T04:34:13Z
KRW-ETH,2025-09-06T00:00:00,2025-09-06T09:00:00,6029000,6054000,5970000,5990000,22968.03919,5990000,upbit,2026-06-28T04:34:13Z
KRW-ETH,2025-09-07T00:00:00,2025-09-07T09:00:00,5990000,6037000,5982000,6014000,24522.71363,6014000,upbit,2026-06-28T04:34:13Z
KRW-ETH,2025-09-08T00:00:00,2025-09-08T09:00:00,6015000,6087000,5980000,6000000,54099.54167,6000000,upbit,2026-06-28T04:34:13Z
KRW-ETH,2025-09-09T00:00:00,2025-09-09T09:00:00,6000000,6072000,5965000,6002000,51768.3269,6002000,upbit,2026-06-28T04:34:13Z
KRW-ETH,2025-09-10T00:00:00,2025-09-10T09:00:00,6001000,6178000,5985000,6056000,65932.2827,6056000,upbit,2026-06-28T04:34:13Z
KRW-ETH,2025-09-11T00:00:00,2025-09-11T09:00:00,6056000,6230000,6042000,6196000,74294.77527,6196000,upbit,2026-06-28T04:34:13Z
KRW-ETH,2025-09-12T00:00:00,2025-09-12T09:00:00,6196000,6557000,6190000,6539000,72127.65276,6539000,upbit,2026-06-28T04:34:13Z
KRW-ETH,2025-09-13T00:00:00,2025-09-13T09:00:00,6538000,6609000,6377000,6471000,60212.46659,6471000,upbit,2026-06-28T04:34:13Z
KRW-ETH,2025-09-14T00:00:00,2025-09-14T09:00:00,6472000,6500000,6355000,6403000,32037.71408,6403000,upbit,2026-06-28T04:34:13Z
KRW-ETH,2025-09-15T00:00:00,2025-09-15T09:00:00,6403000,6474000,6237000,6304000,47023.77058,6304000,upbit,2026-06-28T04:34:13Z
KRW-ETH,2025-09-16T00:00:00,2025-09-16T09:00:00,6304000,6325000,6184000,6261000,45638.9832,6261000,upbit,2026-06-28T04:34:13Z
KRW-ETH,2025-09-17T00:00:00,2025-09-17T09:00:00,6261000,6419000,6180000,6358000,54263.66483,6358000,upbit,2026-06-28T04:34:13Z
KRW-ETH,2025-09-18T00:00:00,2025-09-18T09:00:00,6358000,6440000,6323000,6365000,42744.80594,6365000,upbit,2026-06-28T04:34:13Z
KRW-ETH,2025-09-19T00:00:00,2025-09-19T09:00:00,6365000,6411000,6221000,6272000,37913.99193,6272000,upbit,2026-06-28T04:34:13Z
KRW-ETH,2025-09-20T00:00:00,2025-09-20T09:00:00,6272000,6306000,6252000,6287000,16379.72197,6287000,upbit,2026-06-28T04:34:13Z
KRW-ETH,2025-09-21T00:00:00,2025-09-21T09:00:00,6286000,6293000,6230000,6231000,16291.22173,6231000,upbit,2026-06-28T04:34:13Z
KRW-ETH,2025-09-22T00:00:00,2025-09-22T09:00:00,6231000,6245000,5897000,5994000,117483.5116,5994000,upbit,2026-06-28T04:34:13Z
KRW-ETH,2025-09-23T00:00:00,2025-09-23T09:00:00,5994000,6019000,5854000,5932000,40871.39606,5932000,upbit,2026-06-28T04:34:13Z
KRW-ETH,2025-09-24T00:00:00,2025-09-24T09:00:00,5933000,5977000,5831000,5889000,35715.97684,5889000,upbit,2026-06-28T04:34:13Z
KRW-ETH,2025-09-25T00:00:00,2025-09-25T09:00:00,5890000,5903000,5565000,5619000,95599.57022,5619000,upbit,2026-06-28T04:34:13Z
KRW-ETH,2025-09-26T00:00:00,2025-09-26T09:00:00,5619000,5840000,5618000,5817000,61358.28521,5817000,upbit,2026-06-28T04:34:13Z
KRW-ETH,2025-09-27T00:00:00,2025-09-27T09:00:00,5817000,5818000,5716000,5781000,14940.42186,5781000,upbit,2026-06-28T04:34:13Z
KRW-ETH,2025-09-28T00:00:00,2025-09-28T09:00:00,5782000,5932000,5727000,5931000,23795.46653,5931000,upbit,2026-06-28T04:34:13Z
KRW-ETH,2025-09-29T00:00:00,2025-09-29T09:00:00,5931000,6038000,5842000,6009000,36958.91142,6009000,upbit,2026-06-28T04:34:13Z
KRW-ETH,2025-09-30T00:00:00,2025-09-30T09:00:00,6009000,6048000,5880000,5918000,29411.48413,5918000,upbit,2026-06-28T04:34:13Z
KRW-ETH,2025-10-01T00:00:00,2025-10-01T09:00:00,5919000,6180000,5900000,6176000,48978.72914,6176000,upbit,2026-06-28T04:34:13Z
KRW-ETH,2025-10-02T00:00:00,2025-10-02T09:00:00,6173000,6377000,6139000,6349000,52875.26711,6349000,upbit,2026-06-28T04:34:13Z
KRW-ETH,2025-10-03T00:00:00,2025-10-03T09:00:00,6349000,6480000,6276000,6396000,53562.29392,6396000,upbit,2026-06-28T04:34:13Z
KRW-ETH,2025-10-04T00:00:00,2025-10-04T09:00:00,6396000,6433000,6340000,6411000,26288.29448,6411000,upbit,2026-06-28T04:34:13Z
KRW-ETH,2025-10-05T00:00:00,2025-10-05T09:00:00,6411000,6550000,6381000,6473000,44662.79098,6473000,upbit,2026-06-28T04:34:13Z
KRW-ETH,2025-10-06T00:00:00,2025-10-06T09:00:00,6471000,6709000,6455000,6672000,48927.13818,6672000,upbit,2026-06-28T04:34:13Z
KRW-ETH,2025-10-07T00:00:00,2025-10-07T09:00:00,6672000,6793000,6426000,6432000,95851.94133,6432000,upbit,2026-06-28T04:34:13Z
KRW-ETH,2025-10-08T00:00:00,2025-10-08T09:00:00,6433000,6553000,6426000,6530000,45114.32455,6530000,upbit,2026-06-28T04:34:13Z
KRW-ETH,2025-10-09T00:00:00,2025-10-09T09:00:00,6525000,6542000,6292000,6375000,64589.22955,6375000,upbit,2026-06-28T04:34:13Z
KRW-ETH,2025-10-10T00:00:00,2025-10-10T09:00:00,6376000,6415000,5565000,5900000,195889.5156,5900000,upbit,2026-06-28T04:34:13Z
KRW-ETH,2025-10-11T00:00:00,2025-10-11T09:00:00,5900000,5983000,5634000,5777000,106966.597,5777000,upbit,2026-06-28T04:34:13Z
KRW-ETH,2025-10-12T00:00:00,2025-10-12T09:00:00,5777000,6287000,5677000,6275000,118717.3408,6275000,upbit,2026-06-28T04:34:13Z
KRW-ETH,2025-10-13T00:00:00,2025-10-13T09:00:00,6275000,6370000,6085000,6314000,68277.45702,6314000,upbit,2026-06-28T04:34:13Z
KRW-ETH,2025-10-14T00:00:00,2025-10-14T09:00:00,6315000,6355000,5930000,6197000,104741.2927,6197000,upbit,2026-06-28T04:34:13Z
KRW-ETH,2025-10-15T00:00:00,2025-10-15T09:00:00,6199000,6300000,6007000,6061000,52498.17304,6061000,upbit,2026-06-28T04:34:13Z
KRW-ETH,2025-10-16T00:00:00,2025-10-16T09:00:00,6066000,6178000,5889000,5955000,53288.36809,5955000,upbit,2026-06-28T04:34:13Z
KRW-ETH,2025-10-17T00:00:00,2025-10-17T09:00:00,5957000,6030000,5680000,5889000,91033.99741,5889000,upbit,2026-06-28T04:34:13Z
KRW-ETH,2025-10-18T00:00:00,2025-10-18T09:00:00,5891000,5982000,5867000,5937000,20394.09834,5937000,upbit,2026-06-28T04:34:13Z
KRW-ETH,2025-10-19T00:00:00,2025-10-19T09:00:00,5939000,6110000,5835000,6040000,37285.62765,6040000,upbit,2026-06-28T04:34:13Z
KRW-ETH,2025-10-20T00:00:00,2025-10-20T09:00:00,6040000,6136000,5906000,5973000,47795.02503,5973000,upbit,2026-06-28T04:34:13Z
KRW-ETH,2025-10-21T00:00:00,2025-10-21T09:00:00,5974000,6100000,5801000,5837000,64045.91471,5837000,upbit,2026-06-28T04:34:13Z
KRW-ETH,2025-10-22T00:00:00,2025-10-22T09:00:00,5838000,5862000,5691000,5768000,48950.92214,5768000,upbit,2026-06-28T04:34:13Z
KRW-ETH,2025-10-23T00:00:00,2025-10-23T09:00:00,5768000,5895000,5746000,5804000,35561.42477,5804000,upbit,2026-06-28T04:34:13Z
KRW-ETH,2025-10-24T00:00:00,2025-10-24T09:00:00,5806000,6000000,5790000,5869000,48986.53196,5869000,upbit,2026-06-28T04:34:13Z
KRW-ETH,2025-10-25T00:00:00,2025-10-25T09:00:00,5869000,5900000,5845000,5891000,16231.99732,5891000,upbit,2026-06-28T04:34:13Z
KRW-ETH,2025-10-26T00:00:00,2025-10-26T09:00:00,5891000,6173000,5857000,6149000,45239.47008,6149000,upbit,2026-06-28T04:34:13Z
KRW-ETH,2025-10-27T00:00:00,2025-10-27T09:00:00,6150000,6272000,6070000,6096000,55503.68803,6096000,upbit,2026-06-28T04:34:13Z
KRW-ETH,2025-10-28T00:00:00,2025-10-28T09:00:00,6097000,6148000,5900000,5940000,45713.43765,5940000,upbit,2026-06-28T04:34:13Z
KRW-ETH,2025-10-29T00:00:00,2025-10-29T09:00:00,5940000,5992000,5800000,5839000,43747.10979,5839000,upbit,2026-06-28T04:34:13Z
KRW-ETH,2025-10-30T00:00:00,2025-10-30T09:00:00,5839000,5900000,5610000,5769000,58241.20624,5769000,upbit,2026-06-28T04:34:13Z
KRW-ETH,2025-10-31T00:00:00,2025-10-31T09:00:00,5770000,5843000,5715000,5768000,25536.9231,5768000,upbit,2026-06-28T04:34:13Z
KRW-ETH,2025-11-01T00:00:00,2025-11-01T09:00:00,5768000,5816000,5742000,5770000,11196.5248,5770000,upbit,2026-06-28T04:34:13Z
KRW-ETH,2025-11-02T00:00:00,2025-11-02T09:00:00,5771000,5814000,5720000,5798000,14722.82312,5798000,upbit,2026-06-28T04:34:13Z
KRW-ETH,2025-11-03T00:00:00,2025-11-03T09:00:00,5792000,5800000,5305000,5363000,93796.31764,5363000,upbit,2026-06-28T04:34:13Z
KRW-ETH,2025-11-04T00:00:00,2025-11-04T09:00:00,5368000,5485000,4582000,4954000,189633.4135,4954000,upbit,2026-06-28T04:34:13Z
KRW-ETH,2025-11-05T00:00:00,2025-11-05T09:00:00,4954000,5199000,4693000,5135000,115891.1434,5135000,upbit,2026-06-28T04:34:13Z
KRW-ETH,2025-11-06T00:00:00,2025-11-06T09:00:00,5136000,5160000,4862000,4957000,48704.29184,4957000,upbit,2026-06-28T04:34:13Z
KRW-ETH,2025-11-07T00:00:00,2025-11-07T09:00:00,4957000,5174000,4800000,5112000,65075.33971,5112000,upbit,2026-06-28T04:34:13Z
KRW-ETH,2025-11-08T00:00:00,2025-11-08T09:00:00,5111000,5195000,5010000,5070000,28333.50989,5070000,upbit,2026-06-28T04:34:13Z
KRW-ETH,2025-11-09T00:00:00,2025-11-09T09:00:00,5070000,5360000,5006000,5320000,37507.35743,5320000,upbit,2026-06-28T04:34:13Z
KRW-ETH,2025-11-10T00:00:00,2025-11-10T09:00:00,5320000,5430000,5203000,5283000,59004.66213,5283000,upbit,2026-06-28T04:34:13Z
KRW-ETH,2025-11-11T00:00:00,2025-11-11T09:00:00,5284000,5401000,5092000,5120000,42734.85704,5120000,upbit,2026-06-28T04:34:13Z
KRW-ETH,2025-11-12T00:00:00,2025-11-12T09:00:00,5120000,5350000,5067000,5148000,42734.3864,5148000,upbit,2026-06-28T04:34:13Z
KRW-ETH,2025-11-13T00:00:00,2025-11-13T09:00:00,5148000,5319000,4812000,4907000,84429.34948,4907000,upbit,2026-06-28T04:34:13Z
KRW-ETH,2025-11-14T00:00:00,2025-11-14T09:00:00,4907000,4935000,4640000,4728000,106773.191,4728000,upbit,2026-06-28T04:34:13Z
KRW-ETH,2025-11-15T00:00:00,2025-11-15T09:00:00,4728000,4869000,4727000,4786000,30136.03026,4786000,upbit,2026-06-28T04:34:13Z
KRW-ETH,2025-11-16T00:00:00,2025-11-16T09:00:00,4786000,4876000,4500000,4613000,57987.78954,4613000,upbit,2026-06-28T04:34:13Z
KRW-ETH,2025-11-17T00:00:00,2025-11-17T09:00:00,4613000,4799000,4461000,4528000,76494.83051,4528000,upbit,2026-06-28T04:34:13Z
KRW-ETH,2025-11-18T00:00:00,2025-11-18T09:00:00,4528000,4695000,4386000,4627000,88826.65628,4627000,upbit,2026-06-28T04:34:13Z
KRW-ETH,2025-11-19T00:00:00,2025-11-19T09:00:00,4629000,4635000,4301000,4510000,83485.68976,4510000,upbit,2026-06-28T04:34:13Z
KRW-ETH,2025-11-20T00:00:00,2025-11-20T09:00:00,4510000,4561000,4212000,4243000,87088.76132,4243000,upbit,2026-06-28T04:34:13Z
KRW-ETH,2025-11-21T00:00:00,2025-11-21T09:00:00,4247000,4310000,3950000,4163000,144780.7379,4163000,upbit,2026-06-28T04:34:13Z
KRW-ETH,2025-11-22T00:00:00,2025-11-22T09:00:00,4162000,4200000,4062000,4166000,29044.72818,4166000,upbit,2026-06-28T04:34:13Z
KRW-ETH,2025-11-23T00:00:00,2025-11-23T09:00:00,4165000,4322000,4157000,4262000,51732.82063,4262000,upbit,2026-06-28T04:34:13Z
KRW-ETH,2025-11-24T00:00:00,2025-11-24T09:00:00,4259000,4472000,4184000,4431000,61906.12515,4431000,upbit,2026-06-28T04:34:13Z
KRW-ETH,2025-11-25T00:00:00,2025-11-25T09:00:00,4431000,4455000,4292000,4429000,46575.07392,4429000,upbit,2026-06-28T04:34:13Z
KRW-ETH,2025-11-26T00:00:00,2025-11-26T09:00:00,4429000,4531000,4333000,4521000,44275.5867,4521000,upbit,2026-06-28T04:34:13Z
KRW-ETH,2025-11-27T00:00:00,2025-11-27T09:00:00,4520000,4596000,4469000,4511000,36409.00507,4511000,upbit,2026-06-28T04:34:13Z
KRW-ETH,2025-11-28T00:00:00,2025-11-28T09:00:00,4511000,4627000,4480000,4541000,35055.00133,4541000,upbit,2026-06-28T04:34:13Z
KRW-ETH,2025-11-29T00:00:00,2025-11-29T09:00:00,4539000,4579000,4445000,4478000,18018.55747,4478000,upbit,2026-06-28T04:34:13Z
KRW-ETH,2025-11-30T00:00:00,2025-11-30T09:00:00,4479000,4568000,4462000,4486000,15221.83106,4486000,upbit,2026-06-28T04:34:13Z
KRW-ETH,2025-12-01T00:00:00,2025-12-01T09:00:00,4487000,4500000,4079000,4193000,88080.8454,4193000,upbit,2026-06-28T04:34:13Z
KRW-ETH,2025-12-02T00:00:00,2025-12-02T09:00:00,4192000,4518000,4156000,4452000,53907.98162,4452000,upbit,2026-06-28T04:34:13Z
KRW-ETH,2025-12-03T00:00:00,2025-12-03T09:00:00,4453000,4770000,4436000,4737000,64214.47998,4737000,upbit,2026-06-28T04:34:13Z
KRW-ETH,2025-12-04T00:00:00,2025-12-04T09:00:00,4736000,4813000,4583000,4676000,55285.80789,4676000,upbit,2026-06-28T04:34:13Z
KRW-ETH,2025-12-05T00:00:00,2025-12-05T09:00:00,4672000,4761000,4470000,4525000,55323.89877,4525000,upbit,2026-06-28T04:34:13Z
KRW-ETH,2025-12-06T00:00:00,2025-12-06T09:00:00,4528000,4593000,4507000,4551000,17049.67124,4551000,upbit,2026-06-28T04:34:13Z
KRW-ETH,2025-12-07T00:00:00,2025-12-07T09:00:00,4552000,4699000,4362000,4582000,40781.52093,4582000,upbit,2026-06-28T04:34:13Z
KRW-ETH,2025-12-08T00:00:00,2025-12-08T09:00:00,4582000,4730000,4550000,4655000,42032.12889,4655000,upbit,2026-06-28T04:34:13Z
KRW-ETH,2025-12-09T00:00:00,2025-12-09T09:00:00,4652000,5026000,4602000,4912000,61117.13714,4912000,upbit,2026-06-28T04:34:13Z
KRW-ETH,2025-12-10T00:00:00,2025-12-10T09:00:00,4912000,5108000,4873000,4938000,60790.5857,4938000,upbit,2026-06-28T04:34:13Z
KRW-ETH,2025-12-11T00:00:00,2025-12-11T09:00:00,4939000,4945000,4693000,4813000,63958.92879,4813000,upbit,2026-06-28T04:34:13Z
KRW-ETH,2025-12-12T00:00:00,2025-12-12T09:00:00,4813000,4856000,4565000,4611000,56322.6184,4611000,upbit,2026-06-28T04:34:13Z
KRW-ETH,2025-12-13T00:00:00,2025-12-13T09:00:00,4611000,4674000,4591000,4651000,17527.58217,4651000,upbit,2026-06-28T04:34:13Z
KRW-ETH,2025-12-14T00:00:00,2025-12-14T09:00:00,4650000,4670000,4531000,4576000,24844.33029,4576000,upbit,2026-06-28T04:34:13Z
KRW-ETH,2025-12-15T00:00:00,2025-12-15T09:00:00,4576000,4720000,4337000,4434000,63184.9074,4434000,upbit,2026-06-28T04:34:13Z
KRW-ETH,2025-12-16T00:00:00,2025-12-16T09:00:00,4434000,4442000,4285000,4406000,49512.59963,4406000,upbit,2026-06-28T04:34:13Z
KRW-ETH,2025-12-17T00:00:00,2025-12-17T09:00:00,4406000,4500000,4179000,4229000,51180.78508,4229000,upbit,2026-06-28T04:34:13Z
KRW-ETH,2025-12-18T00:00:00,2025-12-18T09:00:00,4229000,4449000,4150000,4211000,64415.05572,4211000,upbit,2026-06-28T04:34:13Z
KRW-ETH,2025-12-19T00:00:00,2025-12-19T09:00:00,4211000,4486000,4180000,4440000,61063.6518,4440000,upbit,2026-06-28T04:34:13Z
KRW-ETH,2025-12-20T00:00:00,2025-12-20T09:00:00,4441000,4470000,4416000,4432000,15073.69619,4432000,upbit,2026-06-28T04:34:13Z
KRW-ETH,2025-12-21T00:00:00,2025-12-21T09:00:00,4433000,4480000,4383000,4465000,19977.98446,4465000,upbit,2026-06-28T04:34:13Z
KRW-ETH,2025-12-22T00:00:00,2025-12-22T09:00:00,4468000,4578000,4422000,4490000,43848.71897,4490000,upbit,2026-06-28T04:34:13Z
KRW-ETH,2025-12-23T00:00:00,2025-12-23T09:00:00,4488000,4524000,4330000,4422000,37247.15184,4422000,upbit,2026-06-28T04:34:13Z
KRW-ETH,2025-12-24T00:00:00,2025-12-24T09:00:00,4422000,4424000,4271000,4346000,26115.20368,4346000,upbit,2026-06-28T04:34:13Z
KRW-ETH,2025-12-25T00:00:00,2025-12-25T09:00:00,4346000,4370000,4254000,4275000,20006.79704,4275000,upbit,2026-06-28T04:34:13Z
KRW-ETH,2025-12-26T00:00:00,2025-12-26T09:00:00,4275000,4382000,4252000,4290000,29138.21541,4290000,upbit,2026-06-28T04:34:13Z
KRW-ETH,2025-12-27T00:00:00,2025-12-27T09:00:00,4290000,4321000,4267000,4307000,7703.591326,4307000,upbit,2026-06-28T04:34:13Z
KRW-ETH,2025-12-28T00:00:00,2025-12-28T09:00:00,4307000,4310000,4266000,4294000,7304.450839,4294000,upbit,2026-06-28T04:34:13Z
KRW-ETH,2025-12-29T00:00:00,2025-12-29T09:00:00,4293000,4416000,4238000,4278000,37417.6233,4278000,upbit,2026-06-28T04:34:13Z
KRW-ETH,2025-12-30T00:00:00,2025-12-30T09:00:00,4278000,4371000,4244000,4316000,23063.56391,4316000,upbit,2026-06-28T04:34:13Z
KRW-ETH,2025-12-31T00:00:00,2025-12-31T09:00:00,4317000,4384000,4305000,4335000,13533.5535,4335000,upbit,2026-06-28T04:34:13Z
KRW-ETH,2026-01-01T00:00:00,2026-01-01T09:00:00,4335000,4369000,4333000,4360000,9061.104511,4360000,upbit,2026-06-28T04:34:13Z
KRW-ETH,2026-01-02T00:00:00,2026-01-02T09:00:00,4360000,4551000,4344000,4515000,32578.53379,4515000,upbit,2026-06-28T04:34:13Z
KRW-ETH,2026-01-03T00:00:00,2026-01-03T09:00:00,4515000,4547000,4444000,4523000,22071.89202,4523000,upbit,2026-06-28T04:34:13Z
KRW-ETH,2026-01-04T00:00:00,2026-01-04T09:00:00,4523000,4576000,4516000,4548000,22579.25399,4548000,upbit,2026-06-28T04:34:13Z
KRW-ETH,2026-01-05T00:00:00,2026-01-05T09:00:00,4545000,4711000,4543000,4675000,47255.40245,4675000,upbit,2026-06-28T04:34:13Z
KRW-ETH,2026-01-06T00:00:00,2026-01-06T09:00:00,4674000,4796000,4628000,4795000,46064.80088,4795000,upbit,2026-06-28T04:34:13Z
KRW-ETH,2026-01-07T00:00:00,2026-01-07T09:00:00,4795000,4796000,4563000,4612000,44970.10746,4612000,upbit,2026-06-28T04:34:13Z
KRW-ETH,2026-01-08T00:00:00,2026-01-08T09:00:00,4615000,4647000,4472000,4548000,33425.26675,4548000,upbit,2026-06-28T04:34:13Z
KRW-ETH,2026-01-09T00:00:00,2026-01-09T09:00:00,4548000,4609000,4502000,4546000,20622.7411,4546000,upbit,2026-06-28T04:34:13Z
KRW-ETH,2026-01-10T00:00:00,2026-01-10T09:00:00,4550000,4581000,4536000,4554000,7755.189813,4554000,upbit,2026-06-28T04:34:13Z
KRW-ETH,2026-01-11T00:00:00,2026-01-11T09:00:00,4555000,4627000,4547000,4592000,11519.36878,4592000,upbit,2026-06-28T04:34:13Z
KRW-ETH,2026-01-12T00:00:00,2026-01-12T09:00:00,4593000,4664000,4532000,4567000,29251.00028,4567000,upbit,2026-06-28T04:34:13Z
KRW-ETH,2026-01-13T00:00:00,2026-01-13T09:00:00,4567000,4900000,4563000,4870000,39246.20899,4870000,upbit,2026-06-28T04:34:13Z
KRW-ETH,2026-01-14T00:00:00,2026-01-14T09:00:00,4871000,4970000,4815000,4917000,52063.60771,4917000,upbit,2026-06-28T04:34:13Z
KRW-ETH,2026-01-15T00:00:00,2026-01-15T09:00:00,4917000,4968000,4812000,4891000,35143.99373,4891000,upbit,2026-06-28T04:34:13Z
KRW-ETH,2026-01-16T00:00:00,2026-01-16T09:00:00,4891000,4907000,4821000,4867000,17431.25629,4867000,upbit,2026-06-28T04:34:13Z
KRW-ETH,2026-01-17T00:00:00,2026-01-17T09:00:00,4870000,4914000,4850000,4886000,10611.05824,4886000,upbit,2026-06-28T04:34:13Z
KRW-ETH,2026-01-18T00:00:00,2026-01-18T09:00:00,4886000,4979000,4862000,4868000,19304.91186,4868000,upbit,2026-06-28T04:34:13Z
KRW-ETH,2026-01-19T00:00:00,2026-01-19T09:00:00,4868000,4870000,4696000,4723000,38712.86348,4723000,upbit,2026-06-28T04:34:13Z
KRW-ETH,2026-01-20T00:00:00,2026-01-20T09:00:00,4723000,4744000,4375000,4387000,62336.92024,4387000,upbit,2026-06-28T04:34:13Z
KRW-ETH,2026-01-21T00:00:00,2026-01-21T09:00:00,4390000,4545000,4268000,4416000,69850.75874,4416000,upbit,2026-06-28T04:34:13Z
KRW-ETH,2026-01-22T00:00:00,2026-01-22T09:00:00,4419000,4497000,4326000,4381000,26832.37084,4381000,upbit,2026-06-28T04:34:13Z
KRW-ETH,2026-01-23T00:00:00,2026-01-23T09:00:00,4383000,4459000,4310000,4356000,27125.86616,4356000,upbit,2026-06-28T04:34:13Z
KRW-ETH,2026-01-24T00:00:00,2026-01-24T09:00:00,4356000,4381000,4346000,4355000,8263.197692,4355000,upbit,2026-06-28T04:34:13Z
KRW-ETH,2026-01-25T00:00:00,2026-01-25T09:00:00,4356000,4371000,4139000,4182000,34987.64989,4182000,upbit,2026-06-28T04:34:13Z
KRW-ETH,2026-01-26T00:00:00,2026-01-26T09:00:00,4182000,4312000,4170000,4295000,33268.34846,4295000,upbit,2026-06-28T04:34:13Z
KRW-ETH,2026-01-27T00:00:00,2026-01-27T09:00:00,4295000,4414000,4244000,4397000,25437.71934,4397000,upbit,2026-06-28T04:34:13Z
KRW-ETH,2026-01-28T00:00:00,2026-01-28T09:00:00,4399000,4408000,4319000,4352000,22732.95585,4352000,upbit,2026-06-28T04:34:13Z
KRW-ETH,2026-01-29T00:00:00,2026-01-29T09:00:00,4352000,4355000,4056000,4144000,56215.5718,4144000,upbit,2026-06-28T04:34:13Z
KRW-ETH,2026-01-30T00:00:00,2026-01-30T09:00:00,4144000,4151000,3919000,4025000,83633.87794,4025000,upbit,2026-06-28T04:34:13Z
KRW-ETH,2026-01-31T00:00:00,2026-01-31T09:00:00,4027000,4030000,3500000,3664000,118288.5266,3664000,upbit,2026-06-28T04:34:13Z
KRW-ETH,2026-02-01T00:00:00,2026-02-01T09:00:00,3664000,3699000,3290000,3349000,116989.6245,3349000,upbit,2026-06-28T04:34:13Z
KRW-ETH,2026-02-02T00:00:00,2026-02-02T09:00:00,3349000,3544000,3205000,3481000,127622.6095,3481000,upbit,2026-06-28T04:34:13Z
KRW-ETH,2026-02-03T00:00:00,2026-02-03T09:00:00,3481000,3499000,3150000,3303000,99845.04939,3303000,upbit,2026-06-28T04:34:13Z
KRW-ETH,2026-02-04T00:00:00,2026-02-04T09:00:00,3303000,3386000,3089000,3170000,87977.90198,3170000,upbit,2026-06-28T04:34:13Z
KRW-ETH,2026-02-05T00:00:00,2026-02-05T09:00:00,3170000,3205000,2680000,2703000,205776.0481,2703000,upbit,2026-06-28T04:34:13Z
KRW-ETH,2026-02-06T00:00:00,2026-02-06T09:00:00,2703000,3100000,2590000,3067000,223294.9375,3067000,upbit,2026-06-28T04:34:13Z
KRW-ETH,2026-02-07T00:00:00,2026-02-07T09:00:00,3068000,3147000,2945000,3089000,121667.7359,3089000,upbit,2026-06-28T04:34:13Z
KRW-ETH,2026-02-08T00:00:00,2026-02-08T09:00:00,3090000,3187000,3059000,3106000,61448.20525,3106000,upbit,2026-06-28T04:34:13Z
KRW-ETH,2026-02-09T00:00:00,2026-02-09T09:00:00,3108000,3165000,2979000,3105000,60727.05833,3105000,upbit,2026-06-28T04:34:13Z
KRW-ETH,2026-02-10T00:00:00,2026-02-10T09:00:00,3104000,3138000,2963000,2999000,67073.95303,2999000,upbit,2026-06-28T04:34:13Z
KRW-ETH,2026-02-11T00:00:00,2026-02-11T09:00:00,2999000,3010000,2828000,2873000,79227.2215,2873000,upbit,2026-06-28T04:34:13Z
KRW-ETH,2026-02-12T00:00:00,2026-02-12T09:00:00,2871000,2931000,2796000,2859000,51483.24773,2859000,upbit,2026-06-28T04:34:13Z
KRW-ETH,2026-02-13T00:00:00,2026-02-13T09:00:00,2859000,3031000,2827000,2997000,49014.48957,2997000,upbit,2026-06-28T04:34:13Z
KRW-ETH,2026-02-14T00:00:00,2026-02-14T09:00:00,2998000,3104000,2989000,3071000,42483.34087,3071000,upbit,2026-06-28T04:34:13Z
KRW-ETH,2026-02-15T00:00:00,2026-02-15T09:00:00,3071000,3107000,2860000,2922000,102943.0259,2922000,upbit,2026-06-28T04:34:13Z
KRW-ETH,2026-02-16T00:00:00,2026-02-16T09:00:00,2922000,2995000,2880000,2958000,43075.96009,2958000,upbit,2026-06-28T04:34:13Z
KRW-ETH,2026-02-17T00:00:00,2026-02-17T09:00:00,2958000,2978000,2886000,2947000,32908.48765,2947000,upbit,2026-06-28T04:34:13Z
KRW-ETH,2026-02-18T00:00:00,2026-02-18T09:00:00,2948000,3006000,2867000,2902000,37092.76967,2902000,upbit,2026-06-28T04:34:13Z
KRW-ETH,2026-02-19T00:00:00,2026-02-19T09:00:00,2903000,2933000,2820000,2875000,38969.36957,2875000,upbit,2026-06-28T04:34:13Z
KRW-ETH,2026-02-20T00:00:00,2026-02-20T09:00:00,2875000,2919000,2842000,2899000,38985.28018,2899000,upbit,2026-06-28T04:34:13Z
KRW-ETH,2026-02-21T00:00:00,2026-02-21T09:00:00,2899000,2930000,2880000,2900000,18671.83081,2900000,upbit,2026-06-28T04:34:13Z
KRW-ETH,2026-02-22T00:00:00,2026-02-22T09:00:00,2902000,2916000,2850000,2881000,17009.28034,2881000,upbit,2026-06-28T04:34:13Z
KRW-ETH,2026-02-23T00:00:00,2026-02-23T09:00:00,2883000,2883000,2710000,2739000,68805.0073,2739000,upbit,2026-06-28T04:34:13Z
KRW-ETH,2026-02-24T00:00:00,2026-02-24T09:00:00,2739000,2752000,2650000,2712000,53900.69905,2712000,upbit,2026-06-28T04:34:13Z
KRW-ETH,2026-02-25T00:00:00,2026-02-25T09:00:00,2713000,3080000,2698000,2962000,89954.39166,2962000,upbit,2026-06-28T04:34:13Z
KRW-ETH,2026-02-26T00:00:00,2026-02-26T09:00:00,2961000,3002000,2863000,2931000,54047.87936,2931000,upbit,2026-06-28T04:34:13Z
KRW-ETH,2026-02-27T00:00:00,2026-02-27T09:00:00,2931000,2978000,2765000,2820000,52744.27285,2820000,upbit,2026-06-28T04:34:13Z
KRW-ETH,2026-02-28T00:00:00,2026-02-28T09:00:00,2821000,2892000,2700000,2863000,65936.76819,2863000,upbit,2026-06-28T04:34:13Z
KRW-ETH,2026-03-01T00:00:00,2026-03-01T09:00:00,2862000,2985000,2788000,2829000,57100.14797,2829000,upbit,2026-06-28T04:34:13Z
KRW-ETH,2026-03-02T00:00:00,2026-03-02T09:00:00,2830000,3045000,2813000,2961000,69215.57496,2961000,upbit,2026-06-28T04:34:13Z
KRW-ETH,2026-03-03T00:00:00,2026-03-03T09:00:00,2962000,2994000,2851000,2913000,60552.92415,2913000,upbit,2026-06-28T04:34:13Z
KRW-ETH,2026-03-04T00:00:00,2026-03-04T09:00:00,2913000,3185000,2851000,3084000,91010.23514,3084000,upbit,2026-06-28T04:34:13Z
KRW-ETH,2026-03-05T00:00:00,2026-03-05T09:00:00,3084000,3165000,3021000,3038000,56332.08718,3038000,upbit,2026-06-28T04:34:13Z
KRW-ETH,2026-03-06T00:00:00,2026-03-06T09:00:00,3038000,3072000,2898000,2928000,47912.23572,2928000,upbit,2026-06-28T04:34:13Z
KRW-ETH,2026-03-07T00:00:00,2026-03-07T09:00:00,2928000,2947000,2886000,2912000,21006.58719,2912000,upbit,2026-06-28T04:34:13Z
KRW-ETH,2026-03-08T00:00:00,2026-03-08T09:00:00,2912000,2930000,2847000,2869000,34016.66708,2869000,upbit,2026-06-28T04:34:13Z
KRW-ETH,2026-03-09T00:00:00,2026-03-09T09:00:00,2869000,3008000,2861000,2927000,46543.31889,2927000,upbit,2026-06-28T04:34:13Z
KRW-ETH,2026-03-10T00:00:00,2026-03-10T09:00:00,2928000,3036000,2924000,2981000,42766.20474,2981000,upbit,2026-06-28T04:34:13Z
KRW-ETH,2026-03-11T00:00:00,2026-03-11T09:00:00,2982000,3045000,2938000,3001000,36855.005,3001000,upbit,2026-06-28T04:34:13Z
KRW-ETH,2026-03-12T00:00:00,2026-03-12T09:00:00,3001000,3064000,2964000,3033000,37062.20001,3033000,upbit,2026-06-28T04:34:13Z
KRW-ETH,2026-03-13T00:00:00,2026-03-13T09:00:00,3033000,3227000,3030000,3083000,80743.28025,3083000,upbit,2026-06-28T04:34:13Z
KRW-ETH,2026-03-14T00:00:00,2026-03-14T09:00:00,3080000,3106000,3045000,3097000,21054.58501,3097000,upbit,2026-06-28T04:34:13Z
KRW-ETH,2026-03-15T00:00:00,2026-03-15T09:00:00,3097000,3229000,3075000,3200000,34936.43977,3200000,upbit,2026-06-28T04:34:13Z
KRW-ETH,2026-03-16T00:00:00,2026-03-16T09:00:00,3200000,3503000,3174000,3461000,96532.98815,3461000,upbit,2026-06-28T04:34:13Z
KRW-ETH,2026-03-17T00:00:00,2026-03-17T09:00:00,3462000,3512000,3380000,3420000,72992.4051,3420000,upbit,2026-06-28T04:34:13Z
KRW-ETH,2026-03-18T00:00:00,2026-03-18T09:00:00,3420000,3465000,3206000,3278000,75015.7752,3278000,upbit,2026-06-28T04:34:13Z
KRW-ETH,2026-03-19T00:00:00,2026-03-19T09:00:00,3280000,3322000,3131000,3182000,60500.63953,3182000,upbit,2026-06-28T04:34:13Z
KRW-ETH,2026-03-20T00:00:00,2026-03-20T09:00:00,3182000,3240000,3166000,3207000,37001.40425,3207000,upbit,2026-06-28T04:34:13Z
KRW-ETH,2026-03-21T00:00:00,2026-03-21T09:00:00,3208000,3248000,3122000,3142000,19776.73815,3142000,upbit,2026-06-28T04:34:13Z
KRW-ETH,2026-03-22T00:00:00,2026-03-22T09:00:00,3142000,3191000,3057000,3083000,40948.87145,3083000,upbit,2026-06-28T04:34:13Z
KRW-ETH,2026-03-23T00:00:00,2026-03-23T09:00:00,3084000,3280000,3051000,3199000,77805.75898,3199000,upbit,2026-06-28T04:34:13Z
KRW-ETH,2026-03-24T00:00:00,2026-03-24T09:00:00,3200000,3240000,3151000,3215000,33524.15702,3215000,upbit,2026-06-28T04:34:13Z
KRW-ETH,2026-03-25T00:00:00,2026-03-25T09:00:00,3215000,3279000,3200000,3240000,33892.99376,3240000,upbit,2026-06-28T04:34:13Z
KRW-ETH,2026-03-26T00:00:00,2026-03-26T09:00:00,3241000,3246000,3083000,3112000,39448.16728,3112000,upbit,2026-06-28T04:34:13Z
KRW-ETH,2026-03-27T00:00:00,2026-03-27T09:00:00,3112000,3133000,2995000,3035000,41808.07092,3035000,upbit,2026-06-28T04:34:13Z
KRW-ETH,2026-03-28T00:00:00,2026-03-28T09:00:00,3035000,3097000,3011000,3031000,16985.46508,3031000,upbit,2026-06-28T04:34:13Z
KRW-ETH,2026-03-29T00:00:00,2026-03-29T09:00:00,3032000,3062000,2961000,3016000,19586.05096,3016000,upbit,2026-06-28T04:34:13Z
KRW-ETH,2026-03-30T00:00:00,2026-03-30T09:00:00,3017000,3155000,3013000,3080000,35529.74968,3080000,upbit,2026-06-28T04:34:13Z
KRW-ETH,2026-03-31T00:00:00,2026-03-31T09:00:00,3080000,3215000,3067000,3182000,43665.29325,3182000,upbit,2026-06-28T04:34:13Z
KRW-ETH,2026-04-01T00:00:00,2026-04-01T09:00:00,3185000,3269000,3154000,3239000,38129.11155,3239000,upbit,2026-06-28T04:34:13Z
KRW-ETH,2026-04-02T00:00:00,2026-04-02T09:00:00,3242000,3268000,3080000,3129000,49811.49277,3129000,upbit,2026-06-28T04:34:13Z
KRW-ETH,2026-04-03T00:00:00,2026-04-03T09:00:00,3130000,3151000,3099000,3120000,17986.43329,3120000,upbit,2026-06-28T04:34:13Z
KRW-ETH,2026-04-04T00:00:00,2026-04-04T09:00:00,3120000,3170000,3106000,3133000,9255.144855,3133000,upbit,2026-06-28T04:34:13Z
KRW-ETH,2026-04-05T00:00:00,2026-04-05T09:00:00,3133000,3206000,3081000,3187000,19097.36769,3187000,upbit,2026-06-28T04:34:13Z
KRW-ETH,2026-04-06T00:00:00,2026-04-06T09:00:00,3187000,3260000,3154000,3182000,41811.89519,3182000,upbit,2026-06-28T04:34:13Z
KRW-ETH,2026-04-07T00:00:00,2026-04-07T09:00:00,3184000,3385000,3107000,3341000,53569.03059,3341000,upbit,2026-06-28T04:34:13Z
KRW-ETH,2026-04-08T00:00:00,2026-04-08T09:00:00,3341000,3365000,3247000,3262000,47885.08782,3262000,upbit,2026-06-28T04:34:13Z
KRW-ETH,2026-04-09T00:00:00,2026-04-09T09:00:00,3262000,3323000,3221000,3254000,31215.45217,3254000,upbit,2026-06-28T04:34:13Z
KRW-ETH,2026-04-10T00:00:00,2026-04-10T09:00:00,3255000,3349000,3243000,3335000,32733.93678,3335000,upbit,2026-06-28T04:34:13Z
KRW-ETH,2026-04-11T00:00:00,2026-04-11T09:00:00,3335000,3451000,3316000,3392000,27562.33784,3392000,upbit,2026-06-28T04:34:13Z
KRW-ETH,2026-04-12T00:00:00,2026-04-12T09:00:00,3395000,3402000,3250000,3276000,37538.20655,3276000,upbit,2026-06-28T04:34:13Z
KRW-ETH,2026-04-13T00:00:00,2026-04-13T09:00:00,3276000,3521000,3251000,3493000,55083.85979,3493000,upbit,2026-06-28T04:34:13Z
KRW-ETH,2026-04-14T00:00:00,2026-04-14T09:00:00,3491000,3557000,3414000,3438000,63223.89503,3438000,upbit,2026-06-28T04:34:13Z
KRW-ETH,2026-04-15T00:00:00,2026-04-15T09:00:00,3441000,3517000,3425000,3485000,31422.54427,3485000,upbit,2026-06-28T04:34:13Z
KRW-ETH,2026-04-16T00:00:00,2026-04-16T09:00:00,3485000,3494000,3388000,3467000,47031.39466,3467000,upbit,2026-06-28T04:34:13Z
KRW-ETH,2026-04-17T00:00:00,2026-04-17T09:00:00,3467000,3614000,3425000,3568000,66353.57979,3568000,upbit,2026-06-28T04:34:13Z
KRW-ETH,2026-04-18T00:00:00,2026-04-18T09:00:00,3568000,3585000,3465000,3489000,36491.91962,3489000,upbit,2026-06-28T04:34:13Z
KRW-ETH,2026-04-19T00:00:00,2026-04-19T09:00:00,3490000,3497000,3364000,3374000,38631.79394,3374000,upbit,2026-06-28T04:34:13Z
KRW-ETH,2026-04-20T00:00:00,2026-04-20T09:00:00,3374000,3468000,3366000,3431000,31935.77379,3431000,upbit,2026-06-28T04:34:13Z
KRW-ETH,2026-04-21T00:00:00,2026-04-21T09:00:00,3431000,3456000,3398000,3449000,29156.33189,3449000,upbit,2026-06-28T04:34:13Z
KRW-ETH,2026-04-22T00:00:00,2026-04-22T09:00:00,3450000,3581000,3429000,3519000,45888.5043,3519000,upbit,2026-06-28T04:34:13Z
KRW-ETH,2026-04-23T00:00:00,2026-04-23T09:00:00,3519000,3534000,3409000,3469000,44088.78911,3469000,upbit,2026-06-28T04:34:13Z
KRW-ETH,2026-04-24T00:00:00,2026-04-24T09:00:00,3470000,3479000,3432000,3449000,26817.78711,3449000,upbit,2026-06-28T04:34:13Z
KRW-ETH,2026-04-25T00:00:00,2026-04-25T09:00:00,3449000,3460000,3435000,3455000,10973.61711,3455000,upbit,2026-06-28T04:34:13Z
KRW-ETH,2026-04-26T00:00:00,2026-04-26T09:00:00,3455000,3528000,3439000,3515000,19113.4923,3515000,upbit,2026-06-28T04:34:13Z
KRW-ETH,2026-04-27T00:00:00,2026-04-27T09:00:00,3515000,3559000,3389000,3434000,46376.21637,3434000,upbit,2026-06-28T04:34:13Z
KRW-ETH,2026-04-28T00:00:00,2026-04-28T09:00:00,3435000,3437000,3361000,3400000,23290.17035,3400000,upbit,2026-06-28T04:34:13Z
KRW-ETH,2026-04-29T00:00:00,2026-04-29T09:00:00,3401000,3482000,3328000,3372000,34560.62368,3372000,upbit,2026-06-28T04:34:13Z
KRW-ETH,2026-04-30T00:00:00,2026-04-30T09:00:00,3372000,3402000,3333000,3368000,17627.69425,3368000,upbit,2026-06-28T04:34:13Z
KRW-ETH,2026-05-01T00:00:00,2026-05-01T09:00:00,3368000,3441000,3364000,3405000,16716.23136,3405000,upbit,2026-06-28T04:34:13Z
KRW-ETH,2026-05-02T00:00:00,2026-05-02T09:00:00,3406000,3470000,3402000,3432000,14586.01869,3432000,upbit,2026-06-28T04:34:13Z
KRW-ETH,2026-05-03T00:00:00,2026-05-03T09:00:00,3433000,3481000,3414000,3444000,15856.09565,3444000,upbit,2026-06-28T04:34:13Z
KRW-ETH,2026-05-04T00:00:00,2026-05-04T09:00:00,3445000,3535000,3425000,3485000,47794.03707,3485000,upbit,2026-06-28T04:34:13Z
KRW-ETH,2026-05-05T00:00:00,2026-05-05T09:00:00,3487000,3544000,3482000,3493000,39005.27142,3493000,upbit,2026-06-28T04:34:13Z
KRW-ETH,2026-05-06T00:00:00,2026-05-06T09:00:00,3493000,3535000,3440000,3452000,47298.05463,3452000,upbit,2026-06-28T04:34:13Z
KRW-ETH,2026-05-07T00:00:00,2026-05-07T09:00:00,3452000,3452000,3362000,3377000,36261.85222,3377000,upbit,2026-06-28T04:34:13Z
KRW-ETH,2026-05-08T00:00:00,2026-05-08T09:00:00,3377000,3421000,3351000,3398000,24265.64875,3398000,upbit,2026-06-28T04:34:13Z
KRW-ETH,2026-05-09T00:00:00,2026-05-09T09:00:00,3399000,3441000,3392000,3428000,12992.18322,3428000,upbit,2026-06-28T04:34:13Z
KRW-ETH,2026-05-10T00:00:00,2026-05-10T09:00:00,3429000,3478000,3395000,3474000,25972.07665,3474000,upbit,2026-06-28T04:34:13Z
KRW-ETH,2026-05-11T00:00:00,2026-05-11T09:00:00,3475000,3480000,3401000,3439000,26826.92205,3439000,upbit,2026-06-28T04:34:13Z
KRW-ETH,2026-05-12T00:00:00,2026-05-12T09:00:00,3439000,3443000,3351000,3373000,32539.03241,3373000,upbit,2026-06-28T04:34:13Z
KRW-ETH,2026-05-13T00:00:00,2026-05-13T09:00:00,3374000,3429000,3331000,3355000,29400.75579,3355000,upbit,2026-06-28T04:34:13Z
KRW-ETH,2026-05-14T00:00:00,2026-05-14T09:00:00,3355000,3420000,3328000,3373000,28209.1114,3373000,upbit,2026-06-28T04:34:13Z
KRW-ETH,2026-05-15T00:00:00,2026-05-15T09:00:00,3375000,3399000,3283000,3309000,32648.34694,3309000,upbit,2026-06-28T04:34:13Z
KRW-ETH,2026-05-16T00:00:00,2026-05-16T09:00:00,3309000,3323000,3224000,3256000,21913.53366,3256000,upbit,2026-06-28T04:34:13Z
KRW-ETH,2026-05-17T00:00:00,2026-05-17T09:00:00,3257000,3277000,3134000,3178000,18408.37255,3178000,upbit,2026-06-28T04:34:13Z
KRW-ETH,2026-05-18T00:00:00,2026-05-18T09:00:00,3178000,3209000,3096000,3161000,32399.64872,3161000,upbit,2026-06-28T04:34:13Z
KRW-ETH,2026-05-19T00:00:00,2026-05-19T09:00:00,3162000,3192000,3125000,3144000,15421.69263,3144000,upbit,2026-06-28T04:34:13Z
KRW-ETH,2026-05-20T00:00:00,2026-05-20T09:00:00,3145000,3186000,3131000,3155000,18055.94526,3155000,upbit,2026-06-28T04:34:13Z
KRW-ETH,2026-05-21T00:00:00,2026-05-21T09:00:00,3156000,3195000,3134000,3164000,20135.22764,3164000,upbit,2026-06-28T04:34:13Z
KRW-ETH,2026-05-22T00:00:00,2026-05-22T09:00:00,3166000,3182000,3085000,3100000,19001.48907,3100000,upbit,2026-06-28T04:34:13Z
KRW-ETH,2026-05-23T00:00:00,2026-05-23T09:00:00,3099000,3206000,3027000,3167000,30209.05123,3167000,upbit,2026-06-28T04:34:13Z
KRW-ETH,2026-05-24T00:00:00,2026-05-24T09:00:00,3169000,3184000,3091000,3143000,14580.01411,3143000,upbit,2026-06-28T04:34:13Z
KRW-ETH,2026-05-25T00:00:00,2026-05-25T09:00:00,3143000,3183000,3126000,3139000,12506.65264,3139000,upbit,2026-06-28T04:34:13Z
KRW-ETH,2026-05-26T00:00:00,2026-05-26T09:00:00,3140000,3163000,3060000,3071000,23922.81208,3071000,upbit,2026-06-28T04:34:13Z
KRW-ETH,2026-05-27T00:00:00,2026-05-27T09:00:00,3071000,3092000,2970000,2980000,32770.38418,2980000,upbit,2026-06-28T04:34:13Z
KRW-ETH,2026-05-28T00:00:00,2026-05-28T09:00:00,2980000,2995000,2904000,2963000,37589.60777,2963000,upbit,2026-06-28T04:34:13Z
KRW-ETH,2026-05-29T00:00:00,2026-05-29T09:00:00,2962000,3025000,2931000,2984000,20618.87852,2984000,upbit,2026-06-28T04:34:13Z
KRW-ETH,2026-05-30T00:00:00,2026-05-30T09:00:00,2984000,3010000,2969000,2995000,10865.21075,2995000,upbit,2026-06-28T04:34:13Z
KRW-ETH,2026-05-31T00:00:00,2026-05-31T09:00:00,2995000,3016000,2945000,2953000,11368.35661,2953000,upbit,2026-06-28T04:34:13Z
KRW-ETH,2026-06-01T00:00:00,2026-06-01T09:00:00,2953000,2974000,2871000,2927000,35234.12848,2927000,upbit,2026-06-28T04:34:13Z
KRW-ETH,2026-06-02T00:00:00,2026-06-02T09:00:00,2927000,2927000,2727000,2751000,49679.14606,2751000,upbit,2026-06-28T04:34:13Z
KRW-ETH,2026-06-03T00:00:00,2026-06-03T09:00:00,2752000,2802000,2635000,2687000,46842.8223,2687000,upbit,2026-06-28T04:34:13Z
KRW-ETH,2026-06-04T00:00:00,2026-06-04T09:00:00,2687000,2709000,2560000,2649000,54600.98822,2649000,upbit,2026-06-28T04:34:13Z
KRW-ETH,2026-06-05T00:00:00,2026-06-05T09:00:00,2649000,2649000,2357000,2414000,109440.1691,2414000,upbit,2026-06-28T04:34:13Z
KRW-ETH,2026-06-06T00:00:00,2026-06-06T09:00:00,2414000,2437000,2300000,2386000,43759.71489,2386000,upbit,2026-06-28T04:34:13Z
KRW-ETH,2026-06-07T00:00:00,2026-06-07T09:00:00,2386000,2598000,2377000,2549000,40114.29529,2549000,upbit,2026-06-28T04:34:13Z
KRW-ETH,2026-06-08T00:00:00,2026-06-08T09:00:00,2548000,2582000,2474000,2536000,31251.4763,2536000,upbit,2026-06-28T04:34:13Z
KRW-ETH,2026-06-09T00:00:00,2026-06-09T09:00:00,2537000,2547000,2431000,2459000,24292.22517,2459000,upbit,2026-06-28T04:34:13Z
KRW-ETH,2026-06-10T00:00:00,2026-06-10T09:00:00,2459000,2507000,2416000,2440000,25704.09966,2440000,upbit,2026-06-28T04:34:13Z
KRW-ETH,2026-06-11T00:00:00,2026-06-11T09:00:00,2441000,2541000,2440000,2517000,19705.02975,2517000,upbit,2026-06-28T04:34:13Z
KRW-ETH,2026-06-12T00:00:00,2026-06-12T09:00:00,2517000,2548000,2488000,2514000,19026.4246,2514000,upbit,2026-06-28T04:34:13Z
KRW-ETH,2026-06-13T00:00:00,2026-06-13T09:00:00,2514000,2564000,2510000,2543000,13558.40895,2543000,upbit,2026-06-28T04:34:13Z
KRW-ETH,2026-06-14T00:00:00,2026-06-14T09:00:00,2544000,2607000,2495000,2605000,21179.27089,2605000,upbit,2026-06-28T04:34:13Z
KRW-ETH,2026-06-15T00:00:00,2026-06-15T09:00:00,2605000,2780000,2565000,2697000,43432.43344,2697000,upbit,2026-06-28T04:34:13Z
KRW-ETH,2026-06-16T00:00:00,2026-06-16T09:00:00,2697000,2764000,2643000,2693000,32532.49123,2693000,upbit,2026-06-28T04:34:13Z
KRW-ETH,2026-06-17T00:00:00,2026-06-17T09:00:00,2693000,2720000,2605000,2638000,25380.20778,2638000,upbit,2026-06-28T04:34:13Z
KRW-ETH,2026-06-18T00:00:00,2026-06-18T09:00:00,2638000,2653000,2532000,2582000,25902.30404,2582000,upbit,2026-06-28T04:34:13Z
KRW-ETH,2026-06-19T00:00:00,2026-06-19T09:00:00,2582000,2593000,2539000,2588000,16186.97752,2588000,upbit,2026-06-28T04:34:13Z
KRW-ETH,2026-06-20T00:00:00,2026-06-20T09:00:00,2588000,2643000,2579000,2635000,12416.73743,2635000,upbit,2026-06-28T04:34:13Z
KRW-ETH,2026-06-21T00:00:00,2026-06-21T09:00:00,2635000,2636000,2569000,2572000,11335.40408,2572000,upbit,2026-06-28T04:34:13Z
KRW-ETH,2026-06-22T00:00:00,2026-06-22T09:00:00,2572000,2677000,2571000,2609000,21114.09021,2609000,upbit,2026-06-28T04:34:13Z
KRW-ETH,2026-06-23T00:00:00,2026-06-23T09:00:00,2610000,2620000,2470000,2514000,28285.54736,2514000,upbit,2026-06-28T04:34:13Z
KRW-ETH,2026-06-24T00:00:00,2026-06-24T09:00:00,2513000,2556000,2377000,2460000,32909.23956,2460000,upbit,2026-06-28T04:34:13Z
KRW-ETH,2026-06-25T00:00:00,2026-06-25T09:00:00,2460000,2512000,2347000,2383000,37864.44282,2383000,upbit,2026-06-28T04:34:13Z
KRW-ETH,2026-06-26T00:00:00,2026-06-26T09:00:00,2384000,2413000,2303000,2393000,36817.70931,2393000,upbit,2026-06-28T04:34:13Z
KRW-ETH,2026-06-27T00:00:00,2026-06-27T09:00:00,2393000,2440000,2376000,2388000,11084.36763,2388000,upbit,2026-06-28T04:34:13Z
KRW-ETH,2026-06-28T00:00:00,2026-06-28T09:00:00,2389000,2399000,2382000,2388000,1718.426958,2388000,upbit,2026-06-28T04:34:13Z
KRW-XRP,2020-06-20T00:00:00,2020-06-20T09:00:00,228,229,225,228,24091256.03,228,upbit,2026-06-28T04:34:13Z
KRW-XRP,2020-06-21T00:00:00,2020-06-21T09:00:00,228,228,224,224,19683232.93,224,upbit,2026-06-28T04:34:13Z
KRW-XRP,2020-06-22T00:00:00,2020-06-22T09:00:00,224,228,224,227,40211095.15,227,upbit,2026-06-28T04:34:13Z
KRW-XRP,2020-06-23T00:00:00,2020-06-23T09:00:00,227,229,225,226,30132556.75,226,upbit,2026-06-28T04:34:13Z
KRW-XRP,2020-06-24T00:00:00,2020-06-24T09:00:00,226,227,219,222,58867456.8,222,upbit,2026-06-28T04:34:13Z
KRW-XRP,2020-06-25T00:00:00,2020-06-25T09:00:00,222,222,215,219,44724088.99,219,upbit,2026-06-28T04:34:13Z
KRW-XRP,2020-06-26T00:00:00,2020-06-26T09:00:00,218,226,214,220,62927693.42,220,upbit,2026-06-28T04:34:13Z
KRW-XRP,2020-06-27T00:00:00,2020-06-27T09:00:00,219,221,208,213,39028822.66,213,upbit,2026-06-28T04:34:13Z
KRW-XRP,2020-06-28T00:00:00,2020-06-28T09:00:00,212,217,208,213,42364805.56,213,upbit,2026-06-28T04:34:13Z
KRW-XRP,2020-06-29T00:00:00,2020-06-29T09:00:00,214,215,210,212,41642943.89,212,upbit,2026-06-28T04:34:13Z
KRW-XRP,2020-06-30T00:00:00,2020-06-30T09:00:00,212,213,209,210,34144914.72,210,upbit,2026-06-28T04:34:13Z
KRW-XRP,2020-07-01T00:00:00,2020-07-01T09:00:00,210,214,208,212,52112629.65,212,upbit,2026-06-28T04:34:13Z
KRW-XRP,2020-07-02T00:00:00,2020-07-02T09:00:00,212,213,207,209,49179309.17,209,upbit,2026-06-28T04:34:13Z
KRW-XRP,2020-07-03T00:00:00,2020-07-03T09:00:00,209,214,209,211,39616656.5,211,upbit,2026-06-28T04:34:13Z
KRW-XRP,2020-07-04T00:00:00,2020-07-04T09:00:00,211,215,210,212,29663539.54,212,upbit,2026-06-28T04:34:13Z
KRW-XRP,2020-07-05T00:00:00,2020-07-05T09:00:00,213,213,208,211,29089592.04,211,upbit,2026-06-28T04:34:13Z
KRW-XRP,2020-07-06T00:00:00,2020-07-06T09:00:00,211,225,210,224,91214424.72,224,upbit,2026-06-28T04:34:13Z
KRW-XRP,2020-07-07T00:00:00,2020-07-07T09:00:00,224,224,218,219,52713431.1,219,upbit,2026-06-28T04:34:13Z
KRW-XRP,2020-07-08T00:00:00,2020-07-08T09:00:00,219,244,218,243,175839025.7,243,upbit,2026-06-28T04:34:13Z
KRW-XRP,2020-07-09T00:00:00,2020-07-09T09:00:00,242,251,234,241,156393215.2,241,upbit,2026-06-28T04:34:13Z
KRW-XRP,2020-07-10T00:00:00,2020-07-10T09:00:00,241,241,230,237,70327573.79,237,upbit,2026-06-28T04:34:13Z
KRW-XRP,2020-07-11T00:00:00,2020-07-11T09:00:00,237,243,235,239,54789093.94,239,upbit,2026-06-28T04:34:13Z
KRW-XRP,2020-07-12T00:00:00,2020-07-12T09:00:00,239,241,235,239,41062330.9,239,upbit,2026-06-28T04:34:13Z
KRW-XRP,2020-07-13T00:00:00,2020-07-13T09:00:00,239,245,233,237,81375161.54,237,upbit,2026-06-28T04:34:13Z
KRW-XRP,2020-07-14T00:00:00,2020-07-14T09:00:00,237,239,233,237,56739151.32,237,upbit,2026-06-28T04:34:13Z
KRW-XRP,2020-07-15T00:00:00,2020-07-15T09:00:00,237,238,234,236,35542725.99,236,upbit,2026-06-28T04:34:13Z
KRW-XRP,2020-07-16T00:00:00,2020-07-16T09:00:00,236,236,226,233,66152451.37,233,upbit,2026-06-28T04:34:13Z
KRW-XRP,2020-07-17T00:00:00,2020-07-17T09:00:00,232,237,229,232,61704034.84,232,upbit,2026-06-28T04:34:13Z
KRW-XRP,2020-07-18T00:00:00,2020-07-18T09:00:00,232,240,231,238,45630228.08,238,upbit,2026-06-28T04:34:13Z
KRW-XRP,2020-07-19T00:00:00,2020-07-19T09:00:00,238,241,233,237,45615003.43,237,upbit,2026-06-28T04:34:13Z
KRW-XRP,2020-07-20T00:00:00,2020-07-20T09:00:00,237,238,231,233,44416411.17,233,upbit,2026-06-28T04:34:13Z
KRW-XRP,2020-07-21T00:00:00,2020-07-21T09:00:00,233,240,232,236,54586719.31,236,upbit,2026-06-28T04:34:13Z
KRW-XRP,2020-07-22T00:00:00,2020-07-22T09:00:00,236,242,234,241,37307810.23,241,upbit,2026-06-28T04:34:13Z
KRW-XRP,2020-07-23T00:00:00,2020-07-23T09:00:00,241,248,238,247,89382129.76,247,upbit,2026-06-28T04:34:13Z
KRW-XRP,2020-07-24T00:00:00,2020-07-24T09:00:00,247,247,240,243,57138146.85,243,upbit,2026-06-28T04:34:13Z
KRW-XRP,2020-07-25T00:00:00,2020-07-25T09:00:00,243,257,242,253,75213680.11,253,upbit,2026-06-28T04:34:13Z
KRW-XRP,2020-07-26T00:00:00,2020-07-26T09:00:00,253,266,251,254,152296760.6,254,upbit,2026-06-28T04:34:13Z
KRW-XRP,2020-07-27T00:00:00,2020-07-27T09:00:00,254,268,249,263,160062781.7,263,upbit,2026-06-28T04:34:13Z
KRW-XRP,2020-07-28T00:00:00,2020-07-28T09:00:00,263,275,256,270,146779208.7,270,upbit,2026-06-28T04:34:13Z
KRW-XRP,2020-07-29T00:00:00,2020-07-29T09:00:00,269,295,268,287,201049187.7,287,upbit,2026-06-28T04:34:13Z
KRW-XRP,2020-07-30T00:00:00,2020-07-30T09:00:00,287,295,280,288,136403514.4,288,upbit,2026-06-28T04:34:13Z
KRW-XRP,2020-07-31T00:00:00,2020-07-31T09:00:00,289,309,285,307,123623918.5,307,upbit,2026-06-28T04:34:13Z
KRW-XRP,2020-08-01T00:00:00,2020-08-01T09:00:00,307,350,302,344,265852041.9,344,upbit,2026-06-28T04:34:13Z
KRW-XRP,2020-08-02T00:00:00,2020-08-02T09:00:00,344,384,320,340,918142802.4,340,upbit,2026-06-28T04:34:13Z
KRW-XRP,2020-08-03T00:00:00,2020-08-03T09:00:00,340,378,336,367,377130464.1,367,upbit,2026-06-28T04:34:13Z
KRW-XRP,2020-08-04T00:00:00,2020-08-04T09:00:00,366,378,348,359,279545212.4,359,upbit,2026-06-28T04:34:13Z
KRW-XRP,2020-08-05T00:00:00,2020-08-05T09:00:00,359,364,346,358,150694468.3,358,upbit,2026-06-28T04:34:13Z
KRW-XRP,2020-08-06T00:00:00,2020-08-06T09:00:00,357,367,351,358,127765440,358,upbit,2026-06-28T04:34:13Z
KRW-XRP,2020-08-07T00:00:00,2020-08-07T09:00:00,358,366,338,350,143940098.3,350,upbit,2026-06-28T04:34:13Z
KRW-XRP,2020-08-08T00:00:00,2020-08-08T09:00:00,349,354,344,348,88491510.99,348,upbit,2026-06-28T04:34:13Z
KRW-XRP,2020-08-09T00:00:00,2020-08-09T09:00:00,348,351,334,340,102708395.1,340,upbit,2026-06-28T04:34:13Z
KRW-XRP,2020-08-10T00:00:00,2020-08-10T09:00:00,340,353,340,347,107014674.7,347,upbit,2026-06-28T04:34:13Z
KRW-XRP,2020-08-11T00:00:00,2020-08-11T09:00:00,347,361,327,338,190101401.6,338,upbit,2026-06-28T04:34:13Z
KRW-XRP,2020-08-12T00:00:00,2020-08-12T09:00:00,338,341,323,335,154329381.1,335,upbit,2026-06-28T04:34:13Z
KRW-XRP,2020-08-13T00:00:00,2020-08-13T09:00:00,335,348,323,345,149550039.4,345,upbit,2026-06-28T04:34:13Z
KRW-XRP,2020-08-14T00:00:00,2020-08-14T09:00:00,346,360,343,353,177911296.8,353,upbit,2026-06-28T04:34:13Z
KRW-XRP,2020-08-15T00:00:00,2020-08-15T09:00:00,353,358,345,351,101596362.2,351,upbit,2026-06-28T04:34:13Z
KRW-XRP,2020-08-16T00:00:00,2020-08-16T09:00:00,351,356,343,355,99285334.3,355,upbit,2026-06-28T04:34:13Z
KRW-XRP,2020-08-17T00:00:00,2020-08-17T09:00:00,356,374,349,366,286573963,366,upbit,2026-06-28T04:34:13Z
KRW-XRP,2020-08-18T00:00:00,2020-08-18T09:00:00,365,372,349,355,177240846.5,355,upbit,2026-06-28T04:34:13Z
KRW-XRP,2020-08-19T00:00:00,2020-08-19T09:00:00,355,357,333,342,170176640,342,upbit,2026-06-28T04:34:13Z
KRW-XRP,2020-08-20T00:00:00,2020-08-20T09:00:00,341,346,335,344,93831613.21,344,upbit,2026-06-28T04:34:13Z
KRW-XRP,2020-08-21T00:00:00,2020-08-21T09:00:00,344,350,333,334,130314865,334,upbit,2026-06-28T04:34:13Z
KRW-XRP,2020-08-22T00:00:00,2020-08-22T09:00:00,334,341,325,339,82562295.25,339,upbit,2026-06-28T04:34:13Z
KRW-XRP,2020-08-23T00:00:00,2020-08-23T09:00:00,339,341,330,339,54721103.81,339,upbit,2026-06-28T04:34:13Z
KRW-XRP,2020-08-24T00:00:00,2020-08-24T09:00:00,338,345,334,341,59478620.54,341,upbit,2026-06-28T04:34:13Z
KRW-XRP,2020-08-25T00:00:00,2020-08-25T09:00:00,340,342,323,330,88224522.01,330,upbit,2026-06-28T04:34:13Z
KRW-XRP,2020-08-26T00:00:00,2020-08-26T09:00:00,329,332,325,327,62690092.81,327,upbit,2026-06-28T04:34:13Z
KRW-XRP,2020-08-27T00:00:00,2020-08-27T09:00:00,327,330,305,314,141756221.1,314,upbit,2026-06-28T04:34:13Z
KRW-XRP,2020-08-28T00:00:00,2020-08-28T09:00:00,314,321,307,320,72661163.49,320,upbit,2026-06-28T04:34:13Z
KRW-XRP,2020-08-29T00:00:00,2020-08-29T09:00:00,319,326,315,322,59634441.16,322,upbit,2026-06-28T04:34:13Z
KRW-XRP,2020-08-30T00:00:00,2020-08-30T09:00:00,321,332,321,331,54900890.8,331,upbit,2026-06-28T04:34:13Z
KRW-XRP,2020-08-31T00:00:00,2020-08-31T09:00:00,331,335,326,331,58946500.54,331,upbit,2026-06-28T04:34:13Z
KRW-XRP,2020-09-01T00:00:00,2020-09-01T09:00:00,332,350,327,346,129075502.5,346,upbit,2026-06-28T04:34:13Z
KRW-XRP,2020-09-02T00:00:00,2020-09-02T09:00:00,346,356,317,329,209261884.4,329,upbit,2026-06-28T04:34:13Z
KRW-XRP,2020-09-03T00:00:00,2020-09-03T09:00:00,329,330,295,296,204764506.1,296,upbit,2026-06-28T04:34:13Z
KRW-XRP,2020-09-04T00:00:00,2020-09-04T09:00:00,296,321,292,307,248544709.1,307,upbit,2026-06-28T04:34:13Z
KRW-XRP,2020-09-05T00:00:00,2020-09-05T09:00:00,306,314,282,288,195850511.9,288,upbit,2026-06-28T04:34:13Z
KRW-XRP,2020-09-06T00:00:00,2020-09-06T09:00:00,289,294,276,289,149000280.3,289,upbit,2026-06-28T04:34:13Z
KRW-XRP,2020-09-07T00:00:00,2020-09-07T09:00:00,289,293,276,289,125556087.9,289,upbit,2026-06-28T04:34:13Z
KRW-XRP,2020-09-08T00:00:00,2020-09-08T09:00:00,289,291,278,284,93704105.69,284,upbit,2026-06-28T04:34:13Z
KRW-XRP,2020-09-09T00:00:00,2020-09-09T09:00:00,284,289,279,285,72456702.22,285,upbit,2026-06-28T04:34:13Z
KRW-XRP,2020-09-10T00:00:00,2020-09-10T09:00:00,285,296,284,290,94052677.8,290,upbit,2026-06-28T04:34:13Z
KRW-XRP,2020-09-11T00:00:00,2020-09-11T09:00:00,290,292,283,289,57408141.02,289,upbit,2026-06-28T04:34:13Z
KRW-XRP,2020-09-12T00:00:00,2020-09-12T09:00:00,289,295,286,294,35447900.58,294,upbit,2026-06-28T04:34:13Z
KRW-XRP,2020-09-13T00:00:00,2020-09-13T09:00:00,294,302,285,290,79568620.1,290,upbit,2026-06-28T04:34:13Z
KRW-XRP,2020-09-14T00:00:00,2020-09-14T09:00:00,290,296,286,292,59553637.31,292,upbit,2026-06-28T04:34:13Z
KRW-XRP,2020-09-15T00:00:00,2020-09-15T09:00:00,292,295,287,289,57729516.98,289,upbit,2026-06-28T04:34:13Z
KRW-XRP,2020-09-16T00:00:00,2020-09-16T09:00:00,289,295,279,291,71709826.85,291,upbit,2026-06-28T04:34:13Z
KRW-XRP,2020-09-17T00:00:00,2020-09-17T09:00:00,290,305,290,296,103884742.9,296,upbit,2026-06-28T04:34:13Z
KRW-XRP,2020-09-18T00:00:00,2020-09-18T09:00:00,296,298,289,293,54898174.67,293,upbit,2026-06-28T04:34:13Z
KRW-XRP,2020-09-19T00:00:00,2020-09-19T09:00:00,292,298,290,294,34920646.25,294,upbit,2026-06-28T04:34:13Z
KRW-XRP,2020-09-20T00:00:00,2020-09-20T09:00:00,293,294,285,288,32746972.72,288,upbit,2026-06-28T04:34:13Z
KRW-XRP,2020-09-21T00:00:00,2020-09-21T09:00:00,289,290,270,272,89905549.74,272,upbit,2026-06-28T04:34:13Z
KRW-XRP,2020-09-22T00:00:00,2020-09-22T09:00:00,273,276,267,273,58279844.74,273,upbit,2026-06-28T04:34:13Z
KRW-XRP,2020-09-23T00:00:00,2020-09-23T09:00:00,273,275,256,259,73102533.07,259,upbit,2026-06-28T04:34:13Z
KRW-XRP,2020-09-24T00:00:00,2020-09-24T09:00:00,258,273,256,272,72701805.17,272,upbit,2026-06-28T04:34:13Z
KRW-XRP,2020-09-25T00:00:00,2020-09-25T09:00:00,272,285,268,280,80419845.96,280,upbit,2026-06-28T04:34:13Z
KRW-XRP,2020-09-26T00:00:00,2020-09-26T09:00:00,280,286,277,282,39017054.59,282,upbit,2026-06-28T04:34:13Z
KRW-XRP,2020-09-27T00:00:00,2020-09-27T09:00:00,282,285,277,283,41536659.42,283,upbit,2026-06-28T04:34:13Z
KRW-XRP,2020-09-28T00:00:00,2020-09-28T09:00:00,283,289,280,281,48222432,281,upbit,2026-06-28T04:34:13Z
KRW-XRP,2020-09-29T00:00:00,2020-09-29T09:00:00,281,286,278,283,46654704.52,283,upbit,2026-06-28T04:34:13Z
KRW-XRP,2020-09-30T00:00:00,2020-09-30T09:00:00,282,283,278,282,28133173.86,282,upbit,2026-06-28T04:34:13Z
KRW-XRP,2020-10-01T00:00:00,2020-10-01T09:00:00,282,284,274,278,36897106.07,278,upbit,2026-06-28T04:34:13Z
KRW-XRP,2020-10-02T00:00:00,2020-10-02T09:00:00,278,280,269,275,51688484.67,275,upbit,2026-06-28T04:34:13Z
KRW-XRP,2020-10-03T00:00:00,2020-10-03T09:00:00,275,277,273,274,21406841.6,274,upbit,2026-06-28T04:34:13Z
KRW-XRP,2020-10-04T00:00:00,2020-10-04T09:00:00,273,293,272,290,69608401.22,290,upbit,2026-06-28T04:34:13Z
KRW-XRP,2020-10-05T00:00:00,2020-10-05T09:00:00,289,298,287,291,78871483.92,291,upbit,2026-06-28T04:34:13Z
KRW-XRP,2020-10-06T00:00:00,2020-10-06T09:00:00,291,301,282,288,122030066.4,288,upbit,2026-06-28T04:34:13Z
KRW-XRP,2020-10-07T00:00:00,2020-10-07T09:00:00,287,293,281,290,49456415.98,290,upbit,2026-06-28T04:34:13Z
KRW-XRP,2020-10-08T00:00:00,2020-10-08T09:00:00,290,292,281,290,69019451.1,290,upbit,2026-06-28T04:34:13Z
KRW-XRP,2020-10-09T00:00:00,2020-10-09T09:00:00,290,295,286,289,71879580.99,289,upbit,2026-06-28T04:34:13Z
KRW-XRP,2020-10-10T00:00:00,2020-10-10T09:00:00,289,297,288,290,74822099.64,290,upbit,2026-06-28T04:34:13Z
KRW-XRP,2020-10-11T00:00:00,2020-10-11T09:00:00,289,294,288,291,42345839.81,291,upbit,2026-06-28T04:34:13Z
KRW-XRP,2020-10-12T00:00:00,2020-10-12T09:00:00,290,295,286,292,69259698.79,292,upbit,2026-06-28T04:34:13Z
KRW-XRP,2020-10-13T00:00:00,2020-10-13T09:00:00,292,298,290,295,62629913.92,295,upbit,2026-06-28T04:34:13Z
KRW-XRP,2020-10-14T00:00:00,2020-10-14T09:00:00,294,297,284,287,77524933.67,287,upbit,2026-06-28T04:34:13Z
KRW-XRP,2020-10-15T00:00:00,2020-10-15T09:00:00,287,288,280,283,59039544.58,283,upbit,2026-06-28T04:34:13Z
KRW-XRP,2020-10-16T00:00:00,2020-10-16T09:00:00,283,285,274,277,62597144.56,277,upbit,2026-06-28T04:34:13Z
KRW-XRP,2020-10-17T00:00:00,2020-10-17T09:00:00,277,280,275,278,29678859.91,278,upbit,2026-06-28T04:34:13Z
KRW-XRP,2020-10-18T00:00:00,2020-10-18T09:00:00,278,279,276,278,21521371.35,278,upbit,2026-06-28T04:34:13Z
KRW-XRP,2020-10-19T00:00:00,2020-10-19T09:00:00,278,285,275,281,46308645.46,281,upbit,2026-06-28T04:34:13Z
KRW-XRP,2020-10-20T00:00:00,2020-10-20T09:00:00,281,285,277,279,45155194.87,279,upbit,2026-06-28T04:34:13Z
KRW-XRP,2020-10-21T00:00:00,2020-10-21T09:00:00,278,288,278,283,68397776.55,283,upbit,2026-06-28T04:34:13Z
KRW-XRP,2020-10-22T00:00:00,2020-10-22T09:00:00,283,296,283,289,87672144.58,289,upbit,2026-06-28T04:34:13Z
KRW-XRP,2020-10-23T00:00:00,2020-10-23T09:00:00,289,292,284,287,57218692.94,287,upbit,2026-06-28T04:34:13Z
KRW-XRP,2020-10-24T00:00:00,2020-10-24T09:00:00,287,290,285,289,27425851.06,289,upbit,2026-06-28T04:34:13Z
KRW-XRP,2020-10-25T00:00:00,2020-10-25T09:00:00,288,290,284,286,33534922.91,286,upbit,2026-06-28T04:34:13Z
KRW-XRP,2020-10-26T00:00:00,2020-10-26T09:00:00,285,291,277,282,57224509.58,282,upbit,2026-06-28T04:34:13Z
KRW-XRP,2020-10-27T00:00:00,2020-10-27T09:00:00,281,285,279,284,43890996.77,284,upbit,2026-06-28T04:34:13Z
KRW-XRP,2020-10-28T00:00:00,2020-10-28T09:00:00,283,288,277,280,71188579.36,280,upbit,2026-06-28T04:34:13Z
KRW-XRP,2020-10-29T00:00:00,2020-10-29T09:00:00,279,280,272,274,46825111.07,274,upbit,2026-06-28T04:34:13Z
KRW-XRP,2020-10-30T00:00:00,2020-10-30T09:00:00,275,276,263,270,62823421.03,270,upbit,2026-06-28T04:34:13Z
KRW-XRP,2020-10-31T00:00:00,2020-10-31T09:00:00,270,276,269,272,28300885.24,272,upbit,2026-06-28T04:34:13Z
KRW-XRP,2020-11-01T00:00:00,2020-11-01T09:00:00,271,273,269,271,21746789.99,271,upbit,2026-06-28T04:34:13Z
KRW-XRP,2020-11-02T00:00:00,2020-11-02T09:00:00,272,276,265,267,47272754,267,upbit,2026-06-28T04:34:13Z
KRW-XRP,2020-11-03T00:00:00,2020-11-03T09:00:00,267,277,260,271,84141545.55,271,upbit,2026-06-28T04:34:13Z
KRW-XRP,2020-11-04T00:00:00,2020-11-04T09:00:00,272,273,264,268,49200984.69,268,upbit,2026-06-28T04:34:13Z
KRW-XRP,2020-11-05T00:00:00,2020-11-05T09:00:00,269,276,267,274,71948710.14,274,upbit,2026-06-28T04:34:13Z
KRW-XRP,2020-11-06T00:00:00,2020-11-06T09:00:00,273,291,272,289,111382986.9,289,upbit,2026-06-28T04:34:13Z
KRW-XRP,2020-11-07T00:00:00,2020-11-07T09:00:00,289,299,277,280,129278774,280,upbit,2026-06-28T04:34:13Z
KRW-XRP,2020-11-08T00:00:00,2020-11-08T09:00:00,280,287,278,284,56956900.94,284,upbit,2026-06-28T04:34:13Z
KRW-XRP,2020-11-09T00:00:00,2020-11-09T09:00:00,284,286,276,279,66529587.65,279,upbit,2026-06-28T04:34:13Z
KRW-XRP,2020-11-10T00:00:00,2020-11-10T09:00:00,279,295,277,283,114930766.8,283,upbit,2026-06-28T04:34:13Z
KRW-XRP,2020-11-11T00:00:00,2020-11-11T09:00:00,283,288,281,285,71337744.89,285,upbit,2026-06-28T04:34:13Z
KRW-XRP,2020-11-12T00:00:00,2020-11-12T09:00:00,285,286,280,282,49222596.84,282,upbit,2026-06-28T04:34:13Z
KRW-XRP,2020-11-13T00:00:00,2020-11-13T09:00:00,282,293,281,293,70907640.69,293,upbit,2026-06-28T04:34:13Z
KRW-XRP,2020-11-14T00:00:00,2020-11-14T09:00:00,292,305,290,297,144260259.1,297,upbit,2026-06-28T04:34:13Z
KRW-XRP,2020-11-15T00:00:00,2020-11-15T09:00:00,297,307,294,299,103642661.5,299,upbit,2026-06-28T04:34:13Z
KRW-XRP,2020-11-16T00:00:00,2020-11-16T09:00:00,299,317,295,314,135235846.3,314,upbit,2026-06-28T04:34:13Z
KRW-XRP,2020-11-17T00:00:00,2020-11-17T09:00:00,315,334,314,331,215998074.9,331,upbit,2026-06-28T04:34:13Z
KRW-XRP,2020-11-18T00:00:00,2020-11-18T09:00:00,331,339,311,326,234915017.3,326,upbit,2026-06-28T04:34:13Z
KRW-XRP,2020-11-19T00:00:00,2020-11-19T09:00:00,325,339,317,338,171845137.5,338,upbit,2026-06-28T04:34:13Z
KRW-XRP,2020-11-20T00:00:00,2020-11-20T09:00:00,337,366,331,364,239905434.5,364,upbit,2026-06-28T04:34:13Z
KRW-XRP,2020-11-21T00:00:00,2020-11-21T09:00:00,365,508,363,500,1178772839,500,upbit,2026-06-28T04:34:13Z
KRW-XRP,2020-11-22T00:00:00,2020-11-22T09:00:00,501,543,440,494,1326960760,494,upbit,2026-06-28T04:34:13Z
KRW-XRP,2020-11-23T00:00:00,2020-11-23T09:00:00,494,677,478,673,1243531292,673,upbit,2026-06-28T04:34:13Z
KRW-XRP,2020-11-24T00:00:00,2020-11-24T09:00:00,673,859,633,758,1883666726,758,upbit,2026-06-28T04:34:13Z
KRW-XRP,2020-11-25T00:00:00,2020-11-25T09:00:00,758,786,670,702,823209480.7,702,upbit,2026-06-28T04:34:13Z
KRW-XRP,2020-11-26T00:00:00,2020-11-26T09:00:00,702,723,524,600,1706453366,600,upbit,2026-06-28T04:34:13Z
KRW-XRP,2020-11-27T00:00:00,2020-11-27T09:00:00,600,657,562,627,1029245285,627,upbit,2026-06-28T04:34:13Z
KRW-XRP,2020-11-28T00:00:00,2020-11-28T09:00:00,627,710,606,688,812470601.8,688,upbit,2026-06-28T04:34:13Z
KRW-XRP,2020-11-29T00:00:00,2020-11-29T09:00:00,688,700,647,665,495092680.4,665,upbit,2026-06-28T04:34:13Z
KRW-XRP,2020-11-30T00:00:00,2020-11-30T09:00:00,666,730,658,720,632951349.8,720,upbit,2026-06-28T04:34:13Z
KRW-XRP,2020-12-01T00:00:00,2020-12-01T09:00:00,720,742,662,681,683947632.6,681,upbit,2026-06-28T04:34:13Z
KRW-XRP,2020-12-02T00:00:00,2020-12-02T09:00:00,681,697,661,691,266777247.2,691,upbit,2026-06-28T04:34:13Z
KRW-XRP,2020-12-03T00:00:00,2020-12-03T09:00:00,691,699,675,687,169194576.5,687,upbit,2026-06-28T04:34:13Z
KRW-XRP,2020-12-04T00:00:00,2020-12-04T09:00:00,687,691,597,612,391777275.4,612,upbit,2026-06-28T04:34:13Z
KRW-XRP,2020-12-05T00:00:00,2020-12-05T09:00:00,612,653,603,635,265793473.8,635,upbit,2026-06-28T04:34:13Z
KRW-XRP,2020-12-06T00:00:00,2020-12-06T09:00:00,635,681,632,673,369768900.9,673,upbit,2026-06-28T04:34:13Z
KRW-XRP,2020-12-07T00:00:00,2020-12-07T09:00:00,674,676,648,661,152042725.4,661,upbit,2026-06-28T04:34:13Z
KRW-XRP,2020-12-08T00:00:00,2020-12-08T09:00:00,662,667,601,612,264933493.4,612,upbit,2026-06-28T04:34:13Z
KRW-XRP,2020-12-09T00:00:00,2020-12-09T09:00:00,612,655,552,637,720299525,637,upbit,2026-06-28T04:34:13Z
KRW-XRP,2020-12-10T00:00:00,2020-12-10T09:00:00,638,644,609,626,377054012.2,626,upbit,2026-06-28T04:34:13Z
KRW-XRP,2020-12-11T00:00:00,2020-12-11T09:00:00,626,629,567,581,480825461.6,581,upbit,2026-06-28T04:34:13Z
KRW-XRP,2020-12-12T00:00:00,2020-12-12T09:00:00,582,593,530,555,550612538.8,555,upbit,2026-06-28T04:34:13Z
KRW-XRP,2020-12-13T00:00:00,2020-12-13T09:00:00,554,574,533,557,278501235.8,557,upbit,2026-06-28T04:34:13Z
KRW-XRP,2020-12-14T00:00:00,2020-12-14T09:00:00,557,563,535,540,143901280.4,540,upbit,2026-06-28T04:34:13Z
KRW-XRP,2020-12-15T00:00:00,2020-12-15T09:00:00,540,551,507,509,229495729.2,509,upbit,2026-06-28T04:34:13Z
KRW-XRP,2020-12-16T00:00:00,2020-12-16T09:00:00,509,617,482,611,768724349.8,611,upbit,2026-06-28T04:34:13Z
KRW-XRP,2020-12-17T00:00:00,2020-12-17T09:00:00,611,700,589,626,995588035.9,626,upbit,2026-06-28T04:34:13Z
KRW-XRP,2020-12-18T00:00:00,2020-12-18T09:00:00,625,665,598,634,465919829.4,634,upbit,2026-06-28T04:34:13Z
KRW-XRP,2020-12-19T00:00:00,2020-12-19T09:00:00,634,660,620,634,256351134.5,634,upbit,2026-06-28T04:34:13Z
KRW-XRP,2020-12-20T00:00:00,2020-12-20T09:00:00,634,647,600,614,199701257.8,614,upbit,2026-06-28T04:34:13Z
KRW-XRP,2020-12-21T00:00:00,2020-12-21T09:00:00,614,629,559,574,432321418.1,574,upbit,2026-06-28T04:34:13Z
KRW-XRP,2020-12-22T00:00:00,2020-12-22T09:00:00,574,582,472,503,941187846.1,503,upbit,2026-06-28T04:34:13Z
KRW-XRP,2020-12-23T00:00:00,2020-12-23T09:00:00,503,511,253,296,3751620778,296,upbit,2026-06-28T04:34:13Z
KRW-XRP,2020-12-24T00:00:00,2020-12-24T09:00:00,296,411,275,376,3118416958,376,upbit,2026-06-28T04:34:13Z
KRW-XRP,2020-12-25T00:00:00,2020-12-25T09:00:00,375,423,310,349,3261291097,349,upbit,2026-06-28T04:34:13Z
KRW-XRP,2020-12-26T00:00:00,2020-12-26T09:00:00,348,358,316,327,1128730657,327,upbit,2026-06-28T04:34:13Z
KRW-XRP,2020-12-27T00:00:00,2020-12-27T09:00:00,328,342,297,317,1212050521,317,upbit,2026-06-28T04:34:13Z
KRW-XRP,2020-12-28T00:00:00,2020-12-28T09:00:00,317,343,262,277,945715098.6,277,upbit,2026-06-28T04:34:13Z
KRW-XRP,2020-12-29T00:00:00,2020-12-29T09:00:00,277,279,198,247,2919976686,247,upbit,2026-06-28T04:34:13Z
KRW-XRP,2020-12-30T00:00:00,2020-12-30T09:00:00,247,262,214,233,1338916068,233,upbit,2026-06-28T04:34:13Z
KRW-XRP,2020-12-31T00:00:00,2020-12-31T09:00:00,233,253,228,243,616252352,243,upbit,2026-06-28T04:34:13Z
KRW-XRP,2021-01-01T00:00:00,2021-01-01T09:00:00,243,276,239,262,1025934533,262,upbit,2026-06-28T04:34:13Z
KRW-XRP,2021-01-02T00:00:00,2021-01-02T09:00:00,262,263,237,245,510408966.5,245,upbit,2026-06-28T04:34:13Z
KRW-XRP,2021-01-03T00:00:00,2021-01-03T09:00:00,245,268,241,256,871057216.5,256,upbit,2026-06-28T04:34:13Z
KRW-XRP,2021-01-04T00:00:00,2021-01-04T09:00:00,255,322,249,269,1485322366,269,upbit,2026-06-28T04:34:13Z
KRW-XRP,2021-01-05T00:00:00,2021-01-05T09:00:00,268,278,247,253,765746607.7,253,upbit,2026-06-28T04:34:13Z
KRW-XRP,2021-01-06T00:00:00,2021-01-06T09:00:00,253,309,247,276,1529761479,276,upbit,2026-06-28T04:34:13Z
KRW-XRP,2021-01-07T00:00:00,2021-01-07T09:00:00,276,412,271,368,3848335261,368,upbit,2026-06-28T04:34:13Z
KRW-XRP,2021-01-08T00:00:00,2021-01-08T09:00:00,368,394,330,374,1734771878,374,upbit,2026-06-28T04:34:13Z
KRW-XRP,2021-01-09T00:00:00,2021-01-09T09:00:00,373,385,355,370,837490042.5,370,upbit,2026-06-28T04:34:13Z
KRW-XRP,2021-01-10T00:00:00,2021-01-10T09:00:00,370,441,325,357,1922495449,357,upbit,2026-06-28T04:34:13Z
KRW-XRP,2021-01-11T00:00:00,2021-01-11T09:00:00,358,360,288,326,1831714178,326,upbit,2026-06-28T04:34:13Z
KRW-XRP,2021-01-12T00:00:00,2021-01-12T09:00:00,326,350,311,331,868161482.1,331,upbit,2026-06-28T04:34:13Z
KRW-XRP,2021-01-13T00:00:00,2021-01-13T09:00:00,332,343,325,339,383137932.3,339,upbit,2026-06-28T04:34:13Z
KRW-XRP,2021-01-14T00:00:00,2021-01-14T09:00:00,338,343,311,323,515269665.5,323,upbit,2026-06-28T04:34:13Z
KRW-XRP,2021-01-15T00:00:00,2021-01-15T09:00:00,324,332,296,313,418467766.2,313,upbit,2026-06-28T04:34:13Z
KRW-XRP,2021-01-16T00:00:00,2021-01-16T09:00:00,312,325,307,310,404266795.6,310,upbit,2026-06-28T04:34:13Z
KRW-XRP,2021-01-17T00:00:00,2021-01-17T09:00:00,310,318,301,306,300748056.7,306,upbit,2026-06-28T04:34:13Z
KRW-XRP,2021-01-18T00:00:00,2021-01-18T09:00:00,307,319,301,312,294906217.9,312,upbit,2026-06-28T04:34:13Z
KRW-XRP,2021-01-19T00:00:00,2021-01-19T09:00:00,311,361,309,324,913407939.2,324,upbit,2026-06-28T04:34:13Z
KRW-XRP,2021-01-20T00:00:00,2021-01-20T09:00:00,324,344,311,327,458267632,327,upbit,2026-06-28T04:34:13Z
KRW-XRP,2021-01-21T00:00:00,2021-01-21T09:00:00,327,343,293,301,572491237.5,301,upbit,2026-06-28T04:34:13Z
KRW-XRP,2021-01-22T00:00:00,2021-01-22T09:00:00,301,309,267,301,710650144.5,301,upbit,2026-06-28T04:34:13Z
KRW-XRP,2021-01-23T00:00:00,2021-01-23T09:00:00,301,316,292,300,322804068.5,300,upbit,2026-06-28T04:34:13Z
KRW-XRP,2021-01-24T00:00:00,2021-01-24T09:00:00,300,306,296,302,198818436.2,302,upbit,2026-06-28T04:34:13Z
KRW-XRP,2021-01-25T00:00:00,2021-01-25T09:00:00,301,315,298,299,258782773.5,299,upbit,2026-06-28T04:34:13Z
KRW-XRP,2021-01-26T00:00:00,2021-01-26T09:00:00,298,303,291,297,187053762.1,297,upbit,2026-06-28T04:34:13Z
KRW-XRP,2021-01-27T00:00:00,2021-01-27T09:00:00,297,298,276,284,228502017.5,284,upbit,2026-06-28T04:34:13Z
KRW-XRP,2021-01-28T00:00:00,2021-01-28T09:00:00,284,298,279,292,312121198.9,292,upbit,2026-06-28T04:34:13Z
KRW-XRP,2021-01-29T00:00:00,2021-01-29T09:00:00,291,341,287,311,1029193399,311,upbit,2026-06-28T04:34:13Z
KRW-XRP,2021-01-30T00:00:00,2021-01-30T09:00:00,310,560,310,479,5092312052,479,upbit,2026-06-28T04:34:13Z
KRW-XRP,2021-01-31T00:00:00,2021-01-31T09:00:00,479,554,426,539,4407893532,539,upbit,2026-06-28T04:34:13Z
KRW-XRP,2021-02-01T00:00:00,2021-02-01T09:00:00,539,829,389,403,8160617101,403,upbit,2026-06-28T04:34:13Z
KRW-XRP,2021-02-02T00:00:00,2021-02-02T09:00:00,403,438,372,398,2091966634,398,upbit,2026-06-28T04:34:13Z
KRW-XRP,2021-02-03T00:00:00,2021-02-03T09:00:00,398,438,397,416,961561688.2,416,upbit,2026-06-28T04:34:13Z
KRW-XRP,2021-02-04T00:00:00,2021-02-04T09:00:00,416,514,397,481,1595473172,481,upbit,2026-06-28T04:34:13Z
KRW-XRP,2021-02-05T00:00:00,2021-02-05T09:00:00,481,508,454,477,1097550347,477,upbit,2026-06-28T04:34:13Z
KRW-XRP,2021-02-06T00:00:00,2021-02-06T09:00:00,477,485,455,472,494011697.4,472,upbit,2026-06-28T04:34:13Z
KRW-XRP,2021-02-07T00:00:00,2021-02-07T09:00:00,472,483,428,454,783560727.7,454,upbit,2026-06-28T04:34:13Z
KRW-XRP,2021-02-08T00:00:00,2021-02-08T09:00:00,454,499,449,476,841067151.2,476,upbit,2026-06-28T04:34:13Z
KRW-XRP,2021-02-09T00:00:00,2021-02-09T09:00:00,476,524,470,499,942187774.5,499,upbit,2026-06-28T04:34:13Z
KRW-XRP,2021-02-10T00:00:00,2021-02-10T09:00:00,498,574,490,546,1787428597,546,upbit,2026-06-28T04:34:13Z
KRW-XRP,2021-02-11T00:00:00,2021-02-11T09:00:00,546,578,537,566,881310124.5,566,upbit,2026-06-28T04:34:13Z
KRW-XRP,2021-02-12T00:00:00,2021-02-12T09:00:00,566,661,559,653,1732419758,653,upbit,2026-06-28T04:34:13Z
KRW-XRP,2021-02-13T00:00:00,2021-02-13T09:00:00,654,695,596,679,1612940579,679,upbit,2026-06-28T04:34:13Z
KRW-XRP,2021-02-14T00:00:00,2021-02-14T09:00:00,678,684,605,642,1081098371,642,upbit,2026-06-28T04:34:13Z
KRW-XRP,2021-02-15T00:00:00,2021-02-15T09:00:00,643,657,563,604,1272989853,604,upbit,2026-06-28T04:34:13Z
KRW-XRP,2021-02-16T00:00:00,2021-02-16T09:00:00,603,634,548,578,1177730494,578,upbit,2026-06-28T04:34:13Z
KRW-XRP,2021-02-17T00:00:00,2021-02-17T09:00:00,578,614,553,589,1061713554,589,upbit,2026-06-28T04:34:13Z
KRW-XRP,2021-02-18T00:00:00,2021-02-18T09:00:00,589,625,582,595,713675019.5,595,upbit,2026-06-28T04:34:13Z
KRW-XRP,2021-02-19T00:00:00,2021-02-19T09:00:00,595,666,581,640,967598441.1,640,upbit,2026-06-28T04:34:13Z
KRW-XRP,2021-02-20T00:00:00,2021-02-20T09:00:00,640,665,572,587,1057171784,587,upbit,2026-06-28T04:34:13Z
KRW-XRP,2021-02-21T00:00:00,2021-02-21T09:00:00,588,639,577,619,754803240.6,619,upbit,2026-06-28T04:34:13Z
KRW-XRP,2021-02-22T00:00:00,2021-02-22T09:00:00,620,777,590,645,3209238646,645,upbit,2026-06-28T04:34:13Z
KRW-XRP,2021-02-23T00:00:00,2021-02-23T09:00:00,645,649,437,535,2729322060,535,upbit,2026-06-28T04:34:13Z
KRW-XRP,2021-02-24T00:00:00,2021-02-24T09:00:00,535,565,510,533,965973208.2,533,upbit,2026-06-28T04:34:13Z
KRW-XRP,2021-02-25T00:00:00,2021-02-25T09:00:00,533,546,493,504,566481170.9,504,upbit,2026-06-28T04:34:13Z
KRW-XRP,2021-02-26T00:00:00,2021-02-26T09:00:00,503,518,476,498,619865655.9,498,upbit,2026-06-28T04:34:13Z
KRW-XRP,2021-02-27T00:00:00,2021-02-27T09:00:00,498,530,495,506,547682296.3,506,upbit,2026-06-28T04:34:13Z
KRW-XRP,2021-02-28T00:00:00,2021-02-28T09:00:00,505,509,456,477,469887202.1,477,upbit,2026-06-28T04:34:13Z
KRW-XRP,2021-03-01T00:00:00,2021-03-01T09:00:00,478,512,473,506,387082297,506,upbit,2026-06-28T04:34:13Z
KRW-XRP,2021-03-02T00:00:00,2021-03-02T09:00:00,506,520,490,504,356998388.5,504,upbit,2026-06-28T04:34:13Z
KRW-XRP,2021-03-03T00:00:00,2021-03-03T09:00:00,504,529,498,515,429247218.6,515,upbit,2026-06-28T04:34:13Z
KRW-XRP,2021-03-04T00:00:00,2021-03-04T09:00:00,515,570,504,561,743267849.5,561,upbit,2026-06-28T04:34:13Z
KRW-XRP,2021-03-05T00:00:00,2021-03-05T09:00:00,561,565,524,529,392203212.9,529,upbit,2026-06-28T04:34:13Z
KRW-XRP,2021-03-06T00:00:00,2021-03-06T09:00:00,529,545,520,534,244990533.2,534,upbit,2026-06-28T04:34:13Z
KRW-XRP,2021-03-07T00:00:00,2021-03-07T09:00:00,534,538,527,532,197647366.4,532,upbit,2026-06-28T04:34:13Z
KRW-XRP,2021-03-08T00:00:00,2021-03-08T09:00:00,532,576,527,542,507190505.2,542,upbit,2026-06-28T04:34:13Z
KRW-XRP,2021-03-09T00:00:00,2021-03-09T09:00:00,542,557,540,556,297297815.9,556,upbit,2026-06-28T04:34:13Z
KRW-XRP,2021-03-10T00:00:00,2021-03-10T09:00:00,556,559,525,533,334731144.8,533,upbit,2026-06-28T04:34:13Z
KRW-XRP,2021-03-11T00:00:00,2021-03-11T09:00:00,533,536,511,519,328653001,519,upbit,2026-06-28T04:34:13Z
KRW-XRP,2021-03-12T00:00:00,2021-03-12T09:00:00,519,536,503,510,409595206.2,510,upbit,2026-06-28T04:34:13Z
KRW-XRP,2021-03-13T00:00:00,2021-03-13T09:00:00,510,537,505,528,471802650,528,upbit,2026-06-28T04:34:13Z
KRW-XRP,2021-03-14T00:00:00,2021-03-14T09:00:00,527,533,510,511,280965927.5,511,upbit,2026-06-28T04:34:13Z
KRW-XRP,2021-03-15T00:00:00,2021-03-15T09:00:00,511,521,484,505,522383760.3,505,upbit,2026-06-28T04:34:13Z
KRW-XRP,2021-03-16T00:00:00,2021-03-16T09:00:00,505,639,496,534,1505909883,534,upbit,2026-06-28T04:34:13Z
KRW-XRP,2021-03-17T00:00:00,2021-03-17T09:00:00,535,562,516,547,565390823.5,547,upbit,2026-06-28T04:34:13Z
KRW-XRP,2021-03-18T00:00:00,2021-03-18T09:00:00,547,575,538,545,505361636.8,545,upbit,2026-06-28T04:34:13Z
KRW-XRP,2021-03-19T00:00:00,2021-03-19T09:00:00,545,558,534,545,334147731.8,545,upbit,2026-06-28T04:34:13Z
KRW-XRP,2021-03-20T00:00:00,2021-03-20T09:00:00,545,650,544,614,1071939876,614,upbit,2026-06-28T04:34:13Z
KRW-XRP,2021-03-21T00:00:00,2021-03-21T09:00:00,613,641,582,604,616555999.9,604,upbit,2026-06-28T04:34:13Z
KRW-XRP,2021-03-22T00:00:00,2021-03-22T09:00:00,603,708,588,650,1487312066,650,upbit,2026-06-28T04:34:13Z
KRW-XRP,2021-03-23T00:00:00,2021-03-23T09:00:00,650,717,646,663,926654670.4,663,upbit,2026-06-28T04:34:13Z
KRW-XRP,2021-03-24T00:00:00,2021-03-24T09:00:00,663,678,578,595,619903202.1,595,upbit,2026-06-28T04:34:13Z
KRW-XRP,2021-03-25T00:00:00,2021-03-25T09:00:00,595,639,564,630,702003162.8,630,upbit,2026-06-28T04:34:13Z
KRW-XRP,2021-03-26T00:00:00,2021-03-26T09:00:00,631,692,629,674,570807287.5,674,upbit,2026-06-28T04:34:13Z
KRW-XRP,2021-03-27T00:00:00,2021-03-27T09:00:00,674,687,646,653,341590272.3,653,upbit,2026-06-28T04:34:13Z
KRW-XRP,2021-03-28T00:00:00,2021-03-28T09:00:00,652,667,647,658,260796596.9,658,upbit,2026-06-28T04:34:13Z
KRW-XRP,2021-03-29T00:00:00,2021-03-29T09:00:00,658,683,653,674,340853999.5,674,upbit,2026-06-28T04:34:13Z
KRW-XRP,2021-03-30T00:00:00,2021-03-30T09:00:00,674,703,670,678,390203911.5,678,upbit,2026-06-28T04:34:13Z
KRW-XRP,2021-03-31T00:00:00,2021-03-31T09:00:00,678,710,640,693,556786820.8,693,upbit,2026-06-28T04:34:13Z
KRW-XRP,2021-04-01T00:00:00,2021-04-01T09:00:00,692,724,675,708,641057027.5,708,upbit,2026-06-28T04:34:13Z
KRW-XRP,2021-04-02T00:00:00,2021-04-02T09:00:00,708,763,700,761,766801448.8,761,upbit,2026-06-28T04:34:13Z
KRW-XRP,2021-04-03T00:00:00,2021-04-03T09:00:00,762,826,724,733,919503587.8,733,upbit,2026-06-28T04:34:13Z
KRW-XRP,2021-04-04T00:00:00,2021-04-04T09:00:00,733,808,722,807,491584797.3,807,upbit,2026-06-28T04:34:13Z
KRW-XRP,2021-04-05T00:00:00,2021-04-05T09:00:00,806,1270,798,1240,3104975486,1240,upbit,2026-06-28T04:34:13Z
KRW-XRP,2021-04-06T00:00:00,2021-04-06T09:00:00,1245,1495,1065,1475,2834473174,1475,upbit,2026-06-28T04:34:13Z
KRW-XRP,2021-04-07T00:00:00,2021-04-07T09:00:00,1475,1535,1035,1190,2281956290,1190,upbit,2026-06-28T04:34:13Z
KRW-XRP,2021-04-08T00:00:00,2021-04-08T09:00:00,1195,1395,1110,1370,1042469199,1370,upbit,2026-06-28T04:34:13Z
KRW-XRP,2021-04-09T00:00:00,2021-04-09T09:00:00,1375,1415,1255,1335,684351394.3,1335,upbit,2026-06-28T04:34:13Z
KRW-XRP,2021-04-10T00:00:00,2021-04-10T09:00:00,1335,1830,1315,1805,2124907999,1805,upbit,2026-06-28T04:34:13Z
KRW-XRP,2021-04-11T00:00:00,2021-04-11T09:00:00,1805,1965,1705,1770,1647665184,1770,upbit,2026-06-28T04:34:13Z
KRW-XRP,2021-04-12T00:00:00,2021-04-12T09:00:00,1775,1935,1705,1920,716711786.3,1920,upbit,2026-06-28T04:34:13Z
KRW-XRP,2021-04-13T00:00:00,2021-04-13T09:00:00,1920,2400,1845,2275,1727811370,2275,upbit,2026-06-28T04:34:13Z
KRW-XRP,2021-04-14T00:00:00,2021-04-14T09:00:00,2270,2495,2035,2335,1622195290,2335,upbit,2026-06-28T04:34:13Z
KRW-XRP,2021-04-15T00:00:00,2021-04-15T09:00:00,2335,2390,2100,2220,720120367.6,2220,upbit,2026-06-28T04:34:13Z
KRW-XRP,2021-04-16T00:00:00,2021-04-16T09:00:00,2220,2345,1910,2025,1388511646,2025,upbit,2026-06-28T04:34:13Z
KRW-XRP,2021-04-17T00:00:00,2021-04-17T09:00:00,2030,2210,1985,2005,767052511,2005,upbit,2026-06-28T04:34:13Z
KRW-XRP,2021-04-18T00:00:00,2021-04-18T09:00:00,2005,2030,1565,1895,2095181011,1895,upbit,2026-06-28T04:34:13Z
KRW-XRP,2021-04-19T00:00:00,2021-04-19T09:00:00,1900,1985,1655,1690,1361260211,1690,upbit,2026-06-28T04:34:13Z
KRW-XRP,2021-04-20T00:00:00,2021-04-20T09:00:00,1695,1800,1455,1725,1751175836,1725,upbit,2026-06-28T04:34:13Z
KRW-XRP,2021-04-21T00:00:00,2021-04-21T09:00:00,1720,1840,1615,1635,1092944310,1635,upbit,2026-06-28T04:34:13Z
KRW-XRP,2021-04-22T00:00:00,2021-04-22T09:00:00,1635,1690,1290,1335,1795234055,1335,upbit,2026-06-28T04:34:13Z
KRW-XRP,2021-04-23T00:00:00,2021-04-23T09:00:00,1340,1420,1045,1390,2987015136,1390,upbit,2026-06-28T04:34:13Z
KRW-XRP,2021-04-24T00:00:00,2021-04-24T09:00:00,1390,1395,1240,1275,1035477988,1275,upbit,2026-06-28T04:34:13Z
KRW-XRP,2021-04-25T00:00:00,2021-04-25T09:00:00,1280,1410,1155,1260,1105173677,1260,upbit,2026-06-28T04:34:13Z
KRW-XRP,2021-04-26T00:00:00,2021-04-26T09:00:00,1265,1630,1230,1615,1658184437,1615,upbit,2026-06-28T04:34:13Z
KRW-XRP,2021-04-27T00:00:00,2021-04-27T09:00:00,1615,1750,1575,1650,1479054321,1650,upbit,2026-06-28T04:34:13Z
KRW-XRP,2021-04-28T00:00:00,2021-04-28T09:00:00,1650,1705,1515,1590,1158910098,1590,upbit,2026-06-28T04:34:13Z
KRW-XRP,2021-04-29T00:00:00,2021-04-29T09:00:00,1585,1680,1530,1660,773172796,1660,upbit,2026-06-28T04:34:13Z
KRW-XRP,2021-04-30T00:00:00,2021-04-30T09:00:00,1660,1940,1640,1885,1533606884,1885,upbit,2026-06-28T04:34:13Z
KRW-XRP,2021-05-01T00:00:00,2021-05-01T09:00:00,1885,1995,1830,1965,639319093.1,1965,upbit,2026-06-28T04:34:13Z
KRW-XRP,2021-05-02T00:00:00,2021-05-02T09:00:00,1970,1980,1820,1890,550237675.7,1890,upbit,2026-06-28T04:34:13Z
KRW-XRP,2021-05-03T00:00:00,2021-05-03T09:00:00,1885,1955,1865,1905,568930852.5,1905,upbit,2026-06-28T04:34:13Z
KRW-XRP,2021-05-04T00:00:00,2021-05-04T09:00:00,1905,1910,1675,1745,1209373099,1745,upbit,2026-06-28T04:34:13Z
KRW-XRP,2021-05-05T00:00:00,2021-05-05T09:00:00,1750,1950,1715,1925,1326856740,1925,upbit,2026-06-28T04:34:13Z
KRW-XRP,2021-05-06T00:00:00,2021-05-06T09:00:00,1920,2155,1920,1955,1380098322,1955,upbit,2026-06-28T04:34:13Z
KRW-XRP,2021-05-07T00:00:00,2021-05-07T09:00:00,1950,2060,1820,1900,928718322.1,1900,upbit,2026-06-28T04:34:13Z
KRW-XRP,2021-05-08T00:00:00,2021-05-08T09:00:00,1895,1945,1840,1905,433514555.9,1905,upbit,2026-06-28T04:34:13Z
KRW-XRP,2021-05-09T00:00:00,2021-05-09T09:00:00,1910,1935,1835,1885,491124657.8,1885,upbit,2026-06-28T04:34:13Z
KRW-XRP,2021-05-10T00:00:00,2021-05-10T09:00:00,1885,1985,1715,1775,875701021.5,1775,upbit,2026-06-28T04:34:13Z
KRW-XRP,2021-05-11T00:00:00,2021-05-11T09:00:00,1770,1840,1710,1820,707145007.5,1820,upbit,2026-06-28T04:34:13Z
KRW-XRP,2021-05-12T00:00:00,2021-05-12T09:00:00,1820,1885,1545,1585,789040582.6,1585,upbit,2026-06-28T04:34:13Z
KRW-XRP,2021-05-13T00:00:00,2021-05-13T09:00:00,1580,1735,1520,1725,1042881308,1725,upbit,2026-06-28T04:34:13Z
KRW-XRP,2021-05-14T00:00:00,2021-05-14T09:00:00,1725,1795,1660,1725,618025957,1725,upbit,2026-06-28T04:34:13Z
KRW-XRP,2021-05-15T00:00:00,2021-05-15T09:00:00,1730,1935,1655,1865,1408076834,1865,upbit,2026-06-28T04:34:13Z
KRW-XRP,2021-05-16T00:00:00,2021-05-16T09:00:00,1860,1965,1705,1800,1227403089,1800,upbit,2026-06-28T04:34:13Z
KRW-XRP,2021-05-17T00:00:00,2021-05-17T09:00:00,1800,1910,1610,1860,2014324862,1860,upbit,2026-06-28T04:34:13Z
KRW-XRP,2021-05-18T00:00:00,2021-05-18T09:00:00,1855,2090,1825,1980,1740724022,1980,upbit,2026-06-28T04:34:13Z
KRW-XRP,2021-05-19T00:00:00,2021-05-19T09:00:00,1985,2035,1235,1485,3600537979,1485,upbit,2026-06-28T04:34:13Z
KRW-XRP,2021-05-20T00:00:00,2021-05-20T09:00:00,1485,1590,1335,1490,1966603857,1490,upbit,2026-06-28T04:34:13Z
KRW-XRP,2021-05-21T00:00:00,2021-05-21T09:00:00,1495,1535,1180,1325,1597527469,1325,upbit,2026-06-28T04:34:13Z
KRW-XRP,2021-05-22T00:00:00,2021-05-22T09:00:00,1320,1330,1025,1145,1425922540,1145,upbit,2026-06-28T04:34:13Z
KRW-XRP,2021-05-23T00:00:00,2021-05-23T09:00:00,1145,1230,822,972,2882952494,972,upbit,2026-06-28T04:34:13Z
KRW-XRP,2021-05-24T00:00:00,2021-05-24T09:00:00,972,1215,903,1200,1769542356,1200,upbit,2026-06-28T04:34:13Z
KRW-XRP,2021-05-25T00:00:00,2021-05-25T09:00:00,1195,1300,1095,1195,1507657706,1195,upbit,2026-06-28T04:34:13Z
KRW-XRP,2021-05-26T00:00:00,2021-05-26T09:00:00,1200,1285,1150,1240,807573288,1240,upbit,2026-06-28T04:34:13Z
KRW-XRP,2021-05-27T00:00:00,2021-05-27T09:00:00,1240,1265,1140,1180,658376641.8,1180,upbit,2026-06-28T04:34:13Z
KRW-XRP,2021-05-28T00:00:00,2021-05-28T09:00:00,1180,1195,1035,1095,938178106.4,1095,upbit,2026-06-28T04:34:13Z
KRW-XRP,2021-05-29T00:00:00,2021-05-29T09:00:00,1100,1140,985,1025,708017734.9,1025,upbit,2026-06-28T04:34:13Z
KRW-XRP,2021-05-30T00:00:00,2021-05-30T09:00:00,1030,1120,960,1095,727298555.1,1095,upbit,2026-06-28T04:34:13Z
KRW-XRP,2021-05-31T00:00:00,2021-05-31T09:00:00,1095,1240,1060,1215,1290194537,1215,upbit,2026-06-28T04:34:13Z
KRW-XRP,2021-06-01T00:00:00,2021-06-01T09:00:00,1215,1295,1165,1190,1121396890,1190,upbit,2026-06-28T04:34:13Z
KRW-XRP,2021-06-02T00:00:00,2021-06-02T09:00:00,1195,1220,1155,1195,445946211.9,1195,upbit,2026-06-28T04:34:13Z
KRW-XRP,2021-06-03T00:00:00,2021-06-03T09:00:00,1195,1250,1170,1215,389200882.2,1215,upbit,2026-06-28T04:34:13Z
KRW-XRP,2021-06-04T00:00:00,2021-06-04T09:00:00,1210,1215,1080,1125,581601172.5,1125,upbit,2026-06-28T04:34:13Z
KRW-XRP,2021-06-05T00:00:00,2021-06-05T09:00:00,1125,1150,1065,1095,300620899.1,1095,upbit,2026-06-28T04:34:13Z
KRW-XRP,2021-06-06T00:00:00,2021-06-06T09:00:00,1095,1105,1080,1105,207889672.2,1105,upbit,2026-06-28T04:34:13Z
KRW-XRP,2021-06-07T00:00:00,2021-06-07T09:00:00,1105,1135,989,1005,434348391.9,1005,upbit,2026-06-28T04:34:13Z
KRW-XRP,2021-06-08T00:00:00,2021-06-08T09:00:00,1005,1030,924,1005,821730772.7,1005,upbit,2026-06-28T04:34:13Z
KRW-XRP,2021-06-09T00:00:00,2021-06-09T09:00:00,1005,1070,957,1070,719115581,1070,upbit,2026-06-28T04:34:13Z
KRW-XRP,2021-06-10T00:00:00,2021-06-10T09:00:00,1065,1075,1000,1015,370397223.4,1015,upbit,2026-06-28T04:34:13Z
KRW-XRP,2021-06-11T00:00:00,2021-06-11T09:00:00,1015,1020,980,990,297421382.4,990,upbit,2026-06-28T04:34:13Z
KRW-XRP,2021-06-12T00:00:00,2021-06-12T09:00:00,990,993,938,967,317720255.4,967,upbit,2026-06-28T04:34:13Z
KRW-XRP,2021-06-13T00:00:00,2021-06-13T09:00:00,967,1025,951,1010,231174255.8,1010,upbit,2026-06-28T04:34:13Z
KRW-XRP,2021-06-14T00:00:00,2021-06-14T09:00:00,1010,1075,996,1025,325827908.8,1025,upbit,2026-06-28T04:34:13Z
KRW-XRP,2021-06-15T00:00:00,2021-06-15T09:00:00,1025,1040,995,1005,237770119.1,1005,upbit,2026-06-28T04:34:13Z
KRW-XRP,2021-06-16T00:00:00,2021-06-16T09:00:00,1005,1005,962,984,331224560,984,upbit,2026-06-28T04:34:13Z
KRW-XRP,2021-06-17T00:00:00,2021-06-17T09:00:00,983,1010,977,990,216244024.8,990,upbit,2026-06-28T04:34:13Z
KRW-XRP,2021-06-18T00:00:00,2021-06-18T09:00:00,990,991,930,945,310781421.8,945,upbit,2026-06-28T04:34:13Z
KRW-XRP,2021-06-19T00:00:00,2021-06-19T09:00:00,946,954,895,901,271889308.9,901,upbit,2026-06-28T04:34:13Z
KRW-XRP,2021-06-20T00:00:00,2021-06-20T09:00:00,901,922,831,910,677793286.9,910,upbit,2026-06-28T04:34:13Z
KRW-XRP,2021-06-21T00:00:00,2021-06-21T09:00:00,910,918,712,718,1393141371,718,upbit,2026-06-28T04:34:13Z
KRW-XRP,2021-06-22T00:00:00,2021-06-22T09:00:00,719,766,602,639,2016153296,639,upbit,2026-06-28T04:34:13Z
KRW-XRP,2021-06-23T00:00:00,2021-06-23T09:00:00,639,767,607,740,1512372503,740,upbit,2026-06-28T04:34:13Z
KRW-XRP,2021-06-24T00:00:00,2021-06-24T09:00:00,739,801,720,780,856148360.8,780,upbit,2026-06-28T04:34:13Z
KRW-XRP,2021-06-25T00:00:00,2021-06-25T09:00:00,779,795,707,719,900082314.4,719,upbit,2026-06-28T04:34:13Z
KRW-XRP,2021-06-26T00:00:00,2021-06-26T09:00:00,719,736,684,718,511409133.7,718,upbit,2026-06-28T04:34:13Z
KRW-XRP,2021-06-27T00:00:00,2021-06-27T09:00:00,719,752,698,747,404657499.8,747,upbit,2026-06-28T04:34:13Z
KRW-XRP,2021-06-28T00:00:00,2021-06-28T09:00:00,747,760,724,747,459444363.3,747,upbit,2026-06-28T04:34:13Z
KRW-XRP,2021-06-29T00:00:00,2021-06-29T09:00:00,748,847,744,816,820953669.1,816,upbit,2026-06-28T04:34:13Z
KRW-XRP,2021-06-30T00:00:00,2021-06-30T09:00:00,816,829,768,819,499755155.3,819,upbit,2026-06-28T04:34:13Z
KRW-XRP,2021-07-01T00:00:00,2021-07-01T09:00:00,819,820,762,775,431372437.1,775,upbit,2026-06-28T04:34:13Z
KRW-XRP,2021-07-02T00:00:00,2021-07-02T09:00:00,775,784,747,764,293453855.1,764,upbit,2026-06-28T04:34:13Z
KRW-XRP,2021-07-03T00:00:00,2021-07-03T09:00:00,764,795,753,783,278568316.1,783,upbit,2026-06-28T04:34:13Z
KRW-XRP,2021-07-04T00:00:00,2021-07-04T09:00:00,783,820,778,807,291962636.6,807,upbit,2026-06-28T04:34:13Z
KRW-XRP,2021-07-05T00:00:00,2021-07-05T09:00:00,806,811,753,766,416849260.2,766,upbit,2026-06-28T04:34:13Z
KRW-XRP,2021-07-06T00:00:00,2021-07-06T09:00:00,766,790,765,775,260876728.2,775,upbit,2026-06-28T04:34:13Z
KRW-XRP,2021-07-07T00:00:00,2021-07-07T09:00:00,775,784,763,765,217481479.1,765,upbit,2026-06-28T04:34:13Z
KRW-XRP,2021-07-08T00:00:00,2021-07-08T09:00:00,766,769,725,740,330007658.7,740,upbit,2026-06-28T04:34:13Z
KRW-XRP,2021-07-09T00:00:00,2021-07-09T09:00:00,740,763,698,749,397002009.7,749,upbit,2026-06-28T04:34:13Z
KRW-XRP,2021-07-10T00:00:00,2021-07-10T09:00:00,750,764,728,738,178892293.3,738,upbit,2026-06-28T04:34:13Z
KRW-XRP,2021-07-11T00:00:00,2021-07-11T09:00:00,737,759,727,746,144286459.4,746,upbit,2026-06-28T04:34:13Z
KRW-XRP,2021-07-12T00:00:00,2021-07-12T09:00:00,746,769,735,742,287803795.3,742,upbit,2026-06-28T04:34:13Z
KRW-XRP,2021-07-13T00:00:00,2021-07-13T09:00:00,743,756,725,733,233519629.4,733,upbit,2026-06-28T04:34:13Z
KRW-XRP,2021-07-14T00:00:00,2021-07-14T09:00:00,733,739,699,730,362235239.6,730,upbit,2026-06-28T04:34:13Z
KRW-XRP,2021-07-15T00:00:00,2021-07-15T09:00:00,729,738,700,706,254939063.2,706,upbit,2026-06-28T04:34:13Z
KRW-XRP,2021-07-16T00:00:00,2021-07-16T09:00:00,706,732,694,698,311732998.2,698,upbit,2026-06-28T04:34:13Z
KRW-XRP,2021-07-17T00:00:00,2021-07-17T09:00:00,698,706,676,689,256725918.5,689,upbit,2026-06-28T04:34:13Z
KRW-XRP,2021-07-18T00:00:00,2021-07-18T09:00:00,689,708,681,695,201088242.4,695,upbit,2026-06-28T04:34:13Z
KRW-XRP,2021-07-19T00:00:00,2021-07-19T09:00:00,694,697,662,665,254858296.2,665,upbit,2026-06-28T04:34:13Z
KRW-XRP,2021-07-20T00:00:00,2021-07-20T09:00:00,665,677,613,627,432675773.7,627,upbit,2026-06-28T04:34:13Z
KRW-XRP,2021-07-21T00:00:00,2021-07-21T09:00:00,627,685,615,676,425215676.3,676,upbit,2026-06-28T04:34:13Z
KRW-XRP,2021-07-22T00:00:00,2021-07-22T09:00:00,677,707,663,694,462589599.4,694,upbit,2026-06-28T04:34:13Z
KRW-XRP,2021-07-23T00:00:00,2021-07-23T09:00:00,695,713,679,708,341441563.7,708,upbit,2026-06-28T04:34:13Z
KRW-XRP,2021-07-24T00:00:00,2021-07-24T09:00:00,708,725,702,714,243835513,714,upbit,2026-06-28T04:34:13Z
KRW-XRP,2021-07-25T00:00:00,2021-07-25T09:00:00,713,716,691,704,181751779.9,704,upbit,2026-06-28T04:34:13Z
KRW-XRP,2021-07-26T00:00:00,2021-07-26T09:00:00,705,784,701,721,627957633.3,721,upbit,2026-06-28T04:34:13Z
KRW-XRP,2021-07-27T00:00:00,2021-07-27T09:00:00,720,753,709,744,309185129,744,upbit,2026-06-28T04:34:13Z
KRW-XRP,2021-07-28T00:00:00,2021-07-28T09:00:00,744,877,734,851,1592207300,851,upbit,2026-06-28T04:34:13Z
KRW-XRP,2021-07-29T00:00:00,2021-07-29T09:00:00,851,880,806,860,529790073.3,860,upbit,2026-06-28T04:34:13Z
KRW-XRP,2021-07-30T00:00:00,2021-07-30T09:00:00,860,886,825,866,439932852.3,866,upbit,2026-06-28T04:34:13Z
KRW-XRP,2021-07-31T00:00:00,2021-07-31T09:00:00,866,875,853,863,197909304.8,863,upbit,2026-06-28T04:34:13Z
KRW-XRP,2021-08-01T00:00:00,2021-08-01T09:00:00,863,904,830,841,302721982.2,841,upbit,2026-06-28T04:34:13Z
KRW-XRP,2021-08-02T00:00:00,2021-08-02T09:00:00,841,895,827,856,300273941.7,856,upbit,2026-06-28T04:34:13Z
KRW-XRP,2021-08-03T00:00:00,2021-08-03T09:00:00,856,866,826,838,240691124.8,838,upbit,2026-06-28T04:34:13Z
KRW-XRP,2021-08-04T00:00:00,2021-08-04T09:00:00,839,853,815,842,223530673,842,upbit,2026-06-28T04:34:13Z
KRW-XRP,2021-08-05T00:00:00,2021-08-05T09:00:00,842,854,822,845,201877053.3,845,upbit,2026-06-28T04:34:13Z
KRW-XRP,2021-08-06T00:00:00,2021-08-06T09:00:00,845,870,840,861,194204383.8,861,upbit,2026-06-28T04:34:13Z
KRW-XRP,2021-08-07T00:00:00,2021-08-07T09:00:00,860,939,853,938,545169540.8,938,upbit,2026-06-28T04:34:13Z
KRW-XRP,2021-08-08T00:00:00,2021-08-08T09:00:00,935,964,898,904,419843447.2,904,upbit,2026-06-28T04:34:13Z
KRW-XRP,2021-08-09T00:00:00,2021-08-09T09:00:00,905,947,881,935,368195882.4,935,upbit,2026-06-28T04:34:13Z
KRW-XRP,2021-08-10T00:00:00,2021-08-10T09:00:00,936,990,923,977,510813993.2,977,upbit,2026-06-28T04:34:13Z
KRW-XRP,2021-08-11T00:00:00,2021-08-11T09:00:00,977,1230,974,1165,713823074.5,1165,upbit,2026-06-28T04:34:13Z
KRW-XRP,2021-08-12T00:00:00,2021-08-12T09:00:00,1165,1210,1080,1135,674717195.1,1135,upbit,2026-06-28T04:34:13Z
KRW-XRP,2021-08-13T00:00:00,2021-08-13T09:00:00,1130,1270,1115,1255,507299184.5,1255,upbit,2026-06-28T04:34:13Z
KRW-XRP,2021-08-14T00:00:00,2021-08-14T09:00:00,1255,1525,1235,1495,1222062333,1495,upbit,2026-06-28T04:34:13Z
KRW-XRP,2021-08-15T00:00:00,2021-08-15T09:00:00,1490,1575,1435,1490,995930719.7,1490,upbit,2026-06-28T04:34:13Z
KRW-XRP,2021-08-16T00:00:00,2021-08-16T09:00:00,1495,1540,1360,1395,631519309.4,1395,upbit,2026-06-28T04:34:13Z
KRW-XRP,2021-08-17T00:00:00,2021-08-17T09:00:00,1395,1435,1280,1300,719766839.5,1300,upbit,2026-06-28T04:34:13Z
KRW-XRP,2021-08-18T00:00:00,2021-08-18T09:00:00,1300,1390,1235,1345,721234227.1,1345,upbit,2026-06-28T04:34:13Z
KRW-XRP,2021-08-19T00:00:00,2021-08-19T09:00:00,1345,1455,1300,1455,525162484.7,1455,upbit,2026-06-28T04:34:13Z
KRW-XRP,2021-08-20T00:00:00,2021-08-20T09:00:00,1450,1510,1405,1475,542134306.7,1475,upbit,2026-06-28T04:34:13Z
KRW-XRP,2021-08-21T00:00:00,2021-08-21T09:00:00,1480,1510,1425,1430,402523540.3,1430,upbit,2026-06-28T04:34:13Z
KRW-XRP,2021-08-22T00:00:00,2021-08-22T09:00:00,1435,1470,1395,1435,296427865.8,1435,upbit,2026-06-28T04:34:13Z
KRW-XRP,2021-08-23T00:00:00,2021-08-23T09:00:00,1435,1515,1425,1450,533321326.7,1450,upbit,2026-06-28T04:34:13Z
KRW-XRP,2021-08-24T00:00:00,2021-08-24T09:00:00,1450,1470,1335,1335,460539500.9,1335,upbit,2026-06-28T04:34:13Z
KRW-XRP,2021-08-25T00:00:00,2021-08-25T09:00:00,1340,1380,1295,1370,411886138.9,1370,upbit,2026-06-28T04:34:13Z
KRW-XRP,2021-08-26T00:00:00,2021-08-26T09:00:00,1365,1385,1260,1270,473003031.4,1270,upbit,2026-06-28T04:34:13Z
KRW-XRP,2021-08-27T00:00:00,2021-08-27T09:00:00,1270,1400,1240,1395,512993872.5,1395,upbit,2026-06-28T04:34:13Z
KRW-XRP,2021-08-28T00:00:00,2021-08-28T09:00:00,1395,1405,1330,1345,255773466.9,1345,upbit,2026-06-28T04:34:13Z
KRW-XRP,2021-08-29T00:00:00,2021-08-29T09:00:00,1345,1370,1315,1335,289327264.6,1335,upbit,2026-06-28T04:34:13Z
KRW-XRP,2021-08-30T00:00:00,2021-08-30T09:00:00,1335,1345,1300,1305,226270089.3,1305,upbit,2026-06-28T04:34:13Z
KRW-XRP,2021-08-31T00:00:00,2021-08-31T09:00:00,1310,1460,1295,1385,569118724.7,1385,upbit,2026-06-28T04:34:13Z
KRW-XRP,2021-09-01T00:00:00,2021-09-01T09:00:00,1385,1435,1355,1435,373054374.8,1435,upbit,2026-06-28T04:34:13Z
KRW-XRP,2021-09-02T00:00:00,2021-09-02T09:00:00,1430,1500,1415,1460,412716868.6,1460,upbit,2026-06-28T04:34:13Z
KRW-XRP,2021-09-03T00:00:00,2021-09-03T09:00:00,1460,1525,1430,1485,463473157.2,1485,upbit,2026-06-28T04:34:13Z
KRW-XRP,2021-09-04T00:00:00,2021-09-04T09:00:00,1490,1500,1440,1455,271016154.8,1455,upbit,2026-06-28T04:34:13Z
KRW-XRP,2021-09-05T00:00:00,2021-09-05T09:00:00,1455,1505,1430,1495,318295594.9,1495,upbit,2026-06-28T04:34:13Z
KRW-XRP,2021-09-06T00:00:00,2021-09-06T09:00:00,1500,1630,1495,1600,730860786.5,1600,upbit,2026-06-28T04:34:13Z
KRW-XRP,2021-09-07T00:00:00,2021-09-07T09:00:00,1605,1615,1260,1360,1333968569,1360,upbit,2026-06-28T04:34:13Z
KRW-XRP,2021-09-08T00:00:00,2021-09-08T09:00:00,1360,1390,1210,1330,956326752.7,1330,upbit,2026-06-28T04:34:13Z
KRW-XRP,2021-09-09T00:00:00,2021-09-09T09:00:00,1330,1360,1285,1315,485735762.3,1315,upbit,2026-06-28T04:34:13Z
KRW-XRP,2021-09-10T00:00:00,2021-09-10T09:00:00,1315,1510,1275,1295,1131988926,1295,upbit,2026-06-28T04:34:13Z
KRW-XRP,2021-09-11T00:00:00,2021-09-11T09:00:00,1290,1340,1280,1310,290060235.7,1310,upbit,2026-06-28T04:34:13Z
KRW-XRP,2021-09-12T00:00:00,2021-09-12T09:00:00,1305,1350,1285,1340,267101803.8,1340,upbit,2026-06-28T04:34:13Z
KRW-XRP,2021-09-13T00:00:00,2021-09-13T09:00:00,1340,1355,1265,1285,402382598.2,1285,upbit,2026-06-28T04:34:13Z
KRW-XRP,2021-09-14T00:00:00,2021-09-14T09:00:00,1285,1320,1280,1315,214556436.7,1315,upbit,2026-06-28T04:34:13Z
KRW-XRP,2021-09-15T00:00:00,2021-09-15T09:00:00,1315,1340,1295,1330,185720118.3,1330,upbit,2026-06-28T04:34:13Z
KRW-XRP,2021-09-16T00:00:00,2021-09-16T09:00:00,1330,1345,1295,1310,194093690.9,1310,upbit,2026-06-28T04:34:13Z
KRW-XRP,2021-09-17T00:00:00,2021-09-17T09:00:00,1310,1330,1280,1300,219360816.2,1300,upbit,2026-06-28T04:34:13Z
KRW-XRP,2021-09-18T00:00:00,2021-09-18T09:00:00,1300,1320,1290,1305,124944400.4,1305,upbit,2026-06-28T04:34:13Z
KRW-XRP,2021-09-19T00:00:00,2021-09-19T09:00:00,1310,1315,1280,1290,120572942.7,1290,upbit,2026-06-28T04:34:13Z
KRW-XRP,2021-09-20T00:00:00,2021-09-20T09:00:00,1285,1290,1110,1155,703982922.6,1155,upbit,2026-06-28T04:34:13Z
KRW-XRP,2021-09-21T00:00:00,2021-09-21T09:00:00,1155,1200,1075,1090,553189895.6,1090,upbit,2026-06-28T04:34:13Z
KRW-XRP,2021-09-22T00:00:00,2021-09-22T09:00:00,1090,1250,1065,1240,576993174.6,1240,upbit,2026-06-28T04:34:13Z
KRW-XRP,2021-09-23T00:00:00,2021-09-23T09:00:00,1240,1265,1175,1215,385811051.3,1215,upbit,2026-06-28T04:34:13Z
KRW-XRP,2021-09-24T00:00:00,2021-09-24T09:00:00,1215,1215,1110,1150,495851626.3,1150,upbit,2026-06-28T04:34:13Z
KRW-XRP,2021-09-25T00:00:00,2021-09-25T09:00:00,1155,1165,1125,1150,199181163.2,1150,upbit,2026-06-28T04:34:13Z
KRW-XRP,2021-09-26T00:00:00,2021-09-26T09:00:00,1150,1170,1105,1155,238079377.9,1155,upbit,2026-06-28T04:34:13Z
KRW-XRP,2021-09-27T00:00:00,2021-09-27T09:00:00,1150,1195,1130,1130,212055164.6,1130,upbit,2026-06-28T04:34:13Z
KRW-XRP,2021-09-28T00:00:00,2021-09-28T09:00:00,1130,1150,1090,1095,248228066.8,1095,upbit,2026-06-28T04:34:13Z
KRW-XRP,2021-09-29T00:00:00,2021-09-29T09:00:00,1095,1215,1080,1135,443463837.7,1135,upbit,2026-06-28T04:34:13Z
KRW-XRP,2021-09-30T00:00:00,2021-09-30T09:00:00,1135,1175,1125,1160,264543627.4,1160,upbit,2026-06-28T04:34:13Z
KRW-XRP,2021-10-01T00:00:00,2021-10-01T09:00:00,1160,1295,1155,1265,544189826.5,1265,upbit,2026-06-28T04:34:13Z
KRW-XRP,2021-10-02T00:00:00,2021-10-02T09:00:00,1265,1295,1230,1265,280076999.2,1265,upbit,2026-06-28T04:34:13Z
KRW-XRP,2021-10-03T00:00:00,2021-10-03T09:00:00,1265,1325,1240,1280,360349475.3,1280,upbit,2026-06-28T04:34:13Z
KRW-XRP,2021-10-04T00:00:00,2021-10-04T09:00:00,1280,1290,1235,1270,329644769.7,1270,upbit,2026-06-28T04:34:13Z
KRW-XRP,2021-10-05T00:00:00,2021-10-05T09:00:00,1270,1320,1260,1300,367126324.2,1300,upbit,2026-06-28T04:34:13Z
KRW-XRP,2021-10-06T00:00:00,2021-10-06T09:00:00,1305,1340,1235,1310,460791261.6,1310,upbit,2026-06-28T04:34:13Z
KRW-XRP,2021-10-07T00:00:00,2021-10-07T09:00:00,1305,1330,1270,1300,285591609.1,1300,upbit,2026-06-28T04:34:13Z
KRW-XRP,2021-10-08T00:00:00,2021-10-08T09:00:00,1300,1330,1285,1295,244831474.6,1295,upbit,2026-06-28T04:34:13Z
KRW-XRP,2021-10-09T00:00:00,2021-10-09T09:00:00,1300,1475,1295,1415,515105595.3,1415,upbit,2026-06-28T04:34:13Z
KRW-XRP,2021-10-10T00:00:00,2021-10-10T09:00:00,1410,1500,1385,1405,474237055.3,1405,upbit,2026-06-28T04:34:13Z
KRW-XRP,2021-10-11T00:00:00,2021-10-11T09:00:00,1405,1450,1385,1405,266764931,1405,upbit,2026-06-28T04:34:13Z
KRW-XRP,2021-10-12T00:00:00,2021-10-12T09:00:00,1405,1405,1320,1355,368965479.7,1355,upbit,2026-06-28T04:34:13Z
KRW-XRP,2021-10-13T00:00:00,2021-10-13T09:00:00,1355,1395,1325,1375,282846784,1375,upbit,2026-06-28T04:34:13Z
KRW-XRP,2021-10-14T00:00:00,2021-10-14T09:00:00,1370,1405,1360,1375,217241524.3,1375,upbit,2026-06-28T04:34:13Z
KRW-XRP,2021-10-15T00:00:00,2021-10-15T09:00:00,1375,1450,1350,1405,656736640.3,1405,upbit,2026-06-28T04:34:13Z
KRW-XRP,2021-10-16T00:00:00,2021-10-16T09:00:00,1405,1455,1390,1395,318227424.5,1395,upbit,2026-06-28T04:34:13Z
KRW-XRP,2021-10-17T00:00:00,2021-10-17T09:00:00,1400,1400,1315,1350,212210154.1,1350,upbit,2026-06-28T04:34:13Z
KRW-XRP,2021-10-18T00:00:00,2021-10-18T09:00:00,1350,1365,1320,1340,232321146.2,1340,upbit,2026-06-28T04:34:13Z
KRW-XRP,2021-10-19T00:00:00,2021-10-19T09:00:00,1335,1355,1320,1335,156249882.7,1335,upbit,2026-06-28T04:34:13Z
KRW-XRP,2021-10-20T00:00:00,2021-10-20T09:00:00,1335,1400,1330,1385,292718499.9,1385,upbit,2026-06-28T04:34:13Z
KRW-XRP,2021-10-21T00:00:00,2021-10-21T09:00:00,1385,1420,1335,1335,354472956,1335,upbit,2026-06-28T04:34:13Z
KRW-XRP,2021-10-22T00:00:00,2021-10-22T09:00:00,1335,1380,1320,1330,280331920.7,1330,upbit,2026-06-28T04:34:13Z
KRW-XRP,2021-10-23T00:00:00,2021-10-23T09:00:00,1330,1345,1320,1335,114230849.5,1335,upbit,2026-06-28T04:34:13Z
KRW-XRP,2021-10-24T00:00:00,2021-10-24T09:00:00,1340,1340,1310,1325,142457190,1325,upbit,2026-06-28T04:34:13Z
KRW-XRP,2021-10-25T00:00:00,2021-10-25T09:00:00,1325,1350,1320,1325,136490883.4,1325,upbit,2026-06-28T04:34:13Z
KRW-XRP,2021-10-26T00:00:00,2021-10-26T09:00:00,1325,1390,1325,1340,245387602.9,1340,upbit,2026-06-28T04:34:13Z
KRW-XRP,2021-10-27T00:00:00,2021-10-27T09:00:00,1340,1365,1220,1225,674966179.3,1225,upbit,2026-06-28T04:34:13Z
KRW-XRP,2021-10-28T00:00:00,2021-10-28T09:00:00,1230,1305,1200,1275,439862075.3,1275,upbit,2026-06-28T04:34:13Z
KRW-XRP,2021-10-29T00:00:00,2021-10-29T09:00:00,1280,1310,1270,1300,226556090.7,1300,upbit,2026-06-28T04:34:13Z
KRW-XRP,2021-10-30T00:00:00,2021-10-30T09:00:00,1300,1340,1270,1285,257247039.7,1285,upbit,2026-06-28T04:34:13Z
KRW-XRP,2021-10-31T00:00:00,2021-10-31T09:00:00,1290,1365,1280,1315,397109059,1315,upbit,2026-06-28T04:34:13Z
KRW-XRP,2021-11-01T00:00:00,2021-11-01T09:00:00,1315,1340,1275,1295,226435680,1295,upbit,2026-06-28T04:34:13Z
KRW-XRP,2021-11-02T00:00:00,2021-11-02T09:00:00,1295,1350,1295,1330,272428226,1330,upbit,2026-06-28T04:34:13Z
KRW-XRP,2021-11-03T00:00:00,2021-11-03T09:00:00,1330,1450,1320,1430,654251486.5,1430,upbit,2026-06-28T04:34:13Z
KRW-XRP,2021-11-04T00:00:00,2021-11-04T09:00:00,1430,1490,1410,1445,366063921.3,1445,upbit,2026-06-28T04:34:13Z
KRW-XRP,2021-11-05T00:00:00,2021-11-05T09:00:00,1440,1445,1390,1405,210928209.2,1405,upbit,2026-06-28T04:34:13Z
KRW-XRP,2021-11-06T00:00:00,2021-11-06T09:00:00,1410,1420,1365,1395,155876251.8,1395,upbit,2026-06-28T04:34:13Z
KRW-XRP,2021-11-07T00:00:00,2021-11-07T09:00:00,1400,1495,1390,1480,247190833.8,1480,upbit,2026-06-28T04:34:13Z
KRW-XRP,2021-11-08T00:00:00,2021-11-08T09:00:00,1475,1575,1475,1545,481447177.5,1545,upbit,2026-06-28T04:34:13Z
KRW-XRP,2021-11-09T00:00:00,2021-11-09T09:00:00,1545,1555,1465,1515,358006455.6,1515,upbit,2026-06-28T04:34:13Z
KRW-XRP,2021-11-10T00:00:00,2021-11-10T09:00:00,1515,1610,1425,1460,708584774.3,1460,upbit,2026-06-28T04:34:13Z
KRW-XRP,2021-11-11T00:00:00,2021-11-11T09:00:00,1465,1530,1440,1480,341875629.8,1480,upbit,2026-06-28T04:34:13Z
KRW-XRP,2021-11-12T00:00:00,2021-11-12T09:00:00,1475,1495,1415,1450,297170195.2,1450,upbit,2026-06-28T04:34:13Z
KRW-XRP,2021-11-13T00:00:00,2021-11-13T09:00:00,1445,1460,1420,1440,142896001.1,1440,upbit,2026-06-28T04:34:13Z
KRW-XRP,2021-11-14T00:00:00,2021-11-14T09:00:00,1440,1455,1425,1440,115623595.7,1440,upbit,2026-06-28T04:34:13Z
KRW-XRP,2021-11-15T00:00:00,2021-11-15T09:00:00,1445,1475,1425,1425,203955153.6,1425,upbit,2026-06-28T04:34:13Z
KRW-XRP,2021-11-16T00:00:00,2021-11-16T09:00:00,1430,1430,1320,1340,461462318.4,1340,upbit,2026-06-28T04:34:13Z
KRW-XRP,2021-11-17T00:00:00,2021-11-17T09:00:00,1340,1365,1305,1340,344973623.5,1340,upbit,2026-06-28T04:34:13Z
KRW-XRP,2021-11-18T00:00:00,2021-11-18T09:00:00,1345,1420,1275,1285,618724545.2,1285,upbit,2026-06-28T04:34:13Z
KRW-XRP,2021-11-19T00:00:00,2021-11-19T09:00:00,1290,1365,1265,1345,262629517.1,1345,upbit,2026-06-28T04:34:13Z
KRW-XRP,2021-11-20T00:00:00,2021-11-20T09:00:00,1350,1365,1320,1355,151313101.6,1355,upbit,2026-06-28T04:34:13Z
KRW-XRP,2021-11-21T00:00:00,2021-11-21T09:00:00,1355,1360,1320,1325,142476091.8,1325,upbit,2026-06-28T04:34:13Z
KRW-XRP,2021-11-22T00:00:00,2021-11-22T09:00:00,1320,1330,1285,1300,223607889.2,1300,upbit,2026-06-28T04:34:13Z
KRW-XRP,2021-11-23T00:00:00,2021-11-23T09:00:00,1300,1335,1285,1330,229612980.4,1330,upbit,2026-06-28T04:34:13Z
KRW-XRP,2021-11-24T00:00:00,2021-11-24T09:00:00,1325,1335,1270,1295,278039117.9,1295,upbit,2026-06-28T04:34:13Z
KRW-XRP,2021-11-25T00:00:00,2021-11-25T09:00:00,1295,1330,1280,1295,339408327.8,1295,upbit,2026-06-28T04:34:13Z
KRW-XRP,2021-11-26T00:00:00,2021-11-26T09:00:00,1295,1300,1180,1200,491908361.3,1200,upbit,2026-06-28T04:34:13Z
KRW-XRP,2021-11-27T00:00:00,2021-11-27T09:00:00,1200,1225,1185,1215,164431426,1215,upbit,2026-06-28T04:34:13Z
KRW-XRP,2021-11-28T00:00:00,2021-11-28T09:00:00,1215,1230,1155,1220,248893244.3,1220,upbit,2026-06-28T04:34:13Z
KRW-XRP,2021-11-29T00:00:00,2021-11-29T09:00:00,1220,1255,1215,1235,219035187.3,1235,upbit,2026-06-28T04:34:13Z
KRW-XRP,2021-11-30T00:00:00,2021-11-30T09:00:00,1235,1280,1215,1235,251844498.9,1235,upbit,2026-06-28T04:34:13Z
KRW-XRP,2021-12-01T00:00:00,2021-12-01T09:00:00,1235,1260,1225,1225,163672338.9,1225,upbit,2026-06-28T04:34:13Z
KRW-XRP,2021-12-02T00:00:00,2021-12-02T09:00:00,1225,1230,1200,1210,178379805.9,1210,upbit,2026-06-28T04:34:13Z
KRW-XRP,2021-12-03T00:00:00,2021-12-03T09:00:00,1205,1225,1155,1170,264158063.8,1170,upbit,2026-06-28T04:34:13Z
KRW-XRP,2021-12-04T00:00:00,2021-12-04T09:00:00,1170,1170,855,1070,1135418113,1070,upbit,2026-06-28T04:34:13Z
KRW-XRP,2021-12-05T00:00:00,2021-12-05T09:00:00,1065,1095,977,1010,451055844.7,1010,upbit,2026-06-28T04:34:13Z
KRW-XRP,2021-12-06T00:00:00,2021-12-06T09:00:00,1005,1035,940,1030,514580399.7,1030,upbit,2026-06-28T04:34:13Z
KRW-XRP,2021-12-07T00:00:00,2021-12-07T09:00:00,1030,1055,1005,1020,287972499.2,1020,upbit,2026-06-28T04:34:13Z
KRW-XRP,2021-12-08T00:00:00,2021-12-08T09:00:00,1020,1090,1000,1065,384438964.7,1065,upbit,2026-06-28T04:34:13Z
KRW-XRP,2021-12-09T00:00:00,2021-12-09T09:00:00,1065,1165,1025,1070,704861240,1070,upbit,2026-06-28T04:34:13Z
KRW-XRP,2021-12-10T00:00:00,2021-12-10T09:00:00,1070,1095,1005,1010,360406047.9,1010,upbit,2026-06-28T04:34:13Z
KRW-XRP,2021-12-11T00:00:00,2021-12-11T09:00:00,1015,1050,999,1040,173231435.7,1040,upbit,2026-06-28T04:34:13Z
KRW-XRP,2021-12-12T00:00:00,2021-12-12T09:00:00,1040,1065,1010,1040,159928147,1040,upbit,2026-06-28T04:34:13Z
KRW-XRP,2021-12-13T00:00:00,2021-12-13T09:00:00,1040,1050,960,982,331457108.9,982,upbit,2026-06-28T04:34:13Z
KRW-XRP,2021-12-14T00:00:00,2021-12-14T09:00:00,982,1025,956,1005,401239669.8,1005,upbit,2026-06-28T04:34:13Z
KRW-XRP,2021-12-15T00:00:00,2021-12-15T09:00:00,1000,1055,970,1035,343061717.9,1035,upbit,2026-06-28T04:34:13Z
KRW-XRP,2021-12-16T00:00:00,2021-12-16T09:00:00,1035,1045,1005,1005,193868301,1005,upbit,2026-06-28T04:34:13Z
KRW-XRP,2021-12-17T00:00:00,2021-12-17T09:00:00,1010,1035,981,1000,248816610.9,1000,upbit,2026-06-28T04:34:13Z
KRW-XRP,2021-12-18T00:00:00,2021-12-18T09:00:00,1000,1040,996,1025,136850297.7,1025,upbit,2026-06-28T04:34:13Z
KRW-XRP,2021-12-19T00:00:00,2021-12-19T09:00:00,1025,1055,1025,1040,146896354.1,1040,upbit,2026-06-28T04:34:13Z
KRW-XRP,2021-12-20T00:00:00,2021-12-20T09:00:00,1040,1135,1030,1090,591090178.4,1090,upbit,2026-06-28T04:34:13Z
KRW-XRP,2021-12-21T00:00:00,2021-12-21T09:00:00,1090,1180,1050,1160,374388765.1,1160,upbit,2026-06-28T04:34:13Z
KRW-XRP,2021-12-22T00:00:00,2021-12-22T09:00:00,1160,1190,1135,1170,296095442.7,1170,upbit,2026-06-28T04:34:13Z
KRW-XRP,2021-12-23T00:00:00,2021-12-23T09:00:00,1170,1235,1155,1205,359613249,1205,upbit,2026-06-28T04:34:13Z
KRW-XRP,2021-12-24T00:00:00,2021-12-24T09:00:00,1200,1215,1080,1115,417151680.2,1115,upbit,2026-06-28T04:34:13Z
KRW-XRP,2021-12-25T00:00:00,2021-12-25T09:00:00,1110,1130,1100,1120,157291931.4,1120,upbit,2026-06-28T04:34:13Z
KRW-XRP,2021-12-26T00:00:00,2021-12-26T09:00:00,1120,1130,1105,1120,111184883.8,1120,upbit,2026-06-28T04:34:13Z
KRW-XRP,2021-12-27T00:00:00,2021-12-27T09:00:00,1120,1155,1100,1125,183893558.8,1125,upbit,2026-06-28T04:34:13Z
KRW-XRP,2021-12-28T00:00:00,2021-12-28T09:00:00,1120,1125,1035,1040,252712085.3,1040,upbit,2026-06-28T04:34:13Z
KRW-XRP,2021-12-29T00:00:00,2021-12-29T09:00:00,1045,1055,995,1005,240105151.4,1005,upbit,2026-06-28T04:34:13Z
KRW-XRP,2021-12-30T00:00:00,2021-12-30T09:00:00,1005,1045,989,1020,189027063.6,1020,upbit,2026-06-28T04:34:13Z
KRW-XRP,2021-12-31T00:00:00,2021-12-31T09:00:00,1015,1035,1000,1020,162533215.8,1020,upbit,2026-06-28T04:34:13Z
KRW-XRP,2022-01-01T00:00:00,2022-01-01T09:00:00,1020,1040,1015,1035,94545405.44,1035,upbit,2026-06-28T04:34:13Z
KRW-XRP,2022-01-02T00:00:00,2022-01-02T09:00:00,1035,1050,1025,1045,138948069.1,1045,upbit,2026-06-28T04:34:13Z
KRW-XRP,2022-01-03T00:00:00,2022-01-03T09:00:00,1045,1045,1010,1020,140316118.3,1020,upbit,2026-06-28T04:34:13Z
KRW-XRP,2022-01-04T00:00:00,2022-01-04T09:00:00,1015,1030,1000,1005,143888117.1,1005,upbit,2026-06-28T04:34:13Z
KRW-XRP,2022-01-05T00:00:00,2022-01-05T09:00:00,1010,1015,901,955,296917683.9,955,upbit,2026-06-28T04:34:13Z
KRW-XRP,2022-01-06T00:00:00,2022-01-06T09:00:00,956,972,916,962,305768406.5,962,upbit,2026-06-28T04:34:13Z
KRW-XRP,2022-01-07T00:00:00,2022-01-07T09:00:00,961,964,905,944,298021797.3,944,upbit,2026-06-28T04:34:13Z
KRW-XRP,2022-01-08T00:00:00,2022-01-08T09:00:00,944,956,911,932,167249189.5,932,upbit,2026-06-28T04:34:13Z
KRW-XRP,2022-01-09T00:00:00,2022-01-09T09:00:00,932,944,916,929,113867901.5,929,upbit,2026-06-28T04:34:13Z
KRW-XRP,2022-01-10T00:00:00,2022-01-10T09:00:00,928,935,862,908,328703220.6,908,upbit,2026-06-28T04:34:13Z
KRW-XRP,2022-01-11T00:00:00,2022-01-11T09:00:00,907,948,890,942,285579520.9,942,upbit,2026-06-28T04:34:13Z
KRW-XRP,2022-01-12T00:00:00,2022-01-12T09:00:00,942,980,927,969,243505292,969,upbit,2026-06-28T04:34:13Z
KRW-XRP,2022-01-13T00:00:00,2022-01-13T09:00:00,969,974,932,934,195300841.4,934,upbit,2026-06-28T04:34:13Z
KRW-XRP,2022-01-14T00:00:00,2022-01-14T09:00:00,935,958,920,938,202680671.1,938,upbit,2026-06-28T04:34:13Z
KRW-XRP,2022-01-15T00:00:00,2022-01-15T09:00:00,938,955,935,948,102156646.9,948,upbit,2026-06-28T04:34:13Z
KRW-XRP,2022-01-16T00:00:00,2022-01-16T09:00:00,947,951,936,941,83138788.14,941,upbit,2026-06-28T04:34:13Z
KRW-XRP,2022-01-17T00:00:00,2022-01-17T09:00:00,942,945,916,928,115754026.6,928,upbit,2026-06-28T04:34:13Z
KRW-XRP,2022-01-18T00:00:00,2022-01-18T09:00:00,928,934,895,909,177239031.5,909,upbit,2026-06-28T04:34:13Z
KRW-XRP,2022-01-19T00:00:00,2022-01-19T09:00:00,909,912,879,892,170935656.7,892,upbit,2026-06-28T04:34:13Z
KRW-XRP,2022-01-20T00:00:00,2022-01-20T09:00:00,891,918,875,878,174855598.3,878,upbit,2026-06-28T04:34:13Z
KRW-XRP,2022-01-21T00:00:00,2022-01-21T09:00:00,878,886,770,791,517218800.4,791,upbit,2026-06-28T04:34:13Z
KRW-XRP,2022-01-22T00:00:00,2022-01-22T09:00:00,791,804,695,738,628586412.1,738,upbit,2026-06-28T04:34:13Z
KRW-XRP,2022-01-23T00:00:00,2022-01-23T09:00:00,739,775,726,769,254387795.4,769,upbit,2026-06-28T04:34:13Z
KRW-XRP,2022-01-24T00:00:00,2022-01-24T09:00:00,768,769,688,748,464452197.1,748,upbit,2026-06-28T04:34:13Z
KRW-XRP,2022-01-25T00:00:00,2022-01-25T09:00:00,748,758,716,750,267790446.6,750,upbit,2026-06-28T04:34:13Z
KRW-XRP,2022-01-26T00:00:00,2022-01-26T09:00:00,750,804,742,758,446580040.4,758,upbit,2026-06-28T04:34:13Z
KRW-XRP,2022-01-27T00:00:00,2022-01-27T09:00:00,758,769,726,750,291404617.1,750,upbit,2026-06-28T04:34:13Z
KRW-XRP,2022-01-28T00:00:00,2022-01-28T09:00:00,749,760,737,757,225772119,757,upbit,2026-06-28T04:34:13Z
KRW-XRP,2022-01-29T00:00:00,2022-01-29T09:00:00,756,772,753,765,183644119.5,765,upbit,2026-06-28T04:34:13Z
KRW-XRP,2022-01-30T00:00:00,2022-01-30T09:00:00,765,771,743,751,125799885.8,751,upbit,2026-06-28T04:34:13Z
KRW-XRP,2022-01-31T00:00:00,2022-01-31T09:00:00,751,767,722,760,162334705.4,760,upbit,2026-06-28T04:34:13Z
KRW-XRP,2022-02-01T00:00:00,2022-02-01T09:00:00,760,777,752,776,144628859.8,776,upbit,2026-06-28T04:34:13Z
KRW-XRP,2022-02-02T00:00:00,2022-02-02T09:00:00,776,779,739,741,191044854.8,741,upbit,2026-06-28T04:34:13Z
KRW-XRP,2022-02-03T00:00:00,2022-02-03T09:00:00,741,749,729,749,144173345.3,749,upbit,2026-06-28T04:34:13Z
KRW-XRP,2022-02-04T00:00:00,2022-02-04T09:00:00,749,803,743,799,260841679.3,799,upbit,2026-06-28T04:34:13Z
KRW-XRP,2022-02-05T00:00:00,2022-02-05T09:00:00,799,846,791,817,376291335.5,817,upbit,2026-06-28T04:34:13Z
KRW-XRP,2022-02-06T00:00:00,2022-02-06T09:00:00,817,839,808,833,202749678.9,833,upbit,2026-06-28T04:34:13Z
KRW-XRP,2022-02-07T00:00:00,2022-02-07T09:00:00,834,1030,823,1020,893557734.4,1020,upbit,2026-06-28T04:34:13Z
KRW-XRP,2022-02-08T00:00:00,2022-02-08T09:00:00,1020,1115,985,1070,1064460810,1070,upbit,2026-06-28T04:34:13Z
KRW-XRP,2022-02-09T00:00:00,2022-02-09T09:00:00,1070,1105,1025,1055,446282853.5,1055,upbit,2026-06-28T04:34:13Z
KRW-XRP,2022-02-10T00:00:00,2022-02-10T09:00:00,1055,1085,1005,1010,364836636.5,1010,upbit,2026-06-28T04:34:13Z
KRW-XRP,2022-02-11T00:00:00,2022-02-11T09:00:00,1010,1015,914,929,472333586.4,929,upbit,2026-06-28T04:34:13Z
KRW-XRP,2022-02-12T00:00:00,2022-02-12T09:00:00,929,1040,910,1000,554561874.8,1000,upbit,2026-06-28T04:34:13Z
KRW-XRP,2022-02-13T00:00:00,2022-02-13T09:00:00,1005,1040,981,988,264616927.4,988,upbit,2026-06-28T04:34:13Z
KRW-XRP,2022-02-14T00:00:00,2022-02-14T09:00:00,988,995,951,972,356980651.8,972,upbit,2026-06-28T04:34:13Z
KRW-XRP,2022-02-15T00:00:00,2022-02-15T09:00:00,972,1035,968,1030,288423067.2,1030,upbit,2026-06-28T04:34:13Z
KRW-XRP,2022-02-16T00:00:00,2022-02-16T09:00:00,1025,1030,987,1015,237526322.2,1015,upbit,2026-06-28T04:34:13Z
KRW-XRP,2022-02-17T00:00:00,2022-02-17T09:00:00,1015,1025,924,936,411739113.3,936,upbit,2026-06-28T04:34:13Z
KRW-XRP,2022-02-18T00:00:00,2022-02-18T09:00:00,936,979,928,961,420610643.3,961,upbit,2026-06-28T04:34:13Z
KRW-XRP,2022-02-19T00:00:00,2022-02-19T09:00:00,962,1035,939,1005,520196375.9,1005,upbit,2026-06-28T04:34:13Z
KRW-XRP,2022-02-20T00:00:00,2022-02-20T09:00:00,1000,1005,943,954,401569859.2,954,upbit,2026-06-28T04:34:13Z
KRW-XRP,2022-02-21T00:00:00,2022-02-21T09:00:00,955,980,854,863,547963292,863,upbit,2026-06-28T04:34:13Z
KRW-XRP,2022-02-22T00:00:00,2022-02-22T09:00:00,863,884,825,877,570839881.3,877,upbit,2026-06-28T04:34:13Z
KRW-XRP,2022-02-23T00:00:00,2022-02-23T09:00:00,877,904,845,853,429310077.2,853,upbit,2026-06-28T04:34:13Z
KRW-XRP,2022-02-24T00:00:00,2022-02-24T09:00:00,852,875,776,852,945630161.9,852,upbit,2026-06-28T04:34:13Z
KRW-XRP,2022-02-25T00:00:00,2022-02-25T09:00:00,853,950,837,939,552300006,939,upbit,2026-06-28T04:34:13Z
KRW-XRP,2022-02-26T00:00:00,2022-02-26T09:00:00,939,962,908,920,467145288.3,920,upbit,2026-06-28T04:34:13Z
KRW-XRP,2022-02-27T00:00:00,2022-02-27T09:00:00,919,934,870,887,466042750.2,887,upbit,2026-06-28T04:34:13Z
KRW-XRP,2022-02-28T00:00:00,2022-02-28T09:00:00,887,955,872,947,514774117.1,947,upbit,2026-06-28T04:34:13Z
KRW-XRP,2022-03-01T00:00:00,2022-03-01T09:00:00,946,974,923,949,530054046.8,949,upbit,2026-06-28T04:34:13Z
KRW-XRP,2022-03-02T00:00:00,2022-03-02T09:00:00,950,953,921,936,321274915,936,upbit,2026-06-28T04:34:13Z
KRW-XRP,2022-03-03T00:00:00,2022-03-03T09:00:00,935,963,901,920,362337498.1,920,upbit,2026-06-28T04:34:13Z
KRW-XRP,2022-03-04T00:00:00,2022-03-04T09:00:00,919,923,870,883,349646669.1,883,upbit,2026-06-28T04:34:13Z
KRW-XRP,2022-03-05T00:00:00,2022-03-05T09:00:00,882,953,875,931,397680002.8,931,upbit,2026-06-28T04:34:13Z
KRW-XRP,2022-03-06T00:00:00,2022-03-06T09:00:00,931,938,900,903,273006770.6,903,upbit,2026-06-28T04:34:13Z
KRW-XRP,2022-03-07T00:00:00,2022-03-07T09:00:00,903,936,885,899,488073700.5,899,upbit,2026-06-28T04:34:13Z
KRW-XRP,2022-03-08T00:00:00,2022-03-08T09:00:00,899,908,891,898,235668291.6,898,upbit,2026-06-28T04:34:13Z
KRW-XRP,2022-03-09T00:00:00,2022-03-09T09:00:00,898,949,898,941,365764558.3,941,upbit,2026-06-28T04:34:13Z
KRW-XRP,2022-03-10T00:00:00,2022-03-10T09:00:00,941,959,902,913,389503321,913,upbit,2026-06-28T04:34:13Z
KRW-XRP,2022-03-11T00:00:00,2022-03-11T09:00:00,914,1010,907,1005,531076127.8,1005,upbit,2026-06-28T04:34:13Z
KRW-XRP,2022-03-12T00:00:00,2022-03-12T09:00:00,1005,1055,973,982,583459994.4,982,upbit,2026-06-28T04:34:13Z
KRW-XRP,2022-03-13T00:00:00,2022-03-13T09:00:00,982,1005,947,954,319789399,954,upbit,2026-06-28T04:34:13Z
KRW-XRP,2022-03-14T00:00:00,2022-03-14T09:00:00,954,966,937,961,287014578.2,961,upbit,2026-06-28T04:34:13Z
KRW-XRP,2022-03-15T00:00:00,2022-03-15T09:00:00,960,963,930,949,198442180.4,949,upbit,2026-06-28T04:34:13Z
KRW-XRP,2022-03-16T00:00:00,2022-03-16T09:00:00,948,976,943,970,351076684.8,970,upbit,2026-06-28T04:34:13Z
KRW-XRP,2022-03-17T00:00:00,2022-03-17T09:00:00,970,981,961,971,219014910.8,971,upbit,2026-06-28T04:34:13Z
KRW-XRP,2022-03-18T00:00:00,2022-03-18T09:00:00,971,979,956,970,223850554.8,970,upbit,2026-06-28T04:34:13Z
KRW-XRP,2022-03-19T00:00:00,2022-03-19T09:00:00,970,1005,967,994,328151590.8,994,upbit,2026-06-28T04:34:13Z
KRW-XRP,2022-03-20T00:00:00,2022-03-20T09:00:00,993,997,977,985,172883565.7,985,upbit,2026-06-28T04:34:13Z
KRW-XRP,2022-03-21T00:00:00,2022-03-21T09:00:00,985,1040,968,1020,274459521.8,1020,upbit,2026-06-28T04:34:13Z
KRW-XRP,2022-03-22T00:00:00,2022-03-22T09:00:00,1020,1050,1010,1025,251446915.9,1025,upbit,2026-06-28T04:34:13Z
KRW-XRP,2022-03-23T00:00:00,2022-03-23T09:00:00,1025,1035,1000,1020,240147567.5,1020,upbit,2026-06-28T04:34:13Z
KRW-XRP,2022-03-24T00:00:00,2022-03-24T09:00:00,1015,1025,1005,1015,209599815.2,1015,upbit,2026-06-28T04:34:13Z
KRW-XRP,2022-03-25T00:00:00,2022-03-25T09:00:00,1015,1020,1000,1000,137757871.7,1000,upbit,2026-06-28T04:34:13Z
KRW-XRP,2022-03-26T00:00:00,2022-03-26T09:00:00,1000,1015,995,1010,106307945.3,1010,upbit,2026-06-28T04:34:13Z
KRW-XRP,2022-03-27T00:00:00,2022-03-27T09:00:00,1010,1030,1000,1025,143288377.6,1025,upbit,2026-06-28T04:34:13Z
KRW-XRP,2022-03-28T00:00:00,2022-03-28T09:00:00,1030,1090,1020,1040,296197746.8,1040,upbit,2026-06-28T04:34:13Z
KRW-XRP,2022-03-29T00:00:00,2022-03-29T09:00:00,1040,1065,1015,1035,204391180.7,1035,upbit,2026-06-28T04:34:13Z
KRW-XRP,2022-03-30T00:00:00,2022-03-30T09:00:00,1035,1050,1015,1040,182944169.5,1040,upbit,2026-06-28T04:34:13Z
KRW-XRP,2022-03-31T00:00:00,2022-03-31T09:00:00,1040,1055,1000,1000,266013105.3,1000,upbit,2026-06-28T04:34:13Z
KRW-XRP,2022-04-01T00:00:00,2022-04-01T09:00:00,1005,1015,994,1015,213713595.2,1015,upbit,2026-06-28T04:34:13Z
KRW-XRP,2022-04-02T00:00:00,2022-04-02T09:00:00,1015,1035,1005,1005,149878894.5,1005,upbit,2026-06-28T04:34:13Z
KRW-XRP,2022-04-03T00:00:00,2022-04-03T09:00:00,1005,1035,1000,1030,120717160.9,1030,upbit,2026-06-28T04:34:13Z
KRW-XRP,2022-04-04T00:00:00,2022-04-04T09:00:00,1025,1030,1000,1015,181559819.2,1015,upbit,2026-06-28T04:34:13Z
KRW-XRP,2022-04-05T00:00:00,2022-04-05T09:00:00,1015,1035,1000,1010,156080017.7,1010,upbit,2026-06-28T04:34:13Z
KRW-XRP,2022-04-06T00:00:00,2022-04-06T09:00:00,1010,1015,935,937,350265849.5,937,upbit,2026-06-28T04:34:13Z
KRW-XRP,2022-04-07T00:00:00,2022-04-07T09:00:00,937,980,930,975,194599298.3,975,upbit,2026-06-28T04:34:13Z
KRW-XRP,2022-04-08T00:00:00,2022-04-08T09:00:00,975,985,941,947,178587631.1,947,upbit,2026-06-28T04:34:13Z
KRW-XRP,2022-04-09T00:00:00,2022-04-09T09:00:00,948,957,943,952,81943886.77,952,upbit,2026-06-28T04:34:13Z
KRW-XRP,2022-04-10T00:00:00,2022-04-10T09:00:00,952,960,943,946,83605434.46,946,upbit,2026-06-28T04:34:13Z
KRW-XRP,2022-04-11T00:00:00,2022-04-11T09:00:00,946,948,871,880,320918338,880,upbit,2026-06-28T04:34:13Z
KRW-XRP,2022-04-12T00:00:00,2022-04-12T09:00:00,880,915,876,901,249224883,901,upbit,2026-06-28T04:34:13Z
KRW-XRP,2022-04-13T00:00:00,2022-04-13T09:00:00,901,912,886,907,162198169,907,upbit,2026-06-28T04:34:13Z
KRW-XRP,2022-04-14T00:00:00,2022-04-14T09:00:00,908,929,894,912,190181837.1,912,upbit,2026-06-28T04:34:13Z
KRW-XRP,2022-04-15T00:00:00,2022-04-15T09:00:00,912,998,911,984,560164442.9,984,upbit,2026-06-28T04:34:13Z
KRW-XRP,2022-04-16T00:00:00,2022-04-16T09:00:00,985,1000,962,977,182994617.3,977,upbit,2026-06-28T04:34:13Z
KRW-XRP,2022-04-17T00:00:00,2022-04-17T09:00:00,976,983,941,947,127254058.4,947,upbit,2026-06-28T04:34:13Z
KRW-XRP,2022-04-18T00:00:00,2022-04-18T09:00:00,947,961,916,959,227155375.8,959,upbit,2026-06-28T04:34:13Z
KRW-XRP,2022-04-19T00:00:00,2022-04-19T09:00:00,960,971,949,962,155075165,962,upbit,2026-06-28T04:34:13Z
KRW-XRP,2022-04-20T00:00:00,2022-04-20T09:00:00,962,963,929,936,158644784.6,936,upbit,2026-06-28T04:34:13Z
KRW-XRP,2022-04-21T00:00:00,2022-04-21T09:00:00,936,950,909,920,199150225.3,920,upbit,2026-06-28T04:34:13Z
KRW-XRP,2022-04-22T00:00:00,2022-04-22T09:00:00,920,928,900,903,177189134.9,903,upbit,2026-06-28T04:34:13Z
KRW-XRP,2022-04-23T00:00:00,2022-04-23T09:00:00,902,911,891,892,116462115.5,892,upbit,2026-06-28T04:34:13Z
KRW-XRP,2022-04-24T00:00:00,2022-04-24T09:00:00,891,896,878,880,124218137.6,880,upbit,2026-06-28T04:34:13Z
KRW-XRP,2022-04-25T00:00:00,2022-04-25T09:00:00,880,882,822,869,370368747.1,869,upbit,2026-06-28T04:34:13Z
KRW-XRP,2022-04-26T00:00:00,2022-04-26T09:00:00,870,886,807,821,309751827.2,821,upbit,2026-06-28T04:34:13Z
KRW-XRP,2022-04-27T00:00:00,2022-04-27T09:00:00,821,841,815,831,190901432.9,831,upbit,2026-06-28T04:34:13Z
KRW-XRP,2022-04-28T00:00:00,2022-04-28T09:00:00,832,836,810,819,163780086.8,819,upbit,2026-06-28T04:34:13Z
KRW-XRP,2022-04-29T00:00:00,2022-04-29T09:00:00,820,822,780,789,246713181.3,789,upbit,2026-06-28T04:34:13Z
KRW-XRP,2022-04-30T00:00:00,2022-04-30T09:00:00,788,808,761,767,193950470.2,767,upbit,2026-06-28T04:34:13Z
KRW-XRP,2022-05-01T00:00:00,2022-05-01T09:00:00,767,785,747,779,237038170.6,779,upbit,2026-06-28T04:34:13Z
KRW-XRP,2022-05-02T00:00:00,2022-05-02T09:00:00,780,808,771,789,190213389,789,upbit,2026-06-28T04:34:13Z
KRW-XRP,2022-05-03T00:00:00,2022-05-03T09:00:00,789,805,772,781,138317229.3,781,upbit,2026-06-28T04:34:13Z
KRW-XRP,2022-05-04T00:00:00,2022-05-04T09:00:00,781,829,780,824,209597018.2,824,upbit,2026-06-28T04:34:13Z
KRW-XRP,2022-05-05T00:00:00,2022-05-05T09:00:00,824,838,761,779,274004154.6,779,upbit,2026-06-28T04:34:13Z
KRW-XRP,2022-05-06T00:00:00,2022-05-06T09:00:00,779,797,770,785,213484621.4,785,upbit,2026-06-28T04:34:13Z
KRW-XRP,2022-05-07T00:00:00,2022-05-07T09:00:00,786,787,755,762,119267362.4,762,upbit,2026-06-28T04:34:13Z
KRW-XRP,2022-05-08T00:00:00,2022-05-08T09:00:00,761,765,740,744,175799266.5,744,upbit,2026-06-28T04:34:13Z
KRW-XRP,2022-05-09T00:00:00,2022-05-09T09:00:00,744,758,650,665,605674631.8,665,upbit,2026-06-28T04:34:13Z
KRW-XRP,2022-05-10T00:00:00,2022-05-10T09:00:00,665,706,639,678,628266772.6,678,upbit,2026-06-28T04:34:13Z
KRW-XRP,2022-05-11T00:00:00,2022-05-11T09:00:00,680,696,528,578,1284351539,578,upbit,2026-06-28T04:34:13Z
KRW-XRP,2022-05-12T00:00:00,2022-05-12T09:00:00,578,585,481,521,1417779368,521,upbit,2026-06-28T04:34:13Z
KRW-XRP,2022-05-13T00:00:00,2022-05-13T09:00:00,521,610,513,566,865412003.2,566,upbit,2026-06-28T04:34:13Z
KRW-XRP,2022-05-14T00:00:00,2022-05-14T09:00:00,567,592,531,568,498665175.8,568,upbit,2026-06-28T04:34:13Z
KRW-XRP,2022-05-15T00:00:00,2022-05-15T09:00:00,568,587,552,586,285168888.1,586,upbit,2026-06-28T04:34:13Z
KRW-XRP,2022-05-16T00:00:00,2022-05-16T09:00:00,586,586,544,557,350552590.1,557,upbit,2026-06-28T04:34:13Z
KRW-XRP,2022-05-17T00:00:00,2022-05-17T09:00:00,557,569,544,564,297702917.1,564,upbit,2026-06-28T04:34:13Z
KRW-XRP,2022-05-18T00:00:00,2022-05-18T09:00:00,564,569,522,523,311927853.5,523,upbit,2026-06-28T04:34:13Z
KRW-XRP,2022-05-19T00:00:00,2022-05-19T09:00:00,523,544,506,539,348622610.7,539,upbit,2026-06-28T04:34:13Z
KRW-XRP,2022-05-20T00:00:00,2022-05-20T09:00:00,538,564,522,531,365446037.7,531,upbit,2026-06-28T04:34:13Z
KRW-XRP,2022-05-21T00:00:00,2022-05-21T09:00:00,532,539,522,534,145056234.8,534,upbit,2026-06-28T04:34:13Z
KRW-XRP,2022-05-22T00:00:00,2022-05-22T09:00:00,534,547,531,543,152403698.8,543,upbit,2026-06-28T04:34:13Z
KRW-XRP,2022-05-23T00:00:00,2022-05-23T09:00:00,543,548,514,519,295321587.2,519,upbit,2026-06-28T04:34:13Z
KRW-XRP,2022-05-24T00:00:00,2022-05-24T09:00:00,520,528,500,521,272477128.4,521,upbit,2026-06-28T04:34:13Z
KRW-XRP,2022-05-25T00:00:00,2022-05-25T09:00:00,522,527,506,521,241129692.2,521,upbit,2026-06-28T04:34:13Z
KRW-XRP,2022-05-26T00:00:00,2022-05-26T09:00:00,522,525,488,507,366061707.7,507,upbit,2026-06-28T04:34:13Z
KRW-XRP,2022-05-27T00:00:00,2022-05-27T09:00:00,506,513,486,492,313522182,492,upbit,2026-06-28T04:34:13Z
KRW-XRP,2022-05-28T00:00:00,2022-05-28T09:00:00,492,497,489,493,133418713.9,493,upbit,2026-06-28T04:34:13Z
KRW-XRP,2022-05-29T00:00:00,2022-05-29T09:00:00,493,497,485,495,134902508.7,495,upbit,2026-06-28T04:34:13Z
KRW-XRP,2022-05-30T00:00:00,2022-05-30T09:00:00,494,527,492,522,317888534.5,522,upbit,2026-06-28T04:34:13Z
KRW-XRP,2022-05-31T00:00:00,2022-05-31T09:00:00,523,545,512,529,462255725.9,529,upbit,2026-06-28T04:34:13Z
KRW-XRP,2022-06-01T00:00:00,2022-06-01T09:00:00,530,534,499,506,303737722.9,506,upbit,2026-06-28T04:34:13Z
KRW-XRP,2022-06-02T00:00:00,2022-06-02T09:00:00,505,513,498,510,199038216,510,upbit,2026-06-28T04:34:13Z
KRW-XRP,2022-06-03T00:00:00,2022-06-03T09:00:00,511,515,492,498,220909201.2,498,upbit,2026-06-28T04:34:13Z
KRW-XRP,2022-06-04T00:00:00,2022-06-04T09:00:00,498,501,492,499,107589731.6,499,upbit,2026-06-28T04:34:13Z
KRW-XRP,2022-06-05T00:00:00,2022-06-05T09:00:00,499,507,496,502,136327634.1,502,upbit,2026-06-28T04:34:13Z
KRW-XRP,2022-06-06T00:00:00,2022-06-06T09:00:00,502,515,501,507,264830960.2,507,upbit,2026-06-28T04:34:13Z
KRW-XRP,2022-06-07T00:00:00,2022-06-07T09:00:00,508,526,492,516,328911772.6,516,upbit,2026-06-28T04:34:13Z
KRW-XRP,2022-06-08T00:00:00,2022-06-08T09:00:00,515,519,503,511,188002466.4,511,upbit,2026-06-28T04:34:13Z
KRW-XRP,2022-06-09T00:00:00,2022-06-09T09:00:00,511,512,505,508,106857095.3,508,upbit,2026-06-28T04:34:13Z
KRW-XRP,2022-06-10T00:00:00,2022-06-10T09:00:00,507,525,490,493,300968539.9,493,upbit,2026-06-28T04:34:13Z
KRW-XRP,2022-06-11T00:00:00,2022-06-11T09:00:00,494,500,465,470,278789616.9,470,upbit,2026-06-28T04:34:13Z
KRW-XRP,2022-06-12T00:00:00,2022-06-12T09:00:00,471,473,442,448,354233415.2,448,upbit,2026-06-28T04:34:13Z
KRW-XRP,2022-06-13T00:00:00,2022-06-13T09:00:00,448,456,397,405,828499545,405,upbit,2026-06-28T04:34:13Z
KRW-XRP,2022-06-14T00:00:00,2022-06-14T09:00:00,406,424,384,418,654401103.1,418,upbit,2026-06-28T04:34:13Z
KRW-XRP,2022-06-15T00:00:00,2022-06-15T09:00:00,418,449,394,444,634304953.1,444,upbit,2026-06-28T04:34:13Z
KRW-XRP,2022-06-16T00:00:00,2022-06-16T09:00:00,444,448,405,412,396354970.2,412,upbit,2026-06-28T04:34:13Z
KRW-XRP,2022-06-17T00:00:00,2022-06-17T09:00:00,412,444,408,423,370649178.3,423,upbit,2026-06-28T04:34:13Z
KRW-XRP,2022-06-18T00:00:00,2022-06-18T09:00:00,424,430,392,406,412784514.4,406,upbit,2026-06-28T04:34:13Z
KRW-XRP,2022-06-19T00:00:00,2022-06-19T09:00:00,407,430,395,424,340121512.6,424,upbit,2026-06-28T04:34:13Z
KRW-XRP,2022-06-20T00:00:00,2022-06-20T09:00:00,424,427,409,418,338749535.6,418,upbit,2026-06-28T04:34:13Z
KRW-XRP,2022-06-21T00:00:00,2022-06-21T09:00:00,418,436,415,429,365555420.2,429,upbit,2026-06-28T04:34:13Z
KRW-XRP,2022-06-22T00:00:00,2022-06-22T09:00:00,429,429,418,422,270797583.7,422,upbit,2026-06-28T04:34:13Z
KRW-XRP,2022-06-23T00:00:00,2022-06-23T09:00:00,423,437,421,436,227840493.4,436,upbit,2026-06-28T04:34:13Z
KRW-XRP,2022-06-24T00:00:00,2022-06-24T09:00:00,436,503,434,479,836820202.8,479,upbit,2026-06-28T04:34:13Z
KRW-XRP,2022-06-25T00:00:00,2022-06-25T09:00:00,478,487,461,476,253290098.6,476,upbit,2026-06-28T04:34:13Z
KRW-XRP,2022-06-26T00:00:00,2022-06-26T09:00:00,476,486,467,469,219861211.7,469,upbit,2026-06-28T04:34:13Z
KRW-XRP,2022-06-27T00:00:00,2022-06-27T09:00:00,470,477,453,460,268665717.1,460,upbit,2026-06-28T04:34:13Z
KRW-XRP,2022-06-28T00:00:00,2022-06-28T09:00:00,460,463,440,442,239540152.8,442,upbit,2026-06-28T04:34:13Z
KRW-XRP,2022-06-29T00:00:00,2022-06-29T09:00:00,442,445,423,435,257852277.7,435,upbit,2026-06-28T04:34:13Z
KRW-XRP,2022-06-30T00:00:00,2022-06-30T09:00:00,434,436,406,433,358200652,433,upbit,2026-06-28T04:34:13Z
KRW-XRP,2022-07-01T00:00:00,2022-07-01T09:00:00,433,437,408,416,295677745.3,416,upbit,2026-06-28T04:34:13Z
KRW-XRP,2022-07-02T00:00:00,2022-07-02T09:00:00,417,419,410,416,125038376.8,416,upbit,2026-06-28T04:34:13Z
KRW-XRP,2022-07-03T00:00:00,2022-07-03T09:00:00,417,428,411,424,132953439.3,424,upbit,2026-06-28T04:34:13Z
KRW-XRP,2022-07-04T00:00:00,2022-07-04T09:00:00,424,431,415,429,204956882.8,429,upbit,2026-06-28T04:34:13Z
KRW-XRP,2022-07-05T00:00:00,2022-07-05T09:00:00,429,433,416,428,213697055.9,428,upbit,2026-06-28T04:34:13Z
KRW-XRP,2022-07-06T00:00:00,2022-07-06T09:00:00,427,437,422,435,172169012.5,435,upbit,2026-06-28T04:34:13Z
KRW-XRP,2022-07-07T00:00:00,2022-07-07T09:00:00,435,449,430,445,195745283.9,445,upbit,2026-06-28T04:34:13Z
KRW-XRP,2022-07-08T00:00:00,2022-07-08T09:00:00,446,466,440,446,358224509.4,446,upbit,2026-06-28T04:34:13Z
KRW-XRP,2022-07-09T00:00:00,2022-07-09T09:00:00,446,453,444,449,126322121.5,449,upbit,2026-06-28T04:34:13Z
KRW-XRP,2022-07-10T00:00:00,2022-07-10T09:00:00,449,451,422,426,188769446,426,upbit,2026-06-28T04:34:13Z
KRW-XRP,2022-07-11T00:00:00,2022-07-11T09:00:00,426,432,413,418,236905522.6,418,upbit,2026-06-28T04:34:13Z
KRW-XRP,2022-07-12T00:00:00,2022-07-12T09:00:00,418,421,410,414,191226371.5,414,upbit,2026-06-28T04:34:13Z
KRW-XRP,2022-07-13T00:00:00,2022-07-13T09:00:00,414,429,403,426,309450819.1,426,upbit,2026-06-28T04:34:13Z
KRW-XRP,2022-07-14T00:00:00,2022-07-14T09:00:00,426,441,415,440,204783751.6,440,upbit,2026-06-28T04:34:13Z
KRW-XRP,2022-07-15T00:00:00,2022-07-15T09:00:00,440,461,434,443,411240294,443,upbit,2026-06-28T04:34:13Z
KRW-XRP,2022-07-16T00:00:00,2022-07-16T09:00:00,441,469,438,460,276801595.4,460,upbit,2026-06-28T04:34:13Z
KRW-XRP,2022-07-17T00:00:00,2022-07-17T09:00:00,461,474,453,454,315062413.1,454,upbit,2026-06-28T04:34:13Z
KRW-XRP,2022-07-18T00:00:00,2022-07-18T09:00:00,454,484,453,478,457983291,478,upbit,2026-06-28T04:34:13Z
KRW-XRP,2022-07-19T00:00:00,2022-07-19T09:00:00,478,493,463,490,381899827,490,upbit,2026-06-28T04:34:13Z
KRW-XRP,2022-07-20T00:00:00,2022-07-20T09:00:00,490,502,469,477,373757821.4,477,upbit,2026-06-28T04:34:13Z
KRW-XRP,2022-07-21T00:00:00,2022-07-21T09:00:00,477,485,462,481,224720987.9,481,upbit,2026-06-28T04:34:13Z
KRW-XRP,2022-07-22T00:00:00,2022-07-22T09:00:00,482,488,469,474,194337862.3,474,upbit,2026-06-28T04:34:13Z
KRW-XRP,2022-07-23T00:00:00,2022-07-23T09:00:00,474,479,465,475,124830112.2,475,upbit,2026-06-28T04:34:13Z
KRW-XRP,2022-07-24T00:00:00,2022-07-24T09:00:00,476,482,472,473,125277381.7,473,upbit,2026-06-28T04:34:13Z
KRW-XRP,2022-07-25T00:00:00,2022-07-25T09:00:00,474,476,449,451,197022905,451,upbit,2026-06-28T04:34:13Z
KRW-XRP,2022-07-26T00:00:00,2022-07-26T09:00:00,450,453,435,451,194017923.7,451,upbit,2026-06-28T04:34:13Z
KRW-XRP,2022-07-27T00:00:00,2022-07-27T09:00:00,451,475,442,473,224517605.8,473,upbit,2026-06-28T04:34:13Z
KRW-XRP,2022-07-28T00:00:00,2022-07-28T09:00:00,473,495,461,490,320166389.2,490,upbit,2026-06-28T04:34:13Z
KRW-XRP,2022-07-29T00:00:00,2022-07-29T09:00:00,490,499,477,487,344091696.5,487,upbit,2026-06-28T04:34:13Z
KRW-XRP,2022-07-30T00:00:00,2022-07-30T09:00:00,486,539,482,513,538374319.8,513,upbit,2026-06-28T04:34:13Z
KRW-XRP,2022-07-31T00:00:00,2022-07-31T09:00:00,512,525,500,501,332042843.9,501,upbit,2026-06-28T04:34:13Z
KRW-XRP,2022-08-01T00:00:00,2022-08-01T09:00:00,500,510,494,503,241953084.9,503,upbit,2026-06-28T04:34:13Z
KRW-XRP,2022-08-02T00:00:00,2022-08-02T09:00:00,502,523,487,497,296793068.3,497,upbit,2026-06-28T04:34:13Z
KRW-XRP,2022-08-03T00:00:00,2022-08-03T09:00:00,497,502,488,496,183551337.5,496,upbit,2026-06-28T04:34:13Z
KRW-XRP,2022-08-04T00:00:00,2022-08-04T09:00:00,496,501,490,497,164472009.9,497,upbit,2026-06-28T04:34:13Z
KRW-XRP,2022-08-05T00:00:00,2022-08-05T09:00:00,496,501,491,497,213163583.5,497,upbit,2026-06-28T04:34:13Z
KRW-XRP,2022-08-06T00:00:00,2022-08-06T09:00:00,496,498,493,494,105369412.5,494,upbit,2026-06-28T04:34:13Z
KRW-XRP,2022-08-07T00:00:00,2022-08-07T09:00:00,493,498,491,493,88943281,493,upbit,2026-06-28T04:34:13Z
KRW-XRP,2022-08-08T00:00:00,2022-08-08T09:00:00,494,508,493,500,233106128.5,500,upbit,2026-06-28T04:34:13Z
KRW-XRP,2022-08-09T00:00:00,2022-08-09T09:00:00,500,503,483,491,222858052.9,491,upbit,2026-06-28T04:34:13Z
KRW-XRP,2022-08-10T00:00:00,2022-08-10T09:00:00,492,503,481,503,270231992.9,503,upbit,2026-06-28T04:34:13Z
KRW-XRP,2022-08-11T00:00:00,2022-08-11T09:00:00,502,510,501,504,259396886.3,504,upbit,2026-06-28T04:34:13Z
KRW-XRP,2022-08-12T00:00:00,2022-08-12T09:00:00,504,505,496,503,201336181.9,503,upbit,2026-06-28T04:34:13Z
KRW-XRP,2022-08-13T00:00:00,2022-08-13T09:00:00,504,513,502,504,195914870.1,504,upbit,2026-06-28T04:34:13Z
KRW-XRP,2022-08-14T00:00:00,2022-08-14T09:00:00,504,520,502,505,289052110.9,505,upbit,2026-06-28T04:34:13Z
KRW-XRP,2022-08-15T00:00:00,2022-08-15T09:00:00,504,512,493,505,265854009.8,505,upbit,2026-06-28T04:34:13Z
KRW-XRP,2022-08-16T00:00:00,2022-08-16T09:00:00,505,508,496,507,189154832.1,507,upbit,2026-06-28T04:34:13Z
KRW-XRP,2022-08-17T00:00:00,2022-08-17T09:00:00,508,527,497,512,488340967.6,512,upbit,2026-06-28T04:34:13Z
KRW-XRP,2022-08-18T00:00:00,2022-08-18T09:00:00,513,515,503,507,187870455.7,507,upbit,2026-06-28T04:34:13Z
KRW-XRP,2022-08-19T00:00:00,2022-08-19T09:00:00,507,508,456,460,489129700,460,upbit,2026-06-28T04:34:13Z
KRW-XRP,2022-08-20T00:00:00,2022-08-20T09:00:00,460,472,459,468,175925567.5,468,upbit,2026-06-28T04:34:13Z
KRW-XRP,2022-08-21T00:00:00,2022-08-21T09:00:00,468,476,462,473,150213587.7,473,upbit,2026-06-28T04:34:13Z
KRW-XRP,2022-08-22T00:00:00,2022-08-22T09:00:00,472,473,457,471,202438089.6,471,upbit,2026-06-28T04:34:13Z
KRW-XRP,2022-08-23T00:00:00,2022-08-23T09:00:00,471,473,456,472,171717078,472,upbit,2026-06-28T04:34:13Z
KRW-XRP,2022-08-24T00:00:00,2022-08-24T09:00:00,472,477,463,471,144284602.1,471,upbit,2026-06-28T04:34:13Z
KRW-XRP,2022-08-25T00:00:00,2022-08-25T09:00:00,470,476,466,473,169883914.4,473,upbit,2026-06-28T04:34:13Z
KRW-XRP,2022-08-26T00:00:00,2022-08-26T09:00:00,474,505,457,468,519515764.1,468,upbit,2026-06-28T04:34:13Z
KRW-XRP,2022-08-27T00:00:00,2022-08-27T09:00:00,468,475,455,463,169873221.7,463,upbit,2026-06-28T04:34:13Z
KRW-XRP,2022-08-28T00:00:00,2022-08-28T09:00:00,464,465,445,447,140117397.9,447,upbit,2026-06-28T04:34:13Z
KRW-XRP,2022-08-29T00:00:00,2022-08-29T09:00:00,447,457,441,457,219542942,457,upbit,2026-06-28T04:34:13Z
KRW-XRP,2022-08-30T00:00:00,2022-08-30T09:00:00,457,459,444,449,191908375.6,449,upbit,2026-06-28T04:34:13Z
KRW-XRP,2022-08-31T00:00:00,2022-08-31T09:00:00,450,457,444,450,159600257.3,450,upbit,2026-06-28T04:34:13Z
KRW-XRP,2022-09-01T00:00:00,2022-09-01T09:00:00,449,458,444,456,157967065.3,456,upbit,2026-06-28T04:34:13Z
KRW-XRP,2022-09-02T00:00:00,2022-09-02T09:00:00,456,461,450,457,180761650.9,457,upbit,2026-06-28T04:34:13Z
KRW-XRP,2022-09-03T00:00:00,2022-09-03T09:00:00,458,461,453,456,87136006.27,456,upbit,2026-06-28T04:34:13Z
KRW-XRP,2022-09-04T00:00:00,2022-09-04T09:00:00,456,460,454,457,80311133.89,457,upbit,2026-06-28T04:34:13Z
KRW-XRP,2022-09-05T00:00:00,2022-09-05T09:00:00,458,460,447,460,169387291.4,460,upbit,2026-06-28T04:34:13Z
KRW-XRP,2022-09-06T00:00:00,2022-09-06T09:00:00,459,472,447,450,319923615.6,450,upbit,2026-06-28T04:34:13Z
KRW-XRP,2022-09-07T00:00:00,2022-09-07T09:00:00,450,470,442,467,223616714.3,467,upbit,2026-06-28T04:34:13Z
KRW-XRP,2022-09-08T00:00:00,2022-09-08T09:00:00,467,478,459,473,215724934.7,473,upbit,2026-06-28T04:34:13Z
KRW-XRP,2022-09-09T00:00:00,2022-09-09T09:00:00,473,494,472,490,338592094.2,490,upbit,2026-06-28T04:34:13Z
KRW-XRP,2022-09-10T00:00:00,2022-09-10T09:00:00,490,498,484,491,184476318.1,491,upbit,2026-06-28T04:34:13Z
KRW-XRP,2022-09-11T00:00:00,2022-09-11T09:00:00,491,495,484,489,130019235.8,489,upbit,2026-06-28T04:34:13Z
KRW-XRP,2022-09-12T00:00:00,2022-09-12T09:00:00,490,493,482,492,222143633.8,492,upbit,2026-06-28T04:34:13Z
KRW-XRP,2022-09-13T00:00:00,2022-09-13T09:00:00,492,493,465,467,346634459.9,467,upbit,2026-06-28T04:34:13Z
KRW-XRP,2022-09-14T00:00:00,2022-09-14T09:00:00,468,483,466,479,199272857.9,479,upbit,2026-06-28T04:34:13Z
KRW-XRP,2022-09-15T00:00:00,2022-09-15T09:00:00,479,480,461,464,239953182.2,464,upbit,2026-06-28T04:34:13Z
KRW-XRP,2022-09-16T00:00:00,2022-09-16T09:00:00,464,504,456,500,324413816.1,500,upbit,2026-06-28T04:34:13Z
KRW-XRP,2022-09-17T00:00:00,2022-09-17T09:00:00,500,534,488,526,532291371.4,526,upbit,2026-06-28T04:34:13Z
KRW-XRP,2022-09-18T00:00:00,2022-09-18T09:00:00,526,559,503,506,813653077.3,506,upbit,2026-06-28T04:34:13Z
KRW-XRP,2022-09-19T00:00:00,2022-09-19T09:00:00,506,554,483,542,850690824.6,542,upbit,2026-06-28T04:34:13Z
KRW-XRP,2022-09-20T00:00:00,2022-09-20T09:00:00,542,595,524,585,1139343438,585,upbit,2026-06-28T04:34:13Z
KRW-XRP,2022-09-21T00:00:00,2022-09-21T09:00:00,584,613,545,565,974819584.9,565,upbit,2026-06-28T04:34:13Z
KRW-XRP,2022-09-22T00:00:00,2022-09-22T09:00:00,565,701,565,691,1455891937,691,upbit,2026-06-28T04:34:13Z
KRW-XRP,2022-09-23T00:00:00,2022-09-23T09:00:00,690,795,659,724,2749354530,724,upbit,2026-06-28T04:34:13Z
KRW-XRP,2022-09-24T00:00:00,2022-09-24T09:00:00,724,744,678,702,985409165.2,702,upbit,2026-06-28T04:34:13Z
KRW-XRP,2022-09-25T00:00:00,2022-09-25T09:00:00,702,746,686,708,1056394184,708,upbit,2026-06-28T04:34:13Z
KRW-XRP,2022-09-26T00:00:00,2022-09-26T09:00:00,708,721,661,672,739036205.9,672,upbit,2026-06-28T04:34:13Z
KRW-XRP,2022-09-27T00:00:00,2022-09-27T09:00:00,672,695,631,644,736682450.3,644,upbit,2026-06-28T04:34:13Z
KRW-XRP,2022-09-28T00:00:00,2022-09-28T09:00:00,643,656,606,647,720227465.3,647,upbit,2026-06-28T04:34:13Z
KRW-XRP,2022-09-29T00:00:00,2022-09-29T09:00:00,647,727,618,697,880203482.1,697,upbit,2026-06-28T04:34:13Z
KRW-XRP,2022-09-30T00:00:00,2022-09-30T09:00:00,697,711,676,690,741322565.8,690,upbit,2026-06-28T04:34:13Z
KRW-XRP,2022-10-01T00:00:00,2022-10-01T09:00:00,689,702,675,687,279168694.5,687,upbit,2026-06-28T04:34:13Z
KRW-XRP,2022-10-02T00:00:00,2022-10-02T09:00:00,685,691,650,652,324427329.6,652,upbit,2026-06-28T04:34:13Z
KRW-XRP,2022-10-03T00:00:00,2022-10-03T09:00:00,653,675,637,665,362612184.2,665,upbit,2026-06-28T04:34:13Z
KRW-XRP,2022-10-04T00:00:00,2022-10-04T09:00:00,665,693,653,683,437418695,683,upbit,2026-06-28T04:34:13Z
KRW-XRP,2022-10-05T00:00:00,2022-10-05T09:00:00,683,713,675,697,565229510.2,697,upbit,2026-06-28T04:34:13Z
KRW-XRP,2022-10-06T00:00:00,2022-10-06T09:00:00,696,714,695,701,356459815.2,701,upbit,2026-06-28T04:34:13Z
KRW-XRP,2022-10-07T00:00:00,2022-10-07T09:00:00,701,752,688,735,603321828,735,upbit,2026-06-28T04:34:13Z
KRW-XRP,2022-10-08T00:00:00,2022-10-08T09:00:00,735,755,732,738,333776254.7,738,upbit,2026-06-28T04:34:13Z
KRW-XRP,2022-10-09T00:00:00,2022-10-09T09:00:00,738,772,722,757,332825062,757,upbit,2026-06-28T04:34:13Z
KRW-XRP,2022-10-10T00:00:00,2022-10-10T09:00:00,757,767,707,708,431001562.2,708,upbit,2026-06-28T04:34:13Z
KRW-XRP,2022-10-11T00:00:00,2022-10-11T09:00:00,708,720,686,698,483872044.2,698,upbit,2026-06-28T04:34:13Z
KRW-XRP,2022-10-12T00:00:00,2022-10-12T09:00:00,698,710,693,700,228125362.3,700,upbit,2026-06-28T04:34:13Z
KRW-XRP,2022-10-13T00:00:00,2022-10-13T09:00:00,699,705,638,687,824790166.3,687,upbit,2026-06-28T04:34:13Z
KRW-XRP,2022-10-14T00:00:00,2022-10-14T09:00:00,687,732,685,704,566979139.6,704,upbit,2026-06-28T04:34:13Z
KRW-XRP,2022-10-15T00:00:00,2022-10-15T09:00:00,704,707,691,696,148745509.4,696,upbit,2026-06-28T04:34:13Z
KRW-XRP,2022-10-16T00:00:00,2022-10-16T09:00:00,696,702,677,685,158345090.5,685,upbit,2026-06-28T04:34:13Z
KRW-XRP,2022-10-17T00:00:00,2022-10-17T09:00:00,685,692,664,688,312159613.1,688,upbit,2026-06-28T04:34:13Z
KRW-XRP,2022-10-18T00:00:00,2022-10-18T09:00:00,687,694,661,669,227492348.9,669,upbit,2026-06-28T04:34:13Z
KRW-XRP,2022-10-19T00:00:00,2022-10-19T09:00:00,669,671,650,652,266452602.8,652,upbit,2026-06-28T04:34:13Z
KRW-XRP,2022-10-20T00:00:00,2022-10-20T09:00:00,651,669,625,644,326795312,644,upbit,2026-06-28T04:34:13Z
KRW-XRP,2022-10-21T00:00:00,2022-10-21T09:00:00,644,665,632,664,261710912.8,664,upbit,2026-06-28T04:34:13Z
KRW-XRP,2022-10-22T00:00:00,2022-10-22T09:00:00,665,676,657,669,161379564.6,669,upbit,2026-06-28T04:34:13Z
KRW-XRP,2022-10-23T00:00:00,2022-10-23T09:00:00,668,675,651,671,171957325.1,671,upbit,2026-06-28T04:34:13Z
KRW-XRP,2022-10-24T00:00:00,2022-10-24T09:00:00,671,677,645,653,178109516.7,653,upbit,2026-06-28T04:34:13Z
KRW-XRP,2022-10-25T00:00:00,2022-10-25T09:00:00,652,669,638,653,254623517.3,653,upbit,2026-06-28T04:34:13Z
KRW-XRP,2022-10-26T00:00:00,2022-10-26T09:00:00,654,662,649,657,212761506.7,657,upbit,2026-06-28T04:34:13Z
KRW-XRP,2022-10-27T00:00:00,2022-10-27T09:00:00,657,675,648,651,280522514.6,651,upbit,2026-06-28T04:34:13Z
KRW-XRP,2022-10-28T00:00:00,2022-10-28T09:00:00,650,667,646,666,185182440.8,666,upbit,2026-06-28T04:34:13Z
KRW-XRP,2022-10-29T00:00:00,2022-10-29T09:00:00,666,677,655,657,329676562.6,657,upbit,2026-06-28T04:34:13Z
KRW-XRP,2022-10-30T00:00:00,2022-10-30T09:00:00,657,662,642,643,202540846.7,643,upbit,2026-06-28T04:34:13Z
KRW-XRP,2022-10-31T00:00:00,2022-10-31T09:00:00,643,656,632,652,243460052.7,652,upbit,2026-06-28T04:34:13Z
KRW-XRP,2022-11-01T00:00:00,2022-11-01T09:00:00,652,655,639,651,207566069.8,651,upbit,2026-06-28T04:34:13Z
KRW-XRP,2022-11-02T00:00:00,2022-11-02T09:00:00,651,656,636,641,209357403.6,641,upbit,2026-06-28T04:34:13Z
KRW-XRP,2022-11-03T00:00:00,2022-11-03T09:00:00,641,652,640,646,145918241.9,646,upbit,2026-06-28T04:34:13Z
KRW-XRP,2022-11-04T00:00:00,2022-11-04T09:00:00,646,717,644,703,817765516.4,703,upbit,2026-06-28T04:34:13Z
KRW-XRP,2022-11-05T00:00:00,2022-11-05T09:00:00,703,709,685,689,283305399.9,689,upbit,2026-06-28T04:34:13Z
KRW-XRP,2022-11-06T00:00:00,2022-11-06T09:00:00,690,692,660,664,186257626.9,664,upbit,2026-06-28T04:34:13Z
KRW-XRP,2022-11-07T00:00:00,2022-11-07T09:00:00,663,673,648,654,251011008.8,654,upbit,2026-06-28T04:34:13Z
KRW-XRP,2022-11-08T00:00:00,2022-11-08T09:00:00,654,656,539,583,847303931.3,583,upbit,2026-06-28T04:34:13Z
KRW-XRP,2022-11-09T00:00:00,2022-11-09T09:00:00,583,592,463,481,1068425430,481,upbit,2026-06-28T04:34:13Z
KRW-XRP,2022-11-10T00:00:00,2022-11-10T09:00:00,480,559,474,556,995053922.6,556,upbit,2026-06-28T04:34:13Z
KRW-XRP,2022-11-11T00:00:00,2022-11-11T09:00:00,556,563,509,533,485446531.8,533,upbit,2026-06-28T04:34:13Z
KRW-XRP,2022-11-12T00:00:00,2022-11-12T09:00:00,533,534,500,506,292657557.4,506,upbit,2026-06-28T04:34:13Z
KRW-XRP,2022-11-13T00:00:00,2022-11-13T09:00:00,506,512,461,469,402238378,469,upbit,2026-06-28T04:34:13Z
KRW-XRP,2022-11-14T00:00:00,2022-11-14T09:00:00,468,520,438,515,1077513642,515,upbit,2026-06-28T04:34:13Z
KRW-XRP,2022-11-15T00:00:00,2022-11-15T09:00:00,515,539,501,529,687703610.2,529,upbit,2026-06-28T04:34:13Z
KRW-XRP,2022-11-16T00:00:00,2022-11-16T09:00:00,530,534,500,517,397123568.3,517,upbit,2026-06-28T04:34:13Z
KRW-XRP,2022-11-17T00:00:00,2022-11-17T09:00:00,517,533,510,525,395494970.5,525,upbit,2026-06-28T04:34:13Z
KRW-XRP,2022-11-18T00:00:00,2022-11-18T09:00:00,525,531,518,529,233717233.3,529,upbit,2026-06-28T04:34:13Z
KRW-XRP,2022-11-19T00:00:00,2022-11-19T09:00:00,528,535,521,531,156604966.8,531,upbit,2026-06-28T04:34:13Z
KRW-XRP,2022-11-20T00:00:00,2022-11-20T09:00:00,531,548,502,505,321748045.7,505,upbit,2026-06-28T04:34:13Z
KRW-XRP,2022-11-21T00:00:00,2022-11-21T09:00:00,505,519,485,513,394320308.7,513,upbit,2026-06-28T04:34:13Z
KRW-XRP,2022-11-22T00:00:00,2022-11-22T09:00:00,514,526,496,522,311804791.2,522,upbit,2026-06-28T04:34:13Z
KRW-XRP,2022-11-23T00:00:00,2022-11-23T09:00:00,523,529,514,528,231945723.8,528,upbit,2026-06-28T04:34:13Z
KRW-XRP,2022-11-24T00:00:00,2022-11-24T09:00:00,527,555,511,550,312435228.2,550,upbit,2026-06-28T04:34:13Z
KRW-XRP,2022-11-25T00:00:00,2022-11-25T09:00:00,550,575,534,558,382287381.6,558,upbit,2026-06-28T04:34:13Z
KRW-XRP,2022-11-26T00:00:00,2022-11-26T09:00:00,558,568,543,545,173751122.3,545,upbit,2026-06-28T04:34:13Z
KRW-XRP,2022-11-27T00:00:00,2022-11-27T09:00:00,545,566,544,546,207501436.3,546,upbit,2026-06-28T04:34:13Z
KRW-XRP,2022-11-28T00:00:00,2022-11-28T09:00:00,545,549,518,535,266898565,535,upbit,2026-06-28T04:34:13Z
KRW-XRP,2022-11-29T00:00:00,2022-11-29T09:00:00,535,550,526,543,204202819.8,543,upbit,2026-06-28T04:34:13Z
KRW-XRP,2022-11-30T00:00:00,2022-11-30T09:00:00,542,555,535,552,210103139.3,552,upbit,2026-06-28T04:34:13Z
KRW-XRP,2022-12-01T00:00:00,2022-12-01T09:00:00,552,553,535,537,145106979.7,537,upbit,2026-06-28T04:34:13Z
KRW-XRP,2022-12-02T00:00:00,2022-12-02T09:00:00,537,538,515,530,157667672.4,530,upbit,2026-06-28T04:34:13Z
KRW-XRP,2022-12-03T00:00:00,2022-12-03T09:00:00,530,534,521,524,93647743.19,524,upbit,2026-06-28T04:34:13Z
KRW-XRP,2022-12-04T00:00:00,2022-12-04T09:00:00,524,528,520,523,97626194.57,523,upbit,2026-06-28T04:34:13Z
KRW-XRP,2022-12-05T00:00:00,2022-12-05T09:00:00,523,526,514,521,175379114,521,upbit,2026-06-28T04:34:13Z
KRW-XRP,2022-12-06T00:00:00,2022-12-06T09:00:00,522,524,511,523,135954923.7,523,upbit,2026-06-28T04:34:13Z
KRW-XRP,2022-12-07T00:00:00,2022-12-07T09:00:00,524,524,503,514,166692725.9,514,upbit,2026-06-28T04:34:13Z
KRW-XRP,2022-12-08T00:00:00,2022-12-08T09:00:00,514,527,513,524,149062440.7,524,upbit,2026-06-28T04:34:13Z
KRW-XRP,2022-12-09T00:00:00,2022-12-09T09:00:00,525,525,514,518,113944835.5,518,upbit,2026-06-28T04:34:13Z
KRW-XRP,2022-12-10T00:00:00,2022-12-10T09:00:00,519,519,515,515,75463769.46,515,upbit,2026-06-28T04:34:13Z
KRW-XRP,2022-12-11T00:00:00,2022-12-11T09:00:00,516,517,506,508,81968087.63,508,upbit,2026-06-28T04:34:13Z
KRW-XRP,2022-12-12T00:00:00,2022-12-12T09:00:00,507,518,495,514,184646521.3,514,upbit,2026-06-28T04:34:13Z
KRW-XRP,2022-12-13T00:00:00,2022-12-13T09:00:00,514,521,499,515,275772051.6,515,upbit,2026-06-28T04:34:13Z
KRW-XRP,2022-12-14T00:00:00,2022-12-14T09:00:00,515,516,498,504,154538888.9,504,upbit,2026-06-28T04:34:13Z
KRW-XRP,2022-12-15T00:00:00,2022-12-15T09:00:00,504,507,495,499,147801128.5,499,upbit,2026-06-28T04:34:13Z
KRW-XRP,2022-12-16T00:00:00,2022-12-16T09:00:00,500,500,462,470,279542601.6,470,upbit,2026-06-28T04:34:13Z
KRW-XRP,2022-12-17T00:00:00,2022-12-17T09:00:00,470,475,461,470,177406029.9,470,upbit,2026-06-28T04:34:13Z
KRW-XRP,2022-12-18T00:00:00,2022-12-18T09:00:00,471,472,462,465,89755675.07,465,upbit,2026-06-28T04:34:13Z
KRW-XRP,2022-12-19T00:00:00,2022-12-19T09:00:00,465,467,440,447,250450938.9,447,upbit,2026-06-28T04:34:13Z
KRW-XRP,2022-12-20T00:00:00,2022-12-20T09:00:00,447,460,442,455,219755900.1,455,upbit,2026-06-28T04:34:13Z
KRW-XRP,2022-12-21T00:00:00,2022-12-21T09:00:00,455,457,442,450,148526470.5,450,upbit,2026-06-28T04:34:13Z
KRW-XRP,2022-12-22T00:00:00,2022-12-22T09:00:00,450,455,444,455,149078467.5,455,upbit,2026-06-28T04:34:13Z
KRW-XRP,2022-12-23T00:00:00,2022-12-23T09:00:00,455,462,450,461,112459719.2,461,upbit,2026-06-28T04:34:13Z
KRW-XRP,2022-12-24T00:00:00,2022-12-24T09:00:00,461,462,458,459,48383184.22,459,upbit,2026-06-28T04:34:13Z
KRW-XRP,2022-12-25T00:00:00,2022-12-25T09:00:00,458,459,447,449,84103695.29,449,upbit,2026-06-28T04:34:13Z
KRW-XRP,2022-12-26T00:00:00,2022-12-26T09:00:00,449,475,448,469,196471157.4,469,upbit,2026-06-28T04:34:13Z
KRW-XRP,2022-12-27T00:00:00,2022-12-27T09:00:00,469,479,457,468,243744246.4,468,upbit,2026-06-28T04:34:13Z
KRW-XRP,2022-12-28T00:00:00,2022-12-28T09:00:00,468,471,451,454,220963430.6,454,upbit,2026-06-28T04:34:13Z
KRW-XRP,2022-12-29T00:00:00,2022-12-29T09:00:00,454,456,431,437,257896111.8,437,upbit,2026-06-28T04:34:13Z
KRW-XRP,2022-12-30T00:00:00,2022-12-30T09:00:00,436,439,422,439,187847992.4,439,upbit,2026-06-28T04:34:13Z
KRW-XRP,2022-12-31T00:00:00,2022-12-31T09:00:00,438,441,431,432,97970960.82,432,upbit,2026-06-28T04:34:13Z
KRW-XRP,2023-01-01T00:00:00,2023-01-01T09:00:00,433,433,428,431,76719178.42,431,upbit,2026-06-28T04:34:13Z
KRW-XRP,2023-01-02T00:00:00,2023-01-02T09:00:00,431,453,408,443,364731883.5,443,upbit,2026-06-28T04:34:13Z
KRW-XRP,2023-01-03T00:00:00,2023-01-03T09:00:00,443,448,436,440,175599627.7,440,upbit,2026-06-28T04:34:13Z
KRW-XRP,2023-01-04T00:00:00,2023-01-04T09:00:00,440,450,438,445,180044270.5,445,upbit,2026-06-28T04:34:13Z
KRW-XRP,2023-01-05T00:00:00,2023-01-05T09:00:00,444,447,432,433,167650165.5,433,upbit,2026-06-28T04:34:13Z
KRW-XRP,2023-01-06T00:00:00,2023-01-06T09:00:00,434,438,422,437,170855288.3,437,upbit,2026-06-28T04:34:13Z
KRW-XRP,2023-01-07T00:00:00,2023-01-07T09:00:00,437,441,433,438,83791670.51,438,upbit,2026-06-28T04:34:13Z
KRW-XRP,2023-01-08T00:00:00,2023-01-08T09:00:00,438,439,431,439,120282861.8,439,upbit,2026-06-28T04:34:13Z
KRW-XRP,2023-01-09T00:00:00,2023-01-09T09:00:00,438,449,435,439,391379554.3,439,upbit,2026-06-28T04:34:13Z
KRW-XRP,2023-01-10T00:00:00,2023-01-10T09:00:00,439,445,433,442,202647342.2,442,upbit,2026-06-28T04:34:13Z
KRW-XRP,2023-01-11T00:00:00,2023-01-11T09:00:00,442,474,440,467,541515370.3,467,upbit,2026-06-28T04:34:13Z
KRW-XRP,2023-01-12T00:00:00,2023-01-12T09:00:00,467,476,458,469,357283302,469,upbit,2026-06-28T04:34:13Z
KRW-XRP,2023-01-13T00:00:00,2023-01-13T09:00:00,470,482,464,480,288550978.1,480,upbit,2026-06-28T04:34:13Z
KRW-XRP,2023-01-14T00:00:00,2023-01-14T09:00:00,480,507,475,488,639253922.7,488,upbit,2026-06-28T04:34:13Z
KRW-XRP,2023-01-15T00:00:00,2023-01-15T09:00:00,488,490,471,476,301117574.2,476,upbit,2026-06-28T04:34:13Z
KRW-XRP,2023-01-16T00:00:00,2023-01-16T09:00:00,477,503,472,481,456613647.7,481,upbit,2026-06-28T04:34:13Z
KRW-XRP,2023-01-17T00:00:00,2023-01-17T09:00:00,481,494,472,481,262626325.9,481,upbit,2026-06-28T04:34:13Z
KRW-XRP,2023-01-18T00:00:00,2023-01-18T09:00:00,481,492,462,472,432399265.3,472,upbit,2026-06-28T04:34:13Z
KRW-XRP,2023-01-19T00:00:00,2023-01-19T09:00:00,471,493,471,489,275817175.8,489,upbit,2026-06-28T04:34:13Z
KRW-XRP,2023-01-20T00:00:00,2023-01-20T09:00:00,489,511,482,511,278456754.4,511,upbit,2026-06-28T04:34:13Z
KRW-XRP,2023-01-21T00:00:00,2023-01-21T09:00:00,510,519,501,503,341742747.7,503,upbit,2026-06-28T04:34:13Z
KRW-XRP,2023-01-22T00:00:00,2023-01-22T09:00:00,503,512,497,501,240401905.8,501,upbit,2026-06-28T04:34:13Z
KRW-XRP,2023-01-23T00:00:00,2023-01-23T09:00:00,501,544,501,528,685327830.9,528,upbit,2026-06-28T04:34:13Z
KRW-XRP,2023-01-24T00:00:00,2023-01-24T09:00:00,528,538,503,512,366777434.4,512,upbit,2026-06-28T04:34:13Z
KRW-XRP,2023-01-25T00:00:00,2023-01-25T09:00:00,512,527,498,520,307232293.4,520,upbit,2026-06-28T04:34:13Z
KRW-XRP,2023-01-26T00:00:00,2023-01-26T09:00:00,520,521,511,515,236294341.8,515,upbit,2026-06-28T04:34:13Z
KRW-XRP,2023-01-27T00:00:00,2023-01-27T09:00:00,516,519,503,517,207105641.3,517,upbit,2026-06-28T04:34:13Z
KRW-XRP,2023-01-28T00:00:00,2023-01-28T09:00:00,518,523,511,516,158128588,516,upbit,2026-06-28T04:34:13Z
KRW-XRP,2023-01-29T00:00:00,2023-01-29T09:00:00,516,521,513,517,152762728.9,517,upbit,2026-06-28T04:34:13Z
KRW-XRP,2023-01-30T00:00:00,2023-01-30T09:00:00,517,528,489,495,342188911.7,495,upbit,2026-06-28T04:34:13Z
KRW-XRP,2023-01-31T00:00:00,2023-01-31T09:00:00,496,514,486,510,254389264.3,510,upbit,2026-06-28T04:34:13Z
KRW-XRP,2023-02-01T00:00:00,2023-02-01T09:00:00,511,519,498,516,252456243.5,516,upbit,2026-06-28T04:34:13Z
KRW-XRP,2023-02-02T00:00:00,2023-02-02T09:00:00,516,523,512,516,203101194.2,516,upbit,2026-06-28T04:34:13Z
KRW-XRP,2023-02-03T00:00:00,2023-02-03T09:00:00,515,519,512,516,189364987.6,516,upbit,2026-06-28T04:34:13Z
KRW-XRP,2023-02-04T00:00:00,2023-02-04T09:00:00,517,527,515,519,158313529.4,519,upbit,2026-06-28T04:34:13Z
KRW-XRP,2023-02-05T00:00:00,2023-02-05T09:00:00,518,520,501,504,222961144.9,504,upbit,2026-06-28T04:34:13Z
KRW-XRP,2023-02-06T00:00:00,2023-02-06T09:00:00,504,512,500,503,196256902.9,503,upbit,2026-06-28T04:34:13Z
KRW-XRP,2023-02-07T00:00:00,2023-02-07T09:00:00,504,512,500,511,200665989.3,511,upbit,2026-06-28T04:34:13Z
KRW-XRP,2023-02-08T00:00:00,2023-02-08T09:00:00,510,512,503,507,161151557.5,507,upbit,2026-06-28T04:34:13Z
KRW-XRP,2023-02-09T00:00:00,2023-02-09T09:00:00,508,520,490,493,403588610.3,493,upbit,2026-06-28T04:34:13Z
KRW-XRP,2023-02-10T00:00:00,2023-02-10T09:00:00,492,499,490,497,197290283,497,upbit,2026-06-28T04:34:13Z
KRW-XRP,2023-02-11T00:00:00,2023-02-11T09:00:00,497,498,495,497,95419805.8,497,upbit,2026-06-28T04:34:13Z
KRW-XRP,2023-02-12T00:00:00,2023-02-12T09:00:00,497,498,485,486,121033303.8,486,upbit,2026-06-28T04:34:13Z
KRW-XRP,2023-02-13T00:00:00,2023-02-13T09:00:00,487,490,471,481,242225543.4,481,upbit,2026-06-28T04:34:13Z
KRW-XRP,2023-02-14T00:00:00,2023-02-14T09:00:00,482,497,472,494,220641656.1,494,upbit,2026-06-28T04:34:13Z
KRW-XRP,2023-02-15T00:00:00,2023-02-15T09:00:00,495,516,489,515,236731254.4,515,upbit,2026-06-28T04:34:13Z
KRW-XRP,2023-02-16T00:00:00,2023-02-16T09:00:00,515,519,497,499,312085963.8,499,upbit,2026-06-28T04:34:13Z
KRW-XRP,2023-02-17T00:00:00,2023-02-17T09:00:00,499,514,495,508,212635040.1,508,upbit,2026-06-28T04:34:13Z
KRW-XRP,2023-02-18T00:00:00,2023-02-18T09:00:00,508,513,504,509,132820796.1,509,upbit,2026-06-28T04:34:13Z
KRW-XRP,2023-02-19T00:00:00,2023-02-19T09:00:00,509,512,500,502,197995815.2,502,upbit,2026-06-28T04:34:13Z
KRW-XRP,2023-02-20T00:00:00,2023-02-20T09:00:00,502,523,494,512,374922028.4,512,upbit,2026-06-28T04:34:13Z
KRW-XRP,2023-02-21T00:00:00,2023-02-21T09:00:00,512,519,505,509,284693172.3,509,upbit,2026-06-28T04:34:13Z
KRW-XRP,2023-02-22T00:00:00,2023-02-22T09:00:00,510,520,501,516,272660667.2,516,upbit,2026-06-28T04:34:13Z
KRW-XRP,2023-02-23T00:00:00,2023-02-23T09:00:00,516,518,506,509,179918678.6,509,upbit,2026-06-28T04:34:13Z
KRW-XRP,2023-02-24T00:00:00,2023-02-24T09:00:00,508,511,496,503,210817323.7,503,upbit,2026-06-28T04:34:13Z
KRW-XRP,2023-02-25T00:00:00,2023-02-25T09:00:00,504,505,496,504,127006264.7,504,upbit,2026-06-28T04:34:13Z
KRW-XRP,2023-02-26T00:00:00,2023-02-26T09:00:00,505,505,500,502,89084167.35,502,upbit,2026-06-28T04:34:13Z
KRW-XRP,2023-02-27T00:00:00,2023-02-27T09:00:00,502,507,495,503,173272798.2,503,upbit,2026-06-28T04:34:13Z
KRW-XRP,2023-02-28T00:00:00,2023-02-28T09:00:00,503,509,496,504,167321848.4,504,upbit,2026-06-28T04:34:13Z
KRW-XRP,2023-03-01T00:00:00,2023-03-01T09:00:00,504,507,499,505,157911907.7,505,upbit,2026-06-28T04:34:13Z
KRW-XRP,2023-03-02T00:00:00,2023-03-02T09:00:00,506,506,497,500,143936099.3,500,upbit,2026-06-28T04:34:13Z
KRW-XRP,2023-03-03T00:00:00,2023-03-03T09:00:00,501,505,481,501,257988913.9,501,upbit,2026-06-28T04:34:13Z
KRW-XRP,2023-03-04T00:00:00,2023-03-04T09:00:00,501,507,495,499,117487492.3,499,upbit,2026-06-28T04:34:13Z
KRW-XRP,2023-03-05T00:00:00,2023-03-05T09:00:00,499,502,490,491,104811167.5,491,upbit,2026-06-28T04:34:13Z
KRW-XRP,2023-03-06T00:00:00,2023-03-06T09:00:00,490,497,480,491,165481021.1,491,upbit,2026-06-28T04:34:13Z
KRW-XRP,2023-03-07T00:00:00,2023-03-07T09:00:00,491,512,489,505,329189377.9,505,upbit,2026-06-28T04:34:13Z
KRW-XRP,2023-03-08T00:00:00,2023-03-08T09:00:00,505,534,496,519,580289057.7,519,upbit,2026-06-28T04:34:13Z
KRW-XRP,2023-03-09T00:00:00,2023-03-09T09:00:00,519,531,497,501,418087492.7,501,upbit,2026-06-28T04:34:13Z
KRW-XRP,2023-03-10T00:00:00,2023-03-10T09:00:00,501,506,490,501,355715100.1,501,upbit,2026-06-28T04:34:13Z
KRW-XRP,2023-03-11T00:00:00,2023-03-11T09:00:00,502,507,489,493,212439919.1,493,upbit,2026-06-28T04:34:13Z
KRW-XRP,2023-03-12T00:00:00,2023-03-12T09:00:00,493,495,467,494,364021787.7,494,upbit,2026-06-28T04:34:13Z
KRW-XRP,2023-03-13T00:00:00,2023-03-13T09:00:00,494,502,473,490,546406533.9,490,upbit,2026-06-28T04:34:13Z
KRW-XRP,2023-03-14T00:00:00,2023-03-14T09:00:00,490,505,478,490,546725881.8,490,upbit,2026-06-28T04:34:13Z
KRW-XRP,2023-03-15T00:00:00,2023-03-15T09:00:00,490,494,479,481,292860826.1,481,upbit,2026-06-28T04:34:13Z
KRW-XRP,2023-03-16T00:00:00,2023-03-16T09:00:00,482,488,477,485,157437762.6,485,upbit,2026-06-28T04:34:13Z
KRW-XRP,2023-03-17T00:00:00,2023-03-17T09:00:00,485,506,484,501,395321150.7,501,upbit,2026-06-28T04:34:13Z
KRW-XRP,2023-03-18T00:00:00,2023-03-18T09:00:00,500,515,494,497,305290947,497,upbit,2026-06-28T04:34:13Z
KRW-XRP,2023-03-19T00:00:00,2023-03-19T09:00:00,496,529,496,515,497785782.8,515,upbit,2026-06-28T04:34:13Z
KRW-XRP,2023-03-20T00:00:00,2023-03-20T09:00:00,514,519,501,502,275579679.5,502,upbit,2026-06-28T04:34:13Z
KRW-XRP,2023-03-21T00:00:00,2023-03-21T09:00:00,502,654,501,622,1799478617,622,upbit,2026-06-28T04:34:13Z
KRW-XRP,2023-03-22T00:00:00,2023-03-22T09:00:00,622,629,548,562,1141317884,562,upbit,2026-06-28T04:34:13Z
KRW-XRP,2023-03-23T00:00:00,2023-03-23T09:00:00,561,602,546,585,798706583.1,585,upbit,2026-06-28T04:34:13Z
KRW-XRP,2023-03-24T00:00:00,2023-03-24T09:00:00,585,586,559,570,353693471.2,570,upbit,2026-06-28T04:34:13Z
KRW-XRP,2023-03-25T00:00:00,2023-03-25T09:00:00,570,619,563,592,732539369.6,592,upbit,2026-06-28T04:34:13Z
KRW-XRP,2023-03-26T00:00:00,2023-03-26T09:00:00,592,617,587,595,376647608.5,595,upbit,2026-06-28T04:34:13Z
KRW-XRP,2023-03-27T00:00:00,2023-03-27T09:00:00,596,649,591,638,1076742009,638,upbit,2026-06-28T04:34:13Z
KRW-XRP,2023-03-28T00:00:00,2023-03-28T09:00:00,637,700,620,679,1103338690,679,upbit,2026-06-28T04:34:13Z
KRW-XRP,2023-03-29T00:00:00,2023-03-29T09:00:00,679,768,679,715,1388457574,715,upbit,2026-06-28T04:34:13Z
KRW-XRP,2023-03-30T00:00:00,2023-03-30T09:00:00,715,740,690,706,835594435.3,706,upbit,2026-06-28T04:34:13Z
KRW-XRP,2023-03-31T00:00:00,2023-03-31T09:00:00,707,725,700,709,406233746,709,upbit,2026-06-28T04:34:13Z
KRW-XRP,2023-04-01T00:00:00,2023-04-01T09:00:00,709,710,658,674,535138554.1,674,upbit,2026-06-28T04:34:13Z
KRW-XRP,2023-04-02T00:00:00,2023-04-02T09:00:00,673,699,662,685,433892870.2,685,upbit,2026-06-28T04:34:13Z
KRW-XRP,2023-04-03T00:00:00,2023-04-03T09:00:00,685,695,643,656,376251366.1,656,upbit,2026-06-28T04:34:13Z
KRW-XRP,2023-04-04T00:00:00,2023-04-04T09:00:00,656,669,645,663,252776818.9,663,upbit,2026-06-28T04:34:13Z
KRW-XRP,2023-04-05T00:00:00,2023-04-05T09:00:00,663,693,658,667,306584245.6,667,upbit,2026-06-28T04:34:13Z
KRW-XRP,2023-04-06T00:00:00,2023-04-06T09:00:00,666,674,654,665,209325023.9,665,upbit,2026-06-28T04:34:13Z
KRW-XRP,2023-04-07T00:00:00,2023-04-07T09:00:00,665,683,660,679,208085443.2,679,upbit,2026-06-28T04:34:13Z
KRW-XRP,2023-04-08T00:00:00,2023-04-08T09:00:00,679,679,668,669,88666905.8,669,upbit,2026-06-28T04:34:13Z
KRW-XRP,2023-04-09T00:00:00,2023-04-09T09:00:00,669,675,661,667,80937793.22,667,upbit,2026-06-28T04:34:13Z
KRW-XRP,2023-04-10T00:00:00,2023-04-10T09:00:00,666,684,662,681,117138900.9,681,upbit,2026-06-28T04:34:13Z
KRW-XRP,2023-04-11T00:00:00,2023-04-11T09:00:00,680,694,675,685,172077478.3,685,upbit,2026-06-28T04:34:13Z
KRW-XRP,2023-04-12T00:00:00,2023-04-12T09:00:00,684,686,666,669,173297946.4,669,upbit,2026-06-28T04:34:13Z
KRW-XRP,2023-04-13T00:00:00,2023-04-13T09:00:00,669,677,667,672,115325310.4,672,upbit,2026-06-28T04:34:13Z
KRW-XRP,2023-04-14T00:00:00,2023-04-14T09:00:00,672,711,671,682,310158566.4,682,upbit,2026-06-28T04:34:13Z
KRW-XRP,2023-04-15T00:00:00,2023-04-15T09:00:00,682,691,678,684,102970409.8,684,upbit,2026-06-28T04:34:13Z
KRW-XRP,2023-04-16T00:00:00,2023-04-16T09:00:00,684,688,678,681,86062237.09,681,upbit,2026-06-28T04:34:13Z
KRW-XRP,2023-04-17T00:00:00,2023-04-17T09:00:00,681,682,668,672,136204037.4,672,upbit,2026-06-28T04:34:13Z
KRW-XRP,2023-04-18T00:00:00,2023-04-18T09:00:00,672,703,669,693,170351308,693,upbit,2026-06-28T04:34:13Z
KRW-XRP,2023-04-19T00:00:00,2023-04-19T09:00:00,693,700,646,653,390948460.5,653,upbit,2026-06-28T04:34:13Z
KRW-XRP,2023-04-20T00:00:00,2023-04-20T09:00:00,653,662,617,632,283088404.1,632,upbit,2026-06-28T04:34:13Z
KRW-XRP,2023-04-21T00:00:00,2023-04-21T09:00:00,632,639,588,598,308566655.6,598,upbit,2026-06-28T04:34:13Z
KRW-XRP,2023-04-22T00:00:00,2023-04-22T09:00:00,598,637,591,631,248771077.7,631,upbit,2026-06-28T04:34:13Z
KRW-XRP,2023-04-23T00:00:00,2023-04-23T09:00:00,631,631,612,620,110311619.8,620,upbit,2026-06-28T04:34:13Z
KRW-XRP,2023-04-24T00:00:00,2023-04-24T09:00:00,621,648,601,615,294528222.2,615,upbit,2026-06-28T04:34:13Z
KRW-XRP,2023-04-25T00:00:00,2023-04-25T09:00:00,615,631,602,628,183039196.3,628,upbit,2026-06-28T04:34:13Z
KRW-XRP,2023-04-26T00:00:00,2023-04-26T09:00:00,628,643,590,617,307821357.2,617,upbit,2026-06-28T04:34:13Z
KRW-XRP,2023-04-27T00:00:00,2023-04-27T09:00:00,617,627,611,622,183782223.1,622,upbit,2026-06-28T04:34:13Z
KRW-XRP,2023-04-28T00:00:00,2023-04-28T09:00:00,622,643,618,638,225359963.6,638,upbit,2026-06-28T04:34:13Z
KRW-XRP,2023-04-29T00:00:00,2023-04-29T09:00:00,638,648,631,638,114762656.3,638,upbit,2026-06-28T04:34:13Z
KRW-XRP,2023-04-30T00:00:00,2023-04-30T09:00:00,638,642,628,631,92193636.86,631,upbit,2026-06-28T04:34:13Z
KRW-XRP,2023-05-01T00:00:00,2023-05-01T09:00:00,630,634,613,625,141454937.4,625,upbit,2026-06-28T04:34:13Z
KRW-XRP,2023-05-02T00:00:00,2023-05-02T09:00:00,625,625,615,622,110334292,622,upbit,2026-06-28T04:34:13Z
KRW-XRP,2023-05-03T00:00:00,2023-05-03T09:00:00,623,624,604,620,186872175.5,620,upbit,2026-06-28T04:34:13Z
KRW-XRP,2023-05-04T00:00:00,2023-05-04T09:00:00,620,620,610,616,115600373.9,616,upbit,2026-06-28T04:34:13Z
KRW-XRP,2023-05-05T00:00:00,2023-05-05T09:00:00,616,624,611,619,115729416.3,619,upbit,2026-06-28T04:34:13Z
KRW-XRP,2023-05-06T00:00:00,2023-05-06T09:00:00,618,622,608,614,105567433,614,upbit,2026-06-28T04:34:13Z
KRW-XRP,2023-05-07T00:00:00,2023-05-07T09:00:00,614,615,600,603,71315474.03,603,upbit,2026-06-28T04:34:13Z
KRW-XRP,2023-05-08T00:00:00,2023-05-08T09:00:00,603,605,565,577,251437562,577,upbit,2026-06-28T04:34:13Z
KRW-XRP,2023-05-09T00:00:00,2023-05-09T09:00:00,577,579,565,577,164250665,577,upbit,2026-06-28T04:34:13Z
KRW-XRP,2023-05-10T00:00:00,2023-05-10T09:00:00,577,584,561,577,186525235.3,577,upbit,2026-06-28T04:34:13Z
KRW-XRP,2023-05-11T00:00:00,2023-05-11T09:00:00,577,578,560,568,140525520.3,568,upbit,2026-06-28T04:34:13Z
KRW-XRP,2023-05-12T00:00:00,2023-05-12T09:00:00,567,599,563,583,291835534.5,583,upbit,2026-06-28T04:34:13Z
KRW-XRP,2023-05-13T00:00:00,2023-05-13T09:00:00,583,584,575,577,68305157.42,577,upbit,2026-06-28T04:34:13Z
KRW-XRP,2023-05-14T00:00:00,2023-05-14T09:00:00,577,584,573,576,67731400.41,576,upbit,2026-06-28T04:34:13Z
KRW-XRP,2023-05-15T00:00:00,2023-05-15T09:00:00,576,579,571,575,106745004.1,575,upbit,2026-06-28T04:34:13Z
KRW-XRP,2023-05-16T00:00:00,2023-05-16T09:00:00,576,597,566,596,181416424.6,596,upbit,2026-06-28T04:34:13Z
KRW-XRP,2023-05-17T00:00:00,2023-05-17T09:00:00,596,620,591,601,340139929,601,upbit,2026-06-28T04:34:13Z
KRW-XRP,2023-05-18T00:00:00,2023-05-18T09:00:00,600,635,594,620,375015754,620,upbit,2026-06-28T04:34:13Z
KRW-XRP,2023-05-19T00:00:00,2023-05-19T09:00:00,620,638,615,628,240498673.9,628,upbit,2026-06-28T04:34:13Z
KRW-XRP,2023-05-20T00:00:00,2023-05-20T09:00:00,628,634,622,630,83554716.64,630,upbit,2026-06-28T04:34:13Z
KRW-XRP,2023-05-21T00:00:00,2023-05-21T09:00:00,629,633,614,616,96823690.63,616,upbit,2026-06-28T04:34:13Z
KRW-XRP,2023-05-22T00:00:00,2023-05-22T09:00:00,616,625,606,618,136014204.9,618,upbit,2026-06-28T04:34:13Z
KRW-XRP,2023-05-23T00:00:00,2023-05-23T09:00:00,618,622,614,620,116055326,620,upbit,2026-06-28T04:34:13Z
KRW-XRP,2023-05-24T00:00:00,2023-05-24T09:00:00,621,621,601,609,134763053.5,609,upbit,2026-06-28T04:34:13Z
KRW-XRP,2023-05-25T00:00:00,2023-05-25T09:00:00,609,610,599,609,110473273.9,609,upbit,2026-06-28T04:34:13Z
KRW-XRP,2023-05-26T00:00:00,2023-05-26T09:00:00,609,630,607,627,164528913.4,627,upbit,2026-06-28T04:34:13Z
KRW-XRP,2023-05-27T00:00:00,2023-05-27T09:00:00,628,642,624,629,130955732.1,629,upbit,2026-06-28T04:34:13Z
KRW-XRP,2023-05-28T00:00:00,2023-05-28T09:00:00,629,647,628,641,98924484.86,641,upbit,2026-06-28T04:34:13Z
KRW-XRP,2023-05-29T00:00:00,2023-05-29T09:00:00,642,659,635,658,167834006.9,658,upbit,2026-06-28T04:34:13Z
KRW-XRP,2023-05-30T00:00:00,2023-05-30T09:00:00,659,704,653,693,440385723,693,upbit,2026-06-28T04:34:13Z
KRW-XRP,2023-05-31T00:00:00,2023-05-31T09:00:00,693,704,670,692,352874034,692,upbit,2026-06-28T04:34:13Z
KRW-XRP,2023-06-01T00:00:00,2023-06-01T09:00:00,692,692,673,676,181604176.6,676,upbit,2026-06-28T04:34:13Z
KRW-XRP,2023-06-02T00:00:00,2023-06-02T09:00:00,676,698,673,695,164960354.8,695,upbit,2026-06-28T04:34:13Z
KRW-XRP,2023-06-03T00:00:00,2023-06-03T09:00:00,694,704,684,688,122812754.6,688,upbit,2026-06-28T04:34:13Z
KRW-XRP,2023-06-04T00:00:00,2023-06-04T09:00:00,688,720,684,709,184991167.8,709,upbit,2026-06-28T04:34:13Z
KRW-XRP,2023-06-05T00:00:00,2023-06-05T09:00:00,709,718,652,678,445619072.3,678,upbit,2026-06-28T04:34:13Z
KRW-XRP,2023-06-06T00:00:00,2023-06-06T09:00:00,679,702,656,697,349963342.6,697,upbit,2026-06-28T04:34:13Z
KRW-XRP,2023-06-07T00:00:00,2023-06-07T09:00:00,698,710,675,689,339375627.8,689,upbit,2026-06-28T04:34:13Z
KRW-XRP,2023-06-08T00:00:00,2023-06-08T09:00:00,688,695,683,691,141981629.3,691,upbit,2026-06-28T04:34:13Z
KRW-XRP,2023-06-09T00:00:00,2023-06-09T09:00:00,690,710,687,707,198122796.5,707,upbit,2026-06-28T04:34:13Z
KRW-XRP,2023-06-10T00:00:00,2023-06-10T09:00:00,707,708,638,674,580009781.7,674,upbit,2026-06-28T04:34:13Z
KRW-XRP,2023-06-11T00:00:00,2023-06-11T09:00:00,674,700,666,690,164401118.7,690,upbit,2026-06-28T04:34:13Z
KRW-XRP,2023-06-12T00:00:00,2023-06-12T09:00:00,690,694,675,689,179080447.5,689,upbit,2026-06-28T04:34:13Z
KRW-XRP,2023-06-13T00:00:00,2023-06-13T09:00:00,689,735,664,679,691040930.8,679,upbit,2026-06-28T04:34:13Z
KRW-XRP,2023-06-14T00:00:00,2023-06-14T09:00:00,678,681,609,631,399850658.2,631,upbit,2026-06-28T04:34:13Z
KRW-XRP,2023-06-15T00:00:00,2023-06-15T09:00:00,630,638,612,627,266082967.4,627,upbit,2026-06-28T04:34:13Z
KRW-XRP,2023-06-16T00:00:00,2023-06-16T09:00:00,627,630,602,624,261651532.9,624,upbit,2026-06-28T04:34:13Z
KRW-XRP,2023-06-17T00:00:00,2023-06-17T09:00:00,624,637,615,629,148045166.9,629,upbit,2026-06-28T04:34:13Z
KRW-XRP,2023-06-18T00:00:00,2023-06-18T09:00:00,629,651,625,638,165246103.3,638,upbit,2026-06-28T04:34:13Z
KRW-XRP,2023-06-19T00:00:00,2023-06-19T09:00:00,637,650,632,644,136490685.6,644,upbit,2026-06-28T04:34:13Z
KRW-XRP,2023-06-20T00:00:00,2023-06-20T09:00:00,644,650,622,644,218560116.8,644,upbit,2026-06-28T04:34:13Z
KRW-XRP,2023-06-21T00:00:00,2023-06-21T09:00:00,644,658,640,654,268650336.2,654,upbit,2026-06-28T04:34:13Z
KRW-XRP,2023-06-22T00:00:00,2023-06-22T09:00:00,653,691,641,647,452855281,647,upbit,2026-06-28T04:34:13Z
KRW-XRP,2023-06-23T00:00:00,2023-06-23T09:00:00,647,663,643,656,273879608,656,upbit,2026-06-28T04:34:13Z
KRW-XRP,2023-06-24T00:00:00,2023-06-24T09:00:00,657,659,642,649,201999328.9,649,upbit,2026-06-28T04:34:13Z
KRW-XRP,2023-06-25T00:00:00,2023-06-25T09:00:00,648,660,644,649,184947577.9,649,upbit,2026-06-28T04:34:13Z
KRW-XRP,2023-06-26T00:00:00,2023-06-26T09:00:00,650,652,628,635,205266338.6,635,upbit,2026-06-28T04:34:13Z
KRW-XRP,2023-06-27T00:00:00,2023-06-27T09:00:00,635,641,631,639,155451423.9,639,upbit,2026-06-28T04:34:13Z
KRW-XRP,2023-06-28T00:00:00,2023-06-28T09:00:00,639,641,610,618,170410074.6,618,upbit,2026-06-28T04:34:13Z
KRW-XRP,2023-06-29T00:00:00,2023-06-29T09:00:00,618,637,614,632,140638690.9,632,upbit,2026-06-28T04:34:13Z
KRW-XRP,2023-06-30T00:00:00,2023-06-30T09:00:00,633,643,604,630,326094702.1,630,upbit,2026-06-28T04:34:13Z
KRW-XRP,2023-07-01T00:00:00,2023-07-01T09:00:00,630,634,620,630,204314362.7,630,upbit,2026-06-28T04:34:13Z
KRW-XRP,2023-07-02T00:00:00,2023-07-02T09:00:00,630,661,625,643,439522128.2,643,upbit,2026-06-28T04:34:13Z
KRW-XRP,2023-07-03T00:00:00,2023-07-03T09:00:00,642,647,635,647,170527829.2,647,upbit,2026-06-28T04:34:13Z
KRW-XRP,2023-07-04T00:00:00,2023-07-04T09:00:00,646,650,636,643,129794975.8,643,upbit,2026-06-28T04:34:13Z
KRW-XRP,2023-07-05T00:00:00,2023-07-05T09:00:00,644,649,621,632,181889100.5,632,upbit,2026-06-28T04:34:13Z
KRW-XRP,2023-07-06T00:00:00,2023-07-06T09:00:00,633,638,616,617,173372344.1,617,upbit,2026-06-28T04:34:13Z
KRW-XRP,2023-07-07T00:00:00,2023-07-07T09:00:00,617,624,613,621,96916922.93,621,upbit,2026-06-28T04:34:13Z
KRW-XRP,2023-07-08T00:00:00,2023-07-08T09:00:00,620,629,617,623,65625818.26,623,upbit,2026-06-28T04:34:13Z
KRW-XRP,2023-07-09T00:00:00,2023-07-09T09:00:00,622,624,617,618,48383960.81,618,upbit,2026-06-28T04:34:13Z
KRW-XRP,2023-07-10T00:00:00,2023-07-10T09:00:00,618,632,614,628,122792479.2,628,upbit,2026-06-28T04:34:13Z
KRW-XRP,2023-07-11T00:00:00,2023-07-11T09:00:00,628,629,621,623,84862446.94,623,upbit,2026-06-28T04:34:13Z
KRW-XRP,2023-07-12T00:00:00,2023-07-12T09:00:00,624,624,612,617,116032199.6,617,upbit,2026-06-28T04:34:13Z
KRW-XRP,2023-07-13T00:00:00,2023-07-13T09:00:00,617,1125,612,1040,2593243804,1040,upbit,2026-06-28T04:34:13Z
KRW-XRP,2023-07-14T00:00:00,2023-07-14T09:00:00,1040,1055,875,926,1646483869,926,upbit,2026-06-28T04:34:13Z
KRW-XRP,2023-07-15T00:00:00,2023-07-15T09:00:00,925,944,890,918,717501219.2,918,upbit,2026-06-28T04:34:13Z
KRW-XRP,2023-07-16T00:00:00,2023-07-16T09:00:00,917,1015,908,961,896272556.2,961,upbit,2026-06-28T04:34:13Z
KRW-XRP,2023-07-17T00:00:00,2023-07-17T09:00:00,961,983,923,947,459525084.6,947,upbit,2026-06-28T04:34:13Z
KRW-XRP,2023-07-18T00:00:00,2023-07-18T09:00:00,947,1010,941,1005,553614266,1005,upbit,2026-06-28T04:34:13Z
KRW-XRP,2023-07-19T00:00:00,2023-07-19T09:00:00,1000,1090,991,1050,592731640.2,1050,upbit,2026-06-28T04:34:13Z
KRW-XRP,2023-07-20T00:00:00,2023-07-20T09:00:00,1050,1090,1000,1025,350215821.4,1025,upbit,2026-06-28T04:34:13Z
KRW-XRP,2023-07-21T00:00:00,2023-07-21T09:00:00,1025,1035,987,1005,226123222.4,1005,upbit,2026-06-28T04:34:13Z
KRW-XRP,2023-07-22T00:00:00,2023-07-22T09:00:00,1005,1010,943,955,256378927.7,955,upbit,2026-06-28T04:34:13Z
KRW-XRP,2023-07-23T00:00:00,2023-07-23T09:00:00,955,971,930,956,312308012.7,956,upbit,2026-06-28T04:34:13Z
KRW-XRP,2023-07-24T00:00:00,2023-07-24T09:00:00,956,961,892,912,441891566.5,912,upbit,2026-06-28T04:34:13Z
KRW-XRP,2023-07-25T00:00:00,2023-07-25T09:00:00,912,929,877,919,386420500.4,919,upbit,2026-06-28T04:34:13Z
KRW-XRP,2023-07-26T00:00:00,2023-07-26T09:00:00,919,944,898,925,239631726.1,925,upbit,2026-06-28T04:34:13Z
KRW-XRP,2023-07-27T00:00:00,2023-07-27T09:00:00,924,948,916,925,178143310.1,925,upbit,2026-06-28T04:34:13Z
KRW-XRP,2023-07-28T00:00:00,2023-07-28T09:00:00,926,931,914,922,128348199.9,922,upbit,2026-06-28T04:34:13Z
KRW-XRP,2023-07-29T00:00:00,2023-07-29T09:00:00,921,925,914,919,81124728.52,919,upbit,2026-06-28T04:34:13Z
KRW-XRP,2023-07-30T00:00:00,2023-07-30T09:00:00,920,952,900,911,270435583.6,911,upbit,2026-06-28T04:34:13Z
KRW-XRP,2023-07-31T00:00:00,2023-07-31T09:00:00,911,933,895,906,152371366.7,906,upbit,2026-06-28T04:34:13Z
KRW-XRP,2023-08-01T00:00:00,2023-08-01T09:00:00,907,920,889,919,187303629.1,919,upbit,2026-06-28T04:34:13Z
KRW-XRP,2023-08-02T00:00:00,2023-08-02T09:00:00,919,921,895,902,125892574.2,902,upbit,2026-06-28T04:34:13Z
KRW-XRP,2023-08-03T00:00:00,2023-08-03T09:00:00,902,904,868,872,202386190.4,872,upbit,2026-06-28T04:34:13Z
KRW-XRP,2023-08-04T00:00:00,2023-08-04T09:00:00,873,882,832,842,216494887.7,842,upbit,2026-06-28T04:34:13Z
KRW-XRP,2023-08-05T00:00:00,2023-08-05T09:00:00,842,842,807,832,211902034.2,832,upbit,2026-06-28T04:34:13Z
KRW-XRP,2023-08-06T00:00:00,2023-08-06T09:00:00,833,847,825,828,110301760,828,upbit,2026-06-28T04:34:13Z
KRW-XRP,2023-08-07T00:00:00,2023-08-07T09:00:00,829,834,800,824,205717425,824,upbit,2026-06-28T04:34:13Z
KRW-XRP,2023-08-08T00:00:00,2023-08-08T09:00:00,825,855,816,850,150876170.5,850,upbit,2026-06-28T04:34:13Z
KRW-XRP,2023-08-09T00:00:00,2023-08-09T09:00:00,849,884,841,851,263271903.9,851,upbit,2026-06-28T04:34:13Z
KRW-XRP,2023-08-10T00:00:00,2023-08-10T09:00:00,851,855,828,840,165982034.5,840,upbit,2026-06-28T04:34:13Z
KRW-XRP,2023-08-11T00:00:00,2023-08-11T09:00:00,840,853,837,841,87274471.31,841,upbit,2026-06-28T04:34:13Z
KRW-XRP,2023-08-12T00:00:00,2023-08-12T09:00:00,842,844,834,837,51228146.84,837,upbit,2026-06-28T04:34:13Z
KRW-XRP,2023-08-13T00:00:00,2023-08-13T09:00:00,838,850,835,837,51433066.22,837,upbit,2026-06-28T04:34:13Z
KRW-XRP,2023-08-14T00:00:00,2023-08-14T09:00:00,837,849,834,846,77854773.3,846,upbit,2026-06-28T04:34:13Z
KRW-XRP,2023-08-15T00:00:00,2023-08-15T09:00:00,846,847,803,823,125016455.5,823,upbit,2026-06-28T04:34:13Z
KRW-XRP,2023-08-16T00:00:00,2023-08-16T09:00:00,824,837,789,799,316375001.1,799,upbit,2026-06-28T04:34:13Z
KRW-XRP,2023-08-17T00:00:00,2023-08-17T09:00:00,799,808,673,697,546339937.5,697,upbit,2026-06-28T04:34:13Z
KRW-XRP,2023-08-18T00:00:00,2023-08-18T09:00:00,697,717,662,696,534966692.1,696,upbit,2026-06-28T04:34:13Z
KRW-XRP,2023-08-19T00:00:00,2023-08-19T09:00:00,697,724,691,717,221138239.2,717,upbit,2026-06-28T04:34:13Z
KRW-XRP,2023-08-20T00:00:00,2023-08-20T09:00:00,718,767,714,739,346882728.9,739,upbit,2026-06-28T04:34:13Z
KRW-XRP,2023-08-21T00:00:00,2023-08-21T09:00:00,739,741,698,717,229272113.7,717,upbit,2026-06-28T04:34:13Z
KRW-XRP,2023-08-22T00:00:00,2023-08-22T09:00:00,718,719,693,713,167496312.1,713,upbit,2026-06-28T04:34:13Z
KRW-XRP,2023-08-23T00:00:00,2023-08-23T09:00:00,713,728,705,720,134510249,720,upbit,2026-06-28T04:34:13Z
KRW-XRP,2023-08-24T00:00:00,2023-08-24T09:00:00,720,722,697,705,120311116.4,705,upbit,2026-06-28T04:34:13Z
KRW-XRP,2023-08-25T00:00:00,2023-08-25T09:00:00,706,723,691,715,196101394.9,715,upbit,2026-06-28T04:34:13Z
KRW-XRP,2023-08-26T00:00:00,2023-08-26T09:00:00,715,718,705,712,68917439.31,712,upbit,2026-06-28T04:34:13Z
KRW-XRP,2023-08-27T00:00:00,2023-08-27T09:00:00,712,720,705,711,70654639.94,711,upbit,2026-06-28T04:34:13Z
KRW-XRP,2023-08-28T00:00:00,2023-08-28T09:00:00,711,711,694,706,110582412.5,706,upbit,2026-06-28T04:34:13Z
KRW-XRP,2023-08-29T00:00:00,2023-08-29T09:00:00,707,743,696,728,286700799.5,728,upbit,2026-06-28T04:34:13Z
KRW-XRP,2023-08-30T00:00:00,2023-08-30T09:00:00,728,729,709,718,156320214.3,718,upbit,2026-06-28T04:34:13Z
KRW-XRP,2023-08-31T00:00:00,2023-08-31T09:00:00,717,720,693,698,162168156.2,698,upbit,2026-06-28T04:34:13Z
KRW-XRP,2023-09-01T00:00:00,2023-09-01T09:00:00,698,700,671,682,200990494.3,682,upbit,2026-06-28T04:34:13Z
KRW-XRP,2023-09-02T00:00:00,2023-09-02T09:00:00,682,685,674,679,122475823.1,679,upbit,2026-06-28T04:34:13Z
KRW-XRP,2023-09-03T00:00:00,2023-09-03T09:00:00,679,697,676,686,95144167.07,686,upbit,2026-06-28T04:34:13Z
KRW-XRP,2023-09-04T00:00:00,2023-09-04T09:00:00,685,695,676,689,113599871.1,689,upbit,2026-06-28T04:34:13Z
KRW-XRP,2023-09-05T00:00:00,2023-09-05T09:00:00,689,689,680,687,107378988.5,687,upbit,2026-06-28T04:34:13Z
KRW-XRP,2023-09-06T00:00:00,2023-09-06T09:00:00,687,688,672,683,95276664.43,683,upbit,2026-06-28T04:34:13Z
KRW-XRP,2023-09-07T00:00:00,2023-09-07T09:00:00,684,688,676,685,87525084.42,685,upbit,2026-06-28T04:34:13Z
KRW-XRP,2023-09-08T00:00:00,2023-09-08T09:00:00,685,689,676,686,91059646.47,686,upbit,2026-06-28T04:34:13Z
KRW-XRP,2023-09-09T00:00:00,2023-09-09T09:00:00,687,688,683,686,44198122.59,686,upbit,2026-06-28T04:34:13Z
KRW-XRP,2023-09-10T00:00:00,2023-09-10T09:00:00,686,686,675,677,77915339.76,677,upbit,2026-06-28T04:34:13Z
KRW-XRP,2023-09-11T00:00:00,2023-09-11T09:00:00,678,679,637,647,267592996.6,647,upbit,2026-06-28T04:34:13Z
KRW-XRP,2023-09-12T00:00:00,2023-09-12T09:00:00,647,659,641,652,186104972.9,652,upbit,2026-06-28T04:34:13Z
KRW-XRP,2023-09-13T00:00:00,2023-09-13T09:00:00,651,664,645,653,160702795.7,653,upbit,2026-06-28T04:34:13Z
KRW-XRP,2023-09-14T00:00:00,2023-09-14T09:00:00,654,668,651,661,143861041.6,661,upbit,2026-06-28T04:34:13Z
KRW-XRP,2023-09-15T00:00:00,2023-09-15T09:00:00,661,686,660,675,203579327.8,675,upbit,2026-06-28T04:34:13Z
KRW-XRP,2023-09-16T00:00:00,2023-09-16T09:00:00,675,681,673,677,115807604.7,677,upbit,2026-06-28T04:34:13Z
KRW-XRP,2023-09-17T00:00:00,2023-09-17T09:00:00,677,677,663,665,106092938.2,665,upbit,2026-06-28T04:34:13Z
KRW-XRP,2023-09-18T00:00:00,2023-09-18T09:00:00,664,681,659,675,138772010.1,675,upbit,2026-06-28T04:34:13Z
KRW-XRP,2023-09-19T00:00:00,2023-09-19T09:00:00,676,692,672,688,128753757.6,688,upbit,2026-06-28T04:34:13Z
KRW-XRP,2023-09-20T00:00:00,2023-09-20T09:00:00,688,706,683,702,182123393.7,702,upbit,2026-06-28T04:34:13Z
KRW-XRP,2023-09-21T00:00:00,2023-09-21T09:00:00,701,702,678,687,146074720.3,687,upbit,2026-06-28T04:34:13Z
KRW-XRP,2023-09-22T00:00:00,2023-09-22T09:00:00,687,699,683,693,91654017.02,693,upbit,2026-06-28T04:34:13Z
KRW-XRP,2023-09-23T00:00:00,2023-09-23T09:00:00,693,695,685,687,63618363.57,687,upbit,2026-06-28T04:34:13Z
KRW-XRP,2023-09-24T00:00:00,2023-09-24T09:00:00,688,692,677,680,80194967.25,680,upbit,2026-06-28T04:34:13Z
KRW-XRP,2023-09-25T00:00:00,2023-09-25T09:00:00,679,684,666,681,122654220.6,681,upbit,2026-06-28T04:34:13Z
KRW-XRP,2023-09-26T00:00:00,2023-09-26T09:00:00,682,688,676,681,103177070.1,681,upbit,2026-06-28T04:34:13Z
KRW-XRP,2023-09-27T00:00:00,2023-09-27T09:00:00,680,690,677,682,115757186.7,682,upbit,2026-06-28T04:34:13Z
KRW-XRP,2023-09-28T00:00:00,2023-09-28T09:00:00,681,692,678,690,119676344.8,690,upbit,2026-06-28T04:34:13Z
KRW-XRP,2023-09-29T00:00:00,2023-09-29T09:00:00,690,745,688,706,426961053.3,706,upbit,2026-06-28T04:34:13Z
KRW-XRP,2023-09-30T00:00:00,2023-09-30T09:00:00,705,707,697,699,112625396.3,699,upbit,2026-06-28T04:34:13Z
KRW-XRP,2023-10-01T00:00:00,2023-10-01T09:00:00,699,709,696,708,95039528.76,708,upbit,2026-06-28T04:34:13Z
KRW-XRP,2023-10-02T00:00:00,2023-10-02T09:00:00,708,713,694,697,129912166.2,697,upbit,2026-06-28T04:34:13Z
KRW-XRP,2023-10-03T00:00:00,2023-10-03T09:00:00,696,747,690,731,272470577.8,731,upbit,2026-06-28T04:34:13Z
KRW-XRP,2023-10-04T00:00:00,2023-10-04T09:00:00,732,737,707,721,300630699.7,721,upbit,2026-06-28T04:34:13Z
KRW-XRP,2023-10-05T00:00:00,2023-10-05T09:00:00,721,721,703,709,142032414.7,709,upbit,2026-06-28T04:34:13Z
KRW-XRP,2023-10-06T00:00:00,2023-10-06T09:00:00,710,715,704,710,101910740.1,710,upbit,2026-06-28T04:34:13Z
KRW-XRP,2023-10-07T00:00:00,2023-10-07T09:00:00,711,712,706,709,46822437.99,709,upbit,2026-06-28T04:34:13Z
KRW-XRP,2023-10-08T00:00:00,2023-10-08T09:00:00,708,711,702,703,59081170.13,703,upbit,2026-06-28T04:34:13Z
KRW-XRP,2023-10-09T00:00:00,2023-10-09T09:00:00,703,708,674,684,188448448,684,upbit,2026-06-28T04:34:13Z
KRW-XRP,2023-10-10T00:00:00,2023-10-10T09:00:00,685,685,672,676,116009710,676,upbit,2026-06-28T04:34:13Z
KRW-XRP,2023-10-11T00:00:00,2023-10-11T09:00:00,676,678,656,667,157503045.7,667,upbit,2026-06-28T04:34:13Z
KRW-XRP,2023-10-12T00:00:00,2023-10-12T09:00:00,666,667,649,662,151462831.4,662,upbit,2026-06-28T04:34:13Z
KRW-XRP,2023-10-13T00:00:00,2023-10-13T09:00:00,663,673,659,667,96555145.62,667,upbit,2026-06-28T04:34:13Z
KRW-XRP,2023-10-14T00:00:00,2023-10-14T09:00:00,667,671,665,667,69465472.4,667,upbit,2026-06-28T04:34:13Z
KRW-XRP,2023-10-15T00:00:00,2023-10-15T09:00:00,667,670,663,665,101613967.5,665,upbit,2026-06-28T04:34:13Z
KRW-XRP,2023-10-16T00:00:00,2023-10-16T09:00:00,665,695,663,676,220861525.5,676,upbit,2026-06-28T04:34:13Z
KRW-XRP,2023-10-17T00:00:00,2023-10-17T09:00:00,675,676,663,668,123980906.6,668,upbit,2026-06-28T04:34:13Z
KRW-XRP,2023-10-18T00:00:00,2023-10-18T09:00:00,669,672,664,667,124001598.8,667,upbit,2026-06-28T04:34:13Z
KRW-XRP,2023-10-19T00:00:00,2023-10-19T09:00:00,666,713,654,706,336386912.1,706,upbit,2026-06-28T04:34:13Z
KRW-XRP,2023-10-20T00:00:00,2023-10-20T09:00:00,706,723,689,699,355917199.1,699,upbit,2026-06-28T04:34:13Z
KRW-XRP,2023-10-21T00:00:00,2023-10-21T09:00:00,699,720,693,703,155071389.9,703,upbit,2026-06-28T04:34:13Z
KRW-XRP,2023-10-22T00:00:00,2023-10-22T09:00:00,703,708,695,702,112966000.5,702,upbit,2026-06-28T04:34:13Z
KRW-XRP,2023-10-23T00:00:00,2023-10-23T09:00:00,702,735,702,730,309618843.4,730,upbit,2026-06-28T04:34:13Z
KRW-XRP,2023-10-24T00:00:00,2023-10-24T09:00:00,730,790,715,752,658666353.7,752,upbit,2026-06-28T04:34:13Z
KRW-XRP,2023-10-25T00:00:00,2023-10-25T09:00:00,752,761,733,749,220325007,749,upbit,2026-06-28T04:34:13Z
KRW-XRP,2023-10-26T00:00:00,2023-10-26T09:00:00,749,769,736,747,264503730.7,747,upbit,2026-06-28T04:34:13Z
KRW-XRP,2023-10-27T00:00:00,2023-10-27T09:00:00,747,754,733,738,133202694.9,738,upbit,2026-06-28T04:34:13Z
KRW-XRP,2023-10-28T00:00:00,2023-10-28T09:00:00,738,747,736,741,92131403.35,741,upbit,2026-06-28T04:34:13Z
KRW-XRP,2023-10-29T00:00:00,2023-10-29T09:00:00,741,760,738,754,136844427.2,754,upbit,2026-06-28T04:34:13Z
KRW-XRP,2023-10-30T00:00:00,2023-10-30T09:00:00,753,796,747,782,322799610,782,upbit,2026-06-28T04:34:13Z
KRW-XRP,2023-10-31T00:00:00,2023-10-31T09:00:00,783,847,766,814,573169115.9,814,upbit,2026-06-28T04:34:13Z
KRW-XRP,2023-11-01T00:00:00,2023-11-01T09:00:00,814,834,792,825,303663147.9,825,upbit,2026-06-28T04:34:13Z
KRW-XRP,2023-11-02T00:00:00,2023-11-02T09:00:00,825,845,802,824,330909064.9,824,upbit,2026-06-28T04:34:13Z
KRW-XRP,2023-11-03T00:00:00,2023-11-03T09:00:00,824,825,797,823,220516459.8,823,upbit,2026-06-28T04:34:13Z
KRW-XRP,2023-11-04T00:00:00,2023-11-04T09:00:00,822,832,819,825,152280490.3,825,upbit,2026-06-28T04:34:13Z
KRW-XRP,2023-11-05T00:00:00,2023-11-05T09:00:00,825,890,824,887,478687191.6,887,upbit,2026-06-28T04:34:13Z
KRW-XRP,2023-11-06T00:00:00,2023-11-06T09:00:00,888,978,883,953,699046503.2,953,upbit,2026-06-28T04:34:13Z
KRW-XRP,2023-11-07T00:00:00,2023-11-07T09:00:00,953,954,881,916,451187282.1,916,upbit,2026-06-28T04:34:13Z
KRW-XRP,2023-11-08T00:00:00,2023-11-08T09:00:00,916,934,898,915,297369835.7,915,upbit,2026-06-28T04:34:13Z
KRW-XRP,2023-11-09T00:00:00,2023-11-09T09:00:00,915,938,861,898,635238833.7,898,upbit,2026-06-28T04:34:13Z
KRW-XRP,2023-11-10T00:00:00,2023-11-10T09:00:00,898,899,864,886,378109749.4,886,upbit,2026-06-28T04:34:13Z
KRW-XRP,2023-11-11T00:00:00,2023-11-11T09:00:00,886,928,863,887,413200259.4,887,upbit,2026-06-28T04:34:13Z
KRW-XRP,2023-11-12T00:00:00,2023-11-12T09:00:00,886,893,868,882,178930807.8,882,upbit,2026-06-28T04:34:13Z
KRW-XRP,2023-11-13T00:00:00,2023-11-13T09:00:00,881,1000,868,902,556208133.4,902,upbit,2026-06-28T04:34:13Z
KRW-XRP,2023-11-14T00:00:00,2023-11-14T09:00:00,902,905,834,850,449357657.7,850,upbit,2026-06-28T04:34:13Z
KRW-XRP,2023-11-15T00:00:00,2023-11-15T09:00:00,850,867,831,864,247514131.3,864,upbit,2026-06-28T04:34:13Z
KRW-XRP,2023-11-16T00:00:00,2023-11-16T09:00:00,864,873,822,827,321368400.7,827,upbit,2026-06-28T04:34:13Z
KRW-XRP,2023-11-17T00:00:00,2023-11-17T09:00:00,827,839,798,827,238736018,827,upbit,2026-06-28T04:34:13Z
KRW-XRP,2023-11-18T00:00:00,2023-11-18T09:00:00,827,828,799,821,122905044.8,821,upbit,2026-06-28T04:34:13Z
KRW-XRP,2023-11-19T00:00:00,2023-11-19T09:00:00,821,843,810,833,156835577.2,833,upbit,2026-06-28T04:34:13Z
KRW-XRP,2023-11-20T00:00:00,2023-11-20T09:00:00,833,836,820,822,120027665.2,822,upbit,2026-06-28T04:34:13Z
KRW-XRP,2023-11-21T00:00:00,2023-11-21T09:00:00,821,827,783,784,220847707.3,784,upbit,2026-06-28T04:34:13Z
KRW-XRP,2023-11-22T00:00:00,2023-11-22T09:00:00,784,822,783,818,167374207.4,818,upbit,2026-06-28T04:34:13Z
KRW-XRP,2023-11-23T00:00:00,2023-11-23T09:00:00,816,833,811,830,161250744.8,830,upbit,2026-06-28T04:34:13Z
KRW-XRP,2023-11-24T00:00:00,2023-11-24T09:00:00,831,837,827,832,142448507.5,832,upbit,2026-06-28T04:34:13Z
KRW-XRP,2023-11-25T00:00:00,2023-11-25T09:00:00,832,835,824,832,78925303.24,832,upbit,2026-06-28T04:34:13Z
KRW-XRP,2023-11-26T00:00:00,2023-11-26T09:00:00,832,852,822,826,190214986.3,826,upbit,2026-06-28T04:34:13Z
KRW-XRP,2023-11-27T00:00:00,2023-11-27T09:00:00,825,828,804,815,160771247.7,815,upbit,2026-06-28T04:34:13Z
KRW-XRP,2023-11-28T00:00:00,2023-11-28T09:00:00,815,820,801,816,119906469.3,816,upbit,2026-06-28T04:34:13Z
KRW-XRP,2023-11-29T00:00:00,2023-11-29T09:00:00,815,823,811,816,110450487.3,816,upbit,2026-06-28T04:34:13Z
KRW-XRP,2023-11-30T00:00:00,2023-11-30T09:00:00,817,817,805,812,112061555.1,812,upbit,2026-06-28T04:34:13Z
KRW-XRP,2023-12-01T00:00:00,2023-12-01T09:00:00,812,822,809,818,94764489.86,818,upbit,2026-06-28T04:34:13Z
KRW-XRP,2023-12-02T00:00:00,2023-12-02T09:00:00,818,828,817,826,84854934.11,826,upbit,2026-06-28T04:34:13Z
KRW-XRP,2023-12-03T00:00:00,2023-12-03T09:00:00,827,847,825,836,161358520.7,836,upbit,2026-06-28T04:34:13Z
KRW-XRP,2023-12-04T00:00:00,2023-12-04T09:00:00,836,862,828,845,318750471.2,845,upbit,2026-06-28T04:34:13Z
KRW-XRP,2023-12-05T00:00:00,2023-12-05T09:00:00,845,852,826,847,242616546.9,847,upbit,2026-06-28T04:34:13Z
KRW-XRP,2023-12-06T00:00:00,2023-12-06T09:00:00,847,887,844,881,466555564.4,881,upbit,2026-06-28T04:34:13Z
KRW-XRP,2023-12-07T00:00:00,2023-12-07T09:00:00,882,900,856,881,359039531.6,881,upbit,2026-06-28T04:34:13Z
KRW-XRP,2023-12-08T00:00:00,2023-12-08T09:00:00,881,918,870,915,356382182.7,915,upbit,2026-06-28T04:34:13Z
KRW-XRP,2023-12-09T00:00:00,2023-12-09T09:00:00,914,950,903,905,484660056.5,905,upbit,2026-06-28T04:34:13Z
KRW-XRP,2023-12-10T00:00:00,2023-12-10T09:00:00,905,919,885,904,217795612.2,904,upbit,2026-06-28T04:34:13Z
KRW-XRP,2023-12-11T00:00:00,2023-12-11T09:00:00,904,906,832,854,434895576.9,854,upbit,2026-06-28T04:34:13Z
KRW-XRP,2023-12-12T00:00:00,2023-12-12T09:00:00,853,865,845,858,261007806.3,858,upbit,2026-06-28T04:34:13Z
KRW-XRP,2023-12-13T00:00:00,2023-12-13T09:00:00,859,877,835,865,247427395.3,865,upbit,2026-06-28T04:34:13Z
KRW-XRP,2023-12-14T00:00:00,2023-12-14T09:00:00,864,870,848,862,230676567.6,862,upbit,2026-06-28T04:34:13Z
KRW-XRP,2023-12-15T00:00:00,2023-12-15T09:00:00,863,884,851,852,215062167.1,852,upbit,2026-06-28T04:34:13Z
KRW-XRP,2023-12-16T00:00:00,2023-12-16T09:00:00,852,857,843,851,103103488.3,851,upbit,2026-06-28T04:34:13Z
KRW-XRP,2023-12-17T00:00:00,2023-12-17T09:00:00,851,854,835,837,112777374.6,837,upbit,2026-06-28T04:34:13Z
KRW-XRP,2023-12-18T00:00:00,2023-12-18T09:00:00,838,841,794,834,336424882.1,834,upbit,2026-06-28T04:34:13Z
KRW-XRP,2023-12-19T00:00:00,2023-12-19T09:00:00,834,838,816,827,143194919.3,827,upbit,2026-06-28T04:34:13Z
KRW-XRP,2023-12-20T00:00:00,2023-12-20T09:00:00,827,848,820,838,182963290.5,838,upbit,2026-06-28T04:34:13Z
KRW-XRP,2023-12-21T00:00:00,2023-12-21T09:00:00,837,846,831,845,151137174.2,845,upbit,2026-06-28T04:34:13Z
KRW-XRP,2023-12-22T00:00:00,2023-12-22T09:00:00,846,860,836,846,218517615,846,upbit,2026-06-28T04:34:13Z
KRW-XRP,2023-12-23T00:00:00,2023-12-23T09:00:00,845,847,832,839,108182510.8,839,upbit,2026-06-28T04:34:13Z
KRW-XRP,2023-12-24T00:00:00,2023-12-24T09:00:00,839,845,821,825,171903384.5,825,upbit,2026-06-28T04:34:13Z
KRW-XRP,2023-12-25T00:00:00,2023-12-25T09:00:00,825,866,819,860,304475592.2,860,upbit,2026-06-28T04:34:13Z
KRW-XRP,2023-12-26T00:00:00,2023-12-26T09:00:00,859,861,819,833,213528562,833,upbit,2026-06-28T04:34:13Z
KRW-XRP,2023-12-27T00:00:00,2023-12-27T09:00:00,833,854,821,847,193245713.2,847,upbit,2026-06-28T04:34:13Z
KRW-XRP,2023-12-28T00:00:00,2023-12-28T09:00:00,846,874,838,847,318821419.8,847,upbit,2026-06-28T04:34:13Z
KRW-XRP,2023-12-29T00:00:00,2023-12-29T09:00:00,848,848,829,836,184718156.3,836,upbit,2026-06-28T04:34:13Z
KRW-XRP,2023-12-30T00:00:00,2023-12-30T09:00:00,835,845,831,835,110863744,835,upbit,2026-06-28T04:34:13Z
KRW-XRP,2023-12-31T00:00:00,2023-12-31T09:00:00,835,841,826,832,99746154.07,832,upbit,2026-06-28T04:34:13Z
KRW-XRP,2024-01-01T00:00:00,2024-01-01T09:00:00,832,840,825,838,109778469.8,838,upbit,2026-06-28T04:34:13Z
KRW-XRP,2024-01-02T00:00:00,2024-01-02T09:00:00,839,852,834,838,202232664.2,838,upbit,2026-06-28T04:34:13Z
KRW-XRP,2024-01-03T00:00:00,2024-01-03T09:00:00,838,854,700,796,692341035.3,796,upbit,2026-06-28T04:34:13Z
KRW-XRP,2024-01-04T00:00:00,2024-01-04T09:00:00,796,800,768,791,247156193.9,791,upbit,2026-06-28T04:34:13Z
KRW-XRP,2024-01-05T00:00:00,2024-01-05T09:00:00,791,793,754,774,200065055.2,774,upbit,2026-06-28T04:34:13Z
KRW-XRP,2024-01-06T00:00:00,2024-01-06T09:00:00,774,774,753,767,113601038,767,upbit,2026-06-28T04:34:13Z
KRW-XRP,2024-01-07T00:00:00,2024-01-07T09:00:00,767,778,733,741,172760305.7,741,upbit,2026-06-28T04:34:13Z
KRW-XRP,2024-01-08T00:00:00,2024-01-08T09:00:00,742,803,732,776,481809943.3,776,upbit,2026-06-28T04:34:13Z
KRW-XRP,2024-01-09T00:00:00,2024-01-09T09:00:00,776,777,746,763,237857795.3,763,upbit,2026-06-28T04:34:13Z
KRW-XRP,2024-01-10T00:00:00,2024-01-10T09:00:00,763,836,739,818,434604148.4,818,upbit,2026-06-28T04:34:13Z
KRW-XRP,2024-01-11T00:00:00,2024-01-11T09:00:00,819,849,800,825,479756969.2,825,upbit,2026-06-28T04:34:13Z
KRW-XRP,2024-01-12T00:00:00,2024-01-12T09:00:00,825,827,778,791,318769822.9,791,upbit,2026-06-28T04:34:13Z
KRW-XRP,2024-01-13T00:00:00,2024-01-13T09:00:00,791,798,771,791,154753474.7,791,upbit,2026-06-28T04:34:13Z
KRW-XRP,2024-01-14T00:00:00,2024-01-14T09:00:00,791,815,786,792,145341242.4,792,upbit,2026-06-28T04:34:13Z
KRW-XRP,2024-01-15T00:00:00,2024-01-15T09:00:00,792,810,783,791,152241279.4,791,upbit,2026-06-28T04:34:13Z
KRW-XRP,2024-01-16T00:00:00,2024-01-16T09:00:00,791,796,782,791,135796288.9,791,upbit,2026-06-28T04:34:13Z
KRW-XRP,2024-01-17T00:00:00,2024-01-17T09:00:00,791,791,777,782,111234328.9,782,upbit,2026-06-28T04:34:13Z
KRW-XRP,2024-01-18T00:00:00,2024-01-18T09:00:00,782,782,759,766,145087205.7,766,upbit,2026-06-28T04:34:13Z
KRW-XRP,2024-01-19T00:00:00,2024-01-19T09:00:00,765,769,729,755,195793543.5,755,upbit,2026-06-28T04:34:13Z
KRW-XRP,2024-01-20T00:00:00,2024-01-20T09:00:00,754,766,745,763,86677830.21,763,upbit,2026-06-28T04:34:13Z
KRW-XRP,2024-01-21T00:00:00,2024-01-21T09:00:00,764,768,754,754,72167486.8,754,upbit,2026-06-28T04:34:13Z
KRW-XRP,2024-01-22T00:00:00,2024-01-22T09:00:00,754,758,723,729,185714247.4,729,upbit,2026-06-28T04:34:13Z
KRW-XRP,2024-01-23T00:00:00,2024-01-23T09:00:00,729,736,689,720,320073709.8,720,upbit,2026-06-28T04:34:13Z
KRW-XRP,2024-01-24T00:00:00,2024-01-24T09:00:00,720,720,705,713,130421546.3,713,upbit,2026-06-28T04:34:13Z
KRW-XRP,2024-01-25T00:00:00,2024-01-25T09:00:00,713,714,698,708,125360102.9,708,upbit,2026-06-28T04:34:13Z
KRW-XRP,2024-01-26T00:00:00,2024-01-26T09:00:00,709,738,702,732,160222986.5,732,upbit,2026-06-28T04:34:13Z
KRW-XRP,2024-01-27T00:00:00,2024-01-27T09:00:00,732,738,725,732,72221290.88,732,upbit,2026-06-28T04:34:13Z
KRW-XRP,2024-01-28T00:00:00,2024-01-28T09:00:00,732,737,716.1,721,71714242.55,721,upbit,2026-06-28T04:34:13Z
KRW-XRP,2024-01-29T00:00:00,2024-01-29T09:00:00,721,736,715.6,730.9,105926261.1,730.9,upbit,2026-06-28T04:34:13Z
KRW-XRP,2024-01-30T00:00:00,2024-01-30T09:00:00,730.9,735,699.2,701.7,254020657.6,701.7,upbit,2026-06-28T04:34:13Z
KRW-XRP,2024-01-31T00:00:00,2024-01-31T09:00:00,701.8,705.8,682.3,694.6,253972564.7,694.6,upbit,2026-06-28T04:34:13Z
KRW-XRP,2024-02-01T00:00:00,2024-02-01T09:00:00,694.6,699.5,676.2,695.2,189503352.5,695.2,upbit,2026-06-28T04:34:13Z
KRW-XRP,2024-02-02T00:00:00,2024-02-02T09:00:00,695.2,705.9,685.6,700.7,120704882.3,700.7,upbit,2026-06-28T04:34:13Z
KRW-XRP,2024-02-03T00:00:00,2024-02-03T09:00:00,700.8,726.5,695,714.5,218065908.8,714.5,upbit,2026-06-28T04:34:13Z
KRW-XRP,2024-02-04T00:00:00,2024-02-04T09:00:00,714.5,715.5,693.7,695,105778288.4,695,upbit,2026-06-28T04:34:13Z
KRW-XRP,2024-02-05T00:00:00,2024-02-05T09:00:00,695.2,708.2,686.5,698.3,137639745.9,698.3,upbit,2026-06-28T04:34:13Z
KRW-XRP,2024-02-06T00:00:00,2024-02-06T09:00:00,698.3,698.9,686.7,692,113826432.7,692,upbit,2026-06-28T04:34:13Z
KRW-XRP,2024-02-07T00:00:00,2024-02-07T09:00:00,692.2,701.2,686.8,698.6,153608426.8,698.6,upbit,2026-06-28T04:34:13Z
KRW-XRP,2024-02-08T00:00:00,2024-02-08T09:00:00,698.6,706.7,696.4,704.2,147980352.6,704.2,upbit,2026-06-28T04:34:13Z
KRW-XRP,2024-02-09T00:00:00,2024-02-09T09:00:00,704.3,716,702.1,710.2,187275802.4,710.2,upbit,2026-06-28T04:34:13Z
KRW-XRP,2024-02-10T00:00:00,2024-02-10T09:00:00,710.2,715,700.2,708,97678282.19,708,upbit,2026-06-28T04:34:13Z
KRW-XRP,2024-02-11T00:00:00,2024-02-11T09:00:00,708,724.1,705.5,712,146518951.5,712,upbit,2026-06-28T04:34:13Z
KRW-XRP,2024-02-12T00:00:00,2024-02-12T09:00:00,712,721.1,700.4,713,181097308.1,713,upbit,2026-06-28T04:34:13Z
KRW-XRP,2024-02-13T00:00:00,2024-02-13T09:00:00,713,716.8,702,711.4,169288881.2,711.4,upbit,2026-06-28T04:34:13Z
KRW-XRP,2024-02-14T00:00:00,2024-02-14T09:00:00,711.3,731.9,706,728.3,255011807.4,728.3,upbit,2026-06-28T04:34:13Z
KRW-XRP,2024-02-15T00:00:00,2024-02-15T09:00:00,728.3,791.5,728,772.3,452639303.1,772.3,upbit,2026-06-28T04:34:13Z
KRW-XRP,2024-02-16T00:00:00,2024-02-16T09:00:00,772.1,796.1,762.5,780.9,294137118,780.9,upbit,2026-06-28T04:34:13Z
KRW-XRP,2024-02-17T00:00:00,2024-02-17T09:00:00,781,784,743.9,760.2,194011330.4,760.2,upbit,2026-06-28T04:34:13Z
KRW-XRP,2024-02-18T00:00:00,2024-02-18T09:00:00,760.2,772.5,755.2,768.4,123952082.5,768.4,upbit,2026-06-28T04:34:13Z
KRW-XRP,2024-02-19T00:00:00,2024-02-19T09:00:00,768.5,785,767.8,779.4,156250738.4,779.4,upbit,2026-06-28T04:34:13Z
KRW-XRP,2024-02-20T00:00:00,2024-02-20T09:00:00,779.2,792.2,759.7,776,301692061.6,776,upbit,2026-06-28T04:34:13Z
KRW-XRP,2024-02-21T00:00:00,2024-02-21T09:00:00,776,780,747,767.2,225771133.8,767.2,upbit,2026-06-28T04:34:13Z
KRW-XRP,2024-02-22T00:00:00,2024-02-22T09:00:00,767.3,767.3,751.6,754.7,141173209.6,754.7,upbit,2026-06-28T04:34:13Z
KRW-XRP,2024-02-23T00:00:00,2024-02-23T09:00:00,754.7,759.9,740.2,745.5,153197076.5,745.5,upbit,2026-06-28T04:34:13Z
KRW-XRP,2024-02-24T00:00:00,2024-02-24T09:00:00,745.2,758.9,741,751.4,129219556.1,751.4,upbit,2026-06-28T04:34:13Z
KRW-XRP,2024-02-25T00:00:00,2024-02-25T09:00:00,751.4,755.8,747.8,748.2,131485480.4,748.2,upbit,2026-06-28T04:34:13Z
KRW-XRP,2024-02-26T00:00:00,2024-02-26T09:00:00,748.1,757.9,731.3,755.6,214724380.2,755.6,upbit,2026-06-28T04:34:13Z
KRW-XRP,2024-02-27T00:00:00,2024-02-27T09:00:00,755.6,821.6,750.4,806.5,519499328.5,806.5,upbit,2026-06-28T04:34:13Z
KRW-XRP,2024-02-28T00:00:00,2024-02-28T09:00:00,806.4,839,779,807.5,677431054.6,807.5,upbit,2026-06-28T04:34:13Z
KRW-XRP,2024-02-29T00:00:00,2024-02-29T09:00:00,807.5,874,793,824.1,810726943.7,824.1,upbit,2026-06-28T04:34:13Z
KRW-XRP,2024-03-01T00:00:00,2024-03-01T09:00:00,824.2,844.9,824,842.5,350582761.2,842.5,upbit,2026-06-28T04:34:13Z
KRW-XRP,2024-03-02T00:00:00,2024-03-02T09:00:00,842.5,909.7,840.5,897.4,714547774.1,897.4,upbit,2026-06-28T04:34:13Z
KRW-XRP,2024-03-03T00:00:00,2024-03-03T09:00:00,897.4,899.1,823.5,874.2,452479061.1,874.2,upbit,2026-06-28T04:34:13Z
KRW-XRP,2024-03-04T00:00:00,2024-03-04T09:00:00,874.2,933.4,858,907.2,764544437.8,907.2,upbit,2026-06-28T04:34:13Z
KRW-XRP,2024-03-05T00:00:00,2024-03-05T09:00:00,907.3,944.2,805.9,847.2,1187466818,847.2,upbit,2026-06-28T04:34:13Z
KRW-XRP,2024-03-06T00:00:00,2024-03-06T09:00:00,847.2,873.8,810.1,863.9,555965975.7,863.9,upbit,2026-06-28T04:34:13Z
KRW-XRP,2024-03-07T00:00:00,2024-03-07T09:00:00,863.9,897.3,856,882,513014719.6,882,upbit,2026-06-28T04:34:13Z
KRW-XRP,2024-03-08T00:00:00,2024-03-08T09:00:00,882,893,855.4,876.9,408108415.6,876.9,upbit,2026-06-28T04:34:13Z
KRW-XRP,2024-03-09T00:00:00,2024-03-09T09:00:00,877,890,864.2,872,289275171,872,upbit,2026-06-28T04:34:13Z
KRW-XRP,2024-03-10T00:00:00,2024-03-10T09:00:00,871.3,878.1,850.2,860.3,271206642.9,860.3,upbit,2026-06-28T04:34:13Z
KRW-XRP,2024-03-11T00:00:00,2024-03-11T09:00:00,860.4,1033,830,1006,1604368107,1006,upbit,2026-06-28T04:34:13Z
KRW-XRP,2024-03-12T00:00:00,2024-03-12T09:00:00,1006,1019,950,974.6,816760183.1,974.6,upbit,2026-06-28T04:34:13Z
KRW-XRP,2024-03-13T00:00:00,2024-03-13T09:00:00,974.7,993.8,954,981,438034823.9,981,upbit,2026-06-28T04:34:13Z
KRW-XRP,2024-03-14T00:00:00,2024-03-14T09:00:00,980.9,1010,925,960.5,689555500.7,960.5,upbit,2026-06-28T04:34:13Z
KRW-XRP,2024-03-15T00:00:00,2024-03-15T09:00:00,960.5,971.1,875,921,730785623.5,921,upbit,2026-06-28T04:34:13Z
KRW-XRP,2024-03-16T00:00:00,2024-03-16T09:00:00,921,943,871,891.3,404850122.5,891.3,upbit,2026-06-28T04:34:13Z
KRW-XRP,2024-03-17T00:00:00,2024-03-17T09:00:00,891.3,910,860,904.5,359970824.8,904.5,upbit,2026-06-28T04:34:13Z
KRW-XRP,2024-03-18T00:00:00,2024-03-18T09:00:00,904.5,979,881.1,943.8,556394456.3,943.8,upbit,2026-06-28T04:34:13Z
KRW-XRP,2024-03-19T00:00:00,2024-03-19T09:00:00,943.8,953.4,860,872,643582358.7,872,upbit,2026-06-28T04:34:13Z
KRW-XRP,2024-03-20T00:00:00,2024-03-20T09:00:00,872,911,844.2,899,530898928.6,899,upbit,2026-06-28T04:34:13Z
KRW-XRP,2024-03-21T00:00:00,2024-03-21T09:00:00,898.7,955.6,874.3,932.6,618842874.9,932.6,upbit,2026-06-28T04:34:13Z
KRW-XRP,2024-03-22T00:00:00,2024-03-22T09:00:00,932.6,939.8,880.8,898.9,367351240.1,898.9,upbit,2026-06-28T04:34:13Z
KRW-XRP,2024-03-23T00:00:00,2024-03-23T09:00:00,898.9,918.3,885.8,897.6,212642895.7,897.6,upbit,2026-06-28T04:34:13Z
KRW-XRP,2024-03-24T00:00:00,2024-03-24T09:00:00,897.6,920,894.8,910.2,205057140.7,910.2,upbit,2026-06-28T04:34:13Z
KRW-XRP,2024-03-25T00:00:00,2024-03-25T09:00:00,910.2,936,902,910.5,300539912.7,910.5,upbit,2026-06-28T04:34:13Z
KRW-XRP,2024-03-26T00:00:00,2024-03-26T09:00:00,910.6,919.7,899.9,903.7,343881733.6,903.7,upbit,2026-06-28T04:34:13Z
KRW-XRP,2024-03-27T00:00:00,2024-03-27T09:00:00,903.8,905.6,872,881.1,372842421.8,881.1,upbit,2026-06-28T04:34:13Z
KRW-XRP,2024-03-28T00:00:00,2024-03-28T09:00:00,881,906.9,870.2,890.7,325391094.8,890.7,upbit,2026-06-28T04:34:13Z
KRW-XRP,2024-03-29T00:00:00,2024-03-29T09:00:00,890.7,915.7,873.3,899.4,366175777.6,899.4,upbit,2026-06-28T04:34:13Z
KRW-XRP,2024-03-30T00:00:00,2024-03-30T09:00:00,899.4,908.8,887.6,891.3,165590132.2,891.3,upbit,2026-06-28T04:34:13Z
KRW-XRP,2024-03-31T00:00:00,2024-03-31T09:00:00,891.3,898,889.6,891.5,107831679.6,891.5,upbit,2026-06-28T04:34:13Z
KRW-XRP,2024-04-01T00:00:00,2024-04-01T09:00:00,891.6,897,862,878.5,255009054.1,878.5,upbit,2026-06-28T04:34:13Z
KRW-XRP,2024-04-02T00:00:00,2024-04-02T09:00:00,878.6,889.7,850.1,859.4,338605446.8,859.4,upbit,2026-06-28T04:34:13Z
KRW-XRP,2024-04-03T00:00:00,2024-04-03T09:00:00,859.3,863.3,832.2,839,268018238.2,839,upbit,2026-06-28T04:34:13Z
KRW-XRP,2024-04-04T00:00:00,2024-04-04T09:00:00,839,893.3,825.2,862,416313703.4,862,upbit,2026-06-28T04:34:13Z
KRW-XRP,2024-04-05T00:00:00,2024-04-05T09:00:00,862,862.7,833,851.6,206166357.2,851.6,upbit,2026-06-28T04:34:13Z
KRW-XRP,2024-04-06T00:00:00,2024-04-06T09:00:00,851.4,862,847.6,853.6,93972742.78,853.6,upbit,2026-06-28T04:34:13Z
KRW-XRP,2024-04-07T00:00:00,2024-04-07T09:00:00,853.6,862.8,849.6,851.9,97940385.96,851.9,upbit,2026-06-28T04:34:13Z
KRW-XRP,2024-04-08T00:00:00,2024-04-08T09:00:00,851.9,889.1,844,875.7,276046986.8,875.7,upbit,2026-06-28T04:34:13Z
KRW-XRP,2024-04-09T00:00:00,2024-04-09T09:00:00,875.8,914.6,860.6,883,432735763.9,883,upbit,2026-06-28T04:34:13Z
KRW-XRP,2024-04-10T00:00:00,2024-04-10T09:00:00,882.7,888.7,860,880.7,228301996.9,880.7,upbit,2026-06-28T04:34:13Z
KRW-XRP,2024-04-11T00:00:00,2024-04-11T09:00:00,880.7,884.8,868.3,873.3,153365523.1,873.3,upbit,2026-06-28T04:34:13Z
KRW-XRP,2024-04-12T00:00:00,2024-04-12T09:00:00,873.3,878.7,782.5,812.9,416311243.6,812.9,upbit,2026-06-28T04:34:13Z
KRW-XRP,2024-04-13T00:00:00,2024-04-13T09:00:00,813,814.4,671.1,725.7,666781707.4,725.7,upbit,2026-06-28T04:34:13Z
KRW-XRP,2024-04-14T00:00:00,2024-04-14T09:00:00,725.7,766.2,707,757.9,415850571.6,757.9,upbit,2026-06-28T04:34:13Z
KRW-XRP,2024-04-15T00:00:00,2024-04-15T09:00:00,757.9,774,734,756.6,350996149.5,756.6,upbit,2026-06-28T04:34:13Z
KRW-XRP,2024-04-16T00:00:00,2024-04-16T09:00:00,756.5,757.4,719.9,743.5,279394690.9,743.5,upbit,2026-06-28T04:34:13Z
KRW-XRP,2024-04-17T00:00:00,2024-04-17T09:00:00,743.9,757,711.3,738.8,290021337.1,738.8,upbit,2026-06-28T04:34:13Z
KRW-XRP,2024-04-18T00:00:00,2024-04-18T09:00:00,738.8,743,719,739.5,235396365,739.5,upbit,2026-06-28T04:34:13Z
KRW-XRP,2024-04-19T00:00:00,2024-04-19T09:00:00,739.5,746.9,692.2,734.8,361182159.2,734.8,upbit,2026-06-28T04:34:13Z
KRW-XRP,2024-04-20T00:00:00,2024-04-20T09:00:00,734.8,774,731,772,211466223.6,772,upbit,2026-06-28T04:34:13Z
KRW-XRP,2024-04-21T00:00:00,2024-04-21T09:00:00,772,785,760.2,765.9,151661987,765.9,upbit,2026-06-28T04:34:13Z
KRW-XRP,2024-04-22T00:00:00,2024-04-22T09:00:00,765.9,829,762.5,807.8,227663622.7,807.8,upbit,2026-06-28T04:34:13Z
KRW-XRP,2024-04-23T00:00:00,2024-04-23T09:00:00,807.8,811.8,784.8,788.7,216361785.6,788.7,upbit,2026-06-28T04:34:13Z
KRW-XRP,2024-04-24T00:00:00,2024-04-24T09:00:00,788.7,795.2,760.2,766.9,211955289.9,766.9,upbit,2026-06-28T04:34:13Z
KRW-XRP,2024-04-25T00:00:00,2024-04-25T09:00:00,766.8,772.6,743.8,754.9,161591172.2,754.9,upbit,2026-06-28T04:34:13Z
KRW-XRP,2024-04-26T00:00:00,2024-04-26T09:00:00,755.1,768.7,741.5,758.5,139524672.6,758.5,upbit,2026-06-28T04:34:13Z
KRW-XRP,2024-04-27T00:00:00,2024-04-27T09:00:00,758.5,758.9,736.1,746.7,100452421.1,746.7,upbit,2026-06-28T04:34:13Z
KRW-XRP,2024-04-28T00:00:00,2024-04-28T09:00:00,746.7,755,730.5,731.9,85811384.64,731.9,upbit,2026-06-28T04:34:13Z
KRW-XRP,2024-04-29T00:00:00,2024-04-29T09:00:00,732.1,741.4,712,737.1,173844130.8,737.1,upbit,2026-06-28T04:34:13Z
KRW-XRP,2024-04-30T00:00:00,2024-04-30T09:00:00,737.1,743.4,700.3,718,198698846.5,718,upbit,2026-06-28T04:34:13Z
KRW-XRP,2024-05-01T00:00:00,2024-05-01T09:00:00,718.2,741.7,680,739.2,306321404.1,739.2,upbit,2026-06-28T04:34:13Z
KRW-XRP,2024-05-02T00:00:00,2024-05-02T09:00:00,739.5,743,715,728.5,133840381.8,728.5,upbit,2026-06-28T04:34:13Z
KRW-XRP,2024-05-03T00:00:00,2024-05-03T09:00:00,728.7,758.3,726.9,753.7,187254373.8,753.7,upbit,2026-06-28T04:34:13Z
KRW-XRP,2024-05-04T00:00:00,2024-05-04T09:00:00,753.7,765,742,750.2,122991847.4,750.2,upbit,2026-06-28T04:34:13Z
KRW-XRP,2024-05-05T00:00:00,2024-05-05T09:00:00,750.1,751.7,736.4,745,71547942.84,745,upbit,2026-06-28T04:34:13Z
KRW-XRP,2024-05-06T00:00:00,2024-05-06T09:00:00,745,798.8,737.7,758,247128283.5,758,upbit,2026-06-28T04:34:13Z
KRW-XRP,2024-05-07T00:00:00,2024-05-07T09:00:00,758.6,764,735.1,737.9,146118982.5,737.9,upbit,2026-06-28T04:34:13Z
KRW-XRP,2024-05-08T00:00:00,2024-05-08T09:00:00,737.9,744.1,721.2,725.2,153476148,725.2,upbit,2026-06-28T04:34:13Z
KRW-XRP,2024-05-09T00:00:00,2024-05-09T09:00:00,725.2,731.8,714,727.8,122103178.2,727.8,upbit,2026-06-28T04:34:13Z
KRW-XRP,2024-05-10T00:00:00,2024-05-10T09:00:00,727.8,727.8,700.8,709,171099937.6,709,upbit,2026-06-28T04:34:13Z
KRW-XRP,2024-05-11T00:00:00,2024-05-11T09:00:00,709,714.7,705.1,712.8,61766648.93,712.8,upbit,2026-06-28T04:34:13Z
KRW-XRP,2024-05-12T00:00:00,2024-05-12T09:00:00,713.6,716.8,702,703.3,58287866.85,703.3,upbit,2026-06-28T04:34:13Z
KRW-XRP,2024-05-13T00:00:00,2024-05-13T09:00:00,703.4,714.3,686.1,706.2,160406575.1,706.2,upbit,2026-06-28T04:34:13Z
KRW-XRP,2024-05-14T00:00:00,2024-05-14T09:00:00,705.8,719,697.6,703.4,112331857.2,703.4,upbit,2026-06-28T04:34:13Z
KRW-XRP,2024-05-15T00:00:00,2024-05-15T09:00:00,703.4,723.3,699,721.3,149875795.3,721.3,upbit,2026-06-28T04:34:13Z
KRW-XRP,2024-05-16T00:00:00,2024-05-16T09:00:00,721.3,726,714.1,717.1,113982848.6,717.1,upbit,2026-06-28T04:34:13Z
KRW-XRP,2024-05-17T00:00:00,2024-05-17T09:00:00,717.3,730,715.2,724.4,96800325.58,724.4,upbit,2026-06-28T04:34:13Z
KRW-XRP,2024-05-18T00:00:00,2024-05-18T09:00:00,724.1,729,721.2,724.5,57952360.85,724.5,upbit,2026-06-28T04:34:13Z
KRW-XRP,2024-05-19T00:00:00,2024-05-19T09:00:00,724.6,726.8,706.2,709,79781880.86,709,upbit,2026-06-28T04:34:13Z
KRW-XRP,2024-05-20T00:00:00,2024-05-20T09:00:00,709,734,703.5,733.3,166247980.8,733.3,upbit,2026-06-28T04:34:13Z
KRW-XRP,2024-05-21T00:00:00,2024-05-21T09:00:00,733.3,767.4,726.6,740.8,240130940.9,740.8,upbit,2026-06-28T04:34:13Z
KRW-XRP,2024-05-22T00:00:00,2024-05-22T09:00:00,740.8,742,722.9,726.6,118290613.2,726.6,upbit,2026-06-28T04:34:13Z
KRW-XRP,2024-05-23T00:00:00,2024-05-23T09:00:00,726.6,763.8,710,738.7,305800034,738.7,upbit,2026-06-28T04:34:13Z
KRW-XRP,2024-05-24T00:00:00,2024-05-24T09:00:00,738.7,749.7,724.6,744.1,169453380.7,744.1,upbit,2026-06-28T04:34:13Z
KRW-XRP,2024-05-25T00:00:00,2024-05-25T09:00:00,744.1,754.2,741.8,752.1,92403961.58,752.1,upbit,2026-06-28T04:34:13Z
KRW-XRP,2024-05-26T00:00:00,2024-05-26T09:00:00,752.1,752.7,736,736.3,81229391.32,736.3,upbit,2026-06-28T04:34:13Z
KRW-XRP,2024-05-27T00:00:00,2024-05-27T09:00:00,736.5,746.5,730.5,738.9,108180967.9,738.9,upbit,2026-06-28T04:34:13Z
KRW-XRP,2024-05-28T00:00:00,2024-05-28T09:00:00,739,739.9,723.8,731.6,104796072.5,731.6,upbit,2026-06-28T04:34:13Z
KRW-XRP,2024-05-29T00:00:00,2024-05-29T09:00:00,731.4,739.1,724,728.2,147491166.3,728.2,upbit,2026-06-28T04:34:13Z
KRW-XRP,2024-05-30T00:00:00,2024-05-30T09:00:00,728.2,731.9,716.1,721.9,161629532.1,721.9,upbit,2026-06-28T04:34:13Z
KRW-XRP,2024-05-31T00:00:00,2024-05-31T09:00:00,722.1,734.4,719.6,724.4,110628193.7,724.4,upbit,2026-06-28T04:34:13Z
KRW-XRP,2024-06-01T00:00:00,2024-06-01T09:00:00,724.3,729.8,723,726,38738718.55,726,upbit,2026-06-28T04:34:13Z
KRW-XRP,2024-06-02T00:00:00,2024-06-02T09:00:00,725.9,727.8,716.1,720.2,58203480.45,720.2,upbit,2026-06-28T04:34:13Z
KRW-XRP,2024-06-03T00:00:00,2024-06-03T09:00:00,720.2,727.3,718,725.1,72305958.69,725.1,upbit,2026-06-28T04:34:13Z
KRW-XRP,2024-06-04T00:00:00,2024-06-04T09:00:00,724.6,733.8,721.8,727.2,87866523.33,727.2,upbit,2026-06-28T04:34:13Z
KRW-XRP,2024-06-05T00:00:00,2024-06-05T09:00:00,727.2,735.7,725.5,728.3,94332891.28,728.3,upbit,2026-06-28T04:34:13Z
KRW-XRP,2024-06-06T00:00:00,2024-06-06T09:00:00,728,733.1,722.1,725,110858654.4,725,upbit,2026-06-28T04:34:13Z
KRW-XRP,2024-06-07T00:00:00,2024-06-07T09:00:00,725,731.9,660,704.3,192477002.3,704.3,upbit,2026-06-28T04:34:13Z
KRW-XRP,2024-06-08T00:00:00,2024-06-08T09:00:00,704.3,706.6,694,698,80906367.75,698,upbit,2026-06-28T04:34:13Z
KRW-XRP,2024-06-09T00:00:00,2024-06-09T09:00:00,698.1,702.5,696,700.7,49813379.91,700.7,upbit,2026-06-28T04:34:13Z
KRW-XRP,2024-06-10T00:00:00,2024-06-10T09:00:00,700.7,706.9,691.7,695.3,76320754.36,695.3,upbit,2026-06-28T04:34:13Z
KRW-XRP,2024-06-11T00:00:00,2024-06-11T09:00:00,695.3,696.2,670,680.8,145323305.2,680.8,upbit,2026-06-28T04:34:13Z
KRW-XRP,2024-06-12T00:00:00,2024-06-12T09:00:00,680.8,699.7,670.1,690.2,132962127.4,690.2,upbit,2026-06-28T04:34:13Z
KRW-XRP,2024-06-13T00:00:00,2024-06-13T09:00:00,690.2,690.8,675.4,676.4,84415911.7,676.4,upbit,2026-06-28T04:34:13Z
KRW-XRP,2024-06-14T00:00:00,2024-06-14T09:00:00,676.5,681,662.3,675.7,104094224.4,675.7,upbit,2026-06-28T04:34:13Z
KRW-XRP,2024-06-15T00:00:00,2024-06-15T09:00:00,675.5,714.9,674,695.6,75259936.79,695.6,upbit,2026-06-28T04:34:13Z
KRW-XRP,2024-06-16T00:00:00,2024-06-16T09:00:00,695.5,707.5,689.8,691.1,78362985.75,691.1,upbit,2026-06-28T04:34:13Z
KRW-XRP,2024-06-17T00:00:00,2024-06-17T09:00:00,691.2,731,682.3,710.5,304441150.4,710.5,upbit,2026-06-28T04:34:13Z
KRW-XRP,2024-06-18T00:00:00,2024-06-18T09:00:00,710.5,718.6,671,689.8,236740259.9,689.8,upbit,2026-06-28T04:34:13Z
KRW-XRP,2024-06-19T00:00:00,2024-06-19T09:00:00,690.9,703.6,685,695.5,103264170.4,695.5,upbit,2026-06-28T04:34:13Z
KRW-XRP,2024-06-20T00:00:00,2024-06-20T09:00:00,695.6,708.2,691.5,691.6,111708015.9,691.6,upbit,2026-06-28T04:34:13Z
KRW-XRP,2024-06-21T00:00:00,2024-06-21T09:00:00,691.6,698.6,678.6,688.6,99677394.15,688.6,upbit,2026-06-28T04:34:13Z
KRW-XRP,2024-06-22T00:00:00,2024-06-22T09:00:00,688.7,690.9,685.1,688.6,36902108.47,688.6,upbit,2026-06-28T04:34:13Z
KRW-XRP,2024-06-23T00:00:00,2024-06-23T09:00:00,688.6,691,674.2,676.4,54726317.94,676.4,upbit,2026-06-28T04:34:13Z
KRW-XRP,2024-06-24T00:00:00,2024-06-24T09:00:00,676.5,680.2,656.1,671.5,159111763.9,671.5,upbit,2026-06-28T04:34:13Z
KRW-XRP,2024-06-25T00:00:00,2024-06-25T09:00:00,671.6,678.1,667.5,672.9,101630079.4,672.9,upbit,2026-06-28T04:34:13Z
KRW-XRP,2024-06-26T00:00:00,2024-06-26T09:00:00,672.9,675.6,659.5,664,94497158.73,664,upbit,2026-06-28T04:34:13Z
KRW-XRP,2024-06-27T00:00:00,2024-06-27T09:00:00,664,671.4,656.1,668.7,82955901.11,668.7,upbit,2026-06-28T04:34:13Z
KRW-XRP,2024-06-28T00:00:00,2024-06-28T09:00:00,668.8,675,663,665,72716385.1,665,upbit,2026-06-28T04:34:13Z
KRW-XRP,2024-06-29T00:00:00,2024-06-29T09:00:00,665,671,664.1,665.8,29648609.12,665.8,upbit,2026-06-28T04:34:13Z
KRW-XRP,2024-06-30T00:00:00,2024-06-30T09:00:00,665.8,669.9,660.9,667.5,41480720.88,667.5,upbit,2026-06-28T04:34:13Z
KRW-XRP,2024-07-01T00:00:00,2024-07-01T09:00:00,667.5,679.5,666.2,670.2,74405876.19,670.2,upbit,2026-06-28T04:34:13Z
KRW-XRP,2024-07-02T00:00:00,2024-07-02T09:00:00,670.2,686.1,668.5,681.2,78565586.21,681.2,upbit,2026-06-28T04:34:13Z
KRW-XRP,2024-07-03T00:00:00,2024-07-03T09:00:00,681.2,684.7,655,662.3,117442117.6,662.3,upbit,2026-06-28T04:34:13Z
KRW-XRP,2024-07-04T00:00:00,2024-07-04T09:00:00,662.5,665.3,619.2,619.9,214640202.6,619.9,upbit,2026-06-28T04:34:13Z
KRW-XRP,2024-07-05T00:00:00,2024-07-05T09:00:00,619.9,620.7,560.2,608.6,330724577.5,608.6,upbit,2026-06-28T04:34:13Z
KRW-XRP,2024-07-06T00:00:00,2024-07-06T09:00:00,608.6,639.7,603,637.6,93268544.79,637.6,upbit,2026-06-28T04:34:13Z
KRW-XRP,2024-07-07T00:00:00,2024-07-07T09:00:00,637.7,639,595.2,596.9,100675294.5,596.9,upbit,2026-06-28T04:34:13Z
KRW-XRP,2024-07-08T00:00:00,2024-07-08T09:00:00,597,628,578,612.5,165742912,612.5,upbit,2026-06-28T04:34:13Z
KRW-XRP,2024-07-09T00:00:00,2024-07-09T09:00:00,612.5,618.8,608.7,615.7,87782538.94,615.7,upbit,2026-06-28T04:34:13Z
KRW-XRP,2024-07-10T00:00:00,2024-07-10T09:00:00,615.7,625.3,611.1,621.7,103753375.8,621.7,upbit,2026-06-28T04:34:13Z
KRW-XRP,2024-07-11T00:00:00,2024-07-11T09:00:00,621.6,639,619.5,634.2,115398205.3,634.2,upbit,2026-06-28T04:34:13Z
KRW-XRP,2024-07-12T00:00:00,2024-07-12T09:00:00,634.8,676,629.4,667.4,213779502.6,667.4,upbit,2026-06-28T04:34:13Z
KRW-XRP,2024-07-13T00:00:00,2024-07-13T09:00:00,668.2,791.7,666.1,736.6,504496710.1,736.6,upbit,2026-06-28T04:34:13Z
KRW-XRP,2024-07-14T00:00:00,2024-07-14T09:00:00,737,758.6,720,730.5,295219462.8,730.5,upbit,2026-06-28T04:34:13Z
KRW-XRP,2024-07-15T00:00:00,2024-07-15T09:00:00,730.6,757.2,730.5,754.8,237118899.5,754.8,upbit,2026-06-28T04:34:13Z
KRW-XRP,2024-07-16T00:00:00,2024-07-16T09:00:00,754.8,828.1,744.9,809,657790430.8,809,upbit,2026-06-28T04:34:13Z
KRW-XRP,2024-07-17T00:00:00,2024-07-17T09:00:00,808.9,888.3,807.5,874.8,696130278.1,874.8,upbit,2026-06-28T04:34:13Z
KRW-XRP,2024-07-18T00:00:00,2024-07-18T09:00:00,874.6,887.9,785.9,800,783286632.8,800,upbit,2026-06-28T04:34:13Z
KRW-XRP,2024-07-19T00:00:00,2024-07-19T09:00:00,800,819.4,757,800,500362892.8,800,upbit,2026-06-28T04:34:13Z
KRW-XRP,2024-07-20T00:00:00,2024-07-20T09:00:00,800,845.5,798.1,831.8,339077340.8,831.8,upbit,2026-06-28T04:34:13Z
KRW-XRP,2024-07-21T00:00:00,2024-07-21T09:00:00,832,853,806,834,295325550.5,834,upbit,2026-06-28T04:34:13Z
KRW-XRP,2024-07-22T00:00:00,2024-07-22T09:00:00,834,869.3,818.5,849.4,352367368.6,849.4,upbit,2026-06-28T04:34:13Z
KRW-XRP,2024-07-23T00:00:00,2024-07-23T09:00:00,849.4,860,817.5,836,239951752,836,upbit,2026-06-28T04:34:13Z
KRW-XRP,2024-07-24T00:00:00,2024-07-24T09:00:00,835.9,883.1,826,864.6,357370622,864.6,upbit,2026-06-28T04:34:13Z
KRW-XRP,2024-07-25T00:00:00,2024-07-25T09:00:00,864.6,876.5,823.5,842.1,416471324.4,842.1,upbit,2026-06-28T04:34:13Z
KRW-XRP,2024-07-26T00:00:00,2024-07-26T09:00:00,842.1,854.9,820.5,841.3,220699156.6,841.3,upbit,2026-06-28T04:34:13Z
KRW-XRP,2024-07-27T00:00:00,2024-07-27T09:00:00,841.3,848.2,820,828.5,159248797.2,828.5,upbit,2026-06-28T04:34:13Z
KRW-XRP,2024-07-28T00:00:00,2024-07-28T09:00:00,829,856.8,821.9,839.8,146261522.2,839.8,upbit,2026-06-28T04:34:13Z
KRW-XRP,2024-07-29T00:00:00,2024-07-29T09:00:00,839.2,850.9,830,843,151792612.7,843,upbit,2026-06-28T04:34:13Z
KRW-XRP,2024-07-30T00:00:00,2024-07-30T09:00:00,842.6,890.3,835.6,879.5,404016178.1,879.5,upbit,2026-06-28T04:34:13Z
KRW-XRP,2024-07-31T00:00:00,2024-07-31T09:00:00,878.9,920,870,870.4,486853859.9,870.4,upbit,2026-06-28T04:34:13Z
KRW-XRP,2024-08-01T00:00:00,2024-08-01T09:00:00,870.5,882,802,837.3,355334401.9,837.3,upbit,2026-06-28T04:34:13Z
KRW-XRP,2024-08-02T00:00:00,2024-08-02T09:00:00,837.7,838.7,772.5,790.2,361564971.5,790.2,upbit,2026-06-28T04:34:13Z
KRW-XRP,2024-08-03T00:00:00,2024-08-03T09:00:00,790,814.5,763.6,786.3,249349796.7,786.3,upbit,2026-06-28T04:34:13Z
KRW-XRP,2024-08-04T00:00:00,2024-08-04T09:00:00,786.2,789.2,734.4,735.5,240090701.5,735.5,upbit,2026-06-28T04:34:13Z
KRW-XRP,2024-08-05T00:00:00,2024-08-05T09:00:00,736,740.5,628,703.8,919535540.9,703.8,upbit,2026-06-28T04:34:13Z
KRW-XRP,2024-08-06T00:00:00,2024-08-06T09:00:00,703.8,750.1,703.1,724,340505666.9,724,upbit,2026-06-28T04:34:13Z
KRW-XRP,2024-08-07T00:00:00,2024-08-07T09:00:00,724,911.9,700.6,854,904833747.4,854,upbit,2026-06-28T04:34:13Z
KRW-XRP,2024-08-08T00:00:00,2024-08-08T09:00:00,854.3,900.2,821,862.2,807330486.7,862.2,upbit,2026-06-28T04:34:13Z
KRW-XRP,2024-08-09T00:00:00,2024-08-09T09:00:00,862.3,876.4,798,817.8,450733844.7,817.8,upbit,2026-06-28T04:34:13Z
KRW-XRP,2024-08-10T00:00:00,2024-08-10T09:00:00,817.8,846.5,813.1,821.3,243892070.5,821.3,upbit,2026-06-28T04:34:13Z
KRW-XRP,2024-08-11T00:00:00,2024-08-11T09:00:00,821.3,832.5,769.6,780,254137305.2,780,upbit,2026-06-28T04:34:13Z
KRW-XRP,2024-08-12T00:00:00,2024-08-12T09:00:00,780,813.9,775,795.9,252057974.6,795.9,upbit,2026-06-28T04:34:13Z
KRW-XRP,2024-08-13T00:00:00,2024-08-13T09:00:00,796.2,812.9,788,804.7,190755777.4,804.7,upbit,2026-06-28T04:34:13Z
KRW-XRP,2024-08-14T00:00:00,2024-08-14T09:00:00,804.8,810,790,798,153910735.4,798,upbit,2026-06-28T04:34:13Z
KRW-XRP,2024-08-15T00:00:00,2024-08-15T09:00:00,797.9,805,777.1,788.3,133500808.5,788.3,upbit,2026-06-28T04:34:13Z
KRW-XRP,2024-08-16T00:00:00,2024-08-16T09:00:00,788.3,796.1,777.4,787,109201844.3,787,upbit,2026-06-28T04:34:13Z
KRW-XRP,2024-08-17T00:00:00,2024-08-17T09:00:00,787,794.5,783.7,788,49496176.15,788,upbit,2026-06-28T04:34:13Z
KRW-XRP,2024-08-18T00:00:00,2024-08-18T09:00:00,788,810.2,784.7,784.8,82537007.87,784.8,upbit,2026-06-28T04:34:13Z
KRW-XRP,2024-08-19T00:00:00,2024-08-19T09:00:00,784.9,835,780.2,821,249382067.8,821,upbit,2026-06-28T04:34:13Z
KRW-XRP,2024-08-20T00:00:00,2024-08-20T09:00:00,820.7,834.8,804.6,812.1,179548500.8,812.1,upbit,2026-06-28T04:34:13Z
KRW-XRP,2024-08-21T00:00:00,2024-08-21T09:00:00,812.1,821.5,802,814,130886874.3,814,upbit,2026-06-28T04:34:13Z
KRW-XRP,2024-08-22T00:00:00,2024-08-22T09:00:00,814,817.6,806.1,810.9,90597150.7,810.9,upbit,2026-06-28T04:34:13Z
KRW-XRP,2024-08-23T00:00:00,2024-08-23T09:00:00,810.9,821.4,802.4,816,143765239.7,816,upbit,2026-06-28T04:34:13Z
KRW-XRP,2024-08-24T00:00:00,2024-08-24T09:00:00,816,843,810.2,820.1,180886729,820.1,upbit,2026-06-28T04:34:13Z
KRW-XRP,2024-08-25T00:00:00,2024-08-25T09:00:00,820.1,821.5,800.1,805.3,143081797.9,805.3,upbit,2026-06-28T04:34:13Z
KRW-XRP,2024-08-26T00:00:00,2024-08-26T09:00:00,805.2,807,780,789.2,144983160.3,789.2,upbit,2026-06-28T04:34:13Z
KRW-XRP,2024-08-27T00:00:00,2024-08-27T09:00:00,789.2,809.4,758,770.5,199979215.8,770.5,upbit,2026-06-28T04:34:13Z
KRW-XRP,2024-08-28T00:00:00,2024-08-28T09:00:00,770.5,792.8,762.6,777,152046838.9,777,upbit,2026-06-28T04:34:13Z
KRW-XRP,2024-08-29T00:00:00,2024-08-29T09:00:00,777.1,783,760,764.3,101980931,764.3,upbit,2026-06-28T04:34:13Z
KRW-XRP,2024-08-30T00:00:00,2024-08-30T09:00:00,764.2,772.9,748.5,770.8,109207497.8,770.8,upbit,2026-06-28T04:34:13Z
KRW-XRP,2024-08-31T00:00:00,2024-08-31T09:00:00,770.9,778.2,766,770,47567999.07,770,upbit,2026-06-28T04:34:13Z
KRW-XRP,2024-09-01T00:00:00,2024-09-01T09:00:00,770,771.1,745.1,747.8,79918478.02,747.8,upbit,2026-06-28T04:34:13Z
KRW-XRP,2024-09-02T00:00:00,2024-09-02T09:00:00,748,772,743.2,769.6,86744181.15,769.6,upbit,2026-06-28T04:34:13Z
KRW-XRP,2024-09-03T00:00:00,2024-09-03T09:00:00,769.6,776.4,757.9,758.1,80656563,758.1,upbit,2026-06-28T04:34:13Z
KRW-XRP,2024-09-04T00:00:00,2024-09-04T09:00:00,758.3,765.6,731.5,757.2,106372051.2,757.2,upbit,2026-06-28T04:34:13Z
KRW-XRP,2024-09-05T00:00:00,2024-09-05T09:00:00,757.6,758.8,735.3,740.1,82629663.01,740.1,upbit,2026-06-28T04:34:13Z
KRW-XRP,2024-09-06T00:00:00,2024-09-06T09:00:00,740,741,690.5,711.3,187994449.5,711.3,upbit,2026-06-28T04:34:13Z
KRW-XRP,2024-09-07T00:00:00,2024-09-07T09:00:00,711.2,724.1,706.5,714,57804834.14,714,upbit,2026-06-28T04:34:13Z
KRW-XRP,2024-09-08T00:00:00,2024-09-08T09:00:00,714,720.7,708.3,718,46622774.58,718,upbit,2026-06-28T04:34:13Z
KRW-XRP,2024-09-09T00:00:00,2024-09-09T09:00:00,718,734.9,714.7,731,69714977.67,731,upbit,2026-06-28T04:34:13Z
KRW-XRP,2024-09-10T00:00:00,2024-09-10T09:00:00,731,734.5,723.1,732.1,61782297.44,732.1,upbit,2026-06-28T04:34:13Z
KRW-XRP,2024-09-11T00:00:00,2024-09-11T09:00:00,732.1,733,710,721.3,82854089.38,721.3,upbit,2026-06-28T04:34:13Z
KRW-XRP,2024-09-12T00:00:00,2024-09-12T09:00:00,720.9,805,720.3,756.7,310746798.4,756.7,upbit,2026-06-28T04:34:13Z
KRW-XRP,2024-09-13T00:00:00,2024-09-13T09:00:00,757,772.1,746.5,765.5,183096203.9,765.5,upbit,2026-06-28T04:34:13Z
KRW-XRP,2024-09-14T00:00:00,2024-09-14T09:00:00,766.2,804.1,763.1,798.3,170163271.5,798.3,upbit,2026-06-28T04:34:13Z
KRW-XRP,2024-09-15T00:00:00,2024-09-15T09:00:00,798.6,798.6,767,769.4,121004457.3,769.4,upbit,2026-06-28T04:34:13Z
KRW-XRP,2024-09-16T00:00:00,2024-09-16T09:00:00,769.4,797.1,754.4,789.9,132757630.8,789.9,upbit,2026-06-28T04:34:13Z
KRW-XRP,2024-09-17T00:00:00,2024-09-17T09:00:00,789.9,795.7,780.1,785.1,100727815.7,785.1,upbit,2026-06-28T04:34:13Z
KRW-XRP,2024-09-18T00:00:00,2024-09-18T09:00:00,785.4,785.4,760,783.1,125349578.5,783.1,upbit,2026-06-28T04:34:13Z
KRW-XRP,2024-09-19T00:00:00,2024-09-19T09:00:00,783.2,792.9,777,782.5,140132179.1,782.5,upbit,2026-06-28T04:34:13Z
KRW-XRP,2024-09-20T00:00:00,2024-09-20T09:00:00,782.5,789.5,770.5,781.9,152727854.2,781.9,upbit,2026-06-28T04:34:13Z
KRW-XRP,2024-09-21T00:00:00,2024-09-21T09:00:00,781.8,817,777,796.4,134508213.4,796.4,upbit,2026-06-28T04:34:13Z
KRW-XRP,2024-09-22T00:00:00,2024-09-22T09:00:00,796.2,809.7,776.1,784.2,135615469.3,784.2,upbit,2026-06-28T04:34:13Z
KRW-XRP,2024-09-23T00:00:00,2024-09-23T09:00:00,784.3,794.5,775.1,781.7,93613816.92,781.7,upbit,2026-06-28T04:34:13Z
KRW-XRP,2024-09-24T00:00:00,2024-09-24T09:00:00,781.7,788.5,779,783.9,92421482.11,783.9,upbit,2026-06-28T04:34:13Z
KRW-XRP,2024-09-25T00:00:00,2024-09-25T09:00:00,784.2,790.4,779.5,780.1,98172782.11,780.1,upbit,2026-06-28T04:34:13Z
KRW-XRP,2024-09-26T00:00:00,2024-09-26T09:00:00,780.1,785,770,780,121282010.4,780,upbit,2026-06-28T04:34:13Z
KRW-XRP,2024-09-27T00:00:00,2024-09-27T09:00:00,780,784.1,772.2,778,154244860.7,778,upbit,2026-06-28T04:34:13Z
KRW-XRP,2024-09-28T00:00:00,2024-09-28T09:00:00,778.1,820,774.2,807.8,409040505.3,807.8,upbit,2026-06-28T04:34:13Z
KRW-XRP,2024-09-29T00:00:00,2024-09-29T09:00:00,807.7,869.9,802,838.9,370841398.7,838.9,upbit,2026-06-28T04:34:13Z
KRW-XRP,2024-09-30T00:00:00,2024-09-30T09:00:00,839,857.5,806.1,808.4,276153939,808.4,upbit,2026-06-28T04:34:13Z
KRW-XRP,2024-10-01T00:00:00,2024-10-01T09:00:00,808.4,837.8,780,800,340525148.6,800,upbit,2026-06-28T04:34:13Z
KRW-XRP,2024-10-02T00:00:00,2024-10-02T09:00:00,800.1,813,710.3,725.3,418688099.5,725.3,upbit,2026-06-28T04:34:13Z
KRW-XRP,2024-10-03T00:00:00,2024-10-03T09:00:00,725.3,735.4,690,707.6,463572822.6,707.6,upbit,2026-06-28T04:34:13Z
KRW-XRP,2024-10-04T00:00:00,2024-10-04T09:00:00,707.6,728,697.7,720.8,212519953.5,720.8,upbit,2026-06-28T04:34:13Z
KRW-XRP,2024-10-05T00:00:00,2024-10-05T09:00:00,720.9,723.9,712,716.6,93167083.67,716.6,upbit,2026-06-28T04:34:13Z
KRW-XRP,2024-10-06T00:00:00,2024-10-06T09:00:00,716.6,722.8,714.1,717.4,84776541.92,717.4,upbit,2026-06-28T04:34:13Z
KRW-XRP,2024-10-07T00:00:00,2024-10-07T09:00:00,717.2,732,714.1,714.4,162150161.9,714.4,upbit,2026-06-28T04:34:13Z
KRW-XRP,2024-10-08T00:00:00,2024-10-08T09:00:00,714.4,724.2,707.7,718.8,95914044.21,718.8,upbit,2026-06-28T04:34:13Z
KRW-XRP,2024-10-09T00:00:00,2024-10-09T09:00:00,718.3,722.5,710,712.8,82946750.62,712.8,upbit,2026-06-28T04:34:13Z
KRW-XRP,2024-10-10T00:00:00,2024-10-10T09:00:00,712.8,739.9,709,721.3,221281294.3,721.3,upbit,2026-06-28T04:34:13Z
KRW-XRP,2024-10-11T00:00:00,2024-10-11T09:00:00,721.4,733,720.2,727.3,100483843.5,727.3,upbit,2026-06-28T04:34:13Z
KRW-XRP,2024-10-12T00:00:00,2024-10-12T09:00:00,727.3,730,722.6,726.2,65555700.82,726.2,upbit,2026-06-28T04:34:13Z
KRW-XRP,2024-10-13T00:00:00,2024-10-13T09:00:00,726.2,726.5,711.2,718.2,70329174.48,718.2,upbit,2026-06-28T04:34:13Z
KRW-XRP,2024-10-14T00:00:00,2024-10-14T09:00:00,718.2,740,712.6,735,133612207.3,735,upbit,2026-06-28T04:34:13Z
KRW-XRP,2024-10-15T00:00:00,2024-10-15T09:00:00,735,745.8,723.1,732,171135902,732,upbit,2026-06-28T04:34:13Z
KRW-XRP,2024-10-16T00:00:00,2024-10-16T09:00:00,732,749.3,729,742.6,127827834.5,742.6,upbit,2026-06-28T04:34:13Z
KRW-XRP,2024-10-17T00:00:00,2024-10-17T09:00:00,742.2,769.3,739.2,740.2,202870362.3,740.2,upbit,2026-06-28T04:34:13Z
KRW-XRP,2024-10-18T00:00:00,2024-10-18T09:00:00,740.4,753.5,734.5,745,134459123.2,745,upbit,2026-06-28T04:34:13Z
KRW-XRP,2024-10-19T00:00:00,2024-10-19T09:00:00,745,748.3,738.3,743.1,75689384.79,743.1,upbit,2026-06-28T04:34:13Z
KRW-XRP,2024-10-20T00:00:00,2024-10-20T09:00:00,743,746,735.1,745.2,76140070.39,745.2,upbit,2026-06-28T04:34:13Z
KRW-XRP,2024-10-21T00:00:00,2024-10-21T09:00:00,745.2,766.6,740.6,746.1,177090895.9,746.1,upbit,2026-06-28T04:34:13Z
KRW-XRP,2024-10-22T00:00:00,2024-10-22T09:00:00,747.2,754.5,730.1,735.2,122186717.2,735.2,upbit,2026-06-28T04:34:13Z
KRW-XRP,2024-10-23T00:00:00,2024-10-23T09:00:00,735.2,736.3,713,728.1,93612769.5,728.1,upbit,2026-06-28T04:34:13Z
KRW-XRP,2024-10-24T00:00:00,2024-10-24T09:00:00,728.1,736,725.1,733.7,72875137.18,733.7,upbit,2026-06-28T04:34:13Z
KRW-XRP,2024-10-25T00:00:00,2024-10-25T09:00:00,733.7,733.8,693,706.9,125274991,706.9,upbit,2026-06-28T04:34:13Z
KRW-XRP,2024-10-26T00:00:00,2024-10-26T09:00:00,706.9,722,701.9,718.6,68580570.73,718.6,upbit,2026-06-28T04:34:13Z
KRW-XRP,2024-10-27T00:00:00,2024-10-27T09:00:00,718.6,723,715.1,720.4,43320514.2,720.4,upbit,2026-06-28T04:34:13Z
KRW-XRP,2024-10-28T00:00:00,2024-10-28T09:00:00,720.5,726,715.2,723.3,89157535.67,723.3,upbit,2026-06-28T04:34:13Z
KRW-XRP,2024-10-29T00:00:00,2024-10-29T09:00:00,723.4,737,722,735.6,134725454.8,735.6,upbit,2026-06-28T04:34:13Z
KRW-XRP,2024-10-30T00:00:00,2024-10-30T09:00:00,735.7,735.8,721.1,727.1,89981435.26,727.1,upbit,2026-06-28T04:34:13Z
KRW-XRP,2024-10-31T00:00:00,2024-10-31T09:00:00,727.3,727.9,705.1,711.6,115620449.5,711.6,upbit,2026-06-28T04:34:13Z
KRW-XRP,2024-11-01T00:00:00,2024-11-01T09:00:00,711.6,729.4,700,718,164312949.1,718,upbit,2026-06-28T04:34:13Z
KRW-XRP,2024-11-02T00:00:00,2024-11-02T09:00:00,718.1,723,710.9,715.2,55003949.59,715.2,upbit,2026-06-28T04:34:13Z
KRW-XRP,2024-11-03T00:00:00,2024-11-03T09:00:00,715.1,716.1,686.1,701.8,154363338.2,701.8,upbit,2026-06-28T04:34:13Z
KRW-XRP,2024-11-04T00:00:00,2024-11-04T09:00:00,701.5,714.4,690.9,700,112361383.4,700,upbit,2026-06-28T04:34:13Z
KRW-XRP,2024-11-05T00:00:00,2024-11-05T09:00:00,700.1,724.3,698.6,713,130991525.6,713,upbit,2026-06-28T04:34:13Z
KRW-XRP,2024-11-06T00:00:00,2024-11-06T09:00:00,713,750,711.7,746.5,381590213.8,746.5,upbit,2026-06-28T04:34:13Z
KRW-XRP,2024-11-07T00:00:00,2024-11-07T09:00:00,746.4,798.7,738.2,763.2,374352214.9,763.2,upbit,2026-06-28T04:34:13Z
KRW-XRP,2024-11-08T00:00:00,2024-11-08T09:00:00,763.2,773.9,754.6,772,195998783.5,772,upbit,2026-06-28T04:34:13Z
KRW-XRP,2024-11-09T00:00:00,2024-11-09T09:00:00,772,777.3,760.2,774.5,159251710.8,774.5,upbit,2026-06-28T04:34:13Z
KRW-XRP,2024-11-10T00:00:00,2024-11-10T09:00:00,774.4,855.5,770.6,815.2,757388134.6,815.2,upbit,2026-06-28T04:34:13Z
KRW-XRP,2024-11-11T00:00:00,2024-11-11T09:00:00,814.3,877.7,793,869,648229610.1,869,upbit,2026-06-28T04:34:13Z
KRW-XRP,2024-11-12T00:00:00,2024-11-12T09:00:00,869,1049,830,1002,2311371895,1002,upbit,2026-06-28T04:34:13Z
KRW-XRP,2024-11-13T00:00:00,2024-11-13T09:00:00,1002,1064,916,978,1289250059,978,upbit,2026-06-28T04:34:13Z
KRW-XRP,2024-11-14T00:00:00,2024-11-14T09:00:00,977.5,1197,968.5,1095,1552820511,1095,upbit,2026-06-28T04:34:13Z
KRW-XRP,2024-11-15T00:00:00,2024-11-15T09:00:00,1095,1299,1090,1259,1745039822,1259,upbit,2026-06-28T04:34:13Z
KRW-XRP,2024-11-16T00:00:00,2024-11-16T09:00:00,1259,1759,1237,1573,3339756666,1573,upbit,2026-06-28T04:34:13Z
KRW-XRP,2024-11-17T00:00:00,2024-11-17T09:00:00,1572,1640,1413,1485,1476845050,1485,upbit,2026-06-28T04:34:13Z
KRW-XRP,2024-11-18T00:00:00,2024-11-18T09:00:00,1485,1661,1484,1566,1197946726,1566,upbit,2026-06-28T04:34:13Z
KRW-XRP,2024-11-19T00:00:00,2024-11-19T09:00:00,1565,1613,1507,1548,588761973.3,1548,upbit,2026-06-28T04:34:13Z
KRW-XRP,2024-11-20T00:00:00,2024-11-20T09:00:00,1548,1613,1484,1562,675603874.6,1562,upbit,2026-06-28T04:34:13Z
KRW-XRP,2024-11-21T00:00:00,2024-11-21T09:00:00,1562,1764,1532,1741,1008822893,1741,upbit,2026-06-28T04:34:13Z
KRW-XRP,2024-11-22T00:00:00,2024-11-22T09:00:00,1741,2088,1741,2038,2624310678,2038,upbit,2026-06-28T04:34:13Z
KRW-XRP,2024-11-23T00:00:00,2024-11-23T09:00:00,2039,2256,1979,2046,1414361429,2046,upbit,2026-06-28T04:34:13Z
KRW-XRP,2024-11-24T00:00:00,2024-11-24T09:00:00,2046,2098,1760,1991,1237026496,1991,upbit,2026-06-28T04:34:13Z
KRW-XRP,2024-11-25T00:00:00,2024-11-25T09:00:00,1991,2119,1865,1975,949172377.5,1975,upbit,2026-06-28T04:34:13Z
KRW-XRP,2024-11-26T00:00:00,2024-11-26T09:00:00,1974,2027,1803,1956,784219248.4,1956,upbit,2026-06-28T04:34:13Z
KRW-XRP,2024-11-27T00:00:00,2024-11-27T09:00:00,1955,2096,1895,2040,644933395.9,2040,upbit,2026-06-28T04:34:13Z
KRW-XRP,2024-11-28T00:00:00,2024-11-28T09:00:00,2040,2152,2000,2147,432346615.6,2147,upbit,2026-06-28T04:34:13Z
KRW-XRP,2024-11-29T00:00:00,2024-11-29T09:00:00,2148,2498,2123,2488,1278883890,2488,upbit,2026-06-28T04:34:13Z
KRW-XRP,2024-11-30T00:00:00,2024-11-30T09:00:00,2488,2707,2443,2704,1256599273,2704,upbit,2026-06-28T04:34:13Z
KRW-XRP,2024-12-01T00:00:00,2024-12-01T09:00:00,2703,3230,2580,3163,1151059335,3163,upbit,2026-06-28T04:34:13Z
KRW-XRP,2024-12-02T00:00:00,2024-12-02T09:00:00,3162,3957,3093,3803,2491176964,3803,upbit,2026-06-28T04:34:13Z
KRW-XRP,2024-12-03T00:00:00,2024-12-03T09:00:00,3803,4025,1623,3510,3098118229,3510,upbit,2026-06-28T04:34:13Z
KRW-XRP,2024-12-04T00:00:00,2024-12-04T09:00:00,3510,3752,3200,3323,1084662041,3323,upbit,2026-06-28T04:34:13Z
KRW-XRP,2024-12-05T00:00:00,2024-12-05T09:00:00,3325,3504,3021,3187,1165025118,3187,upbit,2026-06-28T04:34:13Z
KRW-XRP,2024-12-06T00:00:00,2024-12-06T09:00:00,3189,3415,3150,3383,688036228.2,3383,upbit,2026-06-28T04:34:13Z
KRW-XRP,2024-12-07T00:00:00,2024-12-07T09:00:00,3384,3643,3305,3632,620231241.3,3632,upbit,2026-06-28T04:34:13Z
KRW-XRP,2024-12-08T00:00:00,2024-12-08T09:00:00,3632,3690,3492,3627,479351473.6,3627,upbit,2026-06-28T04:34:13Z
KRW-XRP,2024-12-09T00:00:00,2024-12-09T09:00:00,3628,3643,2935,3163,1056248055,3163,upbit,2026-06-28T04:34:13Z
KRW-XRP,2024-12-10T00:00:00,2024-12-10T09:00:00,3164,3445,2772,3393,1525440650,3393,upbit,2026-06-28T04:34:13Z
KRW-XRP,2024-12-11T00:00:00,2024-12-11T09:00:00,3393,3500,3176,3390,714060790.9,3390,upbit,2026-06-28T04:34:13Z
KRW-XRP,2024-12-12T00:00:00,2024-12-12T09:00:00,3389,3514,3306,3339,475886130.7,3339,upbit,2026-06-28T04:34:13Z
KRW-XRP,2024-12-13T00:00:00,2024-12-13T09:00:00,3339,3513,3279,3449,405136543.5,3449,upbit,2026-06-28T04:34:13Z
KRW-XRP,2024-12-14T00:00:00,2024-12-14T09:00:00,3450,3598,3370,3451,441456922.3,3451,upbit,2026-06-28T04:34:13Z
KRW-XRP,2024-12-15T00:00:00,2024-12-15T09:00:00,3449,3525,3418,3493,250214806.6,3493,upbit,2026-06-28T04:34:13Z
KRW-XRP,2024-12-16T00:00:00,2024-12-16T09:00:00,3494,3711,3402,3592,531768350.7,3592,upbit,2026-06-28T04:34:13Z
KRW-XRP,2024-12-17T00:00:00,2024-12-17T09:00:00,3593,3945,3535,3756,873772074.4,3756,upbit,2026-06-28T04:34:13Z
KRW-XRP,2024-12-18T00:00:00,2024-12-18T09:00:00,3756,3798,3350,3409,727181597,3409,upbit,2026-06-28T04:34:13Z
KRW-XRP,2024-12-19T00:00:00,2024-12-19T09:00:00,3409,3628,3245,3382,867077256.8,3382,upbit,2026-06-28T04:34:13Z
KRW-XRP,2024-12-20T00:00:00,2024-12-20T09:00:00,3382,3531,2990,3452,1177434689,3452,upbit,2026-06-28T04:34:13Z
KRW-XRP,2024-12-21T00:00:00,2024-12-21T09:00:00,3452,3575,3312,3400,460875825.9,3400,upbit,2026-06-28T04:34:13Z
KRW-XRP,2024-12-22T00:00:00,2024-12-22T09:00:00,3399,3464,3310,3347,298811430,3347,upbit,2026-06-28T04:34:13Z
KRW-XRP,2024-12-23T00:00:00,2024-12-23T09:00:00,3349,3430,3241,3401,364009920.1,3401,upbit,2026-06-28T04:34:13Z
KRW-XRP,2024-12-24T00:00:00,2024-12-24T09:00:00,3400,3499,3338,3454,264936354.2,3454,upbit,2026-06-28T04:34:13Z
KRW-XRP,2024-12-25T00:00:00,2024-12-25T09:00:00,3453,3487,3391,3423,257587748.3,3423,upbit,2026-06-28T04:34:13Z
KRW-XRP,2024-12-26T00:00:00,2024-12-26T09:00:00,3423,3448,3215,3242,268685263,3242,upbit,2026-06-28T04:34:13Z
KRW-XRP,2024-12-27T00:00:00,2024-12-27T09:00:00,3243,3353,3190,3233,251667613.3,3233,upbit,2026-06-28T04:34:13Z
KRW-XRP,2024-12-28T00:00:00,2024-12-28T09:00:00,3232,3295,3207,3260,111049047.7,3260,upbit,2026-06-28T04:34:13Z
KRW-XRP,2024-12-29T00:00:00,2024-12-29T09:00:00,3260,3280,3082,3124,162085990,3124,upbit,2026-06-28T04:34:13Z
KRW-XRP,2024-12-30T00:00:00,2024-12-30T09:00:00,3124,3192,2967,3057,331583953.3,3057,upbit,2026-06-28T04:34:13Z
KRW-XRP,2024-12-31T00:00:00,2024-12-31T09:00:00,3057,3228,2973,3105,302845112.7,3105,upbit,2026-06-28T04:34:13Z
KRW-XRP,2025-01-01T00:00:00,2025-01-01T09:00:00,3104,3505,3098,3479,390936574.5,3479,upbit,2026-06-28T04:34:13Z
KRW-XRP,2025-01-02T00:00:00,2025-01-02T09:00:00,3479,3665,3460,3561,385130444.9,3561,upbit,2026-06-28T04:34:13Z
KRW-XRP,2025-01-03T00:00:00,2025-01-03T09:00:00,3562,3654,3540,3619,243421846.5,3619,upbit,2026-06-28T04:34:13Z
KRW-XRP,2025-01-04T00:00:00,2025-01-04T09:00:00,3618,3688,3556,3570,209852861.1,3570,upbit,2026-06-28T04:34:13Z
KRW-XRP,2025-01-05T00:00:00,2025-01-05T09:00:00,3570,3586,3431,3529,215105671.8,3529,upbit,2026-06-28T04:34:13Z
KRW-XRP,2025-01-06T00:00:00,2025-01-06T09:00:00,3530,3596,3490,3553,167551364.1,3553,upbit,2026-06-28T04:34:13Z
KRW-XRP,2025-01-07T00:00:00,2025-01-07T09:00:00,3552,3606,3375,3393,260710368.9,3393,upbit,2026-06-28T04:34:13Z
KRW-XRP,2025-01-08T00:00:00,2025-01-08T09:00:00,3393,3584,3350,3553,342490264.6,3553,upbit,2026-06-28T04:34:13Z
KRW-XRP,2025-01-09T00:00:00,2025-01-09T09:00:00,3552,3578,3390,3430,216055663,3430,upbit,2026-06-28T04:34:13Z
KRW-XRP,2025-01-10T00:00:00,2025-01-10T09:00:00,3431,3558,3401,3526,172452210.1,3526,upbit,2026-06-28T04:34:13Z
KRW-XRP,2025-01-11T00:00:00,2025-01-11T09:00:00,3525,3894,3509,3852,339429418.8,3852,upbit,2026-06-28T04:34:13Z
KRW-XRP,2025-01-12T00:00:00,2025-01-12T09:00:00,3852,3866,3715,3764,217869193.4,3764,upbit,2026-06-28T04:34:13Z
KRW-XRP,2025-01-13T00:00:00,2025-01-13T09:00:00,3765,3845,3550,3794,433169098.4,3794,upbit,2026-06-28T04:34:13Z
KRW-XRP,2025-01-14T00:00:00,2025-01-14T09:00:00,3794,4000,3759,3961,335917578.5,3961,upbit,2026-06-28T04:34:13Z
KRW-XRP,2025-01-15T00:00:00,2025-01-15T09:00:00,3960,4690,3932,4617,967744296.2,4617,upbit,2026-06-28T04:34:13Z
KRW-XRP,2025-01-16T00:00:00,2025-01-16T09:00:00,4620,4973,4292,4758,1054367355,4758,upbit,2026-06-28T04:34:13Z
KRW-XRP,2025-01-17T00:00:00,2025-01-17T09:00:00,4756,4935,4700,4820,405691869.3,4820,upbit,2026-06-28T04:34:13Z
KRW-XRP,2025-01-18T00:00:00,2025-01-18T09:00:00,4822,4890,4578,4865,386724787.9,4865,upbit,2026-06-28T04:34:13Z
KRW-XRP,2025-01-19T00:00:00,2025-01-19T09:00:00,4865,4885,4319,4510,446184003.6,4510,upbit,2026-06-28T04:34:13Z
KRW-XRP,2025-01-20T00:00:00,2025-01-20T09:00:00,4512,4984,4433,4656,777588794.1,4656,upbit,2026-06-28T04:34:13Z
KRW-XRP,2025-01-21T00:00:00,2025-01-21T09:00:00,4656,4797,4551,4707,321665579.2,4707,upbit,2026-06-28T04:34:13Z
KRW-XRP,2025-01-22T00:00:00,2025-01-22T09:00:00,4709,4850,4693,4749,220103414.1,4749,upbit,2026-06-28T04:34:13Z
KRW-XRP,2025-01-23T00:00:00,2025-01-23T09:00:00,4747,4752,4562,4652,211442106.4,4652,upbit,2026-06-28T04:34:13Z
KRW-XRP,2025-01-24T00:00:00,2025-01-24T09:00:00,4652,4765,4570,4653,199872038,4653,upbit,2026-06-28T04:34:13Z
KRW-XRP,2025-01-25T00:00:00,2025-01-25T09:00:00,4653,4708,4645,4669,68089739.52,4669,upbit,2026-06-28T04:34:13Z
KRW-XRP,2025-01-26T00:00:00,2025-01-26T09:00:00,4668,4704,4586,4610,79042452.33,4610,upbit,2026-06-28T04:34:13Z
KRW-XRP,2025-01-27T00:00:00,2025-01-27T09:00:00,4607,4638,4197,4634,490726553.1,4634,upbit,2026-06-28T04:34:13Z
KRW-XRP,2025-01-28T00:00:00,2025-01-28T09:00:00,4634,4843,4554,4710,291310227.7,4710,upbit,2026-06-28T04:34:13Z
KRW-XRP,2025-01-29T00:00:00,2025-01-29T09:00:00,4710,4768,4612,4706,150051096.4,4706,upbit,2026-06-28T04:34:13Z
KRW-XRP,2025-01-30T00:00:00,2025-01-30T09:00:00,4707,4758,4683,4721,113116588.1,4721,upbit,2026-06-28T04:34:13Z
KRW-XRP,2025-01-31T00:00:00,2025-01-31T09:00:00,4721,4732,4605,4639,123130115.4,4639,upbit,2026-06-28T04:34:13Z
KRW-XRP,2025-02-01T00:00:00,2025-02-01T09:00:00,4639,4687,4409,4500,135352322.5,4500,upbit,2026-06-28T04:34:13Z
KRW-XRP,2025-02-02T00:00:00,2025-02-02T09:00:00,4500,4600,3954,4068,575220922.8,4068,upbit,2026-06-28T04:34:13Z
KRW-XRP,2025-02-03T00:00:00,2025-02-03T09:00:00,4069,4349,3133,4218,1952574868,4218,upbit,2026-06-28T04:34:13Z
KRW-XRP,2025-02-04T00:00:00,2025-02-04T09:00:00,4218,4349,3856,3984,683566857.5,3984,upbit,2026-06-28T04:34:13Z
KRW-XRP,2025-02-05T00:00:00,2025-02-05T09:00:00,3984,4035,3701,3732,319513109.8,3732,upbit,2026-06-28T04:34:13Z
KRW-XRP,2025-02-06T00:00:00,2025-02-06T09:00:00,3733,3832,3563,3644,311085737.8,3644,upbit,2026-06-28T04:34:13Z
KRW-XRP,2025-02-07T00:00:00,2025-02-07T09:00:00,3646,3918,3497,3715,444633032,3715,upbit,2026-06-28T04:34:13Z
KRW-XRP,2025-02-08T00:00:00,2025-02-08T09:00:00,3713,3759,3635,3729,142728003.4,3729,upbit,2026-06-28T04:34:13Z
KRW-XRP,2025-02-09T00:00:00,2025-02-09T09:00:00,3729,3848,3573,3661,208085335.1,3661,upbit,2026-06-28T04:34:13Z
KRW-XRP,2025-02-10T00:00:00,2025-02-10T09:00:00,3661,3745,3557,3675,175675430.8,3675,upbit,2026-06-28T04:34:13Z
KRW-XRP,2025-02-11T00:00:00,2025-02-11T09:00:00,3675,3810,3626,3681,176394125.3,3681,upbit,2026-06-28T04:34:13Z
KRW-XRP,2025-02-12T00:00:00,2025-02-12T09:00:00,3680,3768,3562,3737,200345174.5,3737,upbit,2026-06-28T04:34:13Z
KRW-XRP,2025-02-13T00:00:00,2025-02-13T09:00:00,3737,3922,3658,3858,173584832.5,3858,upbit,2026-06-28T04:34:13Z
KRW-XRP,2025-02-14T00:00:00,2025-02-14T09:00:00,3859,4239,3813,4118,364099222.5,4118,upbit,2026-06-28T04:34:13Z
KRW-XRP,2025-02-15T00:00:00,2025-02-15T09:00:00,4118,4263,4098,4172,173140901.2,4172,upbit,2026-06-28T04:34:13Z
KRW-XRP,2025-02-16T00:00:00,2025-02-16T09:00:00,4174,4220,4070,4131,111485665.6,4131,upbit,2026-06-28T04:34:13Z
KRW-XRP,2025-02-17T00:00:00,2025-02-17T09:00:00,4132,4160,3946,4008,152663580.6,4008,upbit,2026-06-28T04:34:13Z
KRW-XRP,2025-02-18T00:00:00,2025-02-18T09:00:00,4009,4020,3736,3853,205126787.7,3853,upbit,2026-06-28T04:34:13Z
KRW-XRP,2025-02-19T00:00:00,2025-02-19T09:00:00,3852,4105,3764,4088,194453828.2,4088,upbit,2026-06-28T04:34:13Z
KRW-XRP,2025-02-20T00:00:00,2025-02-20T09:00:00,4088,4104,3962,3981,140932844.8,3981,upbit,2026-06-28T04:34:13Z
KRW-XRP,2025-02-21T00:00:00,2025-02-21T09:00:00,3981,4000,3731,3816,188636026.8,3816,upbit,2026-06-28T04:34:13Z
KRW-XRP,2025-02-22T00:00:00,2025-02-22T09:00:00,3816,3855,3777,3796,75510107.9,3796,upbit,2026-06-28T04:34:13Z
KRW-XRP,2025-02-23T00:00:00,2025-02-23T09:00:00,3796,3830,3702,3779,94931510.19,3779,upbit,2026-06-28T04:34:13Z
KRW-XRP,2025-02-24T00:00:00,2025-02-24T09:00:00,3779,3820,3251,3294,414134153.1,3294,upbit,2026-06-28T04:34:13Z
KRW-XRP,2025-02-25T00:00:00,2025-02-25T09:00:00,3294,3450,2986,3391,913037128.2,3391,upbit,2026-06-28T04:34:13Z
KRW-XRP,2025-02-26T00:00:00,2025-02-26T09:00:00,3391,3408,3151,3205,305875558.6,3205,upbit,2026-06-28T04:34:13Z
KRW-XRP,2025-02-27T00:00:00,2025-02-27T09:00:00,3205,3305,3141,3222,232651909.7,3222,upbit,2026-06-28T04:34:13Z
KRW-XRP,2025-02-28T00:00:00,2025-02-28T09:00:00,3223,3228,2914,3163,525863921.4,3163,upbit,2026-06-28T04:34:13Z
KRW-XRP,2025-03-01T00:00:00,2025-03-01T09:00:00,3163,3303,3121,3263,200253635.7,3263,upbit,2026-06-28T04:34:13Z
KRW-XRP,2025-03-02T00:00:00,2025-03-02T09:00:00,3263,4465,3232,4440,880397091.5,4440,upbit,2026-06-28T04:34:13Z
KRW-XRP,2025-03-03T00:00:00,2025-03-03T09:00:00,4439,4488,3452,3602,786924044.2,3602,upbit,2026-06-28T04:34:13Z
KRW-XRP,2025-03-04T00:00:00,2025-03-04T09:00:00,3602,3812,3338,3668,681441124.3,3668,upbit,2026-06-28T04:34:13Z
KRW-XRP,2025-03-05T00:00:00,2025-03-05T09:00:00,3668,3802,3606,3723,282965967.4,3723,upbit,2026-06-28T04:34:13Z
KRW-XRP,2025-03-06T00:00:00,2025-03-06T09:00:00,3723,3933,3677,3866,307292274.3,3866,upbit,2026-06-28T04:34:13Z
KRW-XRP,2025-03-07T00:00:00,2025-03-07T09:00:00,3865,3906,3506,3559,487202742,3559,upbit,2026-06-28T04:34:13Z
KRW-XRP,2025-03-08T00:00:00,2025-03-08T09:00:00,3559,3601,3429,3472,188813698.4,3472,upbit,2026-06-28T04:34:13Z
KRW-XRP,2025-03-09T00:00:00,2025-03-09T09:00:00,3474,3502,3130,3207,349550347.7,3207,upbit,2026-06-28T04:34:13Z
KRW-XRP,2025-03-10T00:00:00,2025-03-10T09:00:00,3207,3364,3000,3025,490522818.5,3025,upbit,2026-06-28T04:34:13Z
KRW-XRP,2025-03-11T00:00:00,2025-03-11T09:00:00,3024,3284,2853,3226,550747559.4,3226,upbit,2026-06-28T04:34:13Z
KRW-XRP,2025-03-12T00:00:00,2025-03-12T09:00:00,3226,3378,3185,3314,362269518,3314,upbit,2026-06-28T04:34:13Z
KRW-XRP,2025-03-13T00:00:00,2025-03-13T09:00:00,3314,3477,3284,3336,281896923.8,3336,upbit,2026-06-28T04:34:13Z
KRW-XRP,2025-03-14T00:00:00,2025-03-14T09:00:00,3336,3514,3312,3473,172788543.6,3473,upbit,2026-06-28T04:34:13Z
KRW-XRP,2025-03-15T00:00:00,2025-03-15T09:00:00,3473,3649,3466,3517,202183538.6,3517,upbit,2026-06-28T04:34:13Z
KRW-XRP,2025-03-16T00:00:00,2025-03-16T09:00:00,3518,3550,3346,3379,203743666.8,3379,upbit,2026-06-28T04:34:13Z
KRW-XRP,2025-03-17T00:00:00,2025-03-17T09:00:00,3379,3473,3375,3421,117901698.5,3421,upbit,2026-06-28T04:34:13Z
KRW-XRP,2025-03-18T00:00:00,2025-03-18T09:00:00,3422,3425,3278,3348,163890823.3,3348,upbit,2026-06-28T04:34:13Z
KRW-XRP,2025-03-19T00:00:00,2025-03-19T09:00:00,3348,3808,3314,3730,516088732.7,3730,upbit,2026-06-28T04:34:13Z
KRW-XRP,2025-03-20T00:00:00,2025-03-20T09:00:00,3729,3751,3540,3591,256944199.3,3591,upbit,2026-06-28T04:34:13Z
KRW-XRP,2025-03-21T00:00:00,2025-03-21T09:00:00,3591,3634,3490,3528,151471187.7,3528,upbit,2026-06-28T04:34:13Z
KRW-XRP,2025-03-22T00:00:00,2025-03-22T09:00:00,3527,3562,3498,3510,75914345.6,3510,upbit,2026-06-28T04:34:13Z
KRW-XRP,2025-03-23T00:00:00,2025-03-23T09:00:00,3509,3598,3498,3594,87419081.91,3594,upbit,2026-06-28T04:34:13Z
KRW-XRP,2025-03-24T00:00:00,2025-03-24T09:00:00,3594,3693,3563,3606,137682762.6,3606,upbit,2026-06-28T04:34:13Z
KRW-XRP,2025-03-25T00:00:00,2025-03-25T09:00:00,3606,3646,3553,3607,97935278.96,3607,upbit,2026-06-28T04:34:13Z
KRW-XRP,2025-03-26T00:00:00,2025-03-26T09:00:00,3607,3649,3448,3481,135672524.3,3481,upbit,2026-06-28T04:34:13Z
KRW-XRP,2025-03-27T00:00:00,2025-03-27T09:00:00,3480,3529,3408,3452,103931534.2,3452,upbit,2026-06-28T04:34:13Z
KRW-XRP,2025-03-28T00:00:00,2025-03-28T09:00:00,3454,3457,3216,3292,194955511.7,3292,upbit,2026-06-28T04:34:13Z
KRW-XRP,2025-03-29T00:00:00,2025-03-29T09:00:00,3291,3318,3067,3185,219198180.4,3185,upbit,2026-06-28T04:34:13Z
KRW-XRP,2025-03-30T00:00:00,2025-03-30T09:00:00,3186,3312,3160,3190,135782570.6,3190,upbit,2026-06-28T04:34:13Z
KRW-XRP,2025-03-31T00:00:00,2025-03-31T09:00:00,3192,3200,3022,3116,203767015.6,3116,upbit,2026-06-28T04:34:13Z
KRW-XRP,2025-04-01T00:00:00,2025-04-01T09:00:00,3117,3269,3072,3178,179842765.8,3178,upbit,2026-06-28T04:34:13Z
KRW-XRP,2025-04-02T00:00:00,2025-04-02T09:00:00,3180,3289,2955,3010,270714312.1,3010,upbit,2026-06-28T04:34:13Z
KRW-XRP,2025-04-03T00:00:00,2025-04-03T09:00:00,3010,3086,2922,3056,200343396.5,3056,upbit,2026-06-28T04:34:13Z
KRW-XRP,2025-04-04T00:00:00,2025-04-04T09:00:00,3056,3189,2994,3130,202017854.8,3130,upbit,2026-06-28T04:34:13Z
KRW-XRP,2025-04-05T00:00:00,2025-04-05T09:00:00,3131,3209,3117,3166,79327039.12,3166,upbit,2026-06-28T04:34:13Z
KRW-XRP,2025-04-06T00:00:00,2025-04-06T09:00:00,3166,3185,2800,2880,255543834.9,2880,upbit,2026-06-28T04:34:13Z
KRW-XRP,2025-04-07T00:00:00,2025-04-07T09:00:00,2881,2990,2426,2829,1097697147,2829,upbit,2026-06-28T04:34:13Z
KRW-XRP,2025-04-08T00:00:00,2025-04-08T09:00:00,2829,2942,2666,2694,355156837.4,2694,upbit,2026-06-28T04:34:13Z
KRW-XRP,2025-04-09T00:00:00,2025-04-09T09:00:00,2694,3082,2595,3016,501196851.5,3016,upbit,2026-06-28T04:34:13Z
KRW-XRP,2025-04-10T00:00:00,2025-04-10T09:00:00,3016,3024,2856,2909,250313345.7,2909,upbit,2026-06-28T04:34:13Z
KRW-XRP,2025-04-11T00:00:00,2025-04-11T09:00:00,2908,2996,2879,2944,143608948.2,2944,upbit,2026-06-28T04:34:13Z
KRW-XRP,2025-04-12T00:00:00,2025-04-12T09:00:00,2944,3170,2925,3125,174793345.8,3125,upbit,2026-06-28T04:34:13Z
KRW-XRP,2025-04-13T00:00:00,2025-04-13T09:00:00,3125,3259,3023,3078,203177739.2,3078,upbit,2026-06-28T04:34:13Z
KRW-XRP,2025-04-14T00:00:00,2025-04-14T09:00:00,3078,3155,3056,3085,135801360.7,3085,upbit,2026-06-28T04:34:13Z
KRW-XRP,2025-04-15T00:00:00,2025-04-15T09:00:00,3088,3166,3046,3047,121558748.3,3047,upbit,2026-06-28T04:34:13Z
KRW-XRP,2025-04-16T00:00:00,2025-04-16T09:00:00,3046,3079,2966,3019,156096552.4,3019,upbit,2026-06-28T04:34:13Z
KRW-XRP,2025-04-17T00:00:00,2025-04-17T09:00:00,3020,3054,2974,2985,99940239.57,2985,upbit,2026-06-28T04:34:13Z
KRW-XRP,2025-04-18T00:00:00,2025-04-18T09:00:00,2987,3023,2953,2984,79416456.6,2984,upbit,2026-06-28T04:34:13Z
KRW-XRP,2025-04-19T00:00:00,2025-04-19T09:00:00,2985,3025,2983,3009,50198123.08,3009,upbit,2026-06-28T04:34:13Z
KRW-XRP,2025-04-20T00:00:00,2025-04-20T09:00:00,3009,3018,2951,2994,64836913.8,2994,upbit,2026-06-28T04:34:13Z
KRW-XRP,2025-04-21T00:00:00,2025-04-21T09:00:00,2994,3062,2970,3006,112206333.2,3006,upbit,2026-06-28T04:34:13Z
KRW-XRP,2025-04-22T00:00:00,2025-04-22T09:00:00,3006,3217,2980,3170,167844389.6,3170,upbit,2026-06-28T04:34:13Z
KRW-XRP,2025-04-23T00:00:00,2025-04-23T09:00:00,3168,3296,3143,3180,193196362.2,3180,upbit,2026-06-28T04:34:13Z
KRW-XRP,2025-04-24T00:00:00,2025-04-24T09:00:00,3181,3206,3055,3160,132676685.2,3160,upbit,2026-06-28T04:34:13Z
KRW-XRP,2025-04-25T00:00:00,2025-04-25T09:00:00,3160,3196,3122,3149,97280757.79,3149,upbit,2026-06-28T04:34:13Z
KRW-XRP,2025-04-26T00:00:00,2025-04-26T09:00:00,3149,3235,3145,3160,86232088.64,3160,upbit,2026-06-28T04:34:13Z
KRW-XRP,2025-04-27T00:00:00,2025-04-27T09:00:00,3160,3299,3129,3243,148859798.3,3243,upbit,2026-06-28T04:34:13Z
KRW-XRP,2025-04-28T00:00:00,2025-04-28T09:00:00,3244,3390,3203,3303,174173257.6,3303,upbit,2026-06-28T04:34:13Z
KRW-XRP,2025-04-29T00:00:00,2025-04-29T09:00:00,3303,3335,3216,3235,89619294.61,3235,upbit,2026-06-28T04:34:13Z
KRW-XRP,2025-04-30T00:00:00,2025-04-30T09:00:00,3235,3249,3070,3163,119069135.4,3163,upbit,2026-06-28T04:34:13Z
KRW-XRP,2025-05-01T00:00:00,2025-05-01T09:00:00,3163,3244,3156,3189,68338051.16,3189,upbit,2026-06-28T04:34:13Z
KRW-XRP,2025-05-02T00:00:00,2025-05-02T09:00:00,3190,3220,3138,3158,64860103.28,3158,upbit,2026-06-28T04:34:13Z
KRW-XRP,2025-05-03T00:00:00,2025-05-03T09:00:00,3158,3168,3123,3141,37716521.84,3141,upbit,2026-06-28T04:34:13Z
KRW-XRP,2025-05-04T00:00:00,2025-05-04T09:00:00,3141,3180,3094,3101,49174254.73,3101,upbit,2026-06-28T04:34:13Z
KRW-XRP,2025-05-05T00:00:00,2025-05-05T09:00:00,3101,3130,3006,3038,80629977.2,3038,upbit,2026-06-28T04:34:13Z
KRW-XRP,2025-05-06T00:00:00,2025-05-06T09:00:00,3038,3068,2963,3057,96160427.4,3057,upbit,2026-06-28T04:34:13Z
KRW-XRP,2025-05-07T00:00:00,2025-05-07T09:00:00,3057,3076,2991,3018,56222408.35,3018,upbit,2026-06-28T04:34:13Z
KRW-XRP,2025-05-08T00:00:00,2025-05-08T09:00:00,3019,3262,3002,3262,151822564.6,3262,upbit,2026-06-28T04:34:13Z
KRW-XRP,2025-05-09T00:00:00,2025-05-09T09:00:00,3262,3393,3210,3267,215510627.7,3267,upbit,2026-06-28T04:34:13Z
KRW-XRP,2025-05-10T00:00:00,2025-05-10T09:00:00,3268,3425,3266,3417,147682329.6,3417,upbit,2026-06-28T04:34:13Z
KRW-XRP,2025-05-11T00:00:00,2025-05-11T09:00:00,3417,3434,3267,3307,121575215.3,3307,upbit,2026-06-28T04:34:13Z
KRW-XRP,2025-05-12T00:00:00,2025-05-12T09:00:00,3307,3707,3298,3587,451484644,3587,upbit,2026-06-28T04:34:13Z
KRW-XRP,2025-05-13T00:00:00,2025-05-13T09:00:00,3587,3639,3433,3618,217406969.7,3618,upbit,2026-06-28T04:34:13Z
KRW-XRP,2025-05-14T00:00:00,2025-05-14T09:00:00,3618,3709,3560,3592,180535165.3,3592,upbit,2026-06-28T04:34:13Z
KRW-XRP,2025-05-15T00:00:00,2025-05-15T09:00:00,3594,3615,3314,3363,200292808.1,3363,upbit,2026-06-28T04:34:13Z
KRW-XRP,2025-05-16T00:00:00,2025-05-16T09:00:00,3364,3435,3311,3370,123341041.4,3370,upbit,2026-06-28T04:34:13Z
KRW-XRP,2025-05-17T00:00:00,2025-05-17T09:00:00,3370,3387,3280,3347,95374670.4,3347,upbit,2026-06-28T04:34:13Z
KRW-XRP,2025-05-18T00:00:00,2025-05-18T09:00:00,3347,3460,3330,3428,88546153.68,3428,upbit,2026-06-28T04:34:13Z
KRW-XRP,2025-05-19T00:00:00,2025-05-19T09:00:00,3428,3446,3255,3352,121737702.2,3352,upbit,2026-06-28T04:34:13Z
KRW-XRP,2025-05-20T00:00:00,2025-05-20T09:00:00,3350,3385,3283,3323,74201134.44,3323,upbit,2026-06-28T04:34:13Z
KRW-XRP,2025-05-21T00:00:00,2025-05-21T09:00:00,3322,3366,3274,3328,92888573.58,3328,upbit,2026-06-28T04:34:13Z
KRW-XRP,2025-05-22T00:00:00,2025-05-22T09:00:00,3331,3408,3325,3369,96925916.93,3369,upbit,2026-06-28T04:34:13Z
KRW-XRP,2025-05-23T00:00:00,2025-05-23T09:00:00,3369,3426,3200,3211,166208096.9,3211,upbit,2026-06-28T04:34:13Z
KRW-XRP,2025-05-24T00:00:00,2025-05-24T09:00:00,3212,3290,3200,3257,45647932.56,3257,upbit,2026-06-28T04:34:13Z
KRW-XRP,2025-05-25T00:00:00,2025-05-25T09:00:00,3257,3271,3185,3269,56768549.58,3269,upbit,2026-06-28T04:34:13Z
KRW-XRP,2025-05-26T00:00:00,2025-05-26T09:00:00,3270,3279,3197,3216,50439316.48,3216,upbit,2026-06-28T04:34:13Z
KRW-XRP,2025-05-27T00:00:00,2025-05-27T09:00:00,3217,3257,3160,3215,70913027.26,3215,upbit,2026-06-28T04:34:13Z
KRW-XRP,2025-05-28T00:00:00,2025-05-28T09:00:00,3215,3224,3117,3170,60311447.86,3170,upbit,2026-06-28T04:34:13Z
KRW-XRP,2025-05-29T00:00:00,2025-05-29T09:00:00,3170,3215,3127,3136,61855636.47,3136,upbit,2026-06-28T04:34:13Z
KRW-XRP,2025-05-30T00:00:00,2025-05-30T09:00:00,3136,3146,3015,3029,129411584.2,3029,upbit,2026-06-28T04:34:13Z
KRW-XRP,2025-05-31T00:00:00,2025-05-31T09:00:00,3029,3123,2953,3072,117692337.9,3072,upbit,2026-06-28T04:34:13Z
KRW-XRP,2025-06-01T00:00:00,2025-06-01T09:00:00,3072,3091,3011,3073,46662489.87,3073,upbit,2026-06-28T04:34:13Z
KRW-XRP,2025-06-02T00:00:00,2025-06-02T09:00:00,3073,3087,3010,3073,52976344.58,3073,upbit,2026-06-28T04:34:13Z
KRW-XRP,2025-06-03T00:00:00,2025-06-03T09:00:00,3072,3178,3061,3133,65758829.62,3133,upbit,2026-06-28T04:34:13Z
KRW-XRP,2025-06-04T00:00:00,2025-06-04T09:00:00,3133,3159,3053,3056,52156762.64,3056,upbit,2026-06-28T04:34:13Z
KRW-XRP,2025-06-05T00:00:00,2025-06-05T09:00:00,3057,3079,2885,2924,106077077.8,2924,upbit,2026-06-28T04:34:13Z
KRW-XRP,2025-06-06T00:00:00,2025-06-06T09:00:00,2925,3039,2903,3005,57236400.83,3005,upbit,2026-06-28T04:34:13Z
KRW-XRP,2025-06-07T00:00:00,2025-06-07T09:00:00,3005,3037,2989,3018,25262876.75,3018,upbit,2026-06-28T04:34:13Z
KRW-XRP,2025-06-08T00:00:00,2025-06-08T09:00:00,3018,3163,3006,3121,80369879.44,3121,upbit,2026-06-28T04:34:13Z
KRW-XRP,2025-06-09T00:00:00,2025-06-09T09:00:00,3121,3176,3063,3164,73427495.69,3164,upbit,2026-06-28T04:34:13Z
KRW-XRP,2025-06-10T00:00:00,2025-06-10T09:00:00,3165,3176,3112,3154,71302726.34,3154,upbit,2026-06-28T04:34:13Z
KRW-XRP,2025-06-11T00:00:00,2025-06-11T09:00:00,3153,3208,3113,3130,78594292.62,3130,upbit,2026-06-28T04:34:13Z
KRW-XRP,2025-06-12T00:00:00,2025-06-12T09:00:00,3130,3132,3002,3020,70794302.75,3020,upbit,2026-06-28T04:34:13Z
KRW-XRP,2025-06-13T00:00:00,2025-06-13T09:00:00,3022,3022,2903,2984,129252317.2,2984,upbit,2026-06-28T04:34:13Z
KRW-XRP,2025-06-14T00:00:00,2025-06-14T09:00:00,2985,3019,2940,2973,49124815.52,2973,upbit,2026-06-28T04:34:13Z
KRW-XRP,2025-06-15T00:00:00,2025-06-15T09:00:00,2974,3012,2973,2994,33687431.04,2994,upbit,2026-06-28T04:34:13Z
KRW-XRP,2025-06-16T00:00:00,2025-06-16T09:00:00,2996,3200,2974,3073,127776574.6,3073,upbit,2026-06-28T04:34:13Z
KRW-XRP,2025-06-17T00:00:00,2025-06-17T09:00:00,3077,3105,2985,3001,99224718.4,3001,upbit,2026-06-28T04:34:13Z
KRW-XRP,2025-06-18T00:00:00,2025-06-18T09:00:00,3001,3024,2945,3005,77872410.44,3005,upbit,2026-06-28T04:34:13Z
KRW-XRP,2025-06-19T00:00:00,2025-06-19T09:00:00,3005,3025,2981,2998,37684357.63,2998,upbit,2026-06-28T04:34:13Z
KRW-XRP,2025-06-20T00:00:00,2025-06-20T09:00:00,2998,3007,2916,2953,67183936.58,2953,upbit,2026-06-28T04:34:13Z
KRW-XRP,2025-06-21T00:00:00,2025-06-21T09:00:00,2954,2981,2821,2884,79700892.97,2884,upbit,2026-06-28T04:34:13Z
KRW-XRP,2025-06-22T00:00:00,2025-06-22T09:00:00,2883,2925,2670,2816,217378709.1,2816,upbit,2026-06-28T04:34:13Z
KRW-XRP,2025-06-23T00:00:00,2025-06-23T09:00:00,2816,3010,2750,2991,150435252.5,2991,upbit,2026-06-28T04:34:13Z
KRW-XRP,2025-06-24T00:00:00,2025-06-24T09:00:00,2991,3055,2951,3005,98806045.32,3005,upbit,2026-06-28T04:34:13Z
KRW-XRP,2025-06-25T00:00:00,2025-06-25T09:00:00,3005,3062,2987,3000,65536621.36,3000,upbit,2026-06-28T04:34:13Z
KRW-XRP,2025-06-26T00:00:00,2025-06-26T09:00:00,3000,3028,2877,2889,98725860.48,2889,upbit,2026-06-28T04:34:13Z
KRW-XRP,2025-06-27T00:00:00,2025-06-27T09:00:00,2890,2958,2848,2942,83114512.38,2942,upbit,2026-06-28T04:34:13Z
KRW-XRP,2025-06-28T00:00:00,2025-06-28T09:00:00,2942,3023,2930,2995,64798805.62,2995,upbit,2026-06-28T04:34:13Z
KRW-XRP,2025-06-29T00:00:00,2025-06-29T09:00:00,2995,3030,2985,3012,35271655.44,3012,upbit,2026-06-28T04:34:13Z
KRW-XRP,2025-06-30T00:00:00,2025-06-30T09:00:00,3012,3080,2963,3035,67964430.03,3035,upbit,2026-06-28T04:34:13Z
KRW-XRP,2025-07-01T00:00:00,2025-07-01T09:00:00,3035,3058,2957,2984,64434281.66,2984,upbit,2026-06-28T04:34:13Z
KRW-XRP,2025-07-02T00:00:00,2025-07-02T09:00:00,2984,3102,2961,3024,83499982.41,3024,upbit,2026-06-28T04:34:13Z
KRW-XRP,2025-07-03T00:00:00,2025-07-03T09:00:00,3024,3136,3015,3063,95870213.43,3063,upbit,2026-06-28T04:34:13Z
KRW-XRP,2025-07-04T00:00:00,2025-07-04T09:00:00,3063,3088,3011,3035,51356872.67,3035,upbit,2026-06-28T04:34:13Z
KRW-XRP,2025-07-05T00:00:00,2025-07-05T09:00:00,3035,3053,3020,3034,18540141.59,3034,upbit,2026-06-28T04:34:13Z
KRW-XRP,2025-07-06T00:00:00,2025-07-06T09:00:00,3034,3120,3025,3089,60641409.48,3089,upbit,2026-06-28T04:34:13Z
KRW-XRP,2025-07-07T00:00:00,2025-07-07T09:00:00,3089,3198,3075,3111,96778816.38,3111,upbit,2026-06-28T04:34:13Z
KRW-XRP,2025-07-08T00:00:00,2025-07-08T09:00:00,3110,3156,3080,3143,51162736.71,3143,upbit,2026-06-28T04:34:13Z
KRW-XRP,2025-07-09T00:00:00,2025-07-09T09:00:00,3142,3287,3133,3259,120281818.9,3259,upbit,2026-06-28T04:34:13Z
KRW-XRP,2025-07-10T00:00:00,2025-07-10T09:00:00,3259,3450,3245,3432,153371933.4,3432,upbit,2026-06-28T04:34:13Z
KRW-XRP,2025-07-11T00:00:00,2025-07-11T09:00:00,3432,3989,3383,3674,513992304,3674,upbit,2026-06-28T04:34:13Z
KRW-XRP,2025-07-12T00:00:00,2025-07-12T09:00:00,3674,3850,3603,3720,245562540.7,3720,upbit,2026-06-28T04:34:13Z
KRW-XRP,2025-07-13T00:00:00,2025-07-13T09:00:00,3722,3899,3704,3846,174057701.4,3846,upbit,2026-06-28T04:34:13Z
KRW-XRP,2025-07-14T00:00:00,2025-07-14T09:00:00,3846,4099,3828,4043,364109826.5,4043,upbit,2026-06-28T04:34:13Z
KRW-XRP,2025-07-15T00:00:00,2025-07-15T09:00:00,4040,4045,3827,3982,287400268.9,3982,upbit,2026-06-28T04:34:13Z
KRW-XRP,2025-07-16T00:00:00,2025-07-16T09:00:00,3983,4200,3938,4125,217564922,4125,upbit,2026-06-28T04:34:13Z
KRW-XRP,2025-07-17T00:00:00,2025-07-17T09:00:00,4125,4805,4092,4741,551062939,4741,upbit,2026-06-28T04:34:13Z
KRW-XRP,2025-07-18T00:00:00,2025-07-18T09:00:00,4741,4972,4561,4662,567412036.5,4662,upbit,2026-06-28T04:34:13Z
KRW-XRP,2025-07-19T00:00:00,2025-07-19T09:00:00,4661,4769,4605,4690,168848490.1,4690,upbit,2026-06-28T04:34:13Z
KRW-XRP,2025-07-20T00:00:00,2025-07-20T09:00:00,4691,4828,4655,4716,207723648.2,4716,upbit,2026-06-28T04:34:13Z
KRW-XRP,2025-07-21T00:00:00,2025-07-21T09:00:00,4716,4935,4658,4842,215721623.2,4842,upbit,2026-06-28T04:34:13Z
KRW-XRP,2025-07-22T00:00:00,2025-07-22T09:00:00,4842,4878,4665,4808,204275959.6,4808,upbit,2026-06-28T04:34:13Z
KRW-XRP,2025-07-23T00:00:00,2025-07-23T09:00:00,4807,4810,4150,4344,450344936.2,4344,upbit,2026-06-28T04:34:13Z
KRW-XRP,2025-07-24T00:00:00,2025-07-24T09:00:00,4344,4442,4010,4277,463337508.4,4277,upbit,2026-06-28T04:34:13Z
KRW-XRP,2025-07-25T00:00:00,2025-07-25T09:00:00,4277,4320,4127,4280,208190516.6,4280,upbit,2026-06-28T04:34:13Z
KRW-XRP,2025-07-26T00:00:00,2025-07-26T09:00:00,4280,4390,4241,4325,98473194.81,4325,upbit,2026-06-28T04:34:13Z
KRW-XRP,2025-07-27T00:00:00,2025-07-27T09:00:00,4325,4417,4314,4409,106876164,4409,upbit,2026-06-28T04:34:13Z
KRW-XRP,2025-07-28T00:00:00,2025-07-28T09:00:00,4409,4514,4287,4299,185364779.4,4299,upbit,2026-06-28T04:34:13Z
KRW-XRP,2025-07-29T00:00:00,2025-07-29T09:00:00,4298,4377,4239,4330,112480633.9,4330,upbit,2026-06-28T04:34:13Z
KRW-XRP,2025-07-30T00:00:00,2025-07-30T09:00:00,4330,4349,4205,4284,120487084.8,4284,upbit,2026-06-28T04:34:13Z
KRW-XRP,2025-07-31T00:00:00,2025-07-31T09:00:00,4284,4377,4210,4212,105519616.7,4212,upbit,2026-06-28T04:34:13Z
KRW-XRP,2025-08-01T00:00:00,2025-08-01T09:00:00,4212,4235,4057,4126,236234522.4,4126,upbit,2026-06-28T04:34:13Z
KRW-XRP,2025-08-02T00:00:00,2025-08-02T09:00:00,4125,4210,3836,3875,207180274.6,3875,upbit,2026-06-28T04:34:13Z
KRW-XRP,2025-08-03T00:00:00,2025-08-03T09:00:00,3876,4153,3811,4140,162112490.8,4140,upbit,2026-06-28T04:34:13Z
KRW-XRP,2025-08-04T00:00:00,2025-08-04T09:00:00,4140,4297,4106,4275,163467378.7,4275,upbit,2026-06-28T04:34:13Z
KRW-XRP,2025-08-05T00:00:00,2025-08-05T09:00:00,4276,4334,4101,4155,141593354.2,4155,upbit,2026-06-28T04:34:13Z
KRW-XRP,2025-08-06T00:00:00,2025-08-06T09:00:00,4154,4200,4059,4164,93590636.39,4164,upbit,2026-06-28T04:34:13Z
KRW-XRP,2025-08-07T00:00:00,2025-08-07T09:00:00,4163,4595,4140,4568,212595646.2,4568,upbit,2026-06-28T04:34:13Z
KRW-XRP,2025-08-08T00:00:00,2025-08-08T09:00:00,4568,4664,4423,4503,270420459.9,4503,upbit,2026-06-28T04:34:13Z
KRW-XRP,2025-08-09T00:00:00,2025-08-09T09:00:00,4503,4590,4420,4442,143393605.5,4442,upbit,2026-06-28T04:34:13Z
KRW-XRP,2025-08-10T00:00:00,2025-08-10T09:00:00,4440,4500,4321,4382,136551096.8,4382,upbit,2026-06-28T04:34:13Z
KRW-XRP,2025-08-11T00:00:00,2025-08-11T09:00:00,4382,4555,4315,4334,196165496.4,4334,upbit,2026-06-28T04:34:13Z
KRW-XRP,2025-08-12T00:00:00,2025-08-12T09:00:00,4333,4510,4282,4465,159436559.5,4465,upbit,2026-06-28T04:34:13Z
KRW-XRP,2025-08-13T00:00:00,2025-08-13T09:00:00,4466,4538,4400,4467,167679675.6,4467,upbit,2026-06-28T04:34:13Z
KRW-XRP,2025-08-14T00:00:00,2025-08-14T09:00:00,4467,4560,4188,4289,307154844.1,4289,upbit,2026-06-28T04:34:13Z
KRW-XRP,2025-08-15T00:00:00,2025-08-15T09:00:00,4289,4352,4201,4302,102234626.9,4302,upbit,2026-06-28T04:34:13Z
KRW-XRP,2025-08-16T00:00:00,2025-08-16T09:00:00,4302,4375,4295,4315,64920085.38,4315,upbit,2026-06-28T04:34:13Z
KRW-XRP,2025-08-17T00:00:00,2025-08-17T09:00:00,4315,4352,4282,4296,61494000.51,4296,upbit,2026-06-28T04:34:13Z
KRW-XRP,2025-08-18T00:00:00,2025-08-18T09:00:00,4296,4303,4104,4252,153119139.5,4252,upbit,2026-06-28T04:34:13Z
KRW-XRP,2025-08-19T00:00:00,2025-08-19T09:00:00,4251,4279,3970,3990,144935804.7,3990,upbit,2026-06-28T04:34:13Z
KRW-XRP,2025-08-20T00:00:00,2025-08-20T09:00:00,3990,4152,3954,4109,132249511.4,4109,upbit,2026-06-28T04:34:13Z
KRW-XRP,2025-08-21T00:00:00,2025-08-21T09:00:00,4110,4120,3990,4000,74545008.49,4000,upbit,2026-06-28T04:34:13Z
KRW-XRP,2025-08-22T00:00:00,2025-08-22T09:00:00,4000,4286,3901,4236,265089702.6,4236,upbit,2026-06-28T04:34:13Z
KRW-XRP,2025-08-23T00:00:00,2025-08-23T09:00:00,4235,4243,4101,4215,97426180.94,4215,upbit,2026-06-28T04:34:13Z
KRW-XRP,2025-08-24T00:00:00,2025-08-24T09:00:00,4215,4307,4162,4201,107668114.8,4201,upbit,2026-06-28T04:34:13Z
KRW-XRP,2025-08-25T00:00:00,2025-08-25T09:00:00,4201,4234,4017,4046,114551819.8,4046,upbit,2026-06-28T04:34:13Z
KRW-XRP,2025-08-26T00:00:00,2025-08-26T09:00:00,4046,4300,4032,4216,100180439.1,4216,upbit,2026-06-28T04:34:13Z
KRW-XRP,2025-08-27T00:00:00,2025-08-27T09:00:00,4216,4241,4150,4158,75792996.57,4158,upbit,2026-06-28T04:34:13Z
KRW-XRP,2025-08-28T00:00:00,2025-08-28T09:00:00,4156,4204,4120,4134,71025983.32,4134,upbit,2026-06-28T04:34:13Z
KRW-XRP,2025-08-29T00:00:00,2025-08-29T09:00:00,4134,4150,3900,3961,227937156.1,3961,upbit,2026-06-28T04:34:13Z
KRW-XRP,2025-08-30T00:00:00,2025-08-30T09:00:00,3961,3966,3855,3928,120032100.4,3928,upbit,2026-06-28T04:34:13Z
KRW-XRP,2025-08-31T00:00:00,2025-08-31T09:00:00,3928,4000,3862,3868,84756379.39,3868,upbit,2026-06-28T04:34:13Z
KRW-XRP,2025-09-01T00:00:00,2025-09-01T09:00:00,3868,3945,3750,3849,173587897,3849,upbit,2026-06-28T04:34:13Z
KRW-XRP,2025-09-02T00:00:00,2025-09-02T09:00:00,3849,3988,3831,3983,111127380.3,3983,upbit,2026-06-28T04:34:13Z
KRW-XRP,2025-09-03T00:00:00,2025-09-03T09:00:00,3983,3998,3919,3944,71372817.82,3944,upbit,2026-06-28T04:34:13Z
KRW-XRP,2025-09-04T00:00:00,2025-09-04T09:00:00,3944,3987,3917,3927,78099050.69,3927,upbit,2026-06-28T04:34:13Z
KRW-XRP,2025-09-05T00:00:00,2025-09-05T09:00:00,3927,4012,3901,3944,87973040.87,3944,upbit,2026-06-28T04:34:13Z
KRW-XRP,2025-09-06T00:00:00,2025-09-06T09:00:00,3944,3957,3925,3935,28618990.35,3935,upbit,2026-06-28T04:34:13Z
KRW-XRP,2025-09-07T00:00:00,2025-09-07T09:00:00,3936,4092,3935,4013,73301721.3,4013,upbit,2026-06-28T04:34:13Z
KRW-XRP,2025-09-08T00:00:00,2025-09-08T09:00:00,4013,4167,4002,4138,105480218.8,4138,upbit,2026-06-28T04:34:13Z
KRW-XRP,2025-09-09T00:00:00,2025-09-09T09:00:00,4138,4209,4087,4109,98221614.56,4109,upbit,2026-06-28T04:34:13Z
KRW-XRP,2025-09-10T00:00:00,2025-09-10T09:00:00,4109,4194,4092,4150,62837248.77,4150,upbit,2026-06-28T04:34:13Z
KRW-XRP,2025-09-11T00:00:00,2025-09-11T09:00:00,4150,4234,4126,4223,94380703.15,4223,upbit,2026-06-28T04:34:13Z
KRW-XRP,2025-09-12T00:00:00,2025-09-12T09:00:00,4224,4343,4210,4312,108538256.3,4312,upbit,2026-06-28T04:34:13Z
KRW-XRP,2025-09-13T00:00:00,2025-09-13T09:00:00,4311,4412,4282,4324,120243437.3,4324,upbit,2026-06-28T04:34:13Z
KRW-XRP,2025-09-14T00:00:00,2025-09-14T09:00:00,4324,4329,4176,4209,90098430.17,4209,upbit,2026-06-28T04:34:13Z
KRW-XRP,2025-09-15T00:00:00,2025-09-15T09:00:00,4209,4255,4112,4182,97827654.54,4182,upbit,2026-06-28T04:34:13Z
KRW-XRP,2025-09-16T00:00:00,2025-09-16T09:00:00,4182,4249,4130,4224,60598787.78,4224,upbit,2026-06-28T04:34:13Z
KRW-XRP,2025-09-17T00:00:00,2025-09-17T09:00:00,4224,4311,4162,4270,87809145.11,4270,upbit,2026-06-28T04:34:13Z
KRW-XRP,2025-09-18T00:00:00,2025-09-18T09:00:00,4271,4353,4247,4270,112386065.1,4270,upbit,2026-06-28T04:34:13Z
KRW-XRP,2025-09-19T00:00:00,2025-09-19T09:00:00,4269,4295,4184,4197,82315872.23,4197,upbit,2026-06-28T04:34:13Z
KRW-XRP,2025-09-20T00:00:00,2025-09-20T09:00:00,4197,4217,4151,4176,51121889.53,4176,upbit,2026-06-28T04:34:13Z
KRW-XRP,2025-09-21T00:00:00,2025-09-21T09:00:00,4175,4214,4145,4162,61889936.47,4162,upbit,2026-06-28T04:34:13Z
KRW-XRP,2025-09-22T00:00:00,2025-09-22T09:00:00,4162,4169,3953,4073,210182839.6,4073,upbit,2026-06-28T04:34:13Z
KRW-XRP,2025-09-23T00:00:00,2025-09-23T09:00:00,4072,4111,3983,4025,84179395.74,4025,upbit,2026-06-28T04:34:13Z
KRW-XRP,2025-09-24T00:00:00,2025-09-24T09:00:00,4024,4230,3992,4149,96722253.96,4149,upbit,2026-06-28T04:34:13Z
KRW-XRP,2025-09-25T00:00:00,2025-09-25T09:00:00,4150,4181,3978,3987,141340497,3987,upbit,2026-06-28T04:34:13Z
KRW-XRP,2025-09-26T00:00:00,2025-09-26T09:00:00,3986,4030,3924,4015,104237800.5,4015,upbit,2026-06-28T04:34:13Z
KRW-XRP,2025-09-27T00:00:00,2025-09-27T09:00:00,4016,4070,3980,4034,42445199.9,4034,upbit,2026-06-28T04:34:13Z
KRW-XRP,2025-09-28T00:00:00,2025-09-28T09:00:00,4034,4106,3995,4104,50939841.5,4104,upbit,2026-06-28T04:34:13Z
KRW-XRP,2025-09-29T00:00:00,2025-09-29T09:00:00,4103,4183,4066,4107,83361431.78,4107,upbit,2026-06-28T04:34:13Z
KRW-XRP,2025-09-30T00:00:00,2025-09-30T09:00:00,4107,4135,4043,4066,61290947.23,4066,upbit,2026-06-28T04:34:13Z
KRW-XRP,2025-10-01T00:00:00,2025-10-01T09:00:00,4065,4197,4030,4188,101734318.1,4188,upbit,2026-06-28T04:34:13Z
KRW-XRP,2025-10-02T00:00:00,2025-10-02T09:00:00,4186,4379,4171,4307,133765872.5,4307,upbit,2026-06-28T04:34:13Z
KRW-XRP,2025-10-03T00:00:00,2025-10-03T09:00:00,4307,4368,4243,4311,97730948.49,4311,upbit,2026-06-28T04:34:13Z
KRW-XRP,2025-10-04T00:00:00,2025-10-04T09:00:00,4311,4325,4210,4244,67051496.25,4244,upbit,2026-06-28T04:34:13Z
KRW-XRP,2025-10-05T00:00:00,2025-10-05T09:00:00,4244,4357,4221,4257,95459135.33,4257,upbit,2026-06-28T04:34:13Z
KRW-XRP,2025-10-06T00:00:00,2025-10-06T09:00:00,4257,4324,4250,4262,72331627,4262,upbit,2026-06-28T04:34:13Z
KRW-XRP,2025-10-07T00:00:00,2025-10-07T09:00:00,4262,4283,4130,4133,105532333.1,4133,upbit,2026-06-28T04:34:13Z
KRW-XRP,2025-10-08T00:00:00,2025-10-08T09:00:00,4132,4208,4131,4157,45234549.92,4157,upbit,2026-06-28T04:34:13Z
KRW-XRP,2025-10-09T00:00:00,2025-10-09T09:00:00,4158,4158,4067,4096,72436218.09,4096,upbit,2026-06-28T04:34:13Z
KRW-XRP,2025-10-10T00:00:00,2025-10-10T09:00:00,4096,4120,3013,3688,377560801.4,3688,upbit,2026-06-28T04:34:13Z
KRW-XRP,2025-10-11T00:00:00,2025-10-11T09:00:00,3694,3817,3480,3674,308398219.2,3674,upbit,2026-06-28T04:34:13Z
KRW-XRP,2025-10-12T00:00:00,2025-10-12T09:00:00,3673,3876,3550,3821,230826083.2,3821,upbit,2026-06-28T04:34:13Z
KRW-XRP,2025-10-13T00:00:00,2025-10-13T09:00:00,3821,3963,3805,3884,143497739.8,3884,upbit,2026-06-28T04:34:13Z
KRW-XRP,2025-10-14T00:00:00,2025-10-14T09:00:00,3885,3911,3667,3767,163229018.1,3767,upbit,2026-06-28T04:34:13Z
KRW-XRP,2025-10-15T00:00:00,2025-10-15T09:00:00,3767,3810,3650,3672,88962803.36,3672,upbit,2026-06-28T04:34:13Z
KRW-XRP,2025-10-16T00:00:00,2025-10-16T09:00:00,3671,3725,3517,3562,130492600.6,3562,upbit,2026-06-28T04:34:13Z
KRW-XRP,2025-10-17T00:00:00,2025-10-17T09:00:00,3561,3660,3372,3528,227890273.3,3528,upbit,2026-06-28T04:34:13Z
KRW-XRP,2025-10-18T00:00:00,2025-10-18T09:00:00,3527,3654,3521,3601,65907914.01,3601,upbit,2026-06-28T04:34:13Z
KRW-XRP,2025-10-19T00:00:00,2025-10-19T09:00:00,3602,3659,3520,3626,70200732.04,3626,upbit,2026-06-28T04:34:13Z
KRW-XRP,2025-10-20T00:00:00,2025-10-20T09:00:00,3626,3816,3583,3740,94618322.96,3740,upbit,2026-06-28T04:34:13Z
KRW-XRP,2025-10-21T00:00:00,2025-10-21T09:00:00,3740,3766,3620,3648,100120238.8,3648,upbit,2026-06-28T04:34:13Z
KRW-XRP,2025-10-22T00:00:00,2025-10-22T09:00:00,3648,3674,3550,3583,73570890.77,3583,upbit,2026-06-28T04:34:13Z
KRW-XRP,2025-10-23T00:00:00,2025-10-23T09:00:00,3584,3638,3576,3600,46317514.98,3600,upbit,2026-06-28T04:34:13Z
KRW-XRP,2025-10-24T00:00:00,2025-10-24T09:00:00,3602,3754,3592,3742,88833474.09,3742,upbit,2026-06-28T04:34:13Z
KRW-XRP,2025-10-25T00:00:00,2025-10-25T09:00:00,3744,3899,3735,3870,81993517.17,3870,upbit,2026-06-28T04:34:13Z
KRW-XRP,2025-10-26T00:00:00,2025-10-26T09:00:00,3870,3955,3859,3916,87404535.5,3916,upbit,2026-06-28T04:34:13Z
KRW-XRP,2025-10-27T00:00:00,2025-10-27T09:00:00,3916,3970,3845,3897,99216174.7,3897,upbit,2026-06-28T04:34:13Z
KRW-XRP,2025-10-28T00:00:00,2025-10-28T09:00:00,3896,3964,3845,3879,80322565.05,3879,upbit,2026-06-28T04:34:13Z
KRW-XRP,2025-10-29T00:00:00,2025-10-29T09:00:00,3879,3942,3790,3814,82985817.6,3814,upbit,2026-06-28T04:34:13Z
KRW-XRP,2025-10-30T00:00:00,2025-10-30T09:00:00,3813,3862,3623,3702,127440358.7,3702,upbit,2026-06-28T04:34:13Z
KRW-XRP,2025-10-31T00:00:00,2025-10-31T09:00:00,3702,3811,3690,3759,58134128.57,3759,upbit,2026-06-28T04:34:13Z
KRW-XRP,2025-11-01T00:00:00,2025-11-01T09:00:00,3761,3762,3695,3732,32789309.31,3732,upbit,2026-06-28T04:34:13Z
KRW-XRP,2025-11-02T00:00:00,2025-11-02T09:00:00,3732,3793,3700,3747,37649158.65,3747,upbit,2026-06-28T04:34:13Z
KRW-XRP,2025-11-03T00:00:00,2025-11-03T09:00:00,3747,3753,3384,3442,188226553.3,3442,upbit,2026-06-28T04:34:13Z
KRW-XRP,2025-11-04T00:00:00,2025-11-04T09:00:00,3442,3540,3100,3323,316195152.2,3323,upbit,2026-06-28T04:34:13Z
KRW-XRP,2025-11-05T00:00:00,2025-11-05T09:00:00,3324,3549,3116,3512,226663013.5,3512,upbit,2026-06-28T04:34:13Z
KRW-XRP,2025-11-06T00:00:00,2025-11-06T09:00:00,3512,3600,3266,3309,137710168.7,3309,upbit,2026-06-28T04:34:13Z
KRW-XRP,2025-11-07T00:00:00,2025-11-07T09:00:00,3309,3530,3230,3445,156787436.3,3445,upbit,2026-06-28T04:34:13Z
KRW-XRP,2025-11-08T00:00:00,2025-11-08T09:00:00,3445,3484,3350,3410,75866134.92,3410,upbit,2026-06-28T04:34:13Z
KRW-XRP,2025-11-09T00:00:00,2025-11-09T09:00:00,3410,3543,3341,3510,82973694.41,3510,upbit,2026-06-28T04:34:13Z
KRW-XRP,2025-11-10T00:00:00,2025-11-10T09:00:00,3508,3814,3484,3738,202279817,3738,upbit,2026-06-28T04:34:13Z
KRW-XRP,2025-11-11T00:00:00,2025-11-11T09:00:00,3738,3804,3558,3584,119312826.2,3584,upbit,2026-06-28T04:34:13Z
KRW-XRP,2025-11-12T00:00:00,2025-11-12T09:00:00,3585,3654,3490,3602,97076687.47,3602,upbit,2026-06-28T04:34:13Z
KRW-XRP,2025-11-13T00:00:00,2025-11-13T09:00:00,3602,3769,3479,3527,195826079,3527,upbit,2026-06-28T04:34:13Z
KRW-XRP,2025-11-14T00:00:00,2025-11-14T09:00:00,3527,3543,3368,3411,192868759.4,3411,upbit,2026-06-28T04:34:13Z
KRW-XRP,2025-11-15T00:00:00,2025-11-15T09:00:00,3410,3486,3354,3378,75834400.7,3378,upbit,2026-06-28T04:34:13Z
KRW-XRP,2025-11-16T00:00:00,2025-11-16T09:00:00,3377,3421,3240,3302,129244191.1,3302,upbit,2026-06-28T04:34:13Z
KRW-XRP,2025-11-17T00:00:00,2025-11-17T09:00:00,3302,3431,3190,3235,148934533.5,3235,upbit,2026-06-28T04:34:13Z
KRW-XRP,2025-11-18T00:00:00,2025-11-18T09:00:00,3234,3317,3138,3284,181999752.2,3284,upbit,2026-06-28T04:34:13Z
KRW-XRP,2025-11-19T00:00:00,2025-11-19T09:00:00,3285,3289,3026,3146,178174426.9,3146,upbit,2026-06-28T04:34:13Z
KRW-XRP,2025-11-20T00:00:00,2025-11-20T09:00:00,3145,3197,2980,2998,171763504.9,2998,upbit,2026-06-28T04:34:13Z
KRW-XRP,2025-11-21T00:00:00,2025-11-21T09:00:00,2997,3030,2739,2934,387509852.1,2934,upbit,2026-06-28T04:34:13Z
KRW-XRP,2025-11-22T00:00:00,2025-11-22T09:00:00,2934,2962,2845,2930,105380318.4,2930,upbit,2026-06-28T04:34:13Z
KRW-XRP,2025-11-23T00:00:00,2025-11-23T09:00:00,2930,3160,2927,3115,171831685.2,3115,upbit,2026-06-28T04:34:13Z
KRW-XRP,2025-11-24T00:00:00,2025-11-24T09:00:00,3114,3425,3062,3341,207403148.8,3341,upbit,2026-06-28T04:34:13Z
KRW-XRP,2025-11-25T00:00:00,2025-11-25T09:00:00,3341,3406,3225,3293,139567465.2,3293,upbit,2026-06-28T04:34:13Z
KRW-XRP,2025-11-26T00:00:00,2025-11-26T09:00:00,3292,3355,3220,3321,85370251.97,3321,upbit,2026-06-28T04:34:13Z
KRW-XRP,2025-11-27T00:00:00,2025-11-27T09:00:00,3321,3345,3255,3292,71303277.52,3292,upbit,2026-06-28T04:34:13Z
KRW-XRP,2025-11-28T00:00:00,2025-11-28T09:00:00,3293,3400,3250,3267,105198634.4,3267,upbit,2026-06-28T04:34:13Z
KRW-XRP,2025-11-29T00:00:00,2025-11-29T09:00:00,3268,3324,3253,3292,46188417.99,3292,upbit,2026-06-28T04:34:13Z
KRW-XRP,2025-11-30T00:00:00,2025-11-30T09:00:00,3292,3310,3233,3238,48254931.61,3238,upbit,2026-06-28T04:34:13Z
KRW-XRP,2025-12-01T00:00:00,2025-12-01T09:00:00,3238,3248,2976,3037,228192055.3,3037,upbit,2026-06-28T04:34:13Z
KRW-XRP,2025-12-02T00:00:00,2025-12-02T09:00:00,3037,3247,2982,3198,145971488.7,3198,upbit,2026-06-28T04:34:13Z
KRW-XRP,2025-12-03T00:00:00,2025-12-03T09:00:00,3199,3300,3181,3263,112919756.5,3263,upbit,2026-06-28T04:34:13Z
KRW-XRP,2025-12-04T00:00:00,2025-12-04T09:00:00,3264,3291,3094,3130,100597563.2,3130,upbit,2026-06-28T04:34:13Z
KRW-XRP,2025-12-05T00:00:00,2025-12-05T09:00:00,3129,3160,3013,3048,91256666.7,3048,upbit,2026-06-28T04:34:13Z
KRW-XRP,2025-12-06T00:00:00,2025-12-06T09:00:00,3048,3074,3020,3042,38023613.67,3042,upbit,2026-06-28T04:34:13Z
KRW-XRP,2025-12-07T00:00:00,2025-12-07T09:00:00,3043,3149,2992,3059,86824310.67,3059,upbit,2026-06-28T04:34:13Z
KRW-XRP,2025-12-08T00:00:00,2025-12-08T09:00:00,3060,3157,3035,3088,66230392.49,3088,upbit,2026-06-28T04:34:13Z
KRW-XRP,2025-12-09T00:00:00,2025-12-09T09:00:00,3089,3220,3044,3119,97490211.47,3119,upbit,2026-06-28T04:34:13Z
KRW-XRP,2025-12-10T00:00:00,2025-12-10T09:00:00,3120,3124,3031,3037,90805355.03,3037,upbit,2026-06-28T04:34:13Z
KRW-XRP,2025-12-11T00:00:00,2025-12-11T09:00:00,3037,3054,2963,3023,98447782.48,3023,upbit,2026-06-28T04:34:13Z
KRW-XRP,2025-12-12T00:00:00,2025-12-12T09:00:00,3021,3046,2955,3001,58893363.5,3001,upbit,2026-06-28T04:34:13Z
KRW-XRP,2025-12-13T00:00:00,2025-12-13T09:00:00,3001,3053,2997,3020,34216628.81,3020,upbit,2026-06-28T04:34:13Z
KRW-XRP,2025-12-14T00:00:00,2025-12-14T09:00:00,3020,3030,2947,2960,53273236.5,2960,upbit,2026-06-28T04:34:13Z
KRW-XRP,2025-12-15T00:00:00,2025-12-15T09:00:00,2959,3004,2800,2840,140435120,2840,upbit,2026-06-28T04:34:13Z
KRW-XRP,2025-12-16T00:00:00,2025-12-16T09:00:00,2839,2899,2760,2868,124593489.4,2868,upbit,2026-06-28T04:34:13Z
KRW-XRP,2025-12-17T00:00:00,2025-12-17T09:00:00,2868,2950,2765,2781,105093083.9,2781,upbit,2026-06-28T04:34:13Z
KRW-XRP,2025-12-18T00:00:00,2025-12-18T09:00:00,2781,2870,2690,2694,151329942.5,2694,upbit,2026-06-28T04:34:13Z
KRW-XRP,2025-12-19T00:00:00,2025-12-19T09:00:00,2694,2854,2632,2843,161289544.1,2843,upbit,2026-06-28T04:34:13Z
KRW-XRP,2025-12-20T00:00:00,2025-12-20T09:00:00,2843,2921,2823,2877,71291579.47,2877,upbit,2026-06-28T04:34:13Z
KRW-XRP,2025-12-21T00:00:00,2025-12-21T09:00:00,2877,2901,2820,2860,52631212.6,2860,upbit,2026-06-28T04:34:13Z
KRW-XRP,2025-12-22T00:00:00,2025-12-22T09:00:00,2860,2895,2825,2842,64705652.61,2842,upbit,2026-06-28T04:34:13Z
KRW-XRP,2025-12-23T00:00:00,2025-12-23T09:00:00,2841,2849,2785,2795,61293895.54,2795,upbit,2026-06-28T04:34:13Z
KRW-XRP,2025-12-24T00:00:00,2025-12-24T09:00:00,2796,2799,2712,2747,66812091.45,2747,upbit,2026-06-28T04:34:13Z
KRW-XRP,2025-12-25T00:00:00,2025-12-25T09:00:00,2747,2776,2691,2699,50759901.98,2699,upbit,2026-06-28T04:34:13Z
KRW-XRP,2025-12-26T00:00:00,2025-12-26T09:00:00,2699,2750,2686,2704,67997920.33,2704,upbit,2026-06-28T04:34:13Z
KRW-XRP,2025-12-27T00:00:00,2025-12-27T09:00:00,2705,2742,2698,2733,23728651.34,2733,upbit,2026-06-28T04:34:13Z
KRW-XRP,2025-12-28T00:00:00,2025-12-28T09:00:00,2734,2742,2705,2716,27261118.25,2716,upbit,2026-06-28T04:34:13Z
KRW-XRP,2025-12-29T00:00:00,2025-12-29T09:00:00,2715,2772,2691,2696,62620552.24,2696,upbit,2026-06-28T04:34:13Z
KRW-XRP,2025-12-30T00:00:00,2025-12-30T09:00:00,2697,2734,2680,2724,45015551.19,2724,upbit,2026-06-28T04:34:13Z
KRW-XRP,2025-12-31T00:00:00,2025-12-31T09:00:00,2724,2733,2685,2692,38356055.01,2692,upbit,2026-06-28T04:34:13Z
KRW-XRP,2026-01-01T00:00:00,2026-01-01T09:00:00,2692,2728,2671,2724,36126064.83,2724,upbit,2026-06-28T04:34:13Z
KRW-XRP,2026-01-02T00:00:00,2026-01-02T09:00:00,2725,2931,2713,2900,95851831.46,2900,upbit,2026-06-28T04:34:13Z
KRW-XRP,2026-01-03T00:00:00,2026-01-03T09:00:00,2901,2982,2872,2920,89481653.53,2920,upbit,2026-06-28T04:34:13Z
KRW-XRP,2026-01-04T00:00:00,2026-01-04T09:00:00,2920,3070,2919,3023,104665428.8,3023,upbit,2026-06-28T04:34:13Z
KRW-XRP,2026-01-05T00:00:00,2026-01-05T09:00:00,3023,3427,3019,3403,184399960.1,3403,upbit,2026-06-28T04:34:13Z
KRW-XRP,2026-01-06T00:00:00,2026-01-06T09:00:00,3403,3495,3221,3351,234709541.8,3351,upbit,2026-06-28T04:34:13Z
KRW-XRP,2026-01-07T00:00:00,2026-01-07T09:00:00,3351,3370,3140,3150,132050868.4,3150,upbit,2026-06-28T04:34:13Z
KRW-XRP,2026-01-08T00:00:00,2026-01-08T09:00:00,3151,3205,3025,3105,165979696.6,3105,upbit,2026-06-28T04:34:13Z
KRW-XRP,2026-01-09T00:00:00,2026-01-09T09:00:00,3106,3171,3045,3085,97879689.87,3085,upbit,2026-06-28T04:34:13Z
KRW-XRP,2026-01-10T00:00:00,2026-01-10T09:00:00,3087,3109,3065,3080,29963753.68,3080,upbit,2026-06-28T04:34:13Z
KRW-XRP,2026-01-11T00:00:00,2026-01-11T09:00:00,3083,3100,3020,3049,44574309.78,3049,upbit,2026-06-28T04:34:13Z
KRW-XRP,2026-01-12T00:00:00,2026-01-12T09:00:00,3049,3098,2998,3032,101895569.7,3032,upbit,2026-06-28T04:34:13Z
KRW-XRP,2026-01-13T00:00:00,2026-01-13T09:00:00,3033,3198,3025,3172,102007356.8,3172,upbit,2026-06-28T04:34:13Z
KRW-XRP,2026-01-14T00:00:00,2026-01-14T09:00:00,3172,3214,3098,3133,116356156.6,3133,upbit,2026-06-28T04:34:13Z
KRW-XRP,2026-01-15T00:00:00,2026-01-15T09:00:00,3134,3141,3031,3062,83616064.03,3062,upbit,2026-06-28T04:34:13Z
KRW-XRP,2026-01-16T00:00:00,2026-01-16T09:00:00,3062,3075,3007,3054,49791547.17,3054,upbit,2026-06-28T04:34:13Z
KRW-XRP,2026-01-17T00:00:00,2026-01-17T09:00:00,3053,3075,3035,3044,32200331.03,3044,upbit,2026-06-28T04:34:13Z
KRW-XRP,2026-01-18T00:00:00,2026-01-18T09:00:00,3044,3052,2950,2956,55689336.37,2956,upbit,2026-06-28T04:34:13Z
KRW-XRP,2026-01-19T00:00:00,2026-01-19T09:00:00,2956,2999,2800,2939,111004450.5,2939,upbit,2026-06-28T04:34:13Z
KRW-XRP,2026-01-20T00:00:00,2026-01-20T09:00:00,2939,2948,2800,2816,108984762.2,2816,upbit,2026-06-28T04:34:13Z
KRW-XRP,2026-01-21T00:00:00,2026-01-21T09:00:00,2817,2947,2789,2880,139949572.6,2880,upbit,2026-06-28T04:34:13Z
KRW-XRP,2026-01-22T00:00:00,2026-01-22T09:00:00,2882,2915,2830,2853,61689202.2,2853,upbit,2026-06-28T04:34:13Z
KRW-XRP,2026-01-23T00:00:00,2026-01-23T09:00:00,2853,2903,2811,2828,61511223.12,2828,upbit,2026-06-28T04:34:13Z
KRW-XRP,2026-01-24T00:00:00,2026-01-24T09:00:00,2828,2841,2822,2824,27511988.96,2824,upbit,2026-06-28T04:34:13Z
KRW-XRP,2026-01-25T00:00:00,2026-01-25T09:00:00,2824,2829,2700,2720,97687204.22,2720,upbit,2026-06-28T04:34:13Z
KRW-XRP,2026-01-26T00:00:00,2026-01-26T09:00:00,2720,2840,2716,2788,83809625.18,2788,upbit,2026-06-28T04:34:13Z
KRW-XRP,2026-01-27T00:00:00,2026-01-27T09:00:00,2788,2809,2741,2786,61242499.58,2786,upbit,2026-06-28T04:34:13Z
KRW-XRP,2026-01-28T00:00:00,2026-01-28T09:00:00,2786,2812,2743,2762,61292557.63,2762,upbit,2026-06-28T04:34:13Z
KRW-XRP,2026-01-29T00:00:00,2026-01-29T09:00:00,2762,2765,2613,2651,129197411.7,2651,upbit,2026-06-28T04:34:13Z
KRW-XRP,2026-01-30T00:00:00,2026-01-30T09:00:00,2652,2658,2530,2584,173914197.1,2584,upbit,2026-06-28T04:34:13Z
KRW-XRP,2026-01-31T00:00:00,2026-01-31T09:00:00,2582,2596,2271,2460,297825617.6,2460,upbit,2026-06-28T04:34:13Z
KRW-XRP,2026-02-01T00:00:00,2026-02-01T09:00:00,2461,2501,2295,2344,187059487.1,2344,upbit,2026-06-28T04:34:13Z
KRW-XRP,2026-02-02T00:00:00,2026-02-02T09:00:00,2344,2454,2271,2405,215694243.5,2405,upbit,2026-06-28T04:34:13Z
KRW-XRP,2026-02-03T00:00:00,2026-02-03T09:00:00,2404,2417,2277,2332,141168294.3,2332,upbit,2026-06-28T04:34:13Z
KRW-XRP,2026-02-04T00:00:00,2026-02-04T09:00:00,2332,2377,2215,2232,161687709.6,2232,upbit,2026-06-28T04:34:13Z
KRW-XRP,2026-02-05T00:00:00,2026-02-05T09:00:00,2232,2240,1683,1792,1037464164,1792,upbit,2026-06-28T04:34:13Z
KRW-XRP,2026-02-06T00:00:00,2026-02-06T09:00:00,1794,2296,1658,2186,920002000.3,2186,upbit,2026-06-28T04:34:13Z
KRW-XRP,2026-02-07T00:00:00,2026-02-07T09:00:00,2187,2212,2046,2106,359549797.8,2106,upbit,2026-06-28T04:34:13Z
KRW-XRP,2026-02-08T00:00:00,2026-02-08T09:00:00,2106,2185,2091,2126,176508269.7,2126,upbit,2026-06-28T04:34:13Z
KRW-XRP,2026-02-09T00:00:00,2026-02-09T09:00:00,2125,2162,2032,2117,191655005.7,2117,upbit,2026-06-28T04:34:13Z
KRW-XRP,2026-02-10T00:00:00,2026-02-10T09:00:00,2119,2145,2070,2076,105262801.4,2076,upbit,2026-06-28T04:34:13Z
KRW-XRP,2026-02-11T00:00:00,2026-02-11T09:00:00,2077,2105,1990,2026,195798325,2026,upbit,2026-06-28T04:34:13Z
KRW-XRP,2026-02-12T00:00:00,2026-02-12T09:00:00,2025,2065,1983,2001,128117121.8,2001,upbit,2026-06-28T04:34:13Z
KRW-XRP,2026-02-13T00:00:00,2026-02-13T09:00:00,2001,2090,1980,2057,147418662.7,2057,upbit,2026-06-28T04:34:13Z
KRW-XRP,2026-02-14T00:00:00,2026-02-14T09:00:00,2058,2228,2054,2224,182726628.5,2224,upbit,2026-06-28T04:34:13Z
KRW-XRP,2026-02-15T00:00:00,2026-02-15T09:00:00,2223,2475,2140,2190,511190207.3,2190,upbit,2026-06-28T04:34:13Z
KRW-XRP,2026-02-16T00:00:00,2026-02-16T09:00:00,2191,2249,2150,2202,196757358.5,2202,upbit,2026-06-28T04:34:13Z
KRW-XRP,2026-02-17T00:00:00,2026-02-17T09:00:00,2202,2213,2120,2179,120737091.5,2179,upbit,2026-06-28T04:34:13Z
KRW-XRP,2026-02-18T00:00:00,2026-02-18T09:00:00,2180,2205,2093,2111,113833782.5,2111,upbit,2026-06-28T04:34:13Z
KRW-XRP,2026-02-19T00:00:00,2026-02-19T09:00:00,2111,2123,2041,2075,124522774.8,2075,upbit,2026-06-28T04:34:13Z
KRW-XRP,2026-02-20T00:00:00,2026-02-20T09:00:00,2075,2117,2036,2101,128291577.9,2101,upbit,2026-06-28T04:34:13Z
KRW-XRP,2026-02-21T00:00:00,2026-02-21T09:00:00,2101,2153,2090,2103,72320201.99,2103,upbit,2026-06-28T04:34:13Z
KRW-XRP,2026-02-22T00:00:00,2026-02-22T09:00:00,2103,2111,2032,2051,77415013.17,2051,upbit,2026-06-28T04:34:13Z
KRW-XRP,2026-02-23T00:00:00,2026-02-23T09:00:00,2051,2093,1960,1994,203886782.5,1994,upbit,2026-06-28T04:34:13Z
KRW-XRP,2026-02-24T00:00:00,2026-02-24T09:00:00,1994,2009,1925,1974,165455987.6,1974,upbit,2026-06-28T04:34:13Z
KRW-XRP,2026-02-25T00:00:00,2026-02-25T09:00:00,1973,2143,1961,2063,244102089.9,2063,upbit,2026-06-28T04:34:13Z
KRW-XRP,2026-02-26T00:00:00,2026-02-26T09:00:00,2064,2119,2003,2026,148401184,2026,upbit,2026-06-28T04:34:13Z
KRW-XRP,2026-02-27T00:00:00,2026-02-27T09:00:00,2026,2064,1956,1982,136963236.8,1982,upbit,2026-06-28T04:34:13Z
KRW-XRP,2026-02-28T00:00:00,2026-02-28T09:00:00,1981,2030,1860,2005,287544147.1,2005,upbit,2026-06-28T04:34:13Z
KRW-XRP,2026-03-01T00:00:00,2026-03-01T09:00:00,2005,2079,1954,1975,198834384.1,1975,upbit,2026-06-28T04:34:13Z
KRW-XRP,2026-03-02T00:00:00,2026-03-02T09:00:00,1975,2074,1961,2030,211049124.9,2030,upbit,2026-06-28T04:34:13Z
KRW-XRP,2026-03-03T00:00:00,2026-03-03T09:00:00,2031,2045,1973,1998,149574484,1998,upbit,2026-06-28T04:34:13Z
KRW-XRP,2026-03-04T00:00:00,2026-03-04T09:00:00,1998,2135,1972,2075,245238472.9,2075,upbit,2026-06-28T04:34:13Z
KRW-XRP,2026-03-05T00:00:00,2026-03-05T09:00:00,2075,2123,2052,2057,131364160.3,2057,upbit,2026-06-28T04:34:13Z
KRW-XRP,2026-03-06T00:00:00,2026-03-06T09:00:00,2057,2074,1992,2017,101117151.5,2017,upbit,2026-06-28T04:34:13Z
KRW-XRP,2026-03-07T00:00:00,2026-03-07T09:00:00,2015,2029,1995,2006,42137589.73,2006,upbit,2026-06-28T04:34:13Z
KRW-XRP,2026-03-08T00:00:00,2026-03-08T09:00:00,2006,2027,1971,1985,83078884.18,1985,upbit,2026-06-28T04:34:13Z
KRW-XRP,2026-03-09T00:00:00,2026-03-09T09:00:00,1986,2025,1976,2001,113429074.9,2001,upbit,2026-06-28T04:34:13Z
KRW-XRP,2026-03-10T00:00:00,2026-03-10T09:00:00,2001,2099,1998,2030,160052275,2030,upbit,2026-06-28T04:34:13Z
KRW-XRP,2026-03-11T00:00:00,2026-03-11T09:00:00,2030,2063,2011,2025,89158901.18,2025,upbit,2026-06-28T04:34:13Z
KRW-XRP,2026-03-12T00:00:00,2026-03-12T09:00:00,2026,2037,2010,2025,70087560.71,2025,upbit,2026-06-28T04:34:13Z
KRW-XRP,2026-03-13T00:00:00,2026-03-13T09:00:00,2027,2124,2024,2059,178740675.5,2059,upbit,2026-06-28T04:34:13Z
KRW-XRP,2026-03-14T00:00:00,2026-03-14T09:00:00,2059,2078,2047,2076,46094425.72,2076,upbit,2026-06-28T04:34:13Z
KRW-XRP,2026-03-15T00:00:00,2026-03-15T09:00:00,2076,2145,2069,2126,92156952.78,2126,upbit,2026-06-28T04:34:13Z
KRW-XRP,2026-03-16T00:00:00,2026-03-16T09:00:00,2127,2280,2110,2269,198592213,2269,upbit,2026-06-28T04:34:13Z
KRW-XRP,2026-03-17T00:00:00,2026-03-17T09:00:00,2269,2374,2209,2238,256361280.9,2238,upbit,2026-06-28T04:34:13Z
KRW-XRP,2026-03-18T00:00:00,2026-03-18T09:00:00,2238,2272,2135,2177,149822850.5,2177,upbit,2026-06-28T04:34:13Z
KRW-XRP,2026-03-19T00:00:00,2026-03-19T09:00:00,2177,2200,2121,2152,102415940.8,2152,upbit,2026-06-28T04:34:13Z
KRW-XRP,2026-03-20T00:00:00,2026-03-20T09:00:00,2152,2183,2137,2160,69130110.25,2160,upbit,2026-06-28T04:34:13Z
KRW-XRP,2026-03-21T00:00:00,2026-03-21T09:00:00,2159,2171,2110,2122,41301050.45,2122,upbit,2026-06-28T04:34:13Z
KRW-XRP,2026-03-22T00:00:00,2026-03-22T09:00:00,2122,2140,2067,2081,86811513.5,2081,upbit,2026-06-28T04:34:13Z
KRW-XRP,2026-03-23T00:00:00,2026-03-23T09:00:00,2081,2173,2050,2126,170382321,2126,upbit,2026-06-28T04:34:13Z
KRW-XRP,2026-03-24T00:00:00,2026-03-24T09:00:00,2127,2130,2075,2108,82422251.96,2108,upbit,2026-06-28T04:34:13Z
KRW-XRP,2026-03-25T00:00:00,2026-03-25T09:00:00,2109,2142,2094,2113,71718991.28,2113,upbit,2026-06-28T04:34:13Z
KRW-XRP,2026-03-26T00:00:00,2026-03-26T09:00:00,2114,2116,2024,2054,80804875.34,2054,upbit,2026-06-28T04:34:13Z
KRW-XRP,2026-03-27T00:00:00,2026-03-27T09:00:00,2055,2069,2010,2018,70732830.43,2018,upbit,2026-06-28T04:34:13Z
KRW-XRP,2026-03-28T00:00:00,2026-03-28T09:00:00,2017,2057,2004,2025,42133503.28,2025,upbit,2026-06-28T04:34:13Z
KRW-XRP,2026-03-29T00:00:00,2026-03-29T09:00:00,2024,2035,1984,2019,51008065.08,2019,upbit,2026-06-28T04:34:13Z
KRW-XRP,2026-03-30T00:00:00,2026-03-30T09:00:00,2019,2066,2004,2014,71625812.88,2014,upbit,2026-06-28T04:34:13Z
KRW-XRP,2026-03-31T00:00:00,2026-03-31T09:00:00,2014,2044,1994,2030,81675372.94,2030,upbit,2026-06-28T04:34:13Z
KRW-XRP,2026-04-01T00:00:00,2026-04-01T09:00:00,2029,2060,2016,2040,59527959.93,2040,upbit,2026-06-28T04:34:13Z
KRW-XRP,2026-04-02T00:00:00,2026-04-02T09:00:00,2040,2053,1955,2006,120920866.2,2006,upbit,2026-06-28T04:34:13Z
KRW-XRP,2026-04-03T00:00:00,2026-04-03T09:00:00,2006,2023,1979,1999,44755292.41,1999,upbit,2026-06-28T04:34:13Z
KRW-XRP,2026-04-04T00:00:00,2026-04-04T09:00:00,2000,2005,1987,1995,26731493.43,1995,upbit,2026-06-28T04:34:13Z
KRW-XRP,2026-04-05T00:00:00,2026-04-05T09:00:00,1994,2013,1950,2004,63576780.3,2004,upbit,2026-06-28T04:34:13Z
KRW-XRP,2026-04-06T00:00:00,2026-04-06T09:00:00,2004,2037,1985,1996,75209135.83,1996,upbit,2026-06-28T04:34:13Z
KRW-XRP,2026-04-07T00:00:00,2026-04-07T09:00:00,1995,2079,1958,2054,108298590.2,2054,upbit,2026-06-28T04:34:13Z
KRW-XRP,2026-04-08T00:00:00,2026-04-08T09:00:00,2055,2059,1996,2000,82912028.83,2000,upbit,2026-06-28T04:34:13Z
KRW-XRP,2026-04-09T00:00:00,2026-04-09T09:00:00,1999,2025,1975,1997,70093294.77,1997,upbit,2026-06-28T04:34:13Z
KRW-XRP,2026-04-10T00:00:00,2026-04-10T09:00:00,1997,2024,1991,2013,52079422.8,2013,upbit,2026-06-28T04:34:13Z
KRW-XRP,2026-04-11T00:00:00,2026-04-11T09:00:00,2013,2037,1997,2014,40446743.65,2014,upbit,2026-06-28T04:34:13Z
KRW-XRP,2026-04-12T00:00:00,2026-04-12T09:00:00,2013,2016,1972,1981,58665856.11,1981,upbit,2026-06-28T04:34:13Z
KRW-XRP,2026-04-13T00:00:00,2026-04-13T09:00:00,1980,2035,1974,2027,76982697.51,2027,upbit,2026-06-28T04:34:13Z
KRW-XRP,2026-04-14T00:00:00,2026-04-14T09:00:00,2028,2053,2005,2014,76066142.24,2014,upbit,2026-06-28T04:34:13Z
KRW-XRP,2026-04-15T00:00:00,2026-04-15T09:00:00,2014,2074,2002,2054,69478965.13,2054,upbit,2026-06-28T04:34:13Z
KRW-XRP,2026-04-16T00:00:00,2026-04-16T09:00:00,2054,2159,2047,2142,115798955.6,2142,upbit,2026-06-28T04:34:13Z
KRW-XRP,2026-04-17T00:00:00,2026-04-17T09:00:00,2142,2214,2101,2176,122099246.3,2176,upbit,2026-06-28T04:34:13Z
KRW-XRP,2026-04-18T00:00:00,2026-04-18T09:00:00,2177,2187,2106,2125,79006419.54,2125,upbit,2026-06-28T04:34:13Z
KRW-XRP,2026-04-19T00:00:00,2026-04-19T09:00:00,2126,2148,2074,2078,79826611.93,2078,upbit,2026-06-28T04:34:13Z
KRW-XRP,2026-04-20T00:00:00,2026-04-20T09:00:00,2079,2126,2075,2109,59351326.57,2109,upbit,2026-06-28T04:34:13Z
KRW-XRP,2026-04-21T00:00:00,2026-04-21T09:00:00,2110,2140,2100,2123,58601364.8,2123,upbit,2026-06-28T04:34:13Z
KRW-XRP,2026-04-22T00:00:00,2026-04-22T09:00:00,2123,2164,2113,2121,83121819.2,2121,upbit,2026-06-28T04:34:13Z
KRW-XRP,2026-04-23T00:00:00,2026-04-23T09:00:00,2121,2141,2096,2139,68428178.1,2139,upbit,2026-06-28T04:34:13Z
KRW-XRP,2026-04-24T00:00:00,2026-04-24T09:00:00,2139,2154,2124,2135,43264641.24,2135,upbit,2026-06-28T04:34:13Z
KRW-XRP,2026-04-25T00:00:00,2026-04-25T09:00:00,2137,2140,2115,2123,28923157.04,2123,upbit,2026-06-28T04:34:13Z
KRW-XRP,2026-04-26T00:00:00,2026-04-26T09:00:00,2123,2128,2112,2123,33116810.45,2123,upbit,2026-06-28T04:34:13Z
KRW-XRP,2026-04-27T00:00:00,2026-04-27T09:00:00,2124,2140,2065,2088,73198840.31,2088,upbit,2026-06-28T04:34:13Z
KRW-XRP,2026-04-28T00:00:00,2026-04-28T09:00:00,2088,2089,2036,2051,50427504.39,2051,upbit,2026-06-28T04:34:13Z
KRW-XRP,2026-04-29T00:00:00,2026-04-29T09:00:00,2051,2088,2016,2047,61694900.2,2047,upbit,2026-06-28T04:34:13Z
KRW-XRP,2026-04-30T00:00:00,2026-04-30T09:00:00,2048,2066,2029,2037,38028913.1,2037,upbit,2026-06-28T04:34:13Z
KRW-XRP,2026-05-01T00:00:00,2026-05-01T09:00:00,2037,2073,2036,2055,31621850.25,2055,upbit,2026-06-28T04:34:13Z
KRW-XRP,2026-05-02T00:00:00,2026-05-02T09:00:00,2055,2072,2053,2065,20636810.53,2065,upbit,2026-06-28T04:34:13Z
KRW-XRP,2026-05-03T00:00:00,2026-05-03T09:00:00,2063,2075,2052,2059,24835702.93,2059,upbit,2026-06-28T04:34:13Z
KRW-XRP,2026-05-04T00:00:00,2026-05-04T09:00:00,2059,2095,2054,2067,66993019.77,2067,upbit,2026-06-28T04:34:13Z
KRW-XRP,2026-05-05T00:00:00,2026-05-05T09:00:00,2067,2099,2066,2088,50069663.91,2088,upbit,2026-06-28T04:34:13Z
KRW-XRP,2026-05-06T00:00:00,2026-05-06T09:00:00,2088,2127,2075,2089,79188902,2089,upbit,2026-06-28T04:34:13Z
KRW-XRP,2026-05-07T00:00:00,2026-05-07T09:00:00,2089,2090,2038,2045,69607677.07,2045,upbit,2026-06-28T04:34:13Z
KRW-XRP,2026-05-08T00:00:00,2026-05-08T09:00:00,2044,2099,2039,2088,50871154,2088,upbit,2026-06-28T04:34:13Z
KRW-XRP,2026-05-09T00:00:00,2026-05-09T09:00:00,2087,2115,2083,2092,46245788.51,2092,upbit,2026-06-28T04:34:13Z
KRW-XRP,2026-05-10T00:00:00,2026-05-10T09:00:00,2092,2206,2082,2158,96575067.72,2158,upbit,2026-06-28T04:34:13Z
KRW-XRP,2026-05-11T00:00:00,2026-05-11T09:00:00,2159,2189,2123,2169,83584346.65,2169,upbit,2026-06-28T04:34:13Z
KRW-XRP,2026-05-12T00:00:00,2026-05-12T09:00:00,2171,2189,2105,2130,86042284.09,2130,upbit,2026-06-28T04:34:13Z
KRW-XRP,2026-05-13T00:00:00,2026-05-13T09:00:00,2130,2170,2102,2121,67351084.57,2121,upbit,2026-06-28T04:34:13Z
KRW-XRP,2026-05-14T00:00:00,2026-05-14T09:00:00,2121,2283,2111,2193,126599081.5,2193,upbit,2026-06-28T04:34:13Z
KRW-XRP,2026-05-15T00:00:00,2026-05-15T09:00:00,2194,2222,2126,2134,86968287.25,2134,upbit,2026-06-28T04:34:13Z
KRW-XRP,2026-05-16T00:00:00,2026-05-16T09:00:00,2135,2145,2081,2111,53902573.68,2111,upbit,2026-06-28T04:34:13Z
KRW-XRP,2026-05-17T00:00:00,2026-05-17T09:00:00,2111,2129,2060,2091,42037252.25,2091,upbit,2026-06-28T04:34:13Z
KRW-XRP,2026-05-18T00:00:00,2026-05-18T09:00:00,2090,2091,2034,2065,75571337.95,2065,upbit,2026-06-28T04:34:13Z
KRW-XRP,2026-05-19T00:00:00,2026-05-19T09:00:00,2065,2075,2022,2028,47521700.43,2028,upbit,2026-06-28T04:34:13Z
KRW-XRP,2026-05-20T00:00:00,2026-05-20T09:00:00,2028,2048,2005,2028,52608184.83,2028,upbit,2026-06-28T04:34:13Z
KRW-XRP,2026-05-21T00:00:00,2026-05-21T09:00:00,2028,2057,2013,2038,51764766.3,2038,upbit,2026-06-28T04:34:13Z
KRW-XRP,2026-05-22T00:00:00,2026-05-22T09:00:00,2037,2044,2000,2002,55565976.79,2002,upbit,2026-06-28T04:34:13Z
KRW-XRP,2026-05-23T00:00:00,2026-05-23T09:00:00,2002,2050,1964,2031,78693172.99,2031,upbit,2026-06-28T04:34:13Z
KRW-XRP,2026-05-24T00:00:00,2026-05-24T09:00:00,2031,2046,1999,2023,37639196.48,2023,upbit,2026-06-28T04:34:13Z
KRW-XRP,2026-05-25T00:00:00,2026-05-25T09:00:00,2023,2034,2005,2008,31930335.61,2008,upbit,2026-06-28T04:34:13Z
KRW-XRP,2026-05-26T00:00:00,2026-05-26T09:00:00,2007,2017,1970,1971,64432685.37,1971,upbit,2026-06-28T04:34:13Z
KRW-XRP,2026-05-27T00:00:00,2026-05-27T09:00:00,1971,1977,1917,1926,95986612.22,1926,upbit,2026-06-28T04:34:13Z
KRW-XRP,2026-05-28T00:00:00,2026-05-28T09:00:00,1926,1974,1869,1937,125987014.7,1937,upbit,2026-06-28T04:34:13Z
KRW-XRP,2026-05-29T00:00:00,2026-05-29T09:00:00,1938,1972,1918,1970,78577191.93,1970,upbit,2026-06-28T04:34:13Z
KRW-XRP,2026-05-30T00:00:00,2026-05-30T09:00:00,1970,2025,1965,1986,76319563.48,1986,upbit,2026-06-28T04:34:13Z
KRW-XRP,2026-05-31T00:00:00,2026-05-31T09:00:00,1985,1993,1951,1963,47565467.32,1963,upbit,2026-06-28T04:34:13Z
KRW-XRP,2026-06-01T00:00:00,2026-06-01T09:00:00,1963,1975,1879,1892,107685142,1892,upbit,2026-06-28T04:34:13Z
KRW-XRP,2026-06-02T00:00:00,2026-06-02T09:00:00,1892,1892,1770,1791,166789581.9,1791,upbit,2026-06-28T04:34:13Z
KRW-XRP,2026-06-03T00:00:00,2026-06-03T09:00:00,1791,1849,1764,1779,111692912.5,1779,upbit,2026-06-28T04:34:13Z
KRW-XRP,2026-06-04T00:00:00,2026-06-04T09:00:00,1779,1805,1702,1747,169323741.4,1747,upbit,2026-06-28T04:34:13Z
KRW-XRP,2026-06-05T00:00:00,2026-06-05T09:00:00,1746,1753,1636,1672,187431381.9,1672,upbit,2026-06-28T04:34:13Z
KRW-XRP,2026-06-06T00:00:00,2026-06-06T09:00:00,1672,1696,1603,1662,123967415.8,1662,upbit,2026-06-28T04:34:13Z
KRW-XRP,2026-06-07T00:00:00,2026-06-07T09:00:00,1663,1780,1654,1740,123281808.9,1740,upbit,2026-06-28T04:34:13Z
KRW-XRP,2026-06-08T00:00:00,2026-06-08T09:00:00,1740,1772,1705,1754,83606767.26,1754,upbit,2026-06-28T04:34:13Z
KRW-XRP,2026-06-09T00:00:00,2026-06-09T09:00:00,1753,1759,1686,1706,74693906.1,1706,upbit,2026-06-28T04:34:13Z
KRW-XRP,2026-06-10T00:00:00,2026-06-10T09:00:00,1707,1710,1641,1652,92347930.71,1652,upbit,2026-06-28T04:34:13Z
KRW-XRP,2026-06-11T00:00:00,2026-06-11T09:00:00,1652,1724,1651,1717,72220823.73,1717,upbit,2026-06-28T04:34:13Z
KRW-XRP,2026-06-12T00:00:00,2026-06-12T09:00:00,1717,1742,1697,1709,59687397.01,1709,upbit,2026-06-28T04:34:13Z
KRW-XRP,2026-06-13T00:00:00,2026-06-13T09:00:00,1710,1749,1706,1740,37302366.3,1740,upbit,2026-06-28T04:34:13Z
KRW-XRP,2026-06-14T00:00:00,2026-06-14T09:00:00,1740,1790,1702,1789,53956043.3,1789,upbit,2026-06-28T04:34:13Z
KRW-XRP,2026-06-15T00:00:00,2026-06-15T09:00:00,1788,1939,1767,1859,137184121.2,1859,upbit,2026-06-28T04:34:13Z
KRW-XRP,2026-06-16T00:00:00,2026-06-16T09:00:00,1860,1887,1813,1829,75810770.19,1829,upbit,2026-06-28T04:34:13Z
KRW-XRP,2026-06-17T00:00:00,2026-06-17T09:00:00,1828,1844,1770,1787,73621919.54,1787,upbit,2026-06-28T04:34:13Z
KRW-XRP,2026-06-18T00:00:00,2026-06-18T09:00:00,1788,1796,1717,1731,75971557.19,1731,upbit,2026-06-28T04:34:13Z
KRW-XRP,2026-06-19T00:00:00,2026-06-19T09:00:00,1731,1740,1691,1719,60619731.81,1719,upbit,2026-06-28T04:34:13Z
KRW-XRP,2026-06-20T00:00:00,2026-06-20T09:00:00,1719,1746,1713,1738,39692630.61,1738,upbit,2026-06-28T04:34:13Z
KRW-XRP,2026-06-21T00:00:00,2026-06-21T09:00:00,1739,1743,1696,1697,35443747.51,1697,upbit,2026-06-28T04:34:13Z
KRW-XRP,2026-06-22T00:00:00,2026-06-22T09:00:00,1696,1750,1696,1706,60020449.47,1706,upbit,2026-06-28T04:34:13Z
KRW-XRP,2026-06-23T00:00:00,2026-06-23T09:00:00,1707,1711,1652,1673,74243195.1,1673,upbit,2026-06-28T04:34:13Z
KRW-XRP,2026-06-24T00:00:00,2026-06-24T09:00:00,1674,1679,1601,1628,89582700.47,1628,upbit,2026-06-28T04:34:13Z
KRW-XRP,2026-06-25T00:00:00,2026-06-25T09:00:00,1628,1649,1550,1586,115934217.8,1586,upbit,2026-06-28T04:34:13Z
KRW-XRP,2026-06-26T00:00:00,2026-06-26T09:00:00,1586,1596,1536,1590,106005648.3,1590,upbit,2026-06-28T04:34:13Z
KRW-XRP,2026-06-27T00:00:00,2026-06-27T09:00:00,1590,1631,1582,1589,48660202.93,1589,upbit,2026-06-28T04:34:13Z
KRW-XRP,2026-06-28T00:00:00,2026-06-28T09:00:00,1587,1599,1586,1591,5904330.501,1591,upbit,2026-06-28T04:34:13Z
