market,date_utc,date_kst,open,high,low,close,volume,trade_price,source,crawled_at
KRW-BTC,2020-06-20T00:00:00,2020-06-20T09:00:00,11285000.0,11351000.0,11155000.0,11325000.0,1263.73290014,11325000.0,upbit,2026-06-28T04:34:13Z
KRW-BTC,2020-06-21T00:00:00,2020-06-21T09:00:00,11317000.0,11355000.0,11225000.0,11238000.0,909.55526989,11238000.0,upbit,2026-06-28T04:34:13Z
KRW-BTC,2020-06-22T00:00:00,2020-06-22T09:00:00,11235000.0,11675000.0,11232000.0,11593000.0,2696.34450507,11593000.0,upbit,2026-06-28T04:34:13Z
KRW-BTC,2020-06-23T00:00:00,2020-06-23T09:00:00,11593000.0,11649000.0,11488000.0,11509000.0,2329.40394614,11509000.0,upbit,2026-06-28T04:34:13Z
KRW-BTC,2020-06-24T00:00:00,2020-06-24T09:00:00,11506000.0,11553000.0,11110000.0,11233000.0,3231.00130679,11233000.0,upbit,2026-06-28T04:34:13Z
KRW-BTC,2020-06-25T00:00:00,2020-06-25T09:00:00,11232000.0,11232000.0,10842000.0,11147000.0,2709.1098932,11147000.0,upbit,2026-06-28T04:34:13Z
KRW-BTC,2020-06-26T00:00:00,2020-06-26T09:00:00,11151000.0,11185000.0,10901000.0,11045000.0,2087.94129459,11045000.0,upbit,2026-06-28T04:34:13Z
KRW-BTC,2020-06-27T00:00:00,2020-06-27T09:00:00,11045000.0,11051000.0,10791000.0,10913000.0,1712.14624703,10913000.0,upbit,2026-06-28T04:34:13Z
KRW-BTC,2020-06-28T00:00:00,2020-06-28T09:00:00,10913000.0,11163000.0,10756000.0,10970000.0,2015.60242521,10970000.0,upbit,2026-06-28T04:34:13Z
KRW-BTC,2020-06-29T00:00:00,2020-06-29T09:00:00,10970000.0,11033000.0,10814000.0,10972000.0,1945.52309302,10972000.0,upbit,2026-06-28T04:34:13Z
KRW-BTC,2020-06-30T00:00:00,2020-06-30T09:00:00,10980000.0,11004000.0,10882000.0,10903000.0,1491.98629021,10903000.0,upbit,2026-06-28T04:34:13Z
KRW-BTC,2020-07-01T00:00:00,2020-07-01T09:00:00,10903000.0,11111000.0,10887000.0,11051000.0,1746.77991866,11051000.0,upbit,2026-06-28T04:34:13Z
KRW-BTC,2020-07-02T00:00:00,2020-07-02T09:00:00,11041000.0,11077000.0,10772000.0,10888000.0,2255.06730644,10888000.0,upbit,2026-06-28T04:34:13Z
KRW-BTC,2020-07-03T00:00:00,2020-07-03T09:00:00,10888000.0,10920000.0,10821000.0,10837000.0,1446.240884,10837000.0,upbit,2026-06-28T04:34:13Z
KRW-BTC,2020-07-04T00:00:00,2020-07-04T09:00:00,10845000.0,10960000.0,10814000.0,10884000.0,1102.13769,10884000.0,upbit,2026-06-28T04:34:13Z
KRW-BTC,2020-07-05T00:00:00,2020-07-05T09:00:00,10883000.0,10900000.0,10700000.0,10831000.0,1232.80955825,10831000.0,upbit,2026-06-28T04:34:13Z
KRW-BTC,2020-07-06T00:00:00,2020-07-06T09:00:00,10831000.0,11102000.0,10796000.0,11065000.0,2834.35626338,11065000.0,upbit,2026-06-28T04:34:13Z
KRW-BTC,2020-07-07T00:00:00,2020-07-07T09:00:00,11065000.0,11097000.0,10952000.0,10988000.0,1828.51713339,10988000.0,upbit,2026-06-28T04:34:13Z
KRW-BTC,2020-07-08T00:00:00,2020-07-08T09:00:00,10988000.0,11208000.0,10968000.0,11138000.0,3274.76981902,11138000.0,upbit,2026-06-28T04:34:13Z
KRW-BTC,2020-07-09T00:00:00,2020-07-09T09:00:00,11135000.0,11149000.0,10906000.0,10961000.0,2625.43221633,10961000.0,upbit,2026-06-28T04:34:13Z
KRW-BTC,2020-07-10T00:00:00,2020-07-10T09:00:00,10961000.0,11062000.0,10880000.0,11043000.0,2044.03731083,11043000.0,upbit,2026-06-28T04:34:13Z
KRW-BTC,2020-07-11T00:00:00,2020-07-11T09:00:00,11039000.0,11044000.0,10910000.0,10957000.0,1039.64848925,10957000.0,upbit,2026-06-28T04:34:13Z
KRW-BTC,2020-07-12T00:00:00,2020-07-12T09:00:00,10968000.0,11061000.0,10915000.0,11036000.0,1317.60522056,11036000.0,upbit,2026-06-28T04:34:13Z
KRW-BTC,2020-07-13T00:00:00,2020-07-13T09:00:00,11036000.0,11063000.0,10908000.0,11000000.0,2605.40348195,11000000.0,upbit,2026-06-28T04:34:13Z
KRW-BTC,2020-07-14T00:00:00,2020-07-14T09:00:00,11011000.0,11040000.0,10925000.0,11010000.0,2495.54897178,11010000.0,upbit,2026-06-28T04:34:13Z
KRW-BTC,2020-07-15T00:00:00,2020-07-15T09:00:00,11011000.0,11017000.0,10955000.0,10975000.0,1649.89414782,10975000.0,upbit,2026-06-28T04:34:13Z
KRW-BTC,2020-07-16T00:00:00,2020-07-16T09:00:00,10975000.0,11003000.0,10835000.0,10934000.0,2068.3561921,10934000.0,upbit,2026-06-28T04:34:13Z
KRW-BTC,2020-07-17T00:00:00,2020-07-17T09:00:00,10924000.0,10980000.0,10875000.0,10937000.0,1615.75315293,10937000.0,upbit,2026-06-28T04:34:13Z
KRW-BTC,2020-07-18T00:00:00,2020-07-18T09:00:00,10949000.0,10990000.0,10894000.0,10905000.0,948.92757814,10905000.0,upbit,2026-06-28T04:34:13Z
KRW-BTC,2020-07-19T00:00:00,2020-07-19T09:00:00,10908000.0,10971000.0,10869000.0,10943000.0,976.01326268,10943000.0,upbit,2026-06-28T04:34:13Z
KRW-BTC,2020-07-20T00:00:00,2020-07-20T09:00:00,10943000.0,10981000.0,10908000.0,10950000.0,1677.88924309,10950000.0,upbit,2026-06-28T04:34:13Z
KRW-BTC,2020-07-21T00:00:00,2020-07-21T09:00:00,10940000.0,11220000.0,10930000.0,11123000.0,3235.46831323,11123000.0,upbit,2026-06-28T04:34:13Z
KRW-BTC,2020-07-22T00:00:00,2020-07-22T09:00:00,11117000.0,11280000.0,11066000.0,11269000.0,2474.64316687,11269000.0,upbit,2026-06-28T04:34:13Z
KRW-BTC,2020-07-23T00:00:00,2020-07-23T09:00:00,11258000.0,11418000.0,11183000.0,11331000.0,3090.33493086,11331000.0,upbit,2026-06-28T04:34:13Z
KRW-BTC,2020-07-24T00:00:00,2020-07-24T09:00:00,11322000.0,11438000.0,11238000.0,11346000.0,2160.08749256,11346000.0,upbit,2026-06-28T04:34:13Z
KRW-BTC,2020-07-25T00:00:00,2020-07-25T09:00:00,11346000.0,11500000.0,11333000.0,11477000.0,1583.49670631,11477000.0,upbit,2026-06-28T04:34:13Z
KRW-BTC,2020-07-26T00:00:00,2020-07-26T09:00:00,11477000.0,11909000.0,11416000.0,11715000.0,4143.37023378,11715000.0,upbit,2026-06-28T04:34:13Z
KRW-BTC,2020-07-27T00:00:00,2020-07-27T09:00:00,11706000.0,13275000.0,11701000.0,12916000.0,10523.35454822,12916000.0,upbit,2026-06-28T04:34:13Z
KRW-BTC,2020-07-28T00:00:00,2020-07-28T09:00:00,12914000.0,13202000.0,12515000.0,12772000.0,7553.15293197,12772000.0,upbit,2026-06-28T04:34:13Z
KRW-BTC,2020-07-29T00:00:00,2020-07-29T09:00:00,12774000.0,13368000.0,12701000.0,13124000.0,5839.53216975,13124000.0,upbit,2026-06-28T04:34:13Z
KRW-BTC,2020-07-30T00:00:00,2020-07-30T09:00:00,13123000.0,13170000.0,12800000.0,13098000.0,4755.53271504,13098000.0,upbit,2026-06-28T04:34:13Z
KRW-BTC,2020-07-31T00:00:00,2020-07-31T09:00:00,13097000.0,13580000.0,12961000.0,13416000.0,4608.2997854,13416000.0,upbit,2026-06-28T04:34:13Z
KRW-BTC,2020-08-01T00:00:00,2020-08-01T09:00:00,13404000.0,13969000.0,13271000.0,13922000.0,5463.18173849,13922000.0,upbit,2026-06-28T04:34:13Z
KRW-BTC,2020-08-02T00:00:00,2020-08-02T09:00:00,13922000.0,14380000.0,12871000.0,13030000.0,10730.69157929,13030000.0,upbit,2026-06-28T04:34:13Z
KRW-BTC,2020-08-03T00:00:00,2020-08-03T09:00:00,13030000.0,13573000.0,12945000.0,13272000.0,4402.74282417,13272000.0,upbit,2026-06-28T04:34:13Z
KRW-BTC,2020-08-04T00:00:00,2020-08-04T09:00:00,13273000.0,13488000.0,13130000.0,13319000.0,4322.71665983,13319000.0,upbit,2026-06-28T04:34:13Z
KRW-BTC,2020-08-05T00:00:00,2020-08-05T09:00:00,13322000.0,13881000.0,13229000.0,13843000.0,7147.3390046,13843000.0,upbit,2026-06-28T04:34:13Z
KRW-BTC,2020-08-06T00:00:00,2020-08-06T09:00:00,13843000.0,14036000.0,13666000.0,13884000.0,5736.95470128,13884000.0,upbit,2026-06-28T04:34:13Z
KRW-BTC,2020-08-07T00:00:00,2020-08-07T09:00:00,13883000.0,14064000.0,13551000.0,13777000.0,4462.32806533,13777000.0,upbit,2026-06-28T04:34:13Z
KRW-BTC,2020-08-08T00:00:00,2020-08-08T09:00:00,13777000.0,13960000.0,13710000.0,13887000.0,2600.97888267,13887000.0,upbit,2026-06-28T04:34:13Z
KRW-BTC,2020-08-09T00:00:00,2020-08-09T09:00:00,13884000.0,13905000.0,13652000.0,13820000.0,2856.75718036,13820000.0,upbit,2026-06-28T04:34:13Z
KRW-BTC,2020-08-10T00:00:00,2020-08-10T09:00:00,13814000.0,14280000.0,13746000.0,13990000.0,6087.49693672,13990000.0,upbit,2026-06-28T04:34:13Z
KRW-BTC,2020-08-11T00:00:00,2020-08-11T09:00:00,13994000.0,14042000.0,13337000.0,13619000.0,7038.42556936,13619000.0,upbit,2026-06-28T04:34:13Z
KRW-BTC,2020-08-12T00:00:00,2020-08-12T09:00:00,13619000.0,13745000.0,13306000.0,13709000.0,4491.1064638,13709000.0,upbit,2026-06-28T04:34:13Z
KRW-BTC,2020-08-13T00:00:00,2020-08-13T09:00:00,13708000.0,13890000.0,13398000.0,13810000.0,6509.12009099,13810000.0,upbit,2026-06-28T04:34:13Z
KRW-BTC,2020-08-14T00:00:00,2020-08-14T09:00:00,13810000.0,13939000.0,13706000.0,13846000.0,5427.79561059,13846000.0,upbit,2026-06-28T04:34:13Z
KRW-BTC,2020-08-15T00:00:00,2020-08-15T09:00:00,13845000.0,14051000.0,13796000.0,13878000.0,3784.70679521,13878000.0,upbit,2026-06-28T04:34:13Z
KRW-BTC,2020-08-16T00:00:00,2020-08-16T09:00:00,13867000.0,13962000.0,13751000.0,13889000.0,2621.22026284,13889000.0,upbit,2026-06-28T04:34:13Z
KRW-BTC,2020-08-17T00:00:00,2020-08-17T09:00:00,13889000.0,14382000.0,13809000.0,14204000.0,7068.79872423,14204000.0,upbit,2026-06-28T04:34:13Z
KRW-BTC,2020-08-18T00:00:00,2020-08-18T09:00:00,14202000.0,14339000.0,13811000.0,14000000.0,5958.55361166,14000000.0,upbit,2026-06-28T04:34:13Z
KRW-BTC,2020-08-19T00:00:00,2020-08-19T09:00:00,14002000.0,14084000.0,13666000.0,13878000.0,5471.16152561,13878000.0,upbit,2026-06-28T04:34:13Z
KRW-BTC,2020-08-20T00:00:00,2020-08-20T09:00:00,13884000.0,14050000.0,13750000.0,13967000.0,3049.38761238,13967000.0,upbit,2026-06-28T04:34:13Z
KRW-BTC,2020-08-21T00:00:00,2020-08-21T09:00:00,13951000.0,14012000.0,13761000.0,13781000.0,4571.55575689,13781000.0,upbit,2026-06-28T04:34:13Z
KRW-BTC,2020-08-22T00:00:00,2020-08-22T09:00:00,13781000.0,13850000.0,13500000.0,13840000.0,3325.65334899,13840000.0,upbit,2026-06-28T04:34:13Z
KRW-BTC,2020-08-23T00:00:00,2020-08-23T09:00:00,13850000.0,13856000.0,13700000.0,13802000.0,2120.58334002,13802000.0,upbit,2026-06-28T04:34:13Z
KRW-BTC,2020-08-24T00:00:00,2020-08-24T09:00:00,13816000.0,13940000.0,13745000.0,13876000.0,3402.10119459,13876000.0,upbit,2026-06-28T04:34:13Z
KRW-BTC,2020-08-25T00:00:00,2020-08-25T09:00:00,13876000.0,13884000.0,13341000.0,13476000.0,5630.21938515,13476000.0,upbit,2026-06-28T04:34:13Z
KRW-BTC,2020-08-26T00:00:00,2020-08-26T09:00:00,13473000.0,13633000.0,13350000.0,13561000.0,7348.77505862,13561000.0,upbit,2026-06-28T04:34:13Z
KRW-BTC,2020-08-27T00:00:00,2020-08-27T09:00:00,13561000.0,13675000.0,13245000.0,13401000.0,5462.36370808,13401000.0,upbit,2026-06-28T04:34:13Z
KRW-BTC,2020-08-28T00:00:00,2020-08-28T09:00:00,13401000.0,13550000.0,13332000.0,13549000.0,3043.46766106,13549000.0,upbit,2026-06-28T04:34:13Z
KRW-BTC,2020-08-29T00:00:00,2020-08-29T09:00:00,13546000.0,13568000.0,13416000.0,13470000.0,2279.26269577,13470000.0,upbit,2026-06-28T04:34:13Z
KRW-BTC,2020-08-30T00:00:00,2020-08-30T09:00:00,13470000.0,13687000.0,13465000.0,13671000.0,2403.72039078,13671000.0,upbit,2026-06-28T04:34:13Z
KRW-BTC,2020-08-31T00:00:00,2020-08-31T09:00:00,13671000.0,13840000.0,13580000.0,13739000.0,3166.15837477,13739000.0,upbit,2026-06-28T04:34:13Z
KRW-BTC,2020-09-01T00:00:00,2020-09-01T09:00:00,13733000.0,14097000.0,13630000.0,13974000.0,4847.35215036,13974000.0,upbit,2026-06-28T04:34:13Z
KRW-BTC,2020-09-02T00:00:00,2020-09-02T09:00:00,13972000.0,14010000.0,13282000.0,13571000.0,5822.80229095,13571000.0,upbit,2026-06-28T04:34:13Z
KRW-BTC,2020-09-03T00:00:00,2020-09-03T09:00:00,13572000.0,13670000.0,12265000.0,12303000.0,7225.31854832,12303000.0,upbit,2026-06-28T04:34:13Z
KRW-BTC,2020-09-04T00:00:00,2020-09-04T09:00:00,12301000.0,12773000.0,12160000.0,12636000.0,6538.45024846,12636000.0,upbit,2026-06-28T04:34:13Z
KRW-BTC,2020-09-05T00:00:00,2020-09-05T09:00:00,12630000.0,12762000.0,12120000.0,12382000.0,4161.03925299,12382000.0,upbit,2026-06-28T04:34:13Z
KRW-BTC,2020-09-06T00:00:00,2020-09-06T09:00:00,12383000.0,12493000.0,12123000.0,12353000.0,2820.7889017,12353000.0,upbit,2026-06-28T04:34:13Z
KRW-BTC,2020-09-07T00:00:00,2020-09-07T09:00:00,12353000.0,12450000.0,11860000.0,12388000.0,3422.90378853,12388000.0,upbit,2026-06-28T04:34:13Z
KRW-BTC,2020-09-08T00:00:00,2020-09-08T09:00:00,12388000.0,12448000.0,11900000.0,12131000.0,3338.50255302,12131000.0,upbit,2026-06-28T04:34:13Z
KRW-BTC,2020-09-09T00:00:00,2020-09-09T09:00:00,12130000.0,12290000.0,11939000.0,12177000.0,2860.20370963,12177000.0,upbit,2026-06-28T04:34:13Z
KRW-BTC,2020-09-10T00:00:00,2020-09-10T09:00:00,12189000.0,12435000.0,12050000.0,12328000.0,4150.91846302,12328000.0,upbit,2026-06-28T04:34:13Z
KRW-BTC,2020-09-11T00:00:00,2020-09-11T09:00:00,12328000.0,12388000.0,12170000.0,12336000.0,2587.41812303,12336000.0,upbit,2026-06-28T04:34:13Z
KRW-BTC,2020-09-12T00:00:00,2020-09-12T09:00:00,12336000.0,12455000.0,12228000.0,12379000.0,1692.15503798,12379000.0,upbit,2026-06-28T04:34:13Z
KRW-BTC,2020-09-13T00:00:00,2020-09-13T09:00:00,12379000.0,12571000.0,12147000.0,12377000.0,2563.92519505,12377000.0,upbit,2026-06-28T04:34:13Z
KRW-BTC,2020-09-14T00:00:00,2020-09-14T09:00:00,12377000.0,12736000.0,12285000.0,12659000.0,2810.17551441,12659000.0,upbit,2026-06-28T04:34:13Z
KRW-BTC,2020-09-15T00:00:00,2020-09-15T09:00:00,12657000.0,12913000.0,12555000.0,12814000.0,3676.58663151,12814000.0,upbit,2026-06-28T04:34:13Z
KRW-BTC,2020-09-16T00:00:00,2020-09-16T09:00:00,12801000.0,13050000.0,12652000.0,12913000.0,3856.19429687,12913000.0,upbit,2026-06-28T04:34:13Z
KRW-BTC,2020-09-17T00:00:00,2020-09-17T09:00:00,12908000.0,13050000.0,12623000.0,12811000.0,3228.03704907,12811000.0,upbit,2026-06-28T04:34:13Z
KRW-BTC,2020-09-18T00:00:00,2020-09-18T09:00:00,12811000.0,12837000.0,12672000.0,12777000.0,2277.28537656,12777000.0,upbit,2026-06-28T04:34:13Z
KRW-BTC,2020-09-19T00:00:00,2020-09-19T09:00:00,12781000.0,13036000.0,12741000.0,12940000.0,2078.8147631,12940000.0,upbit,2026-06-28T04:34:13Z
KRW-BTC,2020-09-20T00:00:00,2020-09-20T09:00:00,12928000.0,12942000.0,12652000.0,12819000.0,1791.11312251,12819000.0,upbit,2026-06-28T04:34:13Z
KRW-BTC,2020-09-21T00:00:00,2020-09-21T09:00:00,12828000.0,12828000.0,12160000.0,12290000.0,3820.68161169,12290000.0,upbit,2026-06-28T04:34:13Z
KRW-BTC,2020-09-22T00:00:00,2020-09-22T09:00:00,12290000.0,12380000.0,12090000.0,12344000.0,2500.06075534,12344000.0,upbit,2026-06-28T04:34:13Z
KRW-BTC,2020-09-23T00:00:00,2020-09-23T09:00:00,12346000.0,12348000.0,11913000.0,11943000.0,2511.56811414,11943000.0,upbit,2026-06-28T04:34:13Z
KRW-BTC,2020-09-24T00:00:00,2020-09-24T09:00:00,11943000.0,12695000.0,11912000.0,12500000.0,3114.32253267,12500000.0,upbit,2026-06-28T04:34:13Z
KRW-BTC,2020-09-25T00:00:00,2020-09-25T09:00:00,12495000.0,12550000.0,12311000.0,12455000.0,2895.53433005,12455000.0,upbit,2026-06-28T04:34:13Z
KRW-BTC,2020-09-26T00:00:00,2020-09-26T09:00:00,12456000.0,12550000.0,12431000.0,12506000.0,1266.60001845,12506000.0,upbit,2026-06-28T04:34:13Z
KRW-BTC,2020-09-27T00:00:00,2020-09-27T09:00:00,12506000.0,12597000.0,12320000.0,12515000.0,1415.11836015,12515000.0,upbit,2026-06-28T04:34:13Z
KRW-BTC,2020-09-28T00:00:00,2020-09-28T09:00:00,12515000.0,12795000.0,12425000.0,12468000.0,2919.95626941,12468000.0,upbit,2026-06-28T04:34:13Z
KRW-BTC,2020-09-29T00:00:00,2020-09-29T09:00:00,12468000.0,12688000.0,12399000.0,12601000.0,2479.36577398,12601000.0,upbit,2026-06-28T04:34:13Z
KRW-BTC,2020-09-30T00:00:00,2020-09-30T09:00:00,12603000.0,12615000.0,12469000.0,12558000.0,1314.25857931,12558000.0,upbit,2026-06-28T04:34:13Z
KRW-BTC,2020-10-01T00:00:00,2020-10-01T09:00:00,12562000.0,12678000.0,12249000.0,12440000.0,1790.8551381,12440000.0,upbit,2026-06-28T04:34:13Z
KRW-BTC,2020-10-02T00:00:00,2020-10-02T09:00:00,12440000.0,12470000.0,12205000.0,12423000.0,2312.40743338,12423000.0,upbit,2026-06-28T04:34:13Z
KRW-BTC,2020-10-03T00:00:00,2020-10-03T09:00:00,12423000.0,12434000.0,12326000.0,12393000.0,802.7589499,12393000.0,upbit,2026-06-28T04:34:13Z
KRW-BTC,2020-10-04T00:00:00,2020-10-04T09:00:00,12393000.0,12496000.0,12348000.0,12447000.0,869.82727895,12447000.0,upbit,2026-06-28T04:34:13Z
KRW-BTC,2020-10-05T00:00:00,2020-10-05T09:00:00,12446000.0,12545000.0,12385000.0,12536000.0,1578.02783002,12536000.0,upbit,2026-06-28T04:34:13Z
KRW-BTC,2020-10-06T00:00:00,2020-10-06T09:00:00,12536000.0,12600000.0,12330000.0,12418000.0,1745.87532903,12418000.0,upbit,2026-06-28T04:34:13Z
KRW-BTC,2020-10-07T00:00:00,2020-10-07T09:00:00,12408000.0,12435000.0,12337000.0,12423000.0,1357.3582234,12423000.0,upbit,2026-06-28T04:34:13Z
KRW-BTC,2020-10-08T00:00:00,2020-10-08T09:00:00,12422000.0,12680000.0,12280000.0,12582000.0,2422.11926188,12582000.0,upbit,2026-06-28T04:34:13Z
KRW-BTC,2020-10-09T00:00:00,2020-10-09T09:00:00,12582000.0,12750000.0,12503000.0,12638000.0,2245.60747516,12638000.0,upbit,2026-06-28T04:34:13Z
KRW-BTC,2020-10-10T00:00:00,2020-10-10T09:00:00,12637000.0,13007000.0,12628000.0,12864000.0,2416.64148094,12864000.0,upbit,2026-06-28T04:34:13Z
KRW-BTC,2020-10-11T00:00:00,2020-10-11T09:00:00,12858000.0,12994000.0,12817000.0,12934000.0,1337.68788409,12934000.0,upbit,2026-06-28T04:34:13Z
KRW-BTC,2020-10-12T00:00:00,2020-10-12T09:00:00,12934000.0,13330000.0,12855000.0,13172000.0,2796.54586265,13172000.0,upbit,2026-06-28T04:34:13Z
KRW-BTC,2020-10-13T00:00:00,2020-10-13T09:00:00,13176000.0,13217000.0,12999000.0,13134000.0,2608.35364561,13134000.0,upbit,2026-06-28T04:34:13Z
KRW-BTC,2020-10-14T00:00:00,2020-10-14T09:00:00,13134000.0,13278000.0,13040000.0,13150000.0,2472.02732154,13150000.0,upbit,2026-06-28T04:34:13Z
KRW-BTC,2020-10-15T00:00:00,2020-10-15T09:00:00,13150000.0,13300000.0,12993000.0,13226000.0,2393.89692128,13226000.0,upbit,2026-06-28T04:34:13Z
KRW-BTC,2020-10-16T00:00:00,2020-10-16T09:00:00,13230000.0,13275000.0,12893000.0,13054000.0,3130.6739236,13054000.0,upbit,2026-06-28T04:34:13Z
KRW-BTC,2020-10-17T00:00:00,2020-10-17T09:00:00,13054000.0,13097000.0,12970000.0,13078000.0,1046.28496844,13078000.0,upbit,2026-06-28T04:34:13Z
KRW-BTC,2020-10-18T00:00:00,2020-10-18T09:00:00,13078000.0,13208000.0,13050000.0,13207000.0,1089.07241064,13207000.0,upbit,2026-06-28T04:34:13Z
KRW-BTC,2020-10-19T00:00:00,2020-10-19T09:00:00,13207000.0,13480000.0,13095000.0,13415000.0,2364.3907116,13415000.0,upbit,2026-06-28T04:34:13Z
KRW-BTC,2020-10-20T00:00:00,2020-10-20T09:00:00,13420000.0,13746000.0,13339000.0,13646000.0,3296.40571857,13646000.0,upbit,2026-06-28T04:34:13Z
KRW-BTC,2020-10-21T00:00:00,2020-10-21T09:00:00,13645000.0,14812000.0,13615000.0,14423000.0,6403.53223854,14423000.0,upbit,2026-06-28T04:34:13Z
KRW-BTC,2020-10-22T00:00:00,2020-10-22T09:00:00,14420000.0,14769000.0,14320000.0,14558000.0,4262.74670726,14558000.0,upbit,2026-06-28T04:34:13Z
KRW-BTC,2020-10-23T00:00:00,2020-10-23T09:00:00,14558000.0,14623000.0,14340000.0,14584000.0,2925.46548654,14584000.0,upbit,2026-06-28T04:34:13Z
KRW-BTC,2020-10-24T00:00:00,2020-10-24T09:00:00,14579000.0,14800000.0,14514000.0,14760000.0,1868.37910888,14760000.0,upbit,2026-06-28T04:34:13Z
KRW-BTC,2020-10-25T00:00:00,2020-10-25T09:00:00,14760000.0,15000000.0,14556000.0,14690000.0,2314.36946658,14690000.0,upbit,2026-06-28T04:34:13Z
KRW-BTC,2020-10-26T00:00:00,2020-10-26T09:00:00,14687000.0,14920000.0,14358000.0,14764000.0,3031.75880427,14764000.0,upbit,2026-06-28T04:34:13Z
KRW-BTC,2020-10-27T00:00:00,2020-10-27T09:00:00,14772000.0,15457000.0,14683000.0,15312000.0,3964.12531994,15312000.0,upbit,2026-06-28T04:34:13Z
KRW-BTC,2020-10-28T00:00:00,2020-10-28T09:00:00,15300000.0,15557000.0,14635000.0,15060000.0,5752.66984652,15060000.0,upbit,2026-06-28T04:34:13Z
KRW-BTC,2020-10-29T00:00:00,2020-10-29T09:00:00,15060000.0,15379000.0,14703000.0,15207000.0,3516.50474491,15207000.0,upbit,2026-06-28T04:34:13Z
KRW-BTC,2020-10-30T00:00:00,2020-10-30T09:00:00,15207000.0,15460000.0,14899000.0,15340000.0,3753.48812746,15340000.0,upbit,2026-06-28T04:34:13Z
KRW-BTC,2020-10-31T00:00:00,2020-10-31T09:00:00,15340000.0,15800000.0,15205000.0,15606000.0,4066.29244901,15606000.0,upbit,2026-06-28T04:34:13Z
KRW-BTC,2020-11-01T00:00:00,2020-11-01T09:00:00,15606000.0,15710000.0,15461000.0,15574000.0,1806.62122615,15574000.0,upbit,2026-06-28T04:34:13Z
KRW-BTC,2020-11-02T00:00:00,2020-11-02T09:00:00,15574000.0,15641000.0,15011000.0,15397000.0,3643.76554264,15397000.0,upbit,2026-06-28T04:34:13Z
KRW-BTC,2020-11-03T00:00:00,2020-11-03T09:00:00,15396000.0,15900000.0,15150000.0,15881000.0,3888.00412551,15881000.0,upbit,2026-06-28T04:34:13Z
KRW-BTC,2020-11-04T00:00:00,2020-11-04T09:00:00,15881000.0,16020000.0,15431000.0,15959000.0,4673.77532383,15959000.0,upbit,2026-06-28T04:34:13Z
KRW-BTC,2020-11-05T00:00:00,2020-11-05T09:00:00,15959000.0,17540000.0,15900000.0,17352000.0,9583.12761365,17352000.0,upbit,2026-06-28T04:34:13Z
KRW-BTC,2020-11-06T00:00:00,2020-11-06T09:00:00,17352000.0,17789000.0,17060000.0,17397000.0,7786.57496665,17397000.0,upbit,2026-06-28T04:34:13Z
KRW-BTC,2020-11-07T00:00:00,2020-11-07T09:00:00,17397000.0,17613000.0,16252000.0,16647000.0,5131.6042485,16647000.0,upbit,2026-06-28T04:34:13Z
KRW-BTC,2020-11-08T00:00:00,2020-11-08T09:00:00,16650000.0,17388000.0,16520000.0,17297000.0,3402.96894151,17297000.0,upbit,2026-06-28T04:34:13Z
KRW-BTC,2020-11-09T00:00:00,2020-11-09T09:00:00,17276000.0,17550000.0,16695000.0,17106000.0,5112.23251786,17106000.0,upbit,2026-06-28T04:34:13Z
KRW-BTC,2020-11-10T00:00:00,2020-11-10T09:00:00,17106000.0,17190000.0,16872000.0,17035000.0,2656.01996837,17035000.0,upbit,2026-06-28T04:34:13Z
KRW-BTC,2020-11-11T00:00:00,2020-11-11T09:00:00,17035000.0,17600000.0,17009000.0,17439000.0,3969.12107234,17439000.0,upbit,2026-06-28T04:34:13Z
KRW-BTC,2020-11-12T00:00:00,2020-11-12T09:00:00,17439000.0,17979000.0,17200000.0,17954000.0,5384.62747384,17954000.0,upbit,2026-06-28T04:34:13Z
KRW-BTC,2020-11-13T00:00:00,2020-11-13T09:00:00,17952000.0,18225000.0,17640000.0,17988000.0,4395.69660087,17988000.0,upbit,2026-06-28T04:34:13Z
KRW-BTC,2020-11-14T00:00:00,2020-11-14T09:00:00,17988000.0,18000000.0,17455000.0,17796000.0,2786.76875718,17796000.0,upbit,2026-06-28T04:34:13Z
KRW-BTC,2020-11-15T00:00:00,2020-11-15T09:00:00,17796000.0,17831000.0,17545000.0,17670000.0,1842.97832877,17670000.0,upbit,2026-06-28T04:34:13Z
KRW-BTC,2020-11-16T00:00:00,2020-11-16T09:00:00,17670000.0,18450000.0,17555000.0,18275000.0,4191.31590965,18275000.0,upbit,2026-06-28T04:34:13Z
KRW-BTC,2020-11-17T00:00:00,2020-11-17T09:00:00,18275000.0,19417000.0,18207000.0,19332000.0,6075.98259617,19332000.0,upbit,2026-06-28T04:34:13Z
KRW-BTC,2020-11-18T00:00:00,2020-11-18T09:00:00,19344000.0,20280000.0,18865000.0,19714000.0,11453.54478504,19714000.0,upbit,2026-06-28T04:34:13Z
KRW-BTC,2020-11-19T00:00:00,2020-11-19T09:00:00,19714000.0,20080000.0,19385000.0,19802000.0,5978.14259544,19802000.0,upbit,2026-06-28T04:34:13Z
KRW-BTC,2020-11-20T00:00:00,2020-11-20T09:00:00,19800000.0,20795000.0,19771000.0,20627000.0,6145.38998316,20627000.0,upbit,2026-06-28T04:34:13Z
KRW-BTC,2020-11-21T00:00:00,2020-11-21T09:00:00,20627000.0,21025000.0,20200000.0,20351000.0,6136.9331409,20351000.0,upbit,2026-06-28T04:34:13Z
KRW-BTC,2020-11-22T00:00:00,2020-11-22T09:00:00,20348000.0,20595000.0,19525000.0,20307000.0,7886.90108585,20307000.0,upbit,2026-06-28T04:34:13Z
KRW-BTC,2020-11-23T00:00:00,2020-11-23T09:00:00,20307000.0,20528000.0,19901000.0,20100000.0,5709.9596315,20100000.0,upbit,2026-06-28T04:34:13Z
KRW-BTC,2020-11-24T00:00:00,2020-11-24T09:00:00,20100000.0,21390000.0,19937000.0,20957000.0,15373.88018285,20957000.0,upbit,2026-06-28T04:34:13Z
KRW-BTC,2020-11-25T00:00:00,2020-11-25T09:00:00,20957000.0,21459000.0,20600000.0,20840000.0,8276.71453936,20840000.0,upbit,2026-06-28T04:34:13Z
KRW-BTC,2020-11-26T00:00:00,2020-11-26T09:00:00,20840000.0,20989000.0,18569000.0,19225000.0,13803.48683498,19225000.0,upbit,2026-06-28T04:34:13Z
KRW-BTC,2020-11-27T00:00:00,2020-11-27T09:00:00,19226000.0,19654000.0,18500000.0,19129000.0,7568.74614729,19129000.0,upbit,2026-06-28T04:34:13Z
KRW-BTC,2020-11-28T00:00:00,2020-11-28T09:00:00,19129000.0,19556000.0,18858000.0,19484000.0,5060.39091148,19484000.0,upbit,2026-06-28T04:34:13Z
KRW-BTC,2020-11-29T00:00:00,2020-11-29T09:00:00,19486000.0,20110000.0,19196000.0,19991000.0,4169.39684223,19991000.0,upbit,2026-06-28T04:34:13Z
KRW-BTC,2020-11-30T00:00:00,2020-11-30T09:00:00,19990000.0,21368000.0,19971000.0,21315000.0,9685.83045213,21315000.0,upbit,2026-06-28T04:34:13Z
KRW-BTC,2020-12-01T00:00:00,2020-12-01T09:00:00,21313000.0,21651000.0,20202000.0,20867000.0,9671.68687865,20867000.0,upbit,2026-06-28T04:34:13Z
KRW-BTC,2020-12-02T00:00:00,2020-12-02T09:00:00,20867000.0,21315000.0,20346000.0,21097000.0,6264.7470004,21097000.0,upbit,2026-06-28T04:34:13Z
KRW-BTC,2020-12-03T00:00:00,2020-12-03T09:00:00,21091000.0,21310000.0,20797000.0,21179000.0,4414.07642834,21179000.0,upbit,2026-06-28T04:34:13Z
KRW-BTC,2020-12-04T00:00:00,2020-12-04T09:00:00,21183000.0,21266000.0,20428000.0,20569000.0,4243.74247899,20569000.0,upbit,2026-06-28T04:34:13Z
KRW-BTC,2020-12-05T00:00:00,2020-12-05T09:00:00,20569000.0,20956000.0,20390000.0,20781000.0,2247.52046083,20781000.0,upbit,2026-06-28T04:34:13Z
KRW-BTC,2020-12-06T00:00:00,2020-12-06T09:00:00,20778000.0,20999000.0,20574000.0,20976000.0,2247.74868124,20976000.0,upbit,2026-06-28T04:34:13Z
KRW-BTC,2020-12-07T00:00:00,2020-12-07T09:00:00,20976000.0,21053000.0,20666000.0,20834000.0,3241.98487955,20834000.0,upbit,2026-06-28T04:34:13Z
KRW-BTC,2020-12-08T00:00:00,2020-12-08T09:00:00,20834000.0,20931000.0,19942000.0,20010000.0,4532.53738937,20010000.0,upbit,2026-06-28T04:34:13Z
KRW-BTC,2020-12-09T00:00:00,2020-12-09T09:00:00,20025000.0,20345000.0,19216000.0,20267000.0,5827.20490273,20267000.0,upbit,2026-06-28T04:34:13Z
KRW-BTC,2020-12-10T00:00:00,2020-12-10T09:00:00,20252000.0,20275000.0,19647000.0,19950000.0,3151.82648997,19950000.0,upbit,2026-06-28T04:34:13Z
KRW-BTC,2020-12-11T00:00:00,2020-12-11T09:00:00,19950000.0,19996000.0,19404000.0,19658000.0,4508.12989508,19658000.0,upbit,2026-06-28T04:34:13Z
KRW-BTC,2020-12-12T00:00:00,2020-12-12T09:00:00,19658000.0,20650000.0,19654000.0,20585000.0,3773.48824847,20585000.0,upbit,2026-06-28T04:34:13Z
KRW-BTC,2020-12-13T00:00:00,2020-12-13T09:00:00,20585000.0,21075000.0,20459000.0,20793000.0,4108.95528161,20793000.0,upbit,2026-06-28T04:34:13Z
KRW-BTC,2020-12-14T00:00:00,2020-12-14T09:00:00,20786000.0,21000000.0,20610000.0,20939000.0,3105.38941519,20939000.0,upbit,2026-06-28T04:34:13Z
KRW-BTC,2020-12-15T00:00:00,2020-12-15T09:00:00,20927000.0,21267000.0,20805000.0,21103000.0,3886.60330202,21103000.0,upbit,2026-06-28T04:34:13Z
KRW-BTC,2020-12-16T00:00:00,2020-12-16T09:00:00,21103000.0,23033000.0,20900000.0,22888000.0,10828.41456524,22888000.0,upbit,2026-06-28T04:34:13Z
KRW-BTC,2020-12-17T00:00:00,2020-12-17T09:00:00,22881000.0,25768000.0,22473000.0,24743000.0,18025.94451036,24743000.0,upbit,2026-06-28T04:34:13Z
KRW-BTC,2020-12-18T00:00:00,2020-12-18T09:00:00,24737000.0,25247000.0,24360000.0,25151000.0,6288.93892328,25151000.0,upbit,2026-06-28T04:34:13Z
KRW-BTC,2020-12-19T00:00:00,2020-12-19T09:00:00,25151000.0,26410000.0,24947000.0,26169000.0,7210.72919997,26169000.0,upbit,2026-06-28T04:34:13Z
KRW-BTC,2020-12-20T00:00:00,2020-12-20T09:00:00,26169000.0,26562000.0,25422000.0,25880000.0,6316.48585428,25880000.0,upbit,2026-06-28T04:34:13Z
KRW-BTC,2020-12-21T00:00:00,2020-12-21T09:00:00,25890000.0,26588000.0,24600000.0,25387000.0,13640.52345922,25387000.0,upbit,2026-06-28T04:34:13Z
KRW-BTC,2020-12-22T00:00:00,2020-12-22T09:00:00,25387000.0,26828000.0,24925000.0,26776000.0,7994.07358308,26776000.0,upbit,2026-06-28T04:34:13Z
KRW-BTC,2020-12-23T00:00:00,2020-12-23T09:00:00,26776000.0,27070000.0,25600000.0,26380000.0,12398.44760587,26380000.0,upbit,2026-06-28T04:34:13Z
KRW-BTC,2020-12-24T00:00:00,2020-12-24T09:00:00,26380000.0,26608000.0,25774000.0,26503000.0,6661.23736488,26503000.0,upbit,2026-06-28T04:34:13Z
KRW-BTC,2020-12-25T00:00:00,2020-12-25T09:00:00,26503000.0,27271000.0,26171000.0,27122000.0,7979.82741205,27122000.0,upbit,2026-06-28T04:34:13Z
KRW-BTC,2020-12-26T00:00:00,2020-12-26T09:00:00,27122000.0,29524000.0,26983000.0,29378000.0,9647.7742254,29378000.0,upbit,2026-06-28T04:34:13Z
KRW-BTC,2020-12-27T00:00:00,2020-12-27T09:00:00,29378000.0,31800000.0,28802000.0,29319000.0,19899.62591421,29319000.0,upbit,2026-06-28T04:34:13Z
KRW-BTC,2020-12-28T00:00:00,2020-12-28T09:00:00,29347000.0,30587000.0,29167000.0,30249000.0,8175.15992343,30249000.0,upbit,2026-06-28T04:34:13Z
KRW-BTC,2020-12-29T00:00:00,2020-12-29T09:00:00,30219000.0,30520000.0,29028000.0,30498000.0,7302.22061609,30498000.0,upbit,2026-06-28T04:34:13Z
KRW-BTC,2020-12-30T00:00:00,2020-12-30T09:00:00,30498000.0,31999000.0,30333000.0,31891000.0,10282.82280481,31891000.0,upbit,2026-06-28T04:34:13Z
KRW-BTC,2020-12-31T00:00:00,2020-12-31T09:00:00,31923000.0,32386000.0,31300000.0,32042000.0,8041.24807411,32042000.0,upbit,2026-06-28T04:34:13Z
KRW-BTC,2021-01-01T00:00:00,2021-01-01T09:00:00,32037000.0,32599000.0,31800000.0,32296000.0,5752.49421559,32296000.0,upbit,2026-06-28T04:34:13Z
KRW-BTC,2021-01-02T00:00:00,2021-01-02T09:00:00,32295000.0,36600000.0,31920000.0,35700000.0,17451.16767774,35700000.0,upbit,2026-06-28T04:34:13Z
KRW-BTC,2021-01-03T00:00:00,2021-01-03T09:00:00,35700000.0,39453000.0,35500000.0,37537000.0,25381.50662267,37537000.0,upbit,2026-06-28T04:34:13Z
KRW-BTC,2021-01-04T00:00:00,2021-01-04T09:00:00,37537000.0,38476000.0,33000000.0,36460000.0,23598.19458956,36460000.0,upbit,2026-06-28T04:34:13Z
KRW-BTC,2021-01-05T00:00:00,2021-01-05T09:00:00,36478000.0,38590000.0,34357000.0,38093000.0,13461.98168136,38093000.0,upbit,2026-06-28T04:34:13Z
KRW-BTC,2021-01-06T00:00:00,2021-01-06T09:00:00,38107000.0,41000000.0,37380000.0,40762000.0,15168.98069733,40762000.0,upbit,2026-06-28T04:34:13Z
KRW-BTC,2021-01-07T00:00:00,2021-01-07T09:00:00,40764000.0,44990000.0,40250000.0,44698000.0,17201.05518572,44698000.0,upbit,2026-06-28T04:34:13Z
KRW-BTC,2021-01-08T00:00:00,2021-01-08T09:00:00,44698000.0,48550000.0,42271000.0,47215000.0,21891.12558504,47215000.0,upbit,2026-06-28T04:34:13Z
KRW-BTC,2021-01-09T00:00:00,2021-01-09T09:00:00,47201000.0,47650000.0,45171000.0,45718000.0,13453.12656524,45718000.0,upbit,2026-06-28T04:34:13Z
KRW-BTC,2021-01-10T00:00:00,2021-01-10T09:00:00,45716000.0,47000000.0,39500000.0,43404000.0,23031.00699245,43404000.0,upbit,2026-06-28T04:34:13Z
KRW-BTC,2021-01-11T00:00:00,2021-01-11T09:00:00,43400000.0,43570000.0,35010000.0,40094000.0,50543.88221565,40094000.0,upbit,2026-06-28T04:34:13Z
KRW-BTC,2021-01-12T00:00:00,2021-01-12T09:00:00,40094000.0,40888000.0,36654000.0,38577000.0,22472.57575829,38577000.0,upbit,2026-06-28T04:34:13Z
KRW-BTC,2021-01-13T00:00:00,2021-01-13T09:00:00,38496000.0,41900000.0,37001000.0,41380000.0,15632.80207437,41380000.0,upbit,2026-06-28T04:34:13Z
KRW-BTC,2021-01-14T00:00:00,2021-01-14T09:00:00,41380000.0,43998000.0,40510000.0,42735000.0,15952.88892706,42735000.0,upbit,2026-06-28T04:34:13Z
KRW-BTC,2021-01-15T00:00:00,2021-01-15T09:00:00,42787000.0,43199000.0,38690000.0,40952000.0,16278.02915655,40952000.0,upbit,2026-06-28T04:34:13Z
KRW-BTC,2021-01-16T00:00:00,2021-01-16T09:00:00,40951000.0,41800000.0,39689000.0,40086000.0,10393.3501519,40086000.0,upbit,2026-06-28T04:34:13Z
KRW-BTC,2021-01-17T00:00:00,2021-01-17T09:00:00,40070000.0,40722000.0,38102000.0,39536000.0,9785.46995151,39536000.0,upbit,2026-06-28T04:34:13Z
KRW-BTC,2021-01-18T00:00:00,2021-01-18T09:00:00,39536000.0,40999000.0,38699000.0,40008000.0,8374.53524546,40008000.0,upbit,2026-06-28T04:34:13Z
KRW-BTC,2021-01-19T00:00:00,2021-01-19T09:00:00,40008000.0,41251000.0,39580000.0,39586000.0,9913.18947901,39586000.0,upbit,2026-06-28T04:34:13Z
KRW-BTC,2021-01-20T00:00:00,2021-01-20T09:00:00,39580000.0,39998000.0,37579000.0,39253000.0,10290.52813623,39253000.0,upbit,2026-06-28T04:34:13Z
KRW-BTC,2021-01-21T00:00:00,2021-01-21T09:00:00,39253000.0,39329000.0,33867000.0,34519000.0,18816.54602062,34519000.0,upbit,2026-06-28T04:34:13Z
KRW-BTC,2021-01-22T00:00:00,2021-01-22T09:00:00,34525000.0,37342000.0,31662000.0,36345000.0,21883.00423781,36345000.0,upbit,2026-06-28T04:34:13Z
KRW-BTC,2021-01-23T00:00:00,2021-01-23T09:00:00,36345000.0,37018000.0,34678000.0,35493000.0,8710.02859837,35493000.0,upbit,2026-06-28T04:34:13Z
KRW-BTC,2021-01-24T00:00:00,2021-01-24T09:00:00,35494000.0,36283000.0,34250000.0,35539000.0,7625.87646731,35539000.0,upbit,2026-06-28T04:34:13Z
KRW-BTC,2021-01-25T00:00:00,2021-01-25T09:00:00,35539000.0,38388000.0,35394000.0,36054000.0,14596.35519525,36054000.0,upbit,2026-06-28T04:34:13Z
KRW-BTC,2021-01-26T00:00:00,2021-01-26T09:00:00,36054000.0,36594000.0,34808000.0,35923000.0,8489.58317688,35923000.0,upbit,2026-06-28T04:34:13Z
KRW-BTC,2021-01-27T00:00:00,2021-01-27T09:00:00,35929000.0,36026000.0,33235000.0,34300000.0,9356.77161322,34300000.0,upbit,2026-06-28T04:34:13Z
KRW-BTC,2021-01-28T00:00:00,2021-01-28T09:00:00,34293000.0,37186000.0,33726000.0,36624000.0,9452.48550052,36624000.0,upbit,2026-06-28T04:34:13Z
KRW-BTC,2021-01-29T00:00:00,2021-01-29T09:00:00,36631000.0,41072000.0,35514000.0,37523000.0,33565.7380079,37523000.0,upbit,2026-06-28T04:34:13Z
KRW-BTC,2021-01-30T00:00:00,2021-01-30T09:00:00,37523000.0,38201000.0,36230000.0,37087000.0,12481.60663701,37087000.0,upbit,2026-06-28T04:34:13Z
KRW-BTC,2021-01-31T00:00:00,2021-01-31T09:00:00,37039000.0,37633000.0,35800000.0,36408000.0,11396.06446876,36408000.0,upbit,2026-06-28T04:34:13Z
KRW-BTC,2021-02-01T00:00:00,2021-02-01T09:00:00,36408000.0,38161000.0,35907000.0,36618000.0,13783.13636302,36618000.0,upbit,2026-06-28T04:34:13Z
KRW-BTC,2021-02-02T00:00:00,2021-02-02T09:00:00,36618000.0,38300000.0,36323000.0,37910000.0,9650.44220482,37910000.0,upbit,2026-06-28T04:34:13Z
KRW-BTC,2021-02-03T00:00:00,2021-02-03T09:00:00,37910000.0,39371000.0,37909000.0,39357000.0,9775.50002187,39357000.0,upbit,2026-06-28T04:34:13Z
KRW-BTC,2021-02-04T00:00:00,2021-02-04T09:00:00,39345000.0,41426000.0,38059000.0,39810000.0,14561.2346281,39810000.0,upbit,2026-06-28T04:34:13Z
KRW-BTC,2021-02-05T00:00:00,2021-02-05T09:00:00,39809000.0,40770000.0,39492000.0,40424000.0,7783.09793814,40424000.0,upbit,2026-06-28T04:34:13Z
KRW-BTC,2021-02-06T00:00:00,2021-02-06T09:00:00,40421000.0,43622000.0,40345000.0,41725000.0,12812.7646179,41725000.0,upbit,2026-06-28T04:34:13Z
KRW-BTC,2021-02-07T00:00:00,2021-02-07T09:00:00,41725000.0,42630000.0,40501000.0,41921000.0,8432.55974197,41921000.0,upbit,2026-06-28T04:34:13Z
KRW-BTC,2021-02-08T00:00:00,2021-02-08T09:00:00,41921000.0,49583000.0,41562000.0,49070000.0,25472.07405559,49070000.0,upbit,2026-06-28T04:34:13Z
KRW-BTC,2021-02-09T00:00:00,2021-02-09T09:00:00,49070000.0,51200000.0,48350000.0,48779000.0,18283.67538104,48779000.0,upbit,2026-06-28T04:34:13Z
KRW-BTC,2021-02-10T00:00:00,2021-02-10T09:00:00,48788000.0,49781000.0,47350000.0,48550000.0,11588.86499783,48550000.0,upbit,2026-06-28T04:34:13Z
KRW-BTC,2021-02-11T00:00:00,2021-02-11T09:00:00,48550000.0,51800000.0,48074000.0,51370000.0,12305.59267737,51370000.0,upbit,2026-06-28T04:34:13Z
KRW-BTC,2021-02-12T00:00:00,2021-02-12T09:00:00,51370000.0,52280000.0,50237000.0,50836000.0,8911.89830701,50836000.0,upbit,2026-06-28T04:34:13Z
KRW-BTC,2021-02-13T00:00:00,2021-02-13T09:00:00,50836000.0,51757000.0,50258000.0,50626000.0,7055.12345471,50626000.0,upbit,2026-06-28T04:34:13Z
KRW-BTC,2021-02-14T00:00:00,2021-02-14T09:00:00,50625000.0,53380000.0,50403000.0,52706000.0,11364.08401913,52706000.0,upbit,2026-06-28T04:34:13Z
KRW-BTC,2021-02-15T00:00:00,2021-02-15T09:00:00,52711000.0,53086000.0,50313000.0,52532000.0,8789.30693061,52532000.0,upbit,2026-06-28T04:34:13Z
KRW-BTC,2021-02-16T00:00:00,2021-02-16T09:00:00,52518000.0,55500000.0,51773000.0,54760000.0,11825.60488227,54760000.0,upbit,2026-06-28T04:34:13Z
KRW-BTC,2021-02-17T00:00:00,2021-02-17T09:00:00,54760000.0,58120000.0,54431000.0,57484000.0,11559.3277709,57484000.0,upbit,2026-06-28T04:34:13Z
KRW-BTC,2021-02-18T00:00:00,2021-02-18T09:00:00,57458000.0,58426000.0,56405000.0,57852000.0,9072.44556036,57852000.0,upbit,2026-06-28T04:34:13Z
KRW-BTC,2021-02-19T00:00:00,2021-02-19T09:00:00,57852000.0,63680000.0,57038000.0,63649000.0,12496.05048257,63649000.0,upbit,2026-06-28T04:34:13Z
KRW-BTC,2021-02-20T00:00:00,2021-02-20T09:00:00,63649000.0,65985000.0,62399000.0,64251000.0,16375.10552345,64251000.0,upbit,2026-06-28T04:34:13Z
KRW-BTC,2021-02-21T00:00:00,2021-02-21T09:00:00,64260000.0,65846000.0,63381000.0,65417000.0,9000.18989441,65417000.0,upbit,2026-06-28T04:34:13Z
KRW-BTC,2021-02-22T00:00:00,2021-02-22T09:00:00,65416000.0,65488000.0,56562000.0,61744000.0,28418.51482526,61744000.0,upbit,2026-06-28T04:34:13Z
KRW-BTC,2021-02-23T00:00:00,2021-02-23T09:00:00,61688000.0,61760000.0,50900000.0,55105000.0,36042.688609,55105000.0,upbit,2026-06-28T04:34:13Z
KRW-BTC,2021-02-24T00:00:00,2021-02-24T09:00:00,55106000.0,58150000.0,52875000.0,56500000.0,19006.41112523,56500000.0,upbit,2026-06-28T04:34:13Z
KRW-BTC,2021-02-25T00:00:00,2021-02-25T09:00:00,56501000.0,58890000.0,53800000.0,54168000.0,15921.35058705,54168000.0,upbit,2026-06-28T04:34:13Z
KRW-BTC,2021-02-26T00:00:00,2021-02-26T09:00:00,54128000.0,55226000.0,51809000.0,53804000.0,13302.34742969,53804000.0,upbit,2026-06-28T04:34:13Z
KRW-BTC,2021-02-27T00:00:00,2021-02-27T09:00:00,53835000.0,55579000.0,52780000.0,53494000.0,7402.62844823,53494000.0,upbit,2026-06-28T04:34:13Z
KRW-BTC,2021-02-28T00:00:00,2021-02-28T09:00:00,53494000.0,54098000.0,49755000.0,51798000.0,11516.37106968,51798000.0,upbit,2026-06-28T04:34:13Z
KRW-BTC,2021-03-01T00:00:00,2021-03-01T09:00:00,51798000.0,56992000.0,51560000.0,56426000.0,11303.17672368,56426000.0,upbit,2026-06-28T04:34:13Z
KRW-BTC,2021-03-02T00:00:00,2021-03-02T09:00:00,56438000.0,57405000.0,54657000.0,56000000.0,9266.67821695,56000000.0,upbit,2026-06-28T04:34:13Z
KRW-BTC,2021-03-03T00:00:00,2021-03-03T09:00:00,56007000.0,59640000.0,55662000.0,57933000.0,10755.94573144,57933000.0,upbit,2026-06-28T04:34:13Z
KRW-BTC,2021-03-04T00:00:00,2021-03-04T09:00:00,57933000.0,59159000.0,55600000.0,56426000.0,11821.02543883,56426000.0,upbit,2026-06-28T04:34:13Z
KRW-BTC,2021-03-05T00:00:00,2021-03-05T09:00:00,56410000.0,57225000.0,54500000.0,56654000.0,8355.34731928,56654000.0,upbit,2026-06-28T04:34:13Z
KRW-BTC,2021-03-06T00:00:00,2021-03-06T09:00:00,56636000.0,57000000.0,54754000.0,56225000.0,5608.84388997,56225000.0,upbit,2026-06-28T04:34:13Z
KRW-BTC,2021-03-07T00:00:00,2021-03-07T09:00:00,56225000.0,58722000.0,56218000.0,58155000.0,7153.68431896,58155000.0,upbit,2026-06-28T04:34:13Z
KRW-BTC,2021-03-08T00:00:00,2021-03-08T09:00:00,58155000.0,59837000.0,57187000.0,59821000.0,8033.07628692,59821000.0,upbit,2026-06-28T04:34:13Z
KRW-BTC,2021-03-09T00:00:00,2021-03-09T09:00:00,59800000.0,62950000.0,59335000.0,62949000.0,9564.08801541,62949000.0,upbit,2026-06-28T04:34:13Z
KRW-BTC,2021-03-10T00:00:00,2021-03-10T09:00:00,62950000.0,65500000.0,60870000.0,64350000.0,11752.57016641,64350000.0,upbit,2026-06-28T04:34:13Z
KRW-BTC,2021-03-11T00:00:00,2021-03-11T09:00:00,64354000.0,66800000.0,62946000.0,66208000.0,10294.73535161,66208000.0,upbit,2026-06-28T04:34:13Z
KRW-BTC,2021-03-12T00:00:00,2021-03-12T09:00:00,66208000.0,66999000.0,64700000.0,66607000.0,9023.99736202,66607000.0,upbit,2026-06-28T04:34:13Z
KRW-BTC,2021-03-13T00:00:00,2021-03-13T09:00:00,66607000.0,71000000.0,65416000.0,70615000.0,11160.19223624,70615000.0,upbit,2026-06-28T04:34:13Z
KRW-BTC,2021-03-14T00:00:00,2021-03-14T09:00:00,70615000.0,71450000.0,68570000.0,68587000.0,7208.31928034,68587000.0,upbit,2026-06-28T04:34:13Z
KRW-BTC,2021-03-15T00:00:00,2021-03-15T09:00:00,68587000.0,70155000.0,63500000.0,64487000.0,18721.85915843,64487000.0,upbit,2026-06-28T04:34:13Z
KRW-BTC,2021-03-16T00:00:00,2021-03-16T09:00:00,64490000.0,66020000.0,62000000.0,66020000.0,13522.70847173,66020000.0,upbit,2026-06-28T04:34:13Z
KRW-BTC,2021-03-17T00:00:00,2021-03-17T09:00:00,66020000.0,68800000.0,62500000.0,68494000.0,14319.54868263,68494000.0,upbit,2026-06-28T04:34:13Z
KRW-BTC,2021-03-18T00:00:00,2021-03-18T09:00:00,68494000.0,70204000.0,66846000.0,67139000.0,11432.45517689,67139000.0,upbit,2026-06-28T04:34:13Z
KRW-BTC,2021-03-19T00:00:00,2021-03-19T09:00:00,67139000.0,69746000.0,65567000.0,67974000.0,8681.15691734,67974000.0,upbit,2026-06-28T04:34:13Z
KRW-BTC,2021-03-20T00:00:00,2021-03-20T09:00:00,67911000.0,69980000.0,67700000.0,67849000.0,8023.60837109,67849000.0,upbit,2026-06-28T04:34:13Z
KRW-BTC,2021-03-21T00:00:00,2021-03-21T09:00:00,67849000.0,68715000.0,65451000.0,67120000.0,8097.42887785,67120000.0,upbit,2026-06-28T04:34:13Z
KRW-BTC,2021-03-22T00:00:00,2021-03-22T09:00:00,67064000.0,68380000.0,64345000.0,64725000.0,8366.41055146,64725000.0,upbit,2026-06-28T04:34:13Z
KRW-BTC,2021-03-23T00:00:00,2021-03-23T09:00:00,64728000.0,66279000.0,63000000.0,65458000.0,9961.04059631,65458000.0,upbit,2026-06-28T04:34:13Z
KRW-BTC,2021-03-24T00:00:00,2021-03-24T09:00:00,65458000.0,68370000.0,64500000.0,64777000.0,11366.40452396,64777000.0,upbit,2026-06-28T04:34:13Z
KRW-BTC,2021-03-25T00:00:00,2021-03-25T09:00:00,64777000.0,65305000.0,62500000.0,63328000.0,10463.20781465,63328000.0,upbit,2026-06-28T04:34:13Z
KRW-BTC,2021-03-26T00:00:00,2021-03-26T09:00:00,63334000.0,65723000.0,63265000.0,65675000.0,8081.6698713,65675000.0,upbit,2026-06-28T04:34:13Z
KRW-BTC,2021-03-27T00:00:00,2021-03-27T09:00:00,65660000.0,67304000.0,65111000.0,66591000.0,5963.9246348,66591000.0,upbit,2026-06-28T04:34:13Z
KRW-BTC,2021-03-28T00:00:00,2021-03-28T09:00:00,66648000.0,67500000.0,66238000.0,67133000.0,4650.42503973,67133000.0,upbit,2026-06-28T04:34:13Z
KRW-BTC,2021-03-29T00:00:00,2021-03-29T09:00:00,67133000.0,69435000.0,66500000.0,68701000.0,8060.78382844,68701000.0,upbit,2026-06-28T04:34:13Z
KRW-BTC,2021-03-30T00:00:00,2021-03-30T09:00:00,68693000.0,70979000.0,68500000.0,70800000.0,7699.70796273,70800000.0,upbit,2026-06-28T04:34:13Z
KRW-BTC,2021-03-31T00:00:00,2021-03-31T09:00:00,70800000.0,72000000.0,69194000.0,71513000.0,9836.87568844,71513000.0,upbit,2026-06-28T04:34:13Z
KRW-BTC,2021-04-01T00:00:00,2021-04-01T09:00:00,71480000.0,73325000.0,71032000.0,72749000.0,9170.38195837,72749000.0,upbit,2026-06-28T04:34:13Z
KRW-BTC,2021-04-02T00:00:00,2021-04-02T09:00:00,72749000.0,74400000.0,71841000.0,73855000.0,8712.29408175,73855000.0,upbit,2026-06-28T04:34:13Z
KRW-BTC,2021-04-03T00:00:00,2021-04-03T09:00:00,73934000.0,75703000.0,71783000.0,72187000.0,9274.31810933,72187000.0,upbit,2026-06-28T04:34:13Z
KRW-BTC,2021-04-04T00:00:00,2021-04-04T09:00:00,72187000.0,74240000.0,71570000.0,73974000.0,6583.4382034,73974000.0,upbit,2026-06-28T04:34:13Z
KRW-BTC,2021-04-05T00:00:00,2021-04-05T09:00:00,73908000.0,78780000.0,73890000.0,78770000.0,13425.68167755,78770000.0,upbit,2026-06-28T04:34:13Z
KRW-BTC,2021-04-06T00:00:00,2021-04-06T09:00:00,78770000.0,79500000.0,76210000.0,77944000.0,10824.67205698,77944000.0,upbit,2026-06-28T04:34:13Z
KRW-BTC,2021-04-07T00:00:00,2021-04-07T09:00:00,77919000.0,79422000.0,68500000.0,72850000.0,19134.03657346,72850000.0,upbit,2026-06-28T04:34:13Z
KRW-BTC,2021-04-08T00:00:00,2021-04-08T09:00:00,72850000.0,75325000.0,70432000.0,75316000.0,9100.78753643,75316000.0,upbit,2026-06-28T04:34:13Z
KRW-BTC,2021-04-09T00:00:00,2021-04-09T09:00:00,75315000.0,76435000.0,73369000.0,76066000.0,9146.07028224,76066000.0,upbit,2026-06-28T04:34:13Z
KRW-BTC,2021-04-10T00:00:00,2021-04-10T09:00:00,76072000.0,79600000.0,75643000.0,78530000.0,9218.16259215,78530000.0,upbit,2026-06-28T04:34:13Z
KRW-BTC,2021-04-11T00:00:00,2021-04-11T09:00:00,78531000.0,79389000.0,76500000.0,78743000.0,7344.85268323,78743000.0,upbit,2026-06-28T04:34:13Z
KRW-BTC,2021-04-12T00:00:00,2021-04-12T09:00:00,78835000.0,79006000.0,77500000.0,78178000.0,6311.01494764,78178000.0,upbit,2026-06-28T04:34:13Z
KRW-BTC,2021-04-13T00:00:00,2021-04-13T09:00:00,78178000.0,81987000.0,78000000.0,80736000.0,11167.52534366,80736000.0,upbit,2026-06-28T04:34:13Z
KRW-BTC,2021-04-14T00:00:00,2021-04-14T09:00:00,80736000.0,81994000.0,79500000.0,80401000.0,10657.91834295,80401000.0,upbit,2026-06-28T04:34:13Z
KRW-BTC,2021-04-15T00:00:00,2021-04-15T09:00:00,80401000.0,80798000.0,78576000.0,79670000.0,7368.13856612,79670000.0,upbit,2026-06-28T04:34:13Z
KRW-BTC,2021-04-16T00:00:00,2021-04-16T09:00:00,79670000.0,81200000.0,77530000.0,79351000.0,10053.30952396,79351000.0,upbit,2026-06-28T04:34:13Z
KRW-BTC,2021-04-17T00:00:00,2021-04-17T09:00:00,79322000.0,79950000.0,77500000.0,77905000.0,6395.62622905,77905000.0,upbit,2026-06-28T04:34:13Z
KRW-BTC,2021-04-18T00:00:00,2021-04-18T09:00:00,77909000.0,78365000.0,70924000.0,75643000.0,16046.04765964,75643000.0,upbit,2026-06-28T04:34:13Z
KRW-BTC,2021-04-19T00:00:00,2021-04-19T09:00:00,75692000.0,76829000.0,70780000.0,71456000.0,11873.87050755,71456000.0,upbit,2026-06-28T04:34:13Z
KRW-BTC,2021-04-20T00:00:00,2021-04-20T09:00:00,71448000.0,72077000.0,66001000.0,70402000.0,15744.7357605,70402000.0,upbit,2026-06-28T04:34:13Z
KRW-BTC,2021-04-21T00:00:00,2021-04-21T09:00:00,70400000.0,71490000.0,67601000.0,68198000.0,8571.53433839,68198000.0,upbit,2026-06-28T04:34:13Z
KRW-BTC,2021-04-22T00:00:00,2021-04-22T09:00:00,68193000.0,69000000.0,59111000.0,59962000.0,20651.79027598,59962000.0,upbit,2026-06-28T04:34:13Z
KRW-BTC,2021-04-23T00:00:00,2021-04-23T09:00:00,59950000.0,61900000.0,54964000.0,60900000.0,21936.27526798,60900000.0,upbit,2026-06-28T04:34:13Z
KRW-BTC,2021-04-24T00:00:00,2021-04-24T09:00:00,60901000.0,62519000.0,58500000.0,60853000.0,9176.44810744,60853000.0,upbit,2026-06-28T04:34:13Z
KRW-BTC,2021-04-25T00:00:00,2021-04-25T09:00:00,60853000.0,62050000.0,57327000.0,59859000.0,8791.28712271,59859000.0,upbit,2026-06-28T04:34:13Z
KRW-BTC,2021-04-26T00:00:00,2021-04-26T09:00:00,59850000.0,64300000.0,59075000.0,64198000.0,10198.12024134,64198000.0,upbit,2026-06-28T04:34:13Z
KRW-BTC,2021-04-27T00:00:00,2021-04-27T09:00:00,64198000.0,65000000.0,63375000.0,64767000.0,8003.35594526,64767000.0,upbit,2026-06-28T04:34:13Z
KRW-BTC,2021-04-28T00:00:00,2021-04-28T09:00:00,64759000.0,65899000.0,62608000.0,64100000.0,8304.37721754,64100000.0,upbit,2026-06-28T04:34:13Z
KRW-BTC,2021-04-29T00:00:00,2021-04-29T09:00:00,64060000.0,64900000.0,63000000.0,63814000.0,9270.47473273,63814000.0,upbit,2026-06-28T04:34:13Z
KRW-BTC,2021-04-30T00:00:00,2021-04-30T09:00:00,63816000.0,68540000.0,63500000.0,67939000.0,18322.27981277,67939000.0,upbit,2026-06-28T04:34:13Z
KRW-BTC,2021-05-01T00:00:00,2021-05-01T09:00:00,67956000.0,69386000.0,67557000.0,69049000.0,9860.60752162,69049000.0,upbit,2026-06-28T04:34:13Z
KRW-BTC,2021-05-02T00:00:00,2021-05-02T09:00:00,69041000.0,69297000.0,66803000.0,68452000.0,7970.05903976,68452000.0,upbit,2026-06-28T04:34:13Z
KRW-BTC,2021-05-03T00:00:00,2021-05-03T09:00:00,68452000.0,70999000.0,68281000.0,69996000.0,9426.09845223,69996000.0,upbit,2026-06-28T04:34:13Z
KRW-BTC,2021-05-04T00:00:00,2021-05-04T09:00:00,69996000.0,70490000.0,66500000.0,66829000.0,12631.58490146,66829000.0,upbit,2026-06-28T04:34:13Z
KRW-BTC,2021-05-05T00:00:00,2021-05-05T09:00:00,66828000.0,70007000.0,66500000.0,68679000.0,11726.63421242,68679000.0,upbit,2026-06-28T04:34:13Z
KRW-BTC,2021-05-06T00:00:00,2021-05-06T09:00:00,68700000.0,70853000.0,67899000.0,68767000.0,13078.41996809,68767000.0,upbit,2026-06-28T04:34:13Z
KRW-BTC,2021-05-07T00:00:00,2021-05-07T09:00:00,68760000.0,69729000.0,66900000.0,68563000.0,12047.6815528,68563000.0,upbit,2026-06-28T04:34:13Z
KRW-BTC,2021-05-08T00:00:00,2021-05-08T09:00:00,68564000.0,71879000.0,67610000.0,71740000.0,12558.43062882,71740000.0,upbit,2026-06-28T04:34:13Z
KRW-BTC,2021-05-09T00:00:00,2021-05-09T09:00:00,71728000.0,73129000.0,70147000.0,71505000.0,11786.59649177,71505000.0,upbit,2026-06-28T04:34:13Z
KRW-BTC,2021-05-10T00:00:00,2021-05-10T09:00:00,71506000.0,72460000.0,70175000.0,70902000.0,13096.22237631,70902000.0,upbit,2026-06-28T04:34:13Z
KRW-BTC,2021-05-11T00:00:00,2021-05-11T09:00:00,70902000.0,71750000.0,67597000.0,69741000.0,11913.28320208,69741000.0,upbit,2026-06-28T04:34:13Z
KRW-BTC,2021-05-12T00:00:00,2021-05-12T09:00:00,69714000.0,70499000.0,60854000.0,62257000.0,22173.21879,62257000.0,upbit,2026-06-28T04:34:13Z
KRW-BTC,2021-05-13T00:00:00,2021-05-13T09:00:00,62380000.0,65472000.0,60200000.0,63069000.0,22547.5357541,63069000.0,upbit,2026-06-28T04:34:13Z
KRW-BTC,2021-05-14T00:00:00,2021-05-14T09:00:00,63080000.0,63656000.0,61001000.0,61797000.0,13221.57503799,61797000.0,upbit,2026-06-28T04:34:13Z
KRW-BTC,2021-05-15T00:00:00,2021-05-15T09:00:00,61795000.0,62118000.0,57900000.0,58807000.0,17508.20716437,58807000.0,upbit,2026-06-28T04:34:13Z
KRW-BTC,2021-05-16T00:00:00,2021-05-16T09:00:00,58814000.0,60721000.0,55500000.0,57649000.0,16552.64330014,57649000.0,upbit,2026-06-28T04:34:13Z
KRW-BTC,2021-05-17T00:00:00,2021-05-17T09:00:00,57655000.0,58000000.0,51381000.0,54057000.0,27456.42210679,54057000.0,upbit,2026-06-28T04:34:13Z
KRW-BTC,2021-05-18T00:00:00,2021-05-18T09:00:00,54057000.0,56366000.0,53001000.0,53419000.0,15075.12157223,53419000.0,upbit,2026-06-28T04:34:13Z
KRW-BTC,2021-05-19T00:00:00,2021-05-19T09:00:00,53404000.0,53992000.0,42595000.0,50379000.0,40112.86111135,50379000.0,upbit,2026-06-28T04:34:13Z
KRW-BTC,2021-05-20T00:00:00,2021-05-20T09:00:00,50477000.0,53070000.0,48328000.0,51320000.0,21350.8166367,51320000.0,upbit,2026-06-28T04:34:13Z
KRW-BTC,2021-05-21T00:00:00,2021-05-21T09:00:00,51318000.0,52726000.0,45701000.0,49112000.0,22198.61379209,49112000.0,upbit,2026-06-28T04:34:13Z
KRW-BTC,2021-05-22T00:00:00,2021-05-22T09:00:00,49080000.0,49260000.0,43957000.0,47460000.0,16597.85063127,47460000.0,upbit,2026-06-28T04:34:13Z
KRW-BTC,2021-05-23T00:00:00,2021-05-23T09:00:00,47444000.0,48592000.0,39331000.0,42585000.0,27384.56412739,42585000.0,upbit,2026-06-28T04:34:13Z
KRW-BTC,2021-05-24T00:00:00,2021-05-24T09:00:00,42585000.0,47452000.0,41253000.0,46963000.0,22353.30949228,46963000.0,upbit,2026-06-28T04:34:13Z
KRW-BTC,2021-05-25T00:00:00,2021-05-25T09:00:00,46932000.0,49113000.0,45197000.0,47047000.0,15379.79580919,47047000.0,upbit,2026-06-28T04:34:13Z
KRW-BTC,2021-05-26T00:00:00,2021-05-26T09:00:00,47067000.0,49081000.0,46265000.0,47325000.0,11383.21756444,47325000.0,upbit,2026-06-28T04:34:13Z
KRW-BTC,2021-05-27T00:00:00,2021-05-27T09:00:00,47324000.0,48120000.0,45423000.0,46563000.0,10358.12372991,46563000.0,upbit,2026-06-28T04:34:13Z
KRW-BTC,2021-05-28T00:00:00,2021-05-28T09:00:00,46568000.0,47069000.0,43009000.0,43723000.0,14678.13363228,43723000.0,upbit,2026-06-28T04:34:13Z
KRW-BTC,2021-05-29T00:00:00,2021-05-29T09:00:00,43723000.0,44812000.0,41405000.0,42688000.0,10628.41267526,42688000.0,upbit,2026-06-28T04:34:13Z
KRW-BTC,2021-05-30T00:00:00,2021-05-30T09:00:00,42688000.0,43827000.0,40580000.0,43177000.0,9194.80791712,43177000.0,upbit,2026-06-28T04:34:13Z
KRW-BTC,2021-05-31T00:00:00,2021-05-31T09:00:00,43177000.0,44235000.0,41304000.0,43761000.0,10111.06622016,43761000.0,upbit,2026-06-28T04:34:13Z
KRW-BTC,2021-06-01T00:00:00,2021-06-01T09:00:00,43761000.0,44550000.0,42515000.0,43200000.0,9081.15492851,43200000.0,upbit,2026-06-28T04:34:13Z
KRW-BTC,2021-06-02T00:00:00,2021-06-02T09:00:00,43207000.0,44341000.0,42550000.0,43732000.0,7405.76064222,43732000.0,upbit,2026-06-28T04:34:13Z
KRW-BTC,2021-06-03T00:00:00,2021-06-03T09:00:00,43744000.0,45692000.0,43439000.0,45431000.0,8776.66953211,45431000.0,upbit,2026-06-28T04:34:13Z
KRW-BTC,2021-06-04T00:00:00,2021-06-04T09:00:00,45429000.0,45500000.0,42210000.0,42938000.0,9703.70957015,42938000.0,upbit,2026-06-28T04:34:13Z
KRW-BTC,2021-06-05T00:00:00,2021-06-05T09:00:00,42938000.0,43766000.0,41468000.0,41943000.0,6891.39874143,41943000.0,upbit,2026-06-28T04:34:13Z
KRW-BTC,2021-06-06T00:00:00,2021-06-06T09:00:00,41942000.0,42455000.0,41445000.0,41780000.0,4781.23144314,41780000.0,upbit,2026-06-28T04:34:13Z
KRW-BTC,2021-06-07T00:00:00,2021-06-07T09:00:00,41780000.0,42458000.0,38916000.0,39064000.0,8580.17805342,39064000.0,upbit,2026-06-28T04:34:13Z
KRW-BTC,2021-06-08T00:00:00,2021-06-08T09:00:00,39065000.0,39642000.0,36364000.0,38494000.0,12529.11360518,38494000.0,upbit,2026-06-28T04:34:13Z
KRW-BTC,2021-06-09T00:00:00,2021-06-09T09:00:00,38495000.0,43610000.0,37200000.0,43278000.0,17850.79538956,43278000.0,upbit,2026-06-28T04:34:13Z
KRW-BTC,2021-06-10T00:00:00,2021-06-10T09:00:00,43282000.0,44620000.0,41810000.0,42836000.0,16175.75407976,42836000.0,upbit,2026-06-28T04:34:13Z
KRW-BTC,2021-06-11T00:00:00,2021-06-11T09:00:00,42836000.0,43805000.0,42060000.0,43698000.0,16348.37533943,43698000.0,upbit,2026-06-28T04:34:13Z
KRW-BTC,2021-06-12T00:00:00,2021-06-12T09:00:00,43698000.0,44088000.0,40640000.0,41430000.0,15751.47878703,41430000.0,upbit,2026-06-28T04:34:13Z
KRW-BTC,2021-06-13T00:00:00,2021-06-13T09:00:00,41430000.0,45116000.0,40543000.0,44746000.0,12435.4854908,44746000.0,upbit,2026-06-28T04:34:13Z
KRW-BTC,2021-06-14T00:00:00,2021-06-14T09:00:00,44746000.0,47401000.0,44400000.0,46501000.0,18922.82336997,46501000.0,upbit,2026-06-28T04:34:13Z
KRW-BTC,2021-06-15T00:00:00,2021-06-15T09:00:00,46511000.0,47500000.0,45483000.0,46389000.0,10580.65997587,46389000.0,upbit,2026-06-28T04:34:13Z
KRW-BTC,2021-06-16T00:00:00,2021-06-16T09:00:00,46409000.0,46543000.0,44887000.0,45295000.0,10781.5432318,45295000.0,upbit,2026-06-28T04:34:13Z
KRW-BTC,2021-06-17T00:00:00,2021-06-17T09:00:00,45306000.0,46048000.0,44390000.0,44854000.0,10707.19704008,44854000.0,upbit,2026-06-28T04:34:13Z
KRW-BTC,2021-06-18T00:00:00,2021-06-18T09:00:00,44823000.0,44945000.0,42191000.0,42599000.0,15162.18446155,42599000.0,upbit,2026-06-28T04:34:13Z
KRW-BTC,2021-06-19T00:00:00,2021-06-19T09:00:00,42588000.0,43000000.0,41364000.0,42088000.0,9403.80354635,42088000.0,upbit,2026-06-28T04:34:13Z
KRW-BTC,2021-06-20T00:00:00,2021-06-20T09:00:00,42088000.0,42443000.0,39785000.0,41842000.0,13184.49590156,41842000.0,upbit,2026-06-28T04:34:13Z
KRW-BTC,2021-06-21T00:00:00,2021-06-21T09:00:00,41843000.0,42048000.0,36802000.0,37393000.0,23102.5613381,37393000.0,upbit,2026-06-28T04:34:13Z
KRW-BTC,2021-06-22T00:00:00,2021-06-22T09:00:00,37397000.0,39068000.0,33900000.0,37784000.0,29986.86958363,37784000.0,upbit,2026-06-28T04:34:13Z
KRW-BTC,2021-06-23T00:00:00,2021-06-23T09:00:00,37784000.0,40099000.0,36726000.0,39077000.0,17696.3951684,39077000.0,upbit,2026-06-28T04:34:13Z
KRW-BTC,2021-06-24T00:00:00,2021-06-24T09:00:00,39077000.0,40705000.0,37770000.0,40098000.0,11788.00643035,40098000.0,upbit,2026-06-28T04:34:13Z
KRW-BTC,2021-06-25T00:00:00,2021-06-25T09:00:00,40100000.0,40956000.0,36901000.0,37152000.0,14567.87636139,37152000.0,upbit,2026-06-28T04:34:13Z
KRW-BTC,2021-06-26T00:00:00,2021-06-26T09:00:00,37152000.0,37999000.0,35522000.0,37629000.0,13300.23645376,37629000.0,upbit,2026-06-28T04:34:13Z
KRW-BTC,2021-06-27T00:00:00,2021-06-27T09:00:00,37617000.0,40000000.0,37253000.0,39985000.0,12422.20134974,39985000.0,upbit,2026-06-28T04:34:13Z
KRW-BTC,2021-06-28T00:00:00,2021-06-28T09:00:00,39985000.0,40570000.0,39188000.0,39959000.0,12722.91550336,39959000.0,upbit,2026-06-28T04:34:13Z
KRW-BTC,2021-06-29T00:00:00,2021-06-29T09:00:00,39971000.0,42180000.0,39810000.0,41528000.0,13195.49436844,41528000.0,upbit,2026-06-28T04:34:13Z
KRW-BTC,2021-06-30T00:00:00,2021-06-30T09:00:00,41528000.0,41833000.0,40010000.0,40674000.0,9199.17468909,40674000.0,upbit,2026-06-28T04:34:13Z
KRW-BTC,2021-07-01T00:00:00,2021-07-01T09:00:00,40663000.0,40683000.0,38668000.0,39320000.0,9130.32512048,39320000.0,upbit,2026-06-28T04:34:13Z
KRW-BTC,2021-07-02T00:00:00,2021-07-02T09:00:00,39320000.0,39834000.0,38288000.0,39442000.0,6427.36915506,39442000.0,upbit,2026-06-28T04:34:13Z
KRW-BTC,2021-07-03T00:00:00,2021-07-03T09:00:00,39440000.0,40578000.0,38951000.0,40299000.0,4933.22955397,40299000.0,upbit,2026-06-28T04:34:13Z
KRW-BTC,2021-07-04T00:00:00,2021-07-04T09:00:00,40299000.0,41643000.0,40088000.0,40948000.0,4981.52353166,40948000.0,upbit,2026-06-28T04:34:13Z
KRW-BTC,2021-07-05T00:00:00,2021-07-05T09:00:00,40915000.0,40948000.0,38957000.0,39506000.0,8680.72316484,39506000.0,upbit,2026-06-28T04:34:13Z
KRW-BTC,2021-07-06T00:00:00,2021-07-06T09:00:00,39509000.0,40650000.0,39340000.0,39814000.0,6292.90393266,39814000.0,upbit,2026-06-28T04:34:13Z
KRW-BTC,2021-07-07T00:00:00,2021-07-07T09:00:00,39814000.0,40727000.0,39637000.0,39743000.0,5761.28681997,39743000.0,upbit,2026-06-28T04:34:13Z
KRW-BTC,2021-07-08T00:00:00,2021-07-08T09:00:00,39743000.0,39953000.0,38200000.0,39082000.0,8178.52667179,39082000.0,upbit,2026-06-28T04:34:13Z
KRW-BTC,2021-07-09T00:00:00,2021-07-09T09:00:00,39069000.0,40070000.0,38123000.0,39820000.0,6163.10273495,39820000.0,upbit,2026-06-28T04:34:13Z
KRW-BTC,2021-07-10T00:00:00,2021-07-10T09:00:00,39801000.0,40302000.0,39124000.0,39626000.0,4161.71919637,39626000.0,upbit,2026-06-28T04:34:13Z
KRW-BTC,2021-07-11T00:00:00,2021-07-11T09:00:00,39633000.0,40580000.0,39250000.0,40194000.0,3892.50336161,40194000.0,upbit,2026-06-28T04:34:13Z
KRW-BTC,2021-07-12T00:00:00,2021-07-12T09:00:00,40194000.0,40570000.0,38850000.0,39193000.0,5361.07767221,39193000.0,upbit,2026-06-28T04:34:13Z
KRW-BTC,2021-07-13T00:00:00,2021-07-13T09:00:00,39177000.0,39363000.0,38297000.0,38713000.0,4602.44957727,38713000.0,upbit,2026-06-28T04:34:13Z
KRW-BTC,2021-07-14T00:00:00,2021-07-14T09:00:00,38741000.0,38975000.0,37600000.0,38592000.0,6508.67678169,38592000.0,upbit,2026-06-28T04:34:13Z
KRW-BTC,2021-07-15T00:00:00,2021-07-15T09:00:00,38590000.0,39045000.0,37088000.0,37606000.0,7363.60708143,37606000.0,upbit,2026-06-28T04:34:13Z
KRW-BTC,2021-07-16T00:00:00,2021-07-16T09:00:00,37606000.0,38053000.0,36750000.0,37199000.0,5695.87391285,37199000.0,upbit,2026-06-28T04:34:13Z
KRW-BTC,2021-07-17T00:00:00,2021-07-17T09:00:00,37199000.0,37800000.0,36824000.0,37205000.0,3533.68515996,37205000.0,upbit,2026-06-28T04:34:13Z
KRW-BTC,2021-07-18T00:00:00,2021-07-18T09:00:00,37205000.0,38172000.0,37000000.0,37663000.0,3688.50914112,37663000.0,upbit,2026-06-28T04:34:13Z
KRW-BTC,2021-07-19T00:00:00,2021-07-19T09:00:00,37663000.0,37704000.0,36500000.0,36799000.0,4208.48795672,36799000.0,upbit,2026-06-28T04:34:13Z
KRW-BTC,2021-07-20T00:00:00,2021-07-20T09:00:00,36799000.0,36937000.0,34820000.0,35305000.0,6998.98495576,35305000.0,upbit,2026-06-28T04:34:13Z
KRW-BTC,2021-07-21T00:00:00,2021-07-21T09:00:00,35339000.0,38374000.0,35000000.0,38013000.0,6880.93687268,38013000.0,upbit,2026-06-28T04:34:13Z
KRW-BTC,2021-07-22T00:00:00,2021-07-22T09:00:00,38012000.0,38470000.0,37428000.0,37925000.0,4209.60291091,37925000.0,upbit,2026-06-28T04:34:13Z
KRW-BTC,2021-07-23T00:00:00,2021-07-23T09:00:00,37922000.0,39113000.0,37790000.0,39108000.0,4624.03229131,39108000.0,upbit,2026-06-28T04:34:13Z
KRW-BTC,2021-07-24T00:00:00,2021-07-24T09:00:00,39113000.0,40240000.0,38919000.0,40112000.0,4969.11794139,40112000.0,upbit,2026-06-28T04:34:13Z
KRW-BTC,2021-07-25T00:00:00,2021-07-25T09:00:00,40076000.0,41110000.0,39547000.0,41070000.0,4748.42546082,41070000.0,upbit,2026-06-28T04:34:13Z
KRW-BTC,2021-07-26T00:00:00,2021-07-26T09:00:00,41054000.0,46800000.0,40864000.0,43001000.0,18124.95452103,43001000.0,upbit,2026-06-28T04:34:13Z
KRW-BTC,2021-07-27T00:00:00,2021-07-27T09:00:00,43021000.0,45506000.0,42050000.0,45409000.0,10710.88094497,45409000.0,upbit,2026-06-28T04:34:13Z
KRW-BTC,2021-07-28T00:00:00,2021-07-28T09:00:00,45447000.0,47494000.0,45000000.0,46350000.0,11869.72271998,46350000.0,upbit,2026-06-28T04:34:13Z
KRW-BTC,2021-07-29T00:00:00,2021-07-29T09:00:00,46350000.0,46996000.0,45529000.0,45907000.0,5904.86424006,45907000.0,upbit,2026-06-28T04:34:13Z
KRW-BTC,2021-07-30T00:00:00,2021-07-30T09:00:00,45936000.0,48661000.0,44450000.0,48555000.0,9277.56945527,48555000.0,upbit,2026-06-28T04:34:13Z
KRW-BTC,2021-07-31T00:00:00,2021-07-31T09:00:00,48570000.0,48768000.0,47650000.0,47979000.0,5158.44167442,47979000.0,upbit,2026-06-28T04:34:13Z
KRW-BTC,2021-08-01T00:00:00,2021-08-01T09:00:00,47979000.0,49471000.0,46003000.0,46274000.0,6806.08556397,46274000.0,upbit,2026-06-28T04:34:13Z
KRW-BTC,2021-08-02T00:00:00,2021-08-02T09:00:00,46263000.0,46788000.0,45150000.0,45451000.0,7121.32542712,45451000.0,upbit,2026-06-28T04:34:13Z
KRW-BTC,2021-08-03T00:00:00,2021-08-03T09:00:00,45451000.0,46150000.0,44440000.0,44969000.0,7445.82457713,44969000.0,upbit,2026-06-28T04:34:13Z
KRW-BTC,2021-08-04T00:00:00,2021-08-04T09:00:00,44950000.0,46038000.0,44000000.0,45718000.0,6481.94468452,45718000.0,upbit,2026-06-28T04:34:13Z
KRW-BTC,2021-08-05T00:00:00,2021-08-05T09:00:00,45718000.0,47650000.0,43841000.0,47139000.0,10399.67917867,47139000.0,upbit,2026-06-28T04:34:13Z
KRW-BTC,2021-08-06T00:00:00,2021-08-06T09:00:00,47099000.0,49898000.0,46250000.0,49349000.0,9456.96848632,49349000.0,upbit,2026-06-28T04:34:13Z
KRW-BTC,2021-08-07T00:00:00,2021-08-07T09:00:00,49342000.0,51300000.0,49000000.0,50956000.0,10988.79383695,50956000.0,upbit,2026-06-28T04:34:13Z
KRW-BTC,2021-08-08T00:00:00,2021-08-08T09:00:00,50956000.0,51731000.0,50110000.0,50799000.0,8950.68143253,50799000.0,upbit,2026-06-28T04:34:13Z
KRW-BTC,2021-08-09T00:00:00,2021-08-09T09:00:00,50790000.0,53077000.0,49585000.0,52846000.0,10539.78165913,52846000.0,upbit,2026-06-28T04:34:13Z
KRW-BTC,2021-08-10T00:00:00,2021-08-10T09:00:00,52862000.0,53491000.0,51800000.0,52339000.0,9910.23810999,52339000.0,upbit,2026-06-28T04:34:13Z
KRW-BTC,2021-08-11T00:00:00,2021-08-11T09:00:00,52335000.0,53500000.0,52219000.0,52590000.0,10943.96845795,52590000.0,upbit,2026-06-28T04:34:13Z
KRW-BTC,2021-08-12T00:00:00,2021-08-12T09:00:00,52585000.0,53395000.0,51391000.0,52079000.0,13202.59267402,52079000.0,upbit,2026-06-28T04:34:13Z
KRW-BTC,2021-08-13T00:00:00,2021-08-13T09:00:00,52078000.0,55313000.0,51767000.0,55146000.0,11542.23600174,55146000.0,upbit,2026-06-28T04:34:13Z
KRW-BTC,2021-08-14T00:00:00,2021-08-14T09:00:00,55145000.0,55742000.0,53573000.0,54812000.0,10406.46231641,54812000.0,upbit,2026-06-28T04:34:13Z
KRW-BTC,2021-08-15T00:00:00,2021-08-15T09:00:00,54817000.0,55166000.0,53349000.0,54636000.0,8686.54728059,54636000.0,upbit,2026-06-28T04:34:13Z
KRW-BTC,2021-08-16T00:00:00,2021-08-16T09:00:00,54638000.0,55704000.0,53700000.0,53863000.0,8599.29243939,53863000.0,upbit,2026-06-28T04:34:13Z
KRW-BTC,2021-08-17T00:00:00,2021-08-17T09:00:00,53863000.0,54649000.0,52500000.0,52660000.0,9398.25919668,52660000.0,upbit,2026-06-28T04:34:13Z
KRW-BTC,2021-08-18T00:00:00,2021-08-18T09:00:00,52674000.0,53874000.0,51938000.0,52812000.0,14256.33672927,52812000.0,upbit,2026-06-28T04:34:13Z
KRW-BTC,2021-08-19T00:00:00,2021-08-19T09:00:00,52815000.0,55050000.0,52002000.0,55017000.0,13997.11722659,55017000.0,upbit,2026-06-28T04:34:13Z
KRW-BTC,2021-08-20T00:00:00,2021-08-20T09:00:00,55030000.0,57910000.0,54824000.0,57683000.0,12560.50365601,57683000.0,upbit,2026-06-28T04:34:13Z
KRW-BTC,2021-08-21T00:00:00,2021-08-21T09:00:00,57690000.0,58280000.0,56557000.0,57553000.0,9176.90265489,57553000.0,upbit,2026-06-28T04:34:13Z
KRW-BTC,2021-08-22T00:00:00,2021-08-22T09:00:00,57576000.0,58000000.0,56611000.0,57681000.0,7327.1797741,57681000.0,upbit,2026-06-28T04:34:13Z
KRW-BTC,2021-08-23T00:00:00,2021-08-23T09:00:00,57714000.0,58726000.0,57374000.0,57627000.0,10945.24369893,57627000.0,upbit,2026-06-28T04:34:13Z
KRW-BTC,2021-08-24T00:00:00,2021-08-24T09:00:00,57627000.0,57905000.0,55800000.0,56134000.0,16813.02809495,56134000.0,upbit,2026-06-28T04:34:13Z
KRW-BTC,2021-08-25T00:00:00,2021-08-25T09:00:00,56168000.0,57325000.0,55100000.0,57100000.0,11188.10656994,57100000.0,upbit,2026-06-28T04:34:13Z
KRW-BTC,2021-08-26T00:00:00,2021-08-26T09:00:00,57088000.0,57497000.0,54504000.0,55225000.0,9477.10372476,55225000.0,upbit,2026-06-28T04:34:13Z
KRW-BTC,2021-08-27T00:00:00,2021-08-27T09:00:00,55255000.0,57600000.0,54616000.0,57401000.0,8324.33196789,57401000.0,upbit,2026-06-28T04:34:13Z
KRW-BTC,2021-08-28T00:00:00,2021-08-28T09:00:00,57400000.0,57885000.0,56704000.0,57428000.0,5552.26274864,57428000.0,upbit,2026-06-28T04:34:13Z
KRW-BTC,2021-08-29T00:00:00,2021-08-29T09:00:00,57428000.0,58000000.0,56500000.0,57272000.0,11623.61867326,57272000.0,upbit,2026-06-28T04:34:13Z
KRW-BTC,2021-08-30T00:00:00,2021-08-30T09:00:00,57272000.0,57479000.0,55555000.0,55800000.0,14613.33339131,55800000.0,upbit,2026-06-28T04:34:13Z
KRW-BTC,2021-08-31T00:00:00,2021-08-31T09:00:00,55800000.0,56333000.0,55022000.0,55230000.0,11075.54698274,55230000.0,upbit,2026-06-28T04:34:13Z
KRW-BTC,2021-09-01T00:00:00,2021-09-01T09:00:00,55228000.0,56900000.0,54538000.0,56455000.0,9099.48005828,56455000.0,upbit,2026-06-28T04:34:13Z
KRW-BTC,2021-09-02T00:00:00,2021-09-02T09:00:00,56445000.0,58369000.0,56232000.0,57155000.0,8965.19366094,57155000.0,upbit,2026-06-28T04:34:13Z
KRW-BTC,2021-09-03T00:00:00,2021-09-03T09:00:00,57155000.0,59110000.0,56500000.0,57783000.0,11527.48633542,57783000.0,upbit,2026-06-28T04:34:13Z
KRW-BTC,2021-09-04T00:00:00,2021-09-04T09:00:00,57717000.0,58500000.0,57184000.0,57827000.0,7242.35579057,57827000.0,upbit,2026-06-28T04:34:13Z
KRW-BTC,2021-09-05T00:00:00,2021-09-05T09:00:00,57836000.0,59650000.0,57217000.0,59212000.0,7573.37229192,59212000.0,upbit,2026-06-28T04:34:13Z
KRW-BTC,2021-09-06T00:00:00,2021-09-06T09:00:00,59212000.0,61056000.0,58810000.0,60839000.0,7151.92707503,60839000.0,upbit,2026-06-28T04:34:13Z
KRW-BTC,2021-09-07T00:00:00,2021-09-07T09:00:00,60839000.0,61113000.0,55000000.0,56672000.0,19856.73841443,56672000.0,upbit,2026-06-28T04:34:13Z
KRW-BTC,2021-09-08T00:00:00,2021-09-08T09:00:00,56668000.0,57250000.0,53154000.0,55580000.0,12683.32987229,55580000.0,upbit,2026-06-28T04:34:13Z
KRW-BTC,2021-09-09T00:00:00,2021-09-09T09:00:00,55576000.0,56567000.0,54701000.0,55900000.0,7540.98052835,55900000.0,upbit,2026-06-28T04:34:13Z
KRW-BTC,2021-09-10T00:00:00,2021-09-10T09:00:00,55879000.0,56850000.0,54701000.0,55031000.0,10524.62607334,55031000.0,upbit,2026-06-28T04:34:13Z
KRW-BTC,2021-09-11T00:00:00,2021-09-11T09:00:00,55031000.0,55400000.0,54316000.0,54800000.0,4246.7897401,54800000.0,upbit,2026-06-28T04:34:13Z
KRW-BTC,2021-09-12T00:00:00,2021-09-12T09:00:00,54800000.0,55580000.0,54316000.0,55078000.0,4456.24751341,55078000.0,upbit,2026-06-28T04:34:13Z
KRW-BTC,2021-09-13T00:00:00,2021-09-13T09:00:00,55078000.0,56663000.0,53600000.0,54274000.0,7678.99872171,54274000.0,upbit,2026-06-28T04:34:13Z
KRW-BTC,2021-09-14T00:00:00,2021-09-14T09:00:00,54340000.0,56857000.0,54120000.0,56564000.0,5994.88062518,56564000.0,upbit,2026-06-28T04:34:13Z
KRW-BTC,2021-09-15T00:00:00,2021-09-15T09:00:00,56564000.0,57600000.0,56011000.0,57207000.0,5204.48354612,57207000.0,upbit,2026-06-28T04:34:13Z
KRW-BTC,2021-09-16T00:00:00,2021-09-16T09:00:00,57178000.0,57500000.0,56446000.0,57277000.0,5358.40400108,57277000.0,upbit,2026-06-28T04:34:13Z
KRW-BTC,2021-09-17T00:00:00,2021-09-17T09:00:00,57277000.0,57836000.0,56942000.0,57642000.0,6908.81118369,57642000.0,upbit,2026-06-28T04:34:13Z
KRW-BTC,2021-09-18T00:00:00,2021-09-18T09:00:00,57642000.0,58980000.0,57574000.0,58597000.0,4935.40608571,58597000.0,upbit,2026-06-28T04:34:13Z
KRW-BTC,2021-09-19T00:00:00,2021-09-19T09:00:00,58597000.0,58805000.0,57466000.0,57976000.0,4821.3843762,57976000.0,upbit,2026-06-28T04:34:13Z
KRW-BTC,2021-09-20T00:00:00,2021-09-20T09:00:00,58030000.0,58142000.0,53496000.0,53801000.0,10951.54124671,53801000.0,upbit,2026-06-28T04:34:13Z
KRW-BTC,2021-09-21T00:00:00,2021-09-21T09:00:00,53801000.0,54400000.0,50211000.0,50699000.0,11491.19131035,50699000.0,upbit,2026-06-28T04:34:13Z
KRW-BTC,2021-09-22T00:00:00,2021-09-22T09:00:00,50699000.0,54153000.0,50059000.0,53856000.0,8922.15765938,53856000.0,upbit,2026-06-28T04:34:13Z
KRW-BTC,2021-09-23T00:00:00,2021-09-23T09:00:00,53853000.0,54656000.0,52571000.0,54410000.0,7737.69933454,54410000.0,upbit,2026-06-28T04:34:13Z
KRW-BTC,2021-09-24T00:00:00,2021-09-24T09:00:00,54405000.0,54534000.0,50900000.0,52176000.0,11468.26484925,52176000.0,upbit,2026-06-28T04:34:13Z
KRW-BTC,2021-09-25T00:00:00,2021-09-25T09:00:00,52176000.0,52452000.0,51056000.0,52326000.0,4371.92985367,52326000.0,upbit,2026-06-28T04:34:13Z
KRW-BTC,2021-09-26T00:00:00,2021-09-26T09:00:00,52326000.0,53607000.0,50803000.0,52798000.0,5945.40902076,52798000.0,upbit,2026-06-28T04:34:13Z
KRW-BTC,2021-09-27T00:00:00,2021-09-27T09:00:00,52798000.0,53800000.0,51747000.0,51834000.0,4963.31808383,51834000.0,upbit,2026-06-28T04:34:13Z
KRW-BTC,2021-09-28T00:00:00,2021-09-28T09:00:00,51831000.0,52103000.0,50222000.0,50309000.0,6216.15486117,50309000.0,upbit,2026-06-28T04:34:13Z
KRW-BTC,2021-09-29T00:00:00,2021-09-29T09:00:00,50309000.0,51799000.0,49924000.0,50800000.0,5199.8520123,50800000.0,upbit,2026-06-28T04:34:13Z
KRW-BTC,2021-09-30T00:00:00,2021-09-30T09:00:00,50800000.0,53673000.0,50731000.0,53523000.0,6716.78034563,53523000.0,upbit,2026-06-28T04:34:13Z
KRW-BTC,2021-10-01T00:00:00,2021-10-01T09:00:00,53523000.0,58582000.0,53070000.0,58348000.0,9344.90787537,58348000.0,upbit,2026-06-28T04:34:13Z
KRW-BTC,2021-10-02T00:00:00,2021-10-02T09:00:00,58348000.0,58999000.0,57660000.0,58228000.0,4852.96858036,58228000.0,upbit,2026-06-28T04:34:13Z
KRW-BTC,2021-10-03T00:00:00,2021-10-03T09:00:00,58238000.0,59390000.0,57250000.0,58567000.0,4489.39578954,58567000.0,upbit,2026-06-28T04:34:13Z
KRW-BTC,2021-10-04T00:00:00,2021-10-04T09:00:00,58466000.0,60331000.0,57346000.0,60020000.0,6699.98876873,60020000.0,upbit,2026-06-28T04:34:13Z
KRW-BTC,2021-10-05T00:00:00,2021-10-05T09:00:00,60020000.0,62500000.0,59547000.0,61666000.0,9846.15636431,61666000.0,upbit,2026-06-28T04:34:13Z
KRW-BTC,2021-10-06T00:00:00,2021-10-06T09:00:00,61666000.0,67636000.0,61113000.0,67000000.0,13462.73768824,67000000.0,upbit,2026-06-28T04:34:13Z
KRW-BTC,2021-10-07T00:00:00,2021-10-07T09:00:00,66998000.0,67290000.0,65265000.0,65500000.0,8828.33453547,65500000.0,upbit,2026-06-28T04:34:13Z
KRW-BTC,2021-10-08T00:00:00,2021-10-08T09:00:00,65501000.0,68200000.0,65151000.0,65951000.0,8405.272394,65951000.0,upbit,2026-06-28T04:34:13Z
KRW-BTC,2021-10-09T00:00:00,2021-10-09T09:00:00,65951000.0,67731000.0,65659000.0,67057000.0,5042.25221793,67057000.0,upbit,2026-06-28T04:34:13Z
KRW-BTC,2021-10-10T00:00:00,2021-10-10T09:00:00,67057000.0,69023000.0,66350000.0,67801000.0,5559.81442292,67801000.0,upbit,2026-06-28T04:34:13Z
KRW-BTC,2021-10-11T00:00:00,2021-10-11T09:00:00,67801000.0,71600000.0,67547000.0,70921000.0,9404.74824492,70921000.0,upbit,2026-06-28T04:34:13Z
KRW-BTC,2021-10-12T00:00:00,2021-10-12T09:00:00,70954000.0,71368000.0,67558000.0,69164000.0,8980.82152047,69164000.0,upbit,2026-06-28T04:34:13Z
KRW-BTC,2021-10-13T00:00:00,2021-10-13T09:00:00,69188000.0,70700000.0,66865000.0,69857000.0,8568.72701657,69857000.0,upbit,2026-06-28T04:34:13Z
KRW-BTC,2021-10-14T00:00:00,2021-10-14T09:00:00,69857000.0,71470000.0,69400000.0,69783000.0,6362.57109584,69783000.0,upbit,2026-06-28T04:34:13Z
KRW-BTC,2021-10-15T00:00:00,2021-10-15T09:00:00,69784000.0,76721000.0,69420000.0,75688000.0,15661.24926397,75688000.0,upbit,2026-06-28T04:34:13Z
KRW-BTC,2021-10-16T00:00:00,2021-10-16T09:00:00,75688000.0,76370000.0,73950000.0,74806000.0,7825.0005115,74806000.0,upbit,2026-06-28T04:34:13Z
KRW-BTC,2021-10-17T00:00:00,2021-10-17T09:00:00,74806000.0,76200000.0,74008000.0,75933000.0,5403.94853669,75933000.0,upbit,2026-06-28T04:34:13Z
KRW-BTC,2021-10-18T00:00:00,2021-10-18T09:00:00,75933000.0,77276000.0,74193000.0,76546000.0,8312.73781879,76546000.0,upbit,2026-06-28T04:34:13Z
KRW-BTC,2021-10-19T00:00:00,2021-10-19T09:00:00,76541000.0,79285000.0,75925000.0,78776000.0,9018.17095087,78776000.0,upbit,2026-06-28T04:34:13Z
KRW-BTC,2021-10-20T00:00:00,2021-10-20T09:00:00,78776000.0,81750000.0,78001000.0,79917000.0,14472.09742285,79917000.0,upbit,2026-06-28T04:34:13Z
KRW-BTC,2021-10-21T00:00:00,2021-10-21T09:00:00,79919000.0,80811000.0,76324000.0,76396000.0,15551.93334613,76396000.0,upbit,2026-06-28T04:34:13Z
KRW-BTC,2021-10-22T00:00:00,2021-10-22T09:00:00,76396000.0,77640000.0,74123000.0,74364000.0,11856.84444258,74364000.0,upbit,2026-06-28T04:34:13Z
KRW-BTC,2021-10-23T00:00:00,2021-10-23T09:00:00,74350000.0,75580000.0,73247000.0,74830000.0,7080.04234866,74830000.0,upbit,2026-06-28T04:34:13Z
KRW-BTC,2021-10-24T00:00:00,2021-10-24T09:00:00,74830000.0,75530000.0,73635000.0,74501000.0,6110.3785988,74501000.0,upbit,2026-06-28T04:34:13Z
KRW-BTC,2021-10-25T00:00:00,2021-10-25T09:00:00,74501000.0,77024000.0,74210000.0,76200000.0,6856.57775992,76200000.0,upbit,2026-06-28T04:34:13Z
KRW-BTC,2021-10-26T00:00:00,2021-10-26T09:00:00,76250000.0,76480000.0,73002000.0,73293000.0,8258.18143151,73293000.0,upbit,2026-06-28T04:34:13Z
KRW-BTC,2021-10-27T00:00:00,2021-10-27T09:00:00,73293000.0,74200000.0,70180000.0,71845000.0,14503.8250321,71845000.0,upbit,2026-06-28T04:34:13Z
KRW-BTC,2021-10-28T00:00:00,2021-10-28T09:00:00,71833000.0,74707000.0,71028000.0,73122000.0,8654.62147862,73122000.0,upbit,2026-06-28T04:34:13Z
KRW-BTC,2021-10-29T00:00:00,2021-10-29T09:00:00,73028000.0,75405000.0,72676000.0,74568000.0,7156.5495444,74568000.0,upbit,2026-06-28T04:34:13Z
KRW-BTC,2021-10-30T00:00:00,2021-10-30T09:00:00,74568000.0,74748000.0,72910000.0,73413000.0,6019.3726361,73413000.0,upbit,2026-06-28T04:34:13Z
KRW-BTC,2021-10-31T00:00:00,2021-10-31T09:00:00,73428000.0,74502000.0,71551000.0,72391000.0,7515.24771978,72391000.0,upbit,2026-06-28T04:34:13Z
KRW-BTC,2021-11-01T00:00:00,2021-11-01T09:00:00,72325000.0,73928000.0,71003000.0,72401000.0,6319.81024636,72401000.0,upbit,2026-06-28T04:34:13Z
KRW-BTC,2021-11-02T00:00:00,2021-11-02T09:00:00,72402000.0,75590000.0,72031000.0,74150000.0,7684.60605039,74150000.0,upbit,2026-06-28T04:34:13Z
KRW-BTC,2021-11-03T00:00:00,2021-11-03T09:00:00,74106000.0,75141000.0,72500000.0,74600000.0,7931.12310979,74600000.0,upbit,2026-06-28T04:34:13Z
KRW-BTC,2021-11-04T00:00:00,2021-11-04T09:00:00,74607000.0,74880000.0,73480000.0,73807000.0,5757.70198775,73807000.0,upbit,2026-06-28T04:34:13Z
KRW-BTC,2021-11-05T00:00:00,2021-11-05T09:00:00,73807000.0,75000000.0,73490000.0,74121000.0,5520.4236536,74121000.0,upbit,2026-06-28T04:34:13Z
KRW-BTC,2021-11-06T00:00:00,2021-11-06T09:00:00,74092000.0,74649000.0,73800000.0,74575000.0,3742.0767138,74575000.0,upbit,2026-06-28T04:34:13Z
KRW-BTC,2021-11-07T00:00:00,2021-11-07T09:00:00,74576000.0,76700000.0,74481000.0,76536000.0,4447.00986585,76536000.0,upbit,2026-06-28T04:34:13Z
KRW-BTC,2021-11-08T00:00:00,2021-11-08T09:00:00,76649000.0,81586000.0,76534000.0,81403000.0,9132.13666783,81403000.0,upbit,2026-06-28T04:34:13Z
KRW-BTC,2021-11-09T00:00:00,2021-11-09T09:00:00,81402000.0,82700000.0,79987000.0,80857000.0,9216.26072135,80857000.0,upbit,2026-06-28T04:34:13Z
KRW-BTC,2021-11-10T00:00:00,2021-11-10T09:00:00,80813000.0,82520000.0,78510000.0,79660000.0,13173.31625594,79660000.0,upbit,2026-06-28T04:34:13Z
KRW-BTC,2021-11-11T00:00:00,2021-11-11T09:00:00,79663000.0,79732000.0,78543000.0,78917000.0,7167.44682984,78917000.0,upbit,2026-06-28T04:34:13Z
KRW-BTC,2021-11-12T00:00:00,2021-11-12T09:00:00,78938000.0,79100000.0,76712000.0,78165000.0,7117.16534788,78165000.0,upbit,2026-06-28T04:34:13Z
KRW-BTC,2021-11-13T00:00:00,2021-11-13T09:00:00,78165000.0,78770000.0,77120000.0,77867000.0,4350.10453278,77867000.0,upbit,2026-06-28T04:34:13Z
KRW-BTC,2021-11-14T00:00:00,2021-11-14T09:00:00,77867000.0,79350000.0,77579000.0,79310000.0,3826.41658753,79310000.0,upbit,2026-06-28T04:34:13Z
KRW-BTC,2021-11-15T00:00:00,2021-11-15T09:00:00,79323000.0,80250000.0,77330000.0,77602000.0,6972.54522621,77602000.0,upbit,2026-06-28T04:34:13Z
KRW-BTC,2021-11-16T00:00:00,2021-11-16T09:00:00,77600000.0,77602000.0,73325000.0,73897000.0,12978.65608121,73897000.0,upbit,2026-06-28T04:34:13Z
KRW-BTC,2021-11-17T00:00:00,2021-11-17T09:00:00,73897000.0,74712000.0,72000000.0,73935000.0,9918.31995415,73935000.0,upbit,2026-06-28T04:34:13Z
KRW-BTC,2021-11-18T00:00:00,2021-11-18T09:00:00,73941000.0,74494000.0,70000000.0,70611000.0,15304.60880992,70611000.0,upbit,2026-06-28T04:34:13Z
KRW-BTC,2021-11-19T00:00:00,2021-11-19T09:00:00,70602000.0,72376000.0,69150000.0,71813000.0,9106.09854129,71813000.0,upbit,2026-06-28T04:34:13Z
KRW-BTC,2021-11-20T00:00:00,2021-11-20T09:00:00,71813000.0,74090000.0,71500000.0,73669000.0,5649.73412587,73669000.0,upbit,2026-06-28T04:34:13Z
KRW-BTC,2021-11-21T00:00:00,2021-11-21T09:00:00,73669000.0,74200000.0,72695000.0,73047000.0,4787.87666179,73047000.0,upbit,2026-06-28T04:34:13Z
KRW-BTC,2021-11-22T00:00:00,2021-11-22T09:00:00,73096000.0,73498000.0,70285000.0,70589000.0,7714.84906712,70589000.0,upbit,2026-06-28T04:34:13Z
KRW-BTC,2021-11-23T00:00:00,2021-11-23T09:00:00,70589000.0,72200000.0,69556000.0,71802000.0,8493.89979735,71802000.0,upbit,2026-06-28T04:34:13Z
KRW-BTC,2021-11-24T00:00:00,2021-11-24T09:00:00,71726000.0,72300000.0,70265000.0,71680000.0,6609.91155089,71680000.0,upbit,2026-06-28T04:34:13Z
KRW-BTC,2021-11-25T00:00:00,2021-11-25T09:00:00,71689000.0,74136000.0,71220000.0,73171000.0,9049.17474463,73171000.0,upbit,2026-06-28T04:34:13Z
KRW-BTC,2021-11-26T00:00:00,2021-11-26T09:00:00,73160000.0,73567000.0,68089000.0,68549000.0,12468.28912157,68549000.0,upbit,2026-06-28T04:34:13Z
KRW-BTC,2021-11-27T00:00:00,2021-11-27T09:00:00,68550000.0,70276000.0,68140000.0,70039000.0,4865.73785339,70039000.0,upbit,2026-06-28T04:34:13Z
KRW-BTC,2021-11-28T00:00:00,2021-11-28T09:00:00,70039000.0,72691000.0,68607000.0,72303000.0,5439.53030356,72303000.0,upbit,2026-06-28T04:34:13Z
KRW-BTC,2021-11-29T00:00:00,2021-11-29T09:00:00,72255000.0,73166000.0,71298000.0,72240000.0,5965.74542692,72240000.0,upbit,2026-06-28T04:34:13Z
KRW-BTC,2021-11-30T00:00:00,2021-11-30T09:00:00,72241000.0,73300000.0,70000000.0,70702000.0,8717.7658615,70702000.0,upbit,2026-06-28T04:34:13Z
KRW-BTC,2021-12-01T00:00:00,2021-12-01T09:00:00,70771000.0,72850000.0,70500000.0,70936000.0,7443.52963772,70936000.0,upbit,2026-06-28T04:34:13Z
KRW-BTC,2021-12-02T00:00:00,2021-12-02T09:00:00,70936000.0,71500000.0,69958000.0,70539000.0,10208.00313323,70539000.0,upbit,2026-06-28T04:34:13Z
KRW-BTC,2021-12-03T00:00:00,2021-12-03T09:00:00,70563000.0,71189000.0,67034000.0,68053000.0,15061.77754449,68053000.0,upbit,2026-06-28T04:34:13Z
KRW-BTC,2021-12-04T00:00:00,2021-12-04T09:00:00,68068000.0,68191000.0,56000000.0,62206000.0,28348.95914312,62206000.0,upbit,2026-06-28T04:34:13Z
KRW-BTC,2021-12-05T00:00:00,2021-12-05T09:00:00,62178000.0,63297000.0,59685000.0,61877000.0,12124.69394126,61877000.0,upbit,2026-06-28T04:34:13Z
KRW-BTC,2021-12-06T00:00:00,2021-12-06T09:00:00,61877000.0,63103000.0,59016000.0,62626000.0,11591.24846455,62626000.0,upbit,2026-06-28T04:34:13Z
KRW-BTC,2021-12-07T00:00:00,2021-12-07T09:00:00,62632000.0,64120000.0,62316000.0,63204000.0,8054.47784621,63204000.0,upbit,2026-06-28T04:34:13Z
KRW-BTC,2021-12-08T00:00:00,2021-12-08T09:00:00,63205000.0,63450000.0,60500000.0,62217000.0,7423.34923321,62217000.0,upbit,2026-06-28T04:34:13Z
KRW-BTC,2021-12-09T00:00:00,2021-12-09T09:00:00,62217000.0,62499000.0,59200000.0,59425000.0,6985.12525942,59425000.0,upbit,2026-06-28T04:34:13Z
KRW-BTC,2021-12-10T00:00:00,2021-12-10T09:00:00,59425000.0,61995000.0,59106000.0,59683000.0,7746.32503472,59683000.0,upbit,2026-06-28T04:34:13Z
KRW-BTC,2021-12-11T00:00:00,2021-12-11T09:00:00,59749000.0,61538000.0,59500000.0,61427000.0,3629.5367696,61427000.0,upbit,2026-06-28T04:34:13Z
KRW-BTC,2021-12-12T00:00:00,2021-12-12T09:00:00,61414000.0,62887000.0,60904000.0,62049000.0,3665.34563234,62049000.0,upbit,2026-06-28T04:34:13Z
KRW-BTC,2021-12-13T00:00:00,2021-12-13T09:00:00,61995000.0,62190000.0,58158000.0,58626000.0,7453.74091001,58626000.0,upbit,2026-06-28T04:34:13Z
KRW-BTC,2021-12-14T00:00:00,2021-12-14T09:00:00,58626000.0,60150000.0,57347000.0,59930000.0,7199.35776367,59930000.0,upbit,2026-06-28T04:34:13Z
KRW-BTC,2021-12-15T00:00:00,2021-12-15T09:00:00,59909000.0,62150000.0,58055000.0,61198000.0,10234.38988975,61198000.0,upbit,2026-06-28T04:34:13Z
KRW-BTC,2021-12-16T00:00:00,2021-12-16T09:00:00,61196000.0,61660000.0,59500000.0,59817000.0,7807.69618658,59817000.0,upbit,2026-06-28T04:34:13Z
KRW-BTC,2021-12-17T00:00:00,2021-12-17T09:00:00,59820000.0,60198000.0,57400000.0,58086000.0,8991.83583337,58086000.0,upbit,2026-06-28T04:34:13Z
KRW-BTC,2021-12-18T00:00:00,2021-12-18T09:00:00,58110000.0,58867000.0,57207000.0,58402000.0,5479.58391512,58402000.0,upbit,2026-06-28T04:34:13Z
KRW-BTC,2021-12-19T00:00:00,2021-12-19T09:00:00,58438000.0,59864000.0,58071000.0,58329000.0,5945.75001586,58329000.0,upbit,2026-06-28T04:34:13Z
KRW-BTC,2021-12-20T00:00:00,2021-12-20T09:00:00,58329000.0,58616000.0,56917000.0,58011000.0,6685.60533352,58011000.0,upbit,2026-06-28T04:34:13Z
KRW-BTC,2021-12-21T00:00:00,2021-12-21T09:00:00,57980000.0,60650000.0,57500000.0,60023000.0,6637.6709069,60023000.0,upbit,2026-06-28T04:34:13Z
KRW-BTC,2021-12-22T00:00:00,2021-12-22T09:00:00,60023000.0,60772000.0,59605000.0,59753000.0,5773.9637448,59753000.0,upbit,2026-06-28T04:34:13Z
KRW-BTC,2021-12-23T00:00:00,2021-12-23T09:00:00,59759000.0,61925000.0,59120000.0,61490000.0,6471.52989474,61490000.0,upbit,2026-06-28T04:34:13Z
KRW-BTC,2021-12-24T00:00:00,2021-12-24T09:00:00,61490000.0,62850000.0,61250000.0,61939000.0,5243.5431503,61939000.0,upbit,2026-06-28T04:34:13Z
KRW-BTC,2021-12-25T00:00:00,2021-12-25T09:00:00,61939000.0,62500000.0,61107000.0,61177000.0,3730.36798441,61177000.0,upbit,2026-06-28T04:34:13Z
KRW-BTC,2021-12-26T00:00:00,2021-12-26T09:00:00,61177000.0,61939000.0,60288000.0,61467000.0,4350.54366915,61467000.0,upbit,2026-06-28T04:34:13Z
KRW-BTC,2021-12-27T00:00:00,2021-12-27T09:00:00,61467000.0,62500000.0,60934000.0,61508000.0,5287.22519425,61508000.0,upbit,2026-06-28T04:34:13Z
KRW-BTC,2021-12-28T00:00:00,2021-12-28T09:00:00,61470000.0,61508000.0,57912000.0,58274000.0,7303.08727699,58274000.0,upbit,2026-06-28T04:34:13Z
KRW-BTC,2021-12-29T00:00:00,2021-12-29T09:00:00,58261000.0,58763000.0,56650000.0,57089000.0,8037.99954485,57089000.0,upbit,2026-06-28T04:34:13Z
KRW-BTC,2021-12-30T00:00:00,2021-12-30T09:00:00,57089000.0,58233000.0,56400000.0,57200000.0,5506.78981263,57200000.0,upbit,2026-06-28T04:34:13Z
KRW-BTC,2021-12-31T00:00:00,2021-12-31T09:00:00,57233000.0,58812000.0,56233000.0,56784000.0,4959.9700856,56784000.0,upbit,2026-06-28T04:34:13Z
KRW-BTC,2022-01-01T00:00:00,2022-01-01T09:00:00,56784000.0,58271000.0,56762000.0,57915000.0,2628.14596492,57915000.0,upbit,2026-06-28T04:34:13Z
KRW-BTC,2022-01-02T00:00:00,2022-01-02T09:00:00,57915000.0,58300000.0,57100000.0,57531000.0,3567.5057124,57531000.0,upbit,2026-06-28T04:34:13Z
KRW-BTC,2022-01-03T00:00:00,2022-01-03T09:00:00,57540000.0,57749000.0,56133000.0,56641000.0,6304.95856401,56641000.0,upbit,2026-06-28T04:34:13Z
KRW-BTC,2022-01-04T00:00:00,2022-01-04T09:00:00,56640000.0,57685000.0,56000000.0,56023000.0,6053.44580235,56023000.0,upbit,2026-06-28T04:34:13Z
KRW-BTC,2022-01-05T00:00:00,2022-01-05T09:00:00,56023000.0,57100000.0,52701000.0,53854000.0,9296.79871351,53854000.0,upbit,2026-06-28T04:34:13Z
KRW-BTC,2022-01-06T00:00:00,2022-01-06T09:00:00,53854000.0,54300000.0,52388000.0,53239000.0,6389.07930239,53239000.0,upbit,2026-06-28T04:34:13Z
KRW-BTC,2022-01-07T00:00:00,2022-01-07T09:00:00,53240000.0,53358000.0,50900000.0,51449000.0,7509.10809323,51449000.0,upbit,2026-06-28T04:34:13Z
KRW-BTC,2022-01-08T00:00:00,2022-01-08T09:00:00,51449000.0,52709000.0,50829000.0,52142000.0,4171.09645762,52142000.0,upbit,2026-06-28T04:34:13Z
KRW-BTC,2022-01-09T00:00:00,2022-01-09T09:00:00,52142000.0,52600000.0,51144000.0,51678000.0,3369.09508974,51678000.0,upbit,2026-06-28T04:34:13Z
KRW-BTC,2022-01-10T00:00:00,2022-01-10T09:00:00,51672000.0,51999000.0,48897000.0,51246000.0,7955.46011133,51246000.0,upbit,2026-06-28T04:34:13Z
KRW-BTC,2022-01-11T00:00:00,2022-01-11T09:00:00,51255000.0,52493000.0,50408000.0,52307000.0,5812.21805175,52307000.0,upbit,2026-06-28T04:34:13Z
KRW-BTC,2022-01-12T00:00:00,2022-01-12T09:00:00,52306000.0,53945000.0,51800000.0,53349000.0,5617.86642827,53349000.0,upbit,2026-06-28T04:34:13Z
KRW-BTC,2022-01-13T00:00:00,2022-01-13T09:00:00,53349000.0,53940000.0,51809000.0,51885000.0,5468.01591063,51885000.0,upbit,2026-06-28T04:34:13Z
KRW-BTC,2022-01-14T00:00:00,2022-01-14T09:00:00,51885000.0,52691000.0,51010000.0,52230000.0,5030.18653553,52230000.0,upbit,2026-06-28T04:34:13Z
KRW-BTC,2022-01-15T00:00:00,2022-01-15T09:00:00,52230000.0,52891000.0,51878000.0,52357000.0,2595.04941124,52357000.0,upbit,2026-06-28T04:34:13Z
KRW-BTC,2022-01-16T00:00:00,2022-01-16T09:00:00,52357000.0,52634000.0,51948000.0,52165000.0,2131.4288192,52165000.0,upbit,2026-06-28T04:34:13Z
KRW-BTC,2022-01-17T00:00:00,2022-01-17T09:00:00,52165000.0,52300000.0,50822000.0,51436000.0,3104.23763117,51436000.0,upbit,2026-06-28T04:34:13Z
KRW-BTC,2022-01-18T00:00:00,2022-01-18T09:00:00,51435000.0,51600000.0,50192000.0,51179000.0,3894.69755153,51179000.0,upbit,2026-06-28T04:34:13Z
KRW-BTC,2022-01-19T00:00:00,2022-01-19T09:00:00,51183000.0,51395000.0,49988000.0,50333000.0,4815.61754533,50333000.0,upbit,2026-06-28T04:34:13Z
KRW-BTC,2022-01-20T00:00:00,2022-01-20T09:00:00,50333000.0,52361000.0,49575000.0,49648000.0,6914.68087553,49648000.0,upbit,2026-06-28T04:34:13Z
KRW-BTC,2022-01-21T00:00:00,2022-01-21T09:00:00,49600000.0,50001000.0,44600000.0,45316000.0,13031.22269492,45316000.0,upbit,2026-06-28T04:34:13Z
KRW-BTC,2022-01-22T00:00:00,2022-01-22T09:00:00,45316000.0,45622000.0,42629000.0,43375000.0,12317.48527338,43375000.0,upbit,2026-06-28T04:34:13Z
KRW-BTC,2022-01-23T00:00:00,2022-01-23T09:00:00,43376000.0,44500000.0,42725000.0,44253000.0,6165.20872887,44253000.0,upbit,2026-06-28T04:34:13Z
KRW-BTC,2022-01-24T00:00:00,2022-01-24T09:00:00,44255000.0,45600000.0,40871000.0,44731000.0,10984.73257578,44731000.0,upbit,2026-06-28T04:34:13Z
KRW-BTC,2022-01-25T00:00:00,2022-01-25T09:00:00,44764000.0,45572000.0,43511000.0,44909000.0,6937.03740715,44909000.0,upbit,2026-06-28T04:34:13Z
KRW-BTC,2022-01-26T00:00:00,2022-01-26T09:00:00,44905000.0,47460000.0,44520000.0,45100000.0,10144.39442742,45100000.0,upbit,2026-06-28T04:34:13Z
KRW-BTC,2022-01-27T00:00:00,2022-01-27T09:00:00,45100000.0,45844000.0,43786000.0,45809000.0,7488.1448014,45809000.0,upbit,2026-06-28T04:34:13Z
KRW-BTC,2022-01-28T00:00:00,2022-01-28T09:00:00,45800000.0,46890000.0,45060000.0,46588000.0,5565.15427472,46588000.0,upbit,2026-06-28T04:34:13Z
KRW-BTC,2022-01-29T00:00:00,2022-01-29T09:00:00,46592000.0,47746000.0,46180000.0,47146000.0,3980.16776223,47146000.0,upbit,2026-06-28T04:34:13Z
KRW-BTC,2022-01-30T00:00:00,2022-01-30T09:00:00,47144000.0,47500000.0,46498000.0,47208000.0,2868.98523419,47208000.0,upbit,2026-06-28T04:34:13Z
KRW-BTC,2022-01-31T00:00:00,2022-01-31T09:00:00,47208000.0,47647000.0,45624000.0,47266000.0,4554.26520595,47266000.0,upbit,2026-06-28T04:34:13Z
KRW-BTC,2022-02-01T00:00:00,2022-02-01T09:00:00,47304000.0,48270000.0,46869000.0,47760000.0,3944.00160976,47760000.0,upbit,2026-06-28T04:34:13Z
KRW-BTC,2022-02-02T00:00:00,2022-02-02T09:00:00,47784000.0,47900000.0,45401000.0,45517000.0,4684.82046753,45517000.0,upbit,2026-06-28T04:34:13Z
KRW-BTC,2022-02-03T00:00:00,2022-02-03T09:00:00,45518000.0,45900000.0,44770000.0,45835000.0,3279.73787459,45835000.0,upbit,2026-06-28T04:34:13Z
KRW-BTC,2022-02-04T00:00:00,2022-02-04T09:00:00,45835000.0,50843000.0,45500000.0,50633000.0,7451.46465055,50633000.0,upbit,2026-06-28T04:34:13Z
KRW-BTC,2022-02-05T00:00:00,2022-02-05T09:00:00,50613000.0,51488000.0,50216000.0,50788000.0,5618.42220443,50788000.0,upbit,2026-06-28T04:34:13Z
KRW-BTC,2022-02-06T00:00:00,2022-02-06T09:00:00,50788000.0,52022000.0,50400000.0,51732000.0,4046.19621542,51732000.0,upbit,2026-06-28T04:34:13Z
KRW-BTC,2022-02-07T00:00:00,2022-02-07T09:00:00,51678000.0,54110000.0,51084000.0,53511000.0,6414.99045765,53511000.0,upbit,2026-06-28T04:34:13Z
KRW-BTC,2022-02-08T00:00:00,2022-02-08T09:00:00,53511000.0,55321000.0,52325000.0,53651000.0,10799.76838891,53651000.0,upbit,2026-06-28T04:34:13Z
KRW-BTC,2022-02-09T00:00:00,2022-02-09T09:00:00,53651000.0,54000000.0,52560000.0,53660000.0,5006.39849973,53660000.0,upbit,2026-06-28T04:34:13Z
KRW-BTC,2022-02-10T00:00:00,2022-02-10T09:00:00,53659000.0,55380000.0,52604000.0,53123000.0,9079.39442265,53123000.0,upbit,2026-06-28T04:34:13Z
KRW-BTC,2022-02-11T00:00:00,2022-02-11T09:00:00,53040000.0,53364000.0,51300000.0,51882000.0,6124.94691657,51882000.0,upbit,2026-06-28T04:34:13Z
KRW-BTC,2022-02-12T00:00:00,2022-02-12T09:00:00,51875000.0,52299000.0,50835000.0,51597000.0,4680.16804965,51597000.0,upbit,2026-06-28T04:34:13Z
KRW-BTC,2022-02-13T00:00:00,2022-02-13T09:00:00,51619000.0,52190000.0,51400000.0,51550000.0,2737.45244662,51550000.0,upbit,2026-06-28T04:34:13Z
KRW-BTC,2022-02-14T00:00:00,2022-02-14T09:00:00,51550000.0,52041000.0,50744000.0,51586000.0,4253.6279361,51586000.0,upbit,2026-06-28T04:34:13Z
KRW-BTC,2022-02-15T00:00:00,2022-02-15T09:00:00,51586000.0,53998000.0,51462000.0,53832000.0,4794.46946448,53832000.0,upbit,2026-06-28T04:34:13Z
KRW-BTC,2022-02-16T00:00:00,2022-02-16T09:00:00,53835000.0,53842000.0,52769000.0,53298000.0,4581.97459643,53298000.0,upbit,2026-06-28T04:34:13Z
KRW-BTC,2022-02-17T00:00:00,2022-02-17T09:00:00,53298000.0,53540000.0,49203000.0,49376000.0,7615.70913172,49376000.0,upbit,2026-06-28T04:34:13Z
KRW-BTC,2022-02-18T00:00:00,2022-02-18T09:00:00,49376000.0,50199000.0,48369000.0,49015000.0,5516.16174109,49015000.0,upbit,2026-06-28T04:34:13Z
KRW-BTC,2022-02-19T00:00:00,2022-02-19T09:00:00,49004000.0,49250000.0,48271000.0,49035000.0,2902.28628463,49035000.0,upbit,2026-06-28T04:34:13Z
KRW-BTC,2022-02-20T00:00:00,2022-02-20T09:00:00,49035000.0,49038000.0,46650000.0,47131000.0,5524.94879998,47131000.0,upbit,2026-06-28T04:34:13Z
KRW-BTC,2022-02-21T00:00:00,2022-02-21T09:00:00,47133000.0,48128000.0,45147000.0,45450000.0,7886.2960245,45450000.0,upbit,2026-06-28T04:34:13Z
KRW-BTC,2022-02-22T00:00:00,2022-02-22T09:00:00,45450000.0,46693000.0,44746000.0,46474000.0,5478.02173628,46474000.0,upbit,2026-06-28T04:34:13Z
KRW-BTC,2022-02-23T00:00:00,2022-02-23T09:00:00,46500000.0,47530000.0,45293000.0,45543000.0,6323.31776297,45543000.0,upbit,2026-06-28T04:34:13Z
KRW-BTC,2022-02-24T00:00:00,2022-02-24T09:00:00,45483000.0,48000000.0,42580000.0,46927000.0,15361.05926493,46927000.0,upbit,2026-06-28T04:34:13Z
KRW-BTC,2022-02-25T00:00:00,2022-02-25T09:00:00,46854000.0,48500000.0,46555000.0,47831000.0,7745.36379841,47831000.0,upbit,2026-06-28T04:34:13Z
KRW-BTC,2022-02-26T00:00:00,2022-02-26T09:00:00,47830000.0,49010000.0,47200000.0,47809000.0,4412.33689604,47809000.0,upbit,2026-06-28T04:34:13Z
KRW-BTC,2022-02-27T00:00:00,2022-02-27T09:00:00,47850000.0,48576000.0,45695000.0,46358000.0,5879.5153407,46358000.0,upbit,2026-06-28T04:34:13Z
KRW-BTC,2022-02-28T00:00:00,2022-02-28T09:00:00,46363000.0,53089000.0,46086000.0,52332000.0,10346.17938543,52332000.0,upbit,2026-06-28T04:34:13Z
KRW-BTC,2022-03-01T00:00:00,2022-03-01T09:00:00,52332000.0,54777000.0,52004000.0,53790000.0,10899.50680906,53790000.0,upbit,2026-06-28T04:34:13Z
KRW-BTC,2022-03-02T00:00:00,2022-03-02T09:00:00,53789000.0,54829000.0,52789000.0,53359000.0,7651.79638878,53359000.0,upbit,2026-06-28T04:34:13Z
KRW-BTC,2022-03-03T00:00:00,2022-03-03T09:00:00,53359000.0,53710000.0,51219000.0,51842000.0,5670.32573658,51842000.0,upbit,2026-06-28T04:34:13Z
KRW-BTC,2022-03-04T00:00:00,2022-03-04T09:00:00,51875000.0,51952000.0,48071000.0,48450000.0,8201.72698722,48450000.0,upbit,2026-06-28T04:34:13Z
KRW-BTC,2022-03-05T00:00:00,2022-03-05T09:00:00,48450000.0,48866000.0,47814000.0,48605000.0,4946.11710435,48605000.0,upbit,2026-06-28T04:34:13Z
KRW-BTC,2022-03-06T00:00:00,2022-03-06T09:00:00,48610000.0,49024000.0,47260000.0,47745000.0,4817.15746101,47745000.0,upbit,2026-06-28T04:34:13Z
KRW-BTC,2022-03-07T00:00:00,2022-03-07T09:00:00,47782000.0,48890000.0,46525000.0,47415000.0,6885.29874129,47415000.0,upbit,2026-06-28T04:34:13Z
KRW-BTC,2022-03-08T00:00:00,2022-03-08T09:00:00,47364000.0,48800000.0,47290000.0,48213000.0,4764.73953357,48213000.0,upbit,2026-06-28T04:34:13Z
KRW-BTC,2022-03-09T00:00:00,2022-03-09T09:00:00,48213000.0,52300000.0,48153000.0,51570000.0,9356.85430436,51570000.0,upbit,2026-06-28T04:34:13Z
KRW-BTC,2022-03-10T00:00:00,2022-03-10T09:00:00,51571000.0,51844000.0,48291000.0,48917000.0,10019.04392316,48917000.0,upbit,2026-06-28T04:34:13Z
KRW-BTC,2022-03-11T00:00:00,2022-03-11T09:00:00,48931000.0,49941000.0,47802000.0,48315000.0,7089.91274091,48315000.0,upbit,2026-06-28T04:34:13Z
KRW-BTC,2022-03-12T00:00:00,2022-03-12T09:00:00,48314000.0,49098000.0,48202000.0,48500000.0,2697.3021978,48500000.0,upbit,2026-06-28T04:34:13Z
KRW-BTC,2022-03-13T00:00:00,2022-03-13T09:00:00,48500000.0,48904000.0,47310000.0,47510000.0,4109.28591186,47510000.0,upbit,2026-06-28T04:34:13Z
KRW-BTC,2022-03-14T00:00:00,2022-03-14T09:00:00,47500000.0,49515000.0,47186000.0,49171000.0,6352.92355068,49171000.0,upbit,2026-06-28T04:34:13Z
KRW-BTC,2022-03-15T00:00:00,2022-03-15T09:00:00,49212000.0,49383000.0,47781000.0,48640000.0,5609.76874722,48640000.0,upbit,2026-06-28T04:34:13Z
KRW-BTC,2022-03-16T00:00:00,2022-03-16T09:00:00,48609000.0,51307000.0,48402000.0,50389000.0,12621.47055692,50389000.0,upbit,2026-06-28T04:34:13Z
KRW-BTC,2022-03-17T00:00:00,2022-03-17T09:00:00,50392000.0,51099000.0,49647000.0,50069000.0,6441.90030738,50069000.0,upbit,2026-06-28T04:34:13Z
KRW-BTC,2022-03-18T00:00:00,2022-03-18T09:00:00,50069000.0,51220000.0,49423000.0,50770000.0,6364.18693386,50770000.0,upbit,2026-06-28T04:34:13Z
KRW-BTC,2022-03-19T00:00:00,2022-03-19T09:00:00,50736000.0,51300000.0,50615000.0,51245000.0,5016.39241849,51245000.0,upbit,2026-06-28T04:34:13Z
KRW-BTC,2022-03-20T00:00:00,2022-03-20T09:00:00,51245000.0,51350000.0,50001000.0,50462000.0,4050.02865173,50462000.0,upbit,2026-06-28T04:34:13Z
KRW-BTC,2022-03-21T00:00:00,2022-03-21T09:00:00,50471000.0,50756000.0,49832000.0,50128000.0,4418.7158295,50128000.0,upbit,2026-06-28T04:34:13Z
KRW-BTC,2022-03-22T00:00:00,2022-03-22T09:00:00,50128000.0,52396000.0,50013000.0,51704000.0,8395.36748077,51704000.0,upbit,2026-06-28T04:34:13Z
KRW-BTC,2022-03-23T00:00:00,2022-03-23T09:00:00,51689000.0,52232000.0,51118000.0,52138000.0,5293.40295388,52138000.0,upbit,2026-06-28T04:34:13Z
KRW-BTC,2022-03-24T00:00:00,2022-03-24T09:00:00,52138000.0,53416000.0,51800000.0,52966000.0,7289.94185362,52966000.0,upbit,2026-06-28T04:34:13Z
KRW-BTC,2022-03-25T00:00:00,2022-03-25T09:00:00,52907000.0,54450000.0,52700000.0,53791000.0,5670.82751458,53791000.0,upbit,2026-06-28T04:34:13Z
KRW-BTC,2022-03-26T00:00:00,2022-03-26T09:00:00,53836000.0,54241000.0,53402000.0,53902000.0,3333.05874444,53902000.0,upbit,2026-06-28T04:34:13Z
KRW-BTC,2022-03-27T00:00:00,2022-03-27T09:00:00,53888000.0,56201000.0,53674000.0,55949000.0,5341.02371604,55949000.0,upbit,2026-06-28T04:34:13Z
KRW-BTC,2022-03-28T00:00:00,2022-03-28T09:00:00,55936000.0,57678000.0,55827000.0,56914000.0,6374.43514602,56914000.0,upbit,2026-06-28T04:34:13Z
KRW-BTC,2022-03-29T00:00:00,2022-03-29T09:00:00,56900000.0,57540000.0,56390000.0,56985000.0,6629.17847063,56985000.0,upbit,2026-06-28T04:34:13Z
KRW-BTC,2022-03-30T00:00:00,2022-03-30T09:00:00,56985000.0,57100000.0,56015000.0,56620000.0,4136.11449268,56620000.0,upbit,2026-06-28T04:34:13Z
KRW-BTC,2022-03-31T00:00:00,2022-03-31T09:00:00,56594000.0,57227000.0,55230000.0,55352000.0,5141.56326564,55352000.0,upbit,2026-06-28T04:34:13Z
KRW-BTC,2022-04-01T00:00:00,2022-04-01T09:00:00,55331000.0,56790000.0,54246000.0,56369000.0,6752.64535556,56369000.0,upbit,2026-06-28T04:34:13Z
KRW-BTC,2022-04-02T00:00:00,2022-04-02T09:00:00,56326000.0,57350000.0,55831000.0,56050000.0,3882.90202767,56050000.0,upbit,2026-06-28T04:34:13Z
KRW-BTC,2022-04-03T00:00:00,2022-04-03T09:00:00,56006000.0,57500000.0,55830000.0,56639000.0,3818.05603689,56639000.0,upbit,2026-06-28T04:34:13Z
KRW-BTC,2022-04-04T00:00:00,2022-04-04T09:00:00,56596000.0,57300000.0,55510000.0,57055000.0,5916.74018564,57055000.0,upbit,2026-06-28T04:34:13Z
KRW-BTC,2022-04-05T00:00:00,2022-04-05T09:00:00,57069000.0,57645000.0,56070000.0,56155000.0,4627.20865106,56155000.0,upbit,2026-06-28T04:34:13Z
KRW-BTC,2022-04-06T00:00:00,2022-04-06T09:00:00,56195000.0,56323000.0,53034000.0,53072000.0,6776.51882585,53072000.0,upbit,2026-06-28T04:34:13Z
KRW-BTC,2022-04-07T00:00:00,2022-04-07T09:00:00,53072000.0,54340000.0,52754000.0,53814000.0,5354.28937148,53814000.0,upbit,2026-06-28T04:34:13Z
KRW-BTC,2022-04-08T00:00:00,2022-04-08T09:00:00,53813000.0,54700000.0,52798000.0,52934000.0,5123.92239629,52934000.0,upbit,2026-06-28T04:34:13Z
KRW-BTC,2022-04-09T00:00:00,2022-04-09T09:00:00,52934000.0,53355000.0,52754000.0,53258000.0,2253.81675285,53258000.0,upbit,2026-06-28T04:34:13Z
KRW-BTC,2022-04-10T00:00:00,2022-04-10T09:00:00,53295000.0,53950000.0,52462000.0,52819000.0,2289.32077614,52819000.0,upbit,2026-06-28T04:34:13Z
KRW-BTC,2022-04-11T00:00:00,2022-04-11T09:00:00,52799000.0,53060000.0,50010000.0,50050000.0,5382.92604992,50050000.0,upbit,2026-06-28T04:34:13Z
KRW-BTC,2022-04-12T00:00:00,2022-04-12T09:00:00,50050000.0,51195000.0,49608000.0,50577000.0,4730.16465608,50577000.0,upbit,2026-06-28T04:34:13Z
KRW-BTC,2022-04-13T00:00:00,2022-04-13T09:00:00,50577000.0,51947000.0,49936000.0,51700000.0,3335.41327752,51700000.0,upbit,2026-06-28T04:34:13Z
KRW-BTC,2022-04-14T00:00:00,2022-04-14T09:00:00,51645000.0,51942000.0,50000000.0,50245000.0,3240.36835635,50245000.0,upbit,2026-06-28T04:34:13Z
KRW-BTC,2022-04-15T00:00:00,2022-04-15T09:00:00,50275000.0,51286000.0,50079000.0,50850000.0,2259.85843932,50850000.0,upbit,2026-06-28T04:34:13Z
KRW-BTC,2022-04-16T00:00:00,2022-04-16T09:00:00,50807000.0,51100000.0,50251000.0,50567000.0,1285.87810755,50567000.0,upbit,2026-06-28T04:34:13Z
KRW-BTC,2022-04-17T00:00:00,2022-04-17T09:00:00,50567000.0,50698000.0,49851000.0,49962000.0,1643.27108853,49962000.0,upbit,2026-06-28T04:34:13Z
KRW-BTC,2022-04-18T00:00:00,2022-04-18T09:00:00,49962000.0,51290000.0,48626000.0,50839000.0,3977.64433157,50839000.0,upbit,2026-06-28T04:34:13Z
KRW-BTC,2022-04-19T00:00:00,2022-04-19T09:00:00,50768000.0,51904000.0,50550000.0,51458000.0,2813.97753901,51458000.0,upbit,2026-06-28T04:34:13Z
KRW-BTC,2022-04-20T00:00:00,2022-04-20T09:00:00,51459000.0,52326000.0,51015000.0,51388000.0,2789.56353665,51388000.0,upbit,2026-06-28T04:34:13Z
KRW-BTC,2022-04-21T00:00:00,2022-04-21T09:00:00,51436000.0,53075000.0,50250000.0,50805000.0,4540.57112095,50805000.0,upbit,2026-06-28T04:34:13Z
KRW-BTC,2022-04-22T00:00:00,2022-04-22T09:00:00,50805000.0,51000000.0,49526000.0,49937000.0,3309.37626968,49937000.0,upbit,2026-06-28T04:34:13Z
KRW-BTC,2022-04-23T00:00:00,2022-04-23T09:00:00,49937000.0,50290000.0,49466000.0,49742000.0,1905.14689765,49742000.0,upbit,2026-06-28T04:34:13Z
KRW-BTC,2022-04-24T00:00:00,2022-04-24T09:00:00,49723000.0,50211000.0,49300000.0,49620000.0,1658.61740843,49620000.0,upbit,2026-06-28T04:34:13Z
KRW-BTC,2022-04-25T00:00:00,2022-04-25T09:00:00,49620000.0,50993000.0,48600000.0,50614000.0,4209.03760158,50614000.0,upbit,2026-06-28T04:34:13Z
KRW-BTC,2022-04-26T00:00:00,2022-04-26T09:00:00,50614000.0,51193000.0,48300000.0,48777000.0,4171.12409784,48777000.0,upbit,2026-06-28T04:34:13Z
KRW-BTC,2022-04-27T00:00:00,2022-04-27T09:00:00,48718000.0,50100000.0,48568000.0,49954000.0,2774.3964679,49954000.0,upbit,2026-06-28T04:34:13Z
KRW-BTC,2022-04-28T00:00:00,2022-04-28T09:00:00,49954000.0,51299000.0,49666000.0,50580000.0,3157.48982507,50580000.0,upbit,2026-06-28T04:34:13Z
KRW-BTC,2022-04-29T00:00:00,2022-04-29T09:00:00,50580000.0,50829000.0,49412000.0,49731000.0,2848.95745884,49731000.0,upbit,2026-06-28T04:34:13Z
KRW-BTC,2022-04-30T00:00:00,2022-04-30T09:00:00,49731000.0,49953000.0,49243000.0,49283000.0,2078.6985343,49283000.0,upbit,2026-06-28T04:34:13Z
KRW-BTC,2022-05-01T00:00:00,2022-05-01T09:00:00,49283000.0,49620000.0,48500000.0,49383000.0,2882.99454014,49383000.0,upbit,2026-06-28T04:34:13Z
KRW-BTC,2022-05-02T00:00:00,2022-05-02T09:00:00,49383000.0,50210000.0,49110000.0,49520000.0,2614.56355974,49520000.0,upbit,2026-06-28T04:34:13Z
KRW-BTC,2022-05-03T00:00:00,2022-05-03T09:00:00,49501000.0,49678000.0,48638000.0,48777000.0,2755.30931499,48777000.0,upbit,2026-06-28T04:34:13Z
KRW-BTC,2022-05-04T00:00:00,2022-05-04T09:00:00,48772000.0,50999000.0,48722000.0,50616000.0,3904.11622031,50616000.0,upbit,2026-06-28T04:34:13Z
KRW-BTC,2022-05-05T00:00:00,2022-05-05T09:00:00,50631000.0,50832000.0,47048000.0,47647000.0,6259.76119967,47647000.0,upbit,2026-06-28T04:34:13Z
KRW-BTC,2022-05-06T00:00:00,2022-05-06T09:00:00,47650000.0,47800000.0,46210000.0,47031000.0,4073.14582751,47031000.0,upbit,2026-06-28T04:34:13Z
KRW-BTC,2022-05-07T00:00:00,2022-05-07T09:00:00,47030000.0,47130000.0,46054000.0,46507000.0,1727.39505839,46507000.0,upbit,2026-06-28T04:34:13Z
KRW-BTC,2022-05-08T00:00:00,2022-05-08T09:00:00,46507000.0,46515000.0,44624000.0,44770000.0,4109.81944036,44770000.0,upbit,2026-06-28T04:34:13Z
KRW-BTC,2022-05-09T00:00:00,2022-05-09T09:00:00,44763000.0,45037000.0,40719000.0,41002000.0,8307.10609305,41002000.0,upbit,2026-06-28T04:34:13Z
KRW-BTC,2022-05-10T00:00:00,2022-05-10T09:00:00,41000000.0,43110000.0,40150000.0,41046000.0,12076.37492996,41046000.0,upbit,2026-06-28T04:34:13Z
KRW-BTC,2022-05-11T00:00:00,2022-05-11T09:00:00,41044000.0,43980000.0,39088000.0,40290000.0,31967.29718725,40290000.0,upbit,2026-06-28T04:34:13Z
KRW-BTC,2022-05-12T00:00:00,2022-05-12T09:00:00,40263000.0,41178000.0,37000000.0,39243000.0,23389.06342749,39243000.0,upbit,2026-06-28T04:34:13Z
KRW-BTC,2022-05-13T00:00:00,2022-05-13T09:00:00,39246000.0,41324000.0,38777000.0,39270000.0,12398.91880053,39270000.0,upbit,2026-06-28T04:34:13Z
KRW-BTC,2022-05-14T00:00:00,2022-05-14T09:00:00,39270000.0,40243000.0,38400000.0,39967000.0,5512.19561961,39967000.0,upbit,2026-06-28T04:34:13Z
KRW-BTC,2022-05-15T00:00:00,2022-05-15T09:00:00,39967000.0,41000000.0,39270000.0,40906000.0,4277.65503384,40906000.0,upbit,2026-06-28T04:34:13Z
KRW-BTC,2022-05-16T00:00:00,2022-05-16T09:00:00,40902000.0,40940000.0,38620000.0,39256000.0,5678.83385342,39256000.0,upbit,2026-06-28T04:34:13Z
KRW-BTC,2022-05-17T00:00:00,2022-05-17T09:00:00,39260000.0,39900000.0,38416000.0,39259000.0,5356.75318186,39259000.0,upbit,2026-06-28T04:34:13Z
KRW-BTC,2022-05-18T00:00:00,2022-05-18T09:00:00,39260000.0,39464000.0,37001000.0,37099000.0,6367.45223,37099000.0,upbit,2026-06-28T04:34:13Z
KRW-BTC,2022-05-19T00:00:00,2022-05-19T09:00:00,37100000.0,39085000.0,37000000.0,38780000.0,6407.34186752,38780000.0,upbit,2026-06-28T04:34:13Z
KRW-BTC,2022-05-20T00:00:00,2022-05-20T09:00:00,38781000.0,39298000.0,37267000.0,37762000.0,5865.61037606,37762000.0,upbit,2026-06-28T04:34:13Z
KRW-BTC,2022-05-21T00:00:00,2022-05-21T09:00:00,37798000.0,38253000.0,37558000.0,38037000.0,2813.64815039,38037000.0,upbit,2026-06-28T04:34:13Z
KRW-BTC,2022-05-22T00:00:00,2022-05-22T09:00:00,38037000.0,39150000.0,37886000.0,38933000.0,3336.52070723,38933000.0,upbit,2026-06-28T04:34:13Z
KRW-BTC,2022-05-23T00:00:00,2022-05-23T09:00:00,38933000.0,39220000.0,37209000.0,37436000.0,4947.2210493,37436000.0,upbit,2026-06-28T04:34:13Z
KRW-BTC,2022-05-24T00:00:00,2022-05-24T09:00:00,37436000.0,38000000.0,36725000.0,37827000.0,3823.78536764,37827000.0,upbit,2026-06-28T04:34:13Z
KRW-BTC,2022-05-25T00:00:00,2022-05-25T09:00:00,37827000.0,38360000.0,37558000.0,37935000.0,3871.09133713,37935000.0,upbit,2026-06-28T04:34:13Z
KRW-BTC,2022-05-26T00:00:00,2022-05-26T09:00:00,37937000.0,38230000.0,36394000.0,37662000.0,5202.30433331,37662000.0,upbit,2026-06-28T04:34:13Z
KRW-BTC,2022-05-27T00:00:00,2022-05-27T09:00:00,37662000.0,37889000.0,36413000.0,36837000.0,4373.88537069,36837000.0,upbit,2026-06-28T04:34:13Z
KRW-BTC,2022-05-28T00:00:00,2022-05-28T09:00:00,36862000.0,37373000.0,36613000.0,37034000.0,1931.8459728,37034000.0,upbit,2026-06-28T04:34:13Z
KRW-BTC,2022-05-29T00:00:00,2022-05-29T09:00:00,37033000.0,37620000.0,36825000.0,37380000.0,1712.65014609,37380000.0,upbit,2026-06-28T04:34:13Z
KRW-BTC,2022-05-30T00:00:00,2022-05-30T09:00:00,37415000.0,39989000.0,37230000.0,39550000.0,5467.46003665,39550000.0,upbit,2026-06-28T04:34:13Z
KRW-BTC,2022-05-31T00:00:00,2022-05-31T09:00:00,39527000.0,40600000.0,39300000.0,39923000.0,6442.97998078,39923000.0,upbit,2026-06-28T04:34:13Z
KRW-BTC,2022-06-01T00:00:00,2022-06-01T09:00:00,39927000.0,40150000.0,37500000.0,37880000.0,6304.81427285,37880000.0,upbit,2026-06-28T04:34:13Z
KRW-BTC,2022-06-02T00:00:00,2022-06-02T09:00:00,37880000.0,38680000.0,37558000.0,38392000.0,2899.34567262,38392000.0,upbit,2026-06-28T04:34:13Z
KRW-BTC,2022-06-03T00:00:00,2022-06-03T09:00:00,38393000.0,38630000.0,37378000.0,37851000.0,3606.94746991,37851000.0,upbit,2026-06-28T04:34:13Z
KRW-BTC,2022-06-04T00:00:00,2022-06-04T09:00:00,37852000.0,38100000.0,37666000.0,37916000.0,1401.3122846,37916000.0,upbit,2026-06-28T04:34:13Z
KRW-BTC,2022-06-05T00:00:00,2022-06-05T09:00:00,37916000.0,38300000.0,37608000.0,37972000.0,1320.2216869,37972000.0,upbit,2026-06-28T04:34:13Z
KRW-BTC,2022-06-06T00:00:00,2022-06-06T09:00:00,37974000.0,39952000.0,37966000.0,39532000.0,4372.22457945,39532000.0,upbit,2026-06-28T04:34:13Z
KRW-BTC,2022-06-07T00:00:00,2022-06-07T09:00:00,39532000.0,39797000.0,37500000.0,39398000.0,7886.33246816,39398000.0,upbit,2026-06-28T04:34:13Z
KRW-BTC,2022-06-08T00:00:00,2022-06-08T09:00:00,39366000.0,39599000.0,38128000.0,38581000.0,5152.82944355,38581000.0,upbit,2026-06-28T04:34:13Z
KRW-BTC,2022-06-09T00:00:00,2022-06-09T09:00:00,38581000.0,38800000.0,38150000.0,38256000.0,2945.15078326,38256000.0,upbit,2026-06-28T04:34:13Z
KRW-BTC,2022-06-10T00:00:00,2022-06-10T09:00:00,38265000.0,38850000.0,37470000.0,37611000.0,4429.21478893,37611000.0,upbit,2026-06-28T04:34:13Z
KRW-BTC,2022-06-11T00:00:00,2022-06-11T09:00:00,37613000.0,37990000.0,36680000.0,37058000.0,4509.66118809,37058000.0,upbit,2026-06-28T04:34:13Z
KRW-BTC,2022-06-12T00:00:00,2022-06-12T09:00:00,37061000.0,37157000.0,34700000.0,34718000.0,6146.33187376,34718000.0,upbit,2026-06-28T04:34:13Z
KRW-BTC,2022-06-13T00:00:00,2022-06-13T09:00:00,34718000.0,35050000.0,28960000.0,29372000.0,21092.06419942,29372000.0,upbit,2026-06-28T04:34:13Z
KRW-BTC,2022-06-14T00:00:00,2022-06-14T09:00:00,29373000.0,30205000.0,27412000.0,28829000.0,19487.81540886,28829000.0,upbit,2026-06-28T04:34:13Z
KRW-BTC,2022-06-15T00:00:00,2022-06-15T09:00:00,28828000.0,29566000.0,26694000.0,29253000.0,20040.69089176,29253000.0,upbit,2026-06-28T04:34:13Z
KRW-BTC,2022-06-16T00:00:00,2022-06-16T09:00:00,29235000.0,29622000.0,26718000.0,26898000.0,10897.12712035,26898000.0,upbit,2026-06-28T04:34:13Z
KRW-BTC,2022-06-17T00:00:00,2022-06-17T09:00:00,26900000.0,27920000.0,26573000.0,27010000.0,8254.74720985,27010000.0,upbit,2026-06-28T04:34:13Z
KRW-BTC,2022-06-18T00:00:00,2022-06-18T09:00:00,27010000.0,27345000.0,24000000.0,25093000.0,17021.37137859,25093000.0,upbit,2026-06-28T04:34:13Z
KRW-BTC,2022-06-19T00:00:00,2022-06-19T09:00:00,25096000.0,26943000.0,23800000.0,26642000.0,15039.09542323,26642000.0,upbit,2026-06-28T04:34:13Z
KRW-BTC,2022-06-20T00:00:00,2022-06-20T09:00:00,26666000.0,27184000.0,25599000.0,26643000.0,12451.16444339,26643000.0,upbit,2026-06-28T04:34:13Z
KRW-BTC,2022-06-21T00:00:00,2022-06-21T09:00:00,26643000.0,27970000.0,26476000.0,26967000.0,10207.59720614,26967000.0,upbit,2026-06-28T04:34:13Z
KRW-BTC,2022-06-22T00:00:00,2022-06-22T09:00:00,26967000.0,27160000.0,25950000.0,26193000.0,7880.69810885,26193000.0,upbit,2026-06-28T04:34:13Z
KRW-BTC,2022-06-23T00:00:00,2022-06-23T09:00:00,26180000.0,27489000.0,26105000.0,27419000.0,11674.89801533,27419000.0,upbit,2026-06-28T04:34:13Z
KRW-BTC,2022-06-24T00:00:00,2022-06-24T09:00:00,27419000.0,27900000.0,26975000.0,27597000.0,13388.89574771,27597000.0,upbit,2026-06-28T04:34:13Z
KRW-BTC,2022-06-25T00:00:00,2022-06-25T09:00:00,27592000.0,27989000.0,27258000.0,27832000.0,6225.32828277,27832000.0,upbit,2026-06-28T04:34:13Z
KRW-BTC,2022-06-26T00:00:00,2022-06-26T09:00:00,27837000.0,28350000.0,27415000.0,27460000.0,5447.10131764,27460000.0,upbit,2026-06-28T04:34:13Z
KRW-BTC,2022-06-27T00:00:00,2022-06-27T09:00:00,27475000.0,27850000.0,26800000.0,27039000.0,5752.80718136,27039000.0,upbit,2026-06-28T04:34:13Z
KRW-BTC,2022-06-28T00:00:00,2022-06-28T09:00:00,27033000.0,27456000.0,26470000.0,26547000.0,5406.3616699,26547000.0,upbit,2026-06-28T04:34:13Z
KRW-BTC,2022-06-29T00:00:00,2022-06-29T09:00:00,26553000.0,26800000.0,26163000.0,26548000.0,9223.20252083,26548000.0,upbit,2026-06-28T04:34:13Z
KRW-BTC,2022-06-30T00:00:00,2022-06-30T09:00:00,26572000.0,26609000.0,24776000.0,26003000.0,11478.34480571,26003000.0,upbit,2026-06-28T04:34:13Z
KRW-BTC,2022-07-01T00:00:00,2022-07-01T09:00:00,25999000.0,27110000.0,25100000.0,25556000.0,10667.06530912,25556000.0,upbit,2026-06-28T04:34:13Z
KRW-BTC,2022-07-02T00:00:00,2022-07-02T09:00:00,25576000.0,25700000.0,25180000.0,25463000.0,3585.12725415,25463000.0,upbit,2026-06-28T04:34:13Z
KRW-BTC,2022-07-03T00:00:00,2022-07-03T09:00:00,25465000.0,25870000.0,25000000.0,25422000.0,4004.47295514,25422000.0,upbit,2026-06-28T04:34:13Z
KRW-BTC,2022-07-04T00:00:00,2022-07-04T09:00:00,25454000.0,26560000.0,25150000.0,26399000.0,6263.45644496,26399000.0,upbit,2026-06-28T04:34:13Z
KRW-BTC,2022-07-05T00:00:00,2022-07-05T09:00:00,26399000.0,27269000.0,25580000.0,26548000.0,8426.86858306,26548000.0,upbit,2026-06-28T04:34:13Z
KRW-BTC,2022-07-06T00:00:00,2022-07-06T09:00:00,26523000.0,27084000.0,26131000.0,26954000.0,5929.70297686,26954000.0,upbit,2026-06-28T04:34:13Z
KRW-BTC,2022-07-07T00:00:00,2022-07-07T09:00:00,26953000.0,28347000.0,26600000.0,28115000.0,8756.63987596,28115000.0,upbit,2026-06-28T04:34:13Z
KRW-BTC,2022-07-08T00:00:00,2022-07-08T09:00:00,28129000.0,29084000.0,27800000.0,28241000.0,10799.53960874,28241000.0,upbit,2026-06-28T04:34:13Z
KRW-BTC,2022-07-09T00:00:00,2022-07-09T09:00:00,28241000.0,28600000.0,27915000.0,28200000.0,4557.63927433,28200000.0,upbit,2026-06-28T04:34:13Z
KRW-BTC,2022-07-10T00:00:00,2022-07-10T09:00:00,28199000.0,28222000.0,27181000.0,27317000.0,5010.69690978,27317000.0,upbit,2026-06-28T04:34:13Z
KRW-BTC,2022-07-11T00:00:00,2022-07-11T09:00:00,27317000.0,27327000.0,26400000.0,26460000.0,5812.7656968,26460000.0,upbit,2026-06-28T04:34:13Z
KRW-BTC,2022-07-12T00:00:00,2022-07-12T09:00:00,26474000.0,26565000.0,25650000.0,25723000.0,5167.36529415,25723000.0,upbit,2026-06-28T04:34:13Z
KRW-BTC,2022-07-13T00:00:00,2022-07-13T09:00:00,25723000.0,26759000.0,25200000.0,26611000.0,8364.96759425,26611000.0,upbit,2026-06-28T04:34:13Z
KRW-BTC,2022-07-14T00:00:00,2022-07-14T09:00:00,26604000.0,27500000.0,26103000.0,27135000.0,6982.83175399,27135000.0,upbit,2026-06-28T04:34:13Z
KRW-BTC,2022-07-15T00:00:00,2022-07-15T09:00:00,27140000.0,27899000.0,26914000.0,27518000.0,6257.93313595,27518000.0,upbit,2026-06-28T04:34:13Z
KRW-BTC,2022-07-16T00:00:00,2022-07-16T09:00:00,27496000.0,28387000.0,27114000.0,27857000.0,5336.1088057,27857000.0,upbit,2026-06-28T04:34:13Z
KRW-BTC,2022-07-17T00:00:00,2022-07-17T09:00:00,27856000.0,28481000.0,27453000.0,27505000.0,6347.36604649,27505000.0,upbit,2026-06-28T04:34:13Z
KRW-BTC,2022-07-18T00:00:00,2022-07-18T09:00:00,27505000.0,29613000.0,27450000.0,29322000.0,13859.74527805,29322000.0,upbit,2026-06-28T04:34:13Z
KRW-BTC,2022-07-19T00:00:00,2022-07-19T09:00:00,29322000.0,31050000.0,28476000.0,30660000.0,14595.94785594,30660000.0,upbit,2026-06-28T04:34:13Z
KRW-BTC,2022-07-20T00:00:00,2022-07-20T09:00:00,30646000.0,31831000.0,30128000.0,30505000.0,12434.44375652,30505000.0,upbit,2026-06-28T04:34:13Z
KRW-BTC,2022-07-21T00:00:00,2022-07-21T09:00:00,30500000.0,30849000.0,29621000.0,30415000.0,10664.60764073,30415000.0,upbit,2026-06-28T04:34:13Z
KRW-BTC,2022-07-22T00:00:00,2022-07-22T09:00:00,30415000.0,31201000.0,29874000.0,30080000.0,7607.90890932,30080000.0,upbit,2026-06-28T04:34:13Z
KRW-BTC,2022-07-23T00:00:00,2022-07-23T09:00:00,30077000.0,30272000.0,29214000.0,29722000.0,5699.5983605,29722000.0,upbit,2026-06-28T04:34:13Z
KRW-BTC,2022-07-24T00:00:00,2022-07-24T09:00:00,29704000.0,30195000.0,29498000.0,29818000.0,5186.69159558,29818000.0,upbit,2026-06-28T04:34:13Z
KRW-BTC,2022-07-25T00:00:00,2022-07-25T09:00:00,29818000.0,29938000.0,28500000.0,28555000.0,8196.41047121,28555000.0,upbit,2026-06-28T04:34:13Z
KRW-BTC,2022-07-26T00:00:00,2022-07-26T09:00:00,28555000.0,28633000.0,27716000.0,28401000.0,6394.87499911,28401000.0,upbit,2026-06-28T04:34:13Z
KRW-BTC,2022-07-27T00:00:00,2022-07-27T09:00:00,28401000.0,30492000.0,28165000.0,30202000.0,8326.59445286,30202000.0,upbit,2026-06-28T04:34:13Z
KRW-BTC,2022-07-28T00:00:00,2022-07-28T09:00:00,30200000.0,31573000.0,29850000.0,31217000.0,10600.62751364,31217000.0,upbit,2026-06-28T04:34:13Z
KRW-BTC,2022-07-29T00:00:00,2022-07-29T09:00:00,31217000.0,31990000.0,30965000.0,31404000.0,9751.91139782,31404000.0,upbit,2026-06-28T04:34:13Z
KRW-BTC,2022-07-30T00:00:00,2022-07-30T09:00:00,31402000.0,32500000.0,31171000.0,31281000.0,7360.05975571,31281000.0,upbit,2026-06-28T04:34:13Z
KRW-BTC,2022-07-31T00:00:00,2022-07-31T09:00:00,31270000.0,31775000.0,30714000.0,30751000.0,7085.40894364,30751000.0,upbit,2026-06-28T04:34:13Z
KRW-BTC,2022-08-01T00:00:00,2022-08-01T09:00:00,30750000.0,31099000.0,30392000.0,30851000.0,6632.83303678,30851000.0,upbit,2026-06-28T04:34:13Z
KRW-BTC,2022-08-02T00:00:00,2022-08-02T09:00:00,30851000.0,31141000.0,30246000.0,30754000.0,7603.47582952,30754000.0,upbit,2026-06-28T04:34:13Z
KRW-BTC,2022-08-03T00:00:00,2022-08-03T09:00:00,30754000.0,31467000.0,30509000.0,30708000.0,6104.35808879,30708000.0,upbit,2026-06-28T04:34:13Z
KRW-BTC,2022-08-04T00:00:00,2022-08-04T09:00:00,30708000.0,30980000.0,30159000.0,30315000.0,5092.11116051,30315000.0,upbit,2026-06-28T04:34:13Z
KRW-BTC,2022-08-05T00:00:00,2022-08-05T09:00:00,30318000.0,30990000.0,30261000.0,30767000.0,5525.87043361,30767000.0,upbit,2026-06-28T04:34:13Z
KRW-BTC,2022-08-06T00:00:00,2022-08-06T09:00:00,30767000.0,30843000.0,30509000.0,30534000.0,2650.63355937,30534000.0,upbit,2026-06-28T04:34:13Z
KRW-BTC,2022-08-07T00:00:00,2022-08-07T09:00:00,30534000.0,30899000.0,30440000.0,30685000.0,2514.51503225,30685000.0,upbit,2026-06-28T04:34:13Z
KRW-BTC,2022-08-08T00:00:00,2022-08-08T09:00:00,30695000.0,31925000.0,30680000.0,31459000.0,5716.18441331,31459000.0,upbit,2026-06-28T04:34:13Z
KRW-BTC,2022-08-09T00:00:00,2022-08-09T09:00:00,31435000.0,31743000.0,30570000.0,30997000.0,5607.51268342,30997000.0,upbit,2026-06-28T04:34:13Z
KRW-BTC,2022-08-10T00:00:00,2022-08-10T09:00:00,30997000.0,32073000.0,30522000.0,31583000.0,8806.55797536,31583000.0,upbit,2026-06-28T04:34:13Z
KRW-BTC,2022-08-11T00:00:00,2022-08-11T09:00:00,31583000.0,32879000.0,31581000.0,31770000.0,9244.45685127,31770000.0,upbit,2026-06-28T04:34:13Z
KRW-BTC,2022-08-12T00:00:00,2022-08-12T09:00:00,31770000.0,32450000.0,31590000.0,32368000.0,8387.04392221,32368000.0,upbit,2026-06-28T04:34:13Z
KRW-BTC,2022-08-13T00:00:00,2022-08-13T09:00:00,32368000.0,32957000.0,32260000.0,32562000.0,4388.33032231,32562000.0,upbit,2026-06-28T04:34:13Z
KRW-BTC,2022-08-14T00:00:00,2022-08-14T09:00:00,32562000.0,33197000.0,32310000.0,32544000.0,6387.19826642,32544000.0,upbit,2026-06-28T04:34:13Z
KRW-BTC,2022-08-15T00:00:00,2022-08-15T09:00:00,32544000.0,33450000.0,32139000.0,32445000.0,6914.8075927,32445000.0,upbit,2026-06-28T04:34:13Z
KRW-BTC,2022-08-16T00:00:00,2022-08-16T09:00:00,32435000.0,32600000.0,31865000.0,32082000.0,4179.74642172,32082000.0,upbit,2026-06-28T04:34:13Z
KRW-BTC,2022-08-17T00:00:00,2022-08-17T09:00:00,32082000.0,32600000.0,31334000.0,31547000.0,5812.24927668,31547000.0,upbit,2026-06-28T04:34:13Z
KRW-BTC,2022-08-18T00:00:00,2022-08-18T09:00:00,31547000.0,31779000.0,31484000.0,31720000.0,2950.43773428,31720000.0,upbit,2026-06-28T04:34:13Z
KRW-BTC,2022-08-19T00:00:00,2022-08-19T09:00:00,31720000.0,31739000.0,28612000.0,28678000.0,11796.61947017,28678000.0,upbit,2026-06-28T04:34:13Z
KRW-BTC,2022-08-20T00:00:00,2022-08-20T09:00:00,28678000.0,29429000.0,28616000.0,29340000.0,5295.31161819,29340000.0,upbit,2026-06-28T04:34:13Z
KRW-BTC,2022-08-21T00:00:00,2022-08-21T09:00:00,29350000.0,29760000.0,29016000.0,29459000.0,3786.40688642,29459000.0,upbit,2026-06-28T04:34:13Z
KRW-BTC,2022-08-22T00:00:00,2022-08-22T09:00:00,29458000.0,29554000.0,28857000.0,29260000.0,4297.80375186,29260000.0,upbit,2026-06-28T04:34:13Z
KRW-BTC,2022-08-23T00:00:00,2022-08-23T09:00:00,29261000.0,29528000.0,28701000.0,29307000.0,3763.61382345,29307000.0,upbit,2026-06-28T04:34:13Z
KRW-BTC,2022-08-24T00:00:00,2022-08-24T09:00:00,29287000.0,29695000.0,28950000.0,29104000.0,3125.56012147,29104000.0,upbit,2026-06-28T04:34:13Z
KRW-BTC,2022-08-25T00:00:00,2022-08-25T09:00:00,29103000.0,29500000.0,29036000.0,29300000.0,3452.12199237,29300000.0,upbit,2026-06-28T04:34:13Z
KRW-BTC,2022-08-26T00:00:00,2022-08-26T09:00:00,29299000.0,29655000.0,27790000.0,27969000.0,7729.24670505,27969000.0,upbit,2026-06-28T04:34:13Z
KRW-BTC,2022-08-27T00:00:00,2022-08-27T09:00:00,27954000.0,28150000.0,27510000.0,27739000.0,3125.25646287,27739000.0,upbit,2026-06-28T04:34:13Z
KRW-BTC,2022-08-28T00:00:00,2022-08-28T09:00:00,27739000.0,27878000.0,27090000.0,27099000.0,2480.82358668,27099000.0,upbit,2026-06-28T04:34:13Z
KRW-BTC,2022-08-29T00:00:00,2022-08-29T09:00:00,27098000.0,28066000.0,27094000.0,27792000.0,3709.53491351,27792000.0,upbit,2026-06-28T04:34:13Z
KRW-BTC,2022-08-30T00:00:00,2022-08-30T09:00:00,27792000.0,28150000.0,27155000.0,27314000.0,4229.54737089,27314000.0,upbit,2026-06-28T04:34:13Z
KRW-BTC,2022-08-31T00:00:00,2022-08-31T09:00:00,27314000.0,27957000.0,27286000.0,27530000.0,3677.29907389,27530000.0,upbit,2026-06-28T04:34:13Z
KRW-BTC,2022-09-01T00:00:00,2022-09-01T09:00:00,27521000.0,27773000.0,27100000.0,27636000.0,3585.51130768,27636000.0,upbit,2026-06-28T04:34:13Z
KRW-BTC,2022-09-02T00:00:00,2022-09-02T09:00:00,27636000.0,28000000.0,27312000.0,27571000.0,3667.65760467,27571000.0,upbit,2026-06-28T04:34:13Z
KRW-BTC,2022-09-03T00:00:00,2022-09-03T09:00:00,27562000.0,27704000.0,27286000.0,27447000.0,1868.62894153,27447000.0,upbit,2026-06-28T04:34:13Z
KRW-BTC,2022-09-04T00:00:00,2022-09-04T09:00:00,27440000.0,27590000.0,27200000.0,27528000.0,1823.70402927,27528000.0,upbit,2026-06-28T04:34:13Z
KRW-BTC,2022-09-05T00:00:00,2022-09-05T09:00:00,27529000.0,27599000.0,27223000.0,27309000.0,3528.46820144,27309000.0,upbit,2026-06-28T04:34:13Z
KRW-BTC,2022-09-06T00:00:00,2022-09-06T09:00:00,27309000.0,27690000.0,26203000.0,26361000.0,8145.67658457,26361000.0,upbit,2026-06-28T04:34:13Z
KRW-BTC,2022-09-07T00:00:00,2022-09-07T09:00:00,26361000.0,27064000.0,26198000.0,26810000.0,5757.55932075,26810000.0,upbit,2026-06-28T04:34:13Z
KRW-BTC,2022-09-08T00:00:00,2022-09-08T09:00:00,26811000.0,27042000.0,26601000.0,26887000.0,4259.43244539,26887000.0,upbit,2026-06-28T04:34:13Z
KRW-BTC,2022-09-09T00:00:00,2022-09-09T09:00:00,26887000.0,29616000.0,26864000.0,29350000.0,9802.80413791,29350000.0,upbit,2026-06-28T04:34:13Z
KRW-BTC,2022-09-10T00:00:00,2022-09-10T09:00:00,29344000.0,29900000.0,29001000.0,29727000.0,5736.67505696,29727000.0,upbit,2026-06-28T04:34:13Z
KRW-BTC,2022-09-11T00:00:00,2022-09-11T09:00:00,29727000.0,30030000.0,29527000.0,30028000.0,3688.60048846,30028000.0,upbit,2026-06-28T04:34:13Z
KRW-BTC,2022-09-12T00:00:00,2022-09-12T09:00:00,30028000.0,30851000.0,29780000.0,30656000.0,7642.56603339,30656000.0,upbit,2026-06-28T04:34:13Z
KRW-BTC,2022-09-13T00:00:00,2022-09-13T09:00:00,30684000.0,31300000.0,28200000.0,28371000.0,15229.11580906,28371000.0,upbit,2026-06-28T04:34:13Z
KRW-BTC,2022-09-14T00:00:00,2022-09-14T09:00:00,28371000.0,28813000.0,27688000.0,28344000.0,8716.78268528,28344000.0,upbit,2026-06-28T04:34:13Z
KRW-BTC,2022-09-15T00:00:00,2022-09-15T09:00:00,28352000.0,28518000.0,27774000.0,28024000.0,6939.77703727,28024000.0,upbit,2026-06-28T04:34:13Z
KRW-BTC,2022-09-16T00:00:00,2022-09-16T09:00:00,28029000.0,28173000.0,27453000.0,27915000.0,5350.8370115,27915000.0,upbit,2026-06-28T04:34:13Z
KRW-BTC,2022-09-17T00:00:00,2022-09-17T09:00:00,27916000.0,28357000.0,27893000.0,28174000.0,3240.10043653,28174000.0,upbit,2026-06-28T04:34:13Z
KRW-BTC,2022-09-18T00:00:00,2022-09-18T09:00:00,28174000.0,28206000.0,27280000.0,27490000.0,4018.15031347,27490000.0,upbit,2026-06-28T04:34:13Z
KRW-BTC,2022-09-19T00:00:00,2022-09-19T09:00:00,27490000.0,27732000.0,26216000.0,27566000.0,9719.59411004,27566000.0,upbit,2026-06-28T04:34:13Z
KRW-BTC,2022-09-20T00:00:00,2022-09-20T09:00:00,27566000.0,27707000.0,26582000.0,26757000.0,5253.12223798,26757000.0,upbit,2026-06-28T04:34:13Z
KRW-BTC,2022-09-21T00:00:00,2022-09-21T09:00:00,26757000.0,27974000.0,26199000.0,26538000.0,9250.11876736,26538000.0,upbit,2026-06-28T04:34:13Z
KRW-BTC,2022-09-22T00:00:00,2022-09-22T09:00:00,26523000.0,27698000.0,26478000.0,27572000.0,5953.98909369,27572000.0,upbit,2026-06-28T04:34:13Z
KRW-BTC,2022-09-23T00:00:00,2022-09-23T09:00:00,27571000.0,27788000.0,26709000.0,27594000.0,7237.64208747,27594000.0,upbit,2026-06-28T04:34:13Z
KRW-BTC,2022-09-24T00:00:00,2022-09-24T09:00:00,27591000.0,27611000.0,27101000.0,27270000.0,2902.69643769,27270000.0,upbit,2026-06-28T04:34:13Z
KRW-BTC,2022-09-25T00:00:00,2022-09-25T09:00:00,27270000.0,27499000.0,26910000.0,27051000.0,2488.11130047,27051000.0,upbit,2026-06-28T04:34:13Z
KRW-BTC,2022-09-26T00:00:00,2022-09-26T09:00:00,27051000.0,27749000.0,27000000.0,27597000.0,4639.44616128,27597000.0,upbit,2026-06-28T04:34:13Z
KRW-BTC,2022-09-27T00:00:00,2022-09-27T09:00:00,27604000.0,29112000.0,27130000.0,27501000.0,11326.09517744,27501000.0,upbit,2026-06-28T04:34:13Z
KRW-BTC,2022-09-28T00:00:00,2022-09-28T09:00:00,27495000.0,28421000.0,26800000.0,27952000.0,7772.21243875,27952000.0,upbit,2026-06-28T04:34:13Z
KRW-BTC,2022-09-29T00:00:00,2022-09-29T09:00:00,27952000.0,28246000.0,27290000.0,28033000.0,6460.93157873,28033000.0,upbit,2026-06-28T04:34:13Z
KRW-BTC,2022-09-30T00:00:00,2022-09-30T09:00:00,28020000.0,28841000.0,27580000.0,27924000.0,6867.90245601,27924000.0,upbit,2026-06-28T04:34:13Z
KRW-BTC,2022-10-01T00:00:00,2022-10-01T09:00:00,27924000.0,28008000.0,27696000.0,27868000.0,2546.82511672,27868000.0,upbit,2026-06-28T04:34:13Z
KRW-BTC,2022-10-02T00:00:00,2022-10-02T09:00:00,27868000.0,27960000.0,27512000.0,27691000.0,3079.76956148,27691000.0,upbit,2026-06-28T04:34:13Z
KRW-BTC,2022-10-03T00:00:00,2022-10-03T09:00:00,27672000.0,28375000.0,27591000.0,28299000.0,3956.10964039,28299000.0,upbit,2026-06-28T04:34:13Z
KRW-BTC,2022-10-04T00:00:00,2022-10-04T09:00:00,28280000.0,29094000.0,28145000.0,28980000.0,5533.81706516,28980000.0,upbit,2026-06-28T04:34:13Z
KRW-BTC,2022-10-05T00:00:00,2022-10-05T09:00:00,28952000.0,29017000.0,28322000.0,28721000.0,5152.71568006,28721000.0,upbit,2026-06-28T04:34:13Z
KRW-BTC,2022-10-06T00:00:00,2022-10-06T09:00:00,28720000.0,28930000.0,28290000.0,28418000.0,4801.18768165,28418000.0,upbit,2026-06-28T04:34:13Z
KRW-BTC,2022-10-07T00:00:00,2022-10-07T09:00:00,28418000.0,28517000.0,27663000.0,27805000.0,5416.37859178,27805000.0,upbit,2026-06-28T04:34:13Z
KRW-BTC,2022-10-08T00:00:00,2022-10-08T09:00:00,27810000.0,27933000.0,27602000.0,27743000.0,2106.94531415,27743000.0,upbit,2026-06-28T04:34:13Z
KRW-BTC,2022-10-09T00:00:00,2022-10-09T09:00:00,27743000.0,27885000.0,27622000.0,27679000.0,1640.58178291,27679000.0,upbit,2026-06-28T04:34:13Z
KRW-BTC,2022-10-10T00:00:00,2022-10-10T09:00:00,27679000.0,27833000.0,27359000.0,27401000.0,4196.41533705,27401000.0,upbit,2026-06-28T04:34:13Z
KRW-BTC,2022-10-11T00:00:00,2022-10-11T09:00:00,27397000.0,27678000.0,27131000.0,27339000.0,3732.94000305,27339000.0,upbit,2026-06-28T04:34:13Z
KRW-BTC,2022-10-12T00:00:00,2022-10-12T09:00:00,27339000.0,27523000.0,27255000.0,27460000.0,2101.42661527,27460000.0,upbit,2026-06-28T04:34:13Z
KRW-BTC,2022-10-13T00:00:00,2022-10-13T09:00:00,27460000.0,28063000.0,26400000.0,27810000.0,8203.95839502,27810000.0,upbit,2026-06-28T04:34:13Z
KRW-BTC,2022-10-14T00:00:00,2022-10-14T09:00:00,27808000.0,28539000.0,27500000.0,27660000.0,5280.08123901,27660000.0,upbit,2026-06-28T04:34:13Z
KRW-BTC,2022-10-15T00:00:00,2022-10-15T09:00:00,27656000.0,27722000.0,27410000.0,27524000.0,1863.65198088,27524000.0,upbit,2026-06-28T04:34:13Z
KRW-BTC,2022-10-16T00:00:00,2022-10-16T09:00:00,27548000.0,27900000.0,27502000.0,27655000.0,1613.23153145,27655000.0,upbit,2026-06-28T04:34:13Z
KRW-BTC,2022-10-17T00:00:00,2022-10-17T09:00:00,27655000.0,28200000.0,27526000.0,27993000.0,3325.59179617,27993000.0,upbit,2026-06-28T04:34:13Z
KRW-BTC,2022-10-18T00:00:00,2022-10-18T09:00:00,27993000.0,28180000.0,27530000.0,27812000.0,3645.54686846,27812000.0,upbit,2026-06-28T04:34:13Z
KRW-BTC,2022-10-19T00:00:00,2022-10-19T09:00:00,27824000.0,27825000.0,27536000.0,27657000.0,3160.61602939,27657000.0,upbit,2026-06-28T04:34:13Z
KRW-BTC,2022-10-20T00:00:00,2022-10-20T09:00:00,27639000.0,27800000.0,27400000.0,27505000.0,2683.2479925,27505000.0,upbit,2026-06-28T04:34:13Z
KRW-BTC,2022-10-21T00:00:00,2022-10-21T09:00:00,27505000.0,27700000.0,27130000.0,27580000.0,2767.62248007,27580000.0,upbit,2026-06-28T04:34:13Z
KRW-BTC,2022-10-22T00:00:00,2022-10-22T09:00:00,27600000.0,27700000.0,27547000.0,27620000.0,2036.10495024,27620000.0,upbit,2026-06-28T04:34:13Z
KRW-BTC,2022-10-23T00:00:00,2022-10-23T09:00:00,27620000.0,28152000.0,27484000.0,27981000.0,2722.16975796,27981000.0,upbit,2026-06-28T04:34:13Z
KRW-BTC,2022-10-24T00:00:00,2022-10-24T09:00:00,27981000.0,28077000.0,27663000.0,27803000.0,3125.3489913,27803000.0,upbit,2026-06-28T04:34:13Z
KRW-BTC,2022-10-25T00:00:00,2022-10-25T09:00:00,27803000.0,28844000.0,27621000.0,28494000.0,4893.20312894,28494000.0,upbit,2026-06-28T04:34:13Z
KRW-BTC,2022-10-26T00:00:00,2022-10-26T09:00:00,28494000.0,29447000.0,28470000.0,29079000.0,5979.87612062,29079000.0,upbit,2026-06-28T04:34:13Z
KRW-BTC,2022-10-27T00:00:00,2022-10-27T09:00:00,29116000.0,29238000.0,28530000.0,28590000.0,5172.49423341,28590000.0,upbit,2026-06-28T04:34:13Z
KRW-BTC,2022-10-28T00:00:00,2022-10-28T09:00:00,28590000.0,29183000.0,28350000.0,28958000.0,3424.86186466,28958000.0,upbit,2026-06-28T04:34:13Z
KRW-BTC,2022-10-29T00:00:00,2022-10-29T09:00:00,28932000.0,29497000.0,28910000.0,29091000.0,6211.37653974,29091000.0,upbit,2026-06-28T04:34:13Z
KRW-BTC,2022-10-30T00:00:00,2022-10-30T09:00:00,29091000.0,29350000.0,28902000.0,28957000.0,3137.06875888,28957000.0,upbit,2026-06-28T04:34:13Z
KRW-BTC,2022-10-31T00:00:00,2022-10-31T09:00:00,28957000.0,29217000.0,28580000.0,28778000.0,3780.01775723,28778000.0,upbit,2026-06-28T04:34:13Z
KRW-BTC,2022-11-01T00:00:00,2022-11-01T09:00:00,28778000.0,28928000.0,28634000.0,28749000.0,2933.71664252,28749000.0,upbit,2026-06-28T04:34:13Z
KRW-BTC,2022-11-02T00:00:00,2022-11-02T09:00:00,28753000.0,29299000.0,28500000.0,28632000.0,7547.86136867,28632000.0,upbit,2026-06-28T04:34:13Z
KRW-BTC,2022-11-03T00:00:00,2022-11-03T09:00:00,28632000.0,28900000.0,28443000.0,28693000.0,6757.69291375,28693000.0,upbit,2026-06-28T04:34:13Z
KRW-BTC,2022-11-04T00:00:00,2022-11-04T09:00:00,28685000.0,29679000.0,28683000.0,29388000.0,7964.11785191,29388000.0,upbit,2026-06-28T04:34:13Z
KRW-BTC,2022-11-05T00:00:00,2022-11-05T09:00:00,29388000.0,29870000.0,29304000.0,29756000.0,5550.07970205,29756000.0,upbit,2026-06-28T04:34:13Z
KRW-BTC,2022-11-06T00:00:00,2022-11-06T09:00:00,29756000.0,29869000.0,29400000.0,29473000.0,3135.46538779,29473000.0,upbit,2026-06-28T04:34:13Z
KRW-BTC,2022-11-07T00:00:00,2022-11-07T09:00:00,29470000.0,29658000.0,28790000.0,28945000.0,5212.34471889,28945000.0,upbit,2026-06-28T04:34:13Z
KRW-BTC,2022-11-08T00:00:00,2022-11-08T09:00:00,28945000.0,29020000.0,25842000.0,26650000.0,21680.49236147,26650000.0,upbit,2026-06-28T04:34:13Z
KRW-BTC,2022-11-09T00:00:00,2022-11-09T09:00:00,26652000.0,26832000.0,22564000.0,22919000.0,22296.85265068,22919000.0,upbit,2026-06-28T04:34:13Z
KRW-BTC,2022-11-10T00:00:00,2022-11-10T09:00:00,22924000.0,25120000.0,22840000.0,24779000.0,20710.2527776,24779000.0,upbit,2026-06-28T04:34:13Z
KRW-BTC,2022-11-11T00:00:00,2022-11-11T09:00:00,24773000.0,24928000.0,23000000.0,23656000.0,12736.12608371,23656000.0,upbit,2026-06-28T04:34:13Z
KRW-BTC,2022-11-12T00:00:00,2022-11-12T09:00:00,23657000.0,23755000.0,23061000.0,23380000.0,4753.99237337,23380000.0,upbit,2026-06-28T04:34:13Z
KRW-BTC,2022-11-13T00:00:00,2022-11-13T09:00:00,23380000.0,23515000.0,22500000.0,22510000.0,7169.9512786,22510000.0,upbit,2026-06-28T04:34:13Z
KRW-BTC,2022-11-14T00:00:00,2022-11-14T09:00:00,22511000.0,23438000.0,21509000.0,22701000.0,13460.02192864,22701000.0,upbit,2026-06-28T04:34:13Z
KRW-BTC,2022-11-15T00:00:00,2022-11-15T09:00:00,22706000.0,23220000.0,22530000.0,23003000.0,6064.33492986,23003000.0,upbit,2026-06-28T04:34:13Z
KRW-BTC,2022-11-16T00:00:00,2022-11-16T09:00:00,23003000.0,23162000.0,22550000.0,22954000.0,4821.31903186,22954000.0,upbit,2026-06-28T04:34:13Z
KRW-BTC,2022-11-17T00:00:00,2022-11-17T09:00:00,22954000.0,23039000.0,22613000.0,22982000.0,3192.69376433,22982000.0,upbit,2026-06-28T04:34:13Z
KRW-BTC,2022-11-18T00:00:00,2022-11-18T09:00:00,22982000.0,23330000.0,22900000.0,23061000.0,3545.61958418,23061000.0,upbit,2026-06-28T04:34:13Z
KRW-BTC,2022-11-19T00:00:00,2022-11-19T09:00:00,23062000.0,23197000.0,22928000.0,23081000.0,2254.61082489,23081000.0,upbit,2026-06-28T04:34:13Z
KRW-BTC,2022-11-20T00:00:00,2022-11-20T09:00:00,23082000.0,23128000.0,22651000.0,22788000.0,4008.06831163,22788000.0,upbit,2026-06-28T04:34:13Z
KRW-BTC,2022-11-21T00:00:00,2022-11-21T09:00:00,22763000.0,22810000.0,22000000.0,22220000.0,5410.35456693,22220000.0,upbit,2026-06-28T04:34:13Z
KRW-BTC,2022-11-22T00:00:00,2022-11-22T09:00:00,22220000.0,22719000.0,22031000.0,22584000.0,4830.10682581,22584000.0,upbit,2026-06-28T04:34:13Z
KRW-BTC,2022-11-23T00:00:00,2022-11-23T09:00:00,22599000.0,23121000.0,22525000.0,22985000.0,4524.89351291,22985000.0,upbit,2026-06-28T04:34:13Z
KRW-BTC,2022-11-24T00:00:00,2022-11-24T09:00:00,22985000.0,23220000.0,22566000.0,22738000.0,4151.70054394,22738000.0,upbit,2026-06-28T04:34:13Z
KRW-BTC,2022-11-25T00:00:00,2022-11-25T09:00:00,22735000.0,22794000.0,22370000.0,22676000.0,3000.13344954,22676000.0,upbit,2026-06-28T04:34:13Z
KRW-BTC,2022-11-26T00:00:00,2022-11-26T09:00:00,22677000.0,22862000.0,22605000.0,22660000.0,2148.77580606,22660000.0,upbit,2026-06-28T04:34:13Z
KRW-BTC,2022-11-27T00:00:00,2022-11-27T09:00:00,22646000.0,22774000.0,22605000.0,22646000.0,1989.05113784,22646000.0,upbit,2026-06-28T04:34:13Z
KRW-BTC,2022-11-28T00:00:00,2022-11-28T09:00:00,22661000.0,22690000.0,22217000.0,22339000.0,3579.0905705,22339000.0,upbit,2026-06-28T04:34:13Z
KRW-BTC,2022-11-29T00:00:00,2022-11-29T09:00:00,22329000.0,22617000.0,22155000.0,22417000.0,2523.90821039,22417000.0,upbit,2026-06-28T04:34:13Z
KRW-BTC,2022-11-30T00:00:00,2022-11-30T09:00:00,22417000.0,23293000.0,22415000.0,23192000.0,4690.57520524,23192000.0,upbit,2026-06-28T04:34:13Z
KRW-BTC,2022-12-01T00:00:00,2022-12-01T09:00:00,23209000.0,23400000.0,22871000.0,23002000.0,3278.51519679,23002000.0,upbit,2026-06-28T04:34:13Z
KRW-BTC,2022-12-02T00:00:00,2022-12-02T09:00:00,23008000.0,23046000.0,22650000.0,22877000.0,2707.54917012,22877000.0,upbit,2026-06-28T04:34:13Z
KRW-BTC,2022-12-03T00:00:00,2022-12-03T09:00:00,22877000.0,22973000.0,22752000.0,22830000.0,1361.73087278,22830000.0,upbit,2026-06-28T04:34:13Z
KRW-BTC,2022-12-04T00:00:00,2022-12-04T09:00:00,22821000.0,23021000.0,22755000.0,22906000.0,1690.07399271,22906000.0,upbit,2026-06-28T04:34:13Z
KRW-BTC,2022-12-05T00:00:00,2022-12-05T09:00:00,22918000.0,23150000.0,22685000.0,22725000.0,3649.93086302,22725000.0,upbit,2026-06-28T04:34:13Z
KRW-BTC,2022-12-06T00:00:00,2022-12-06T09:00:00,22729000.0,22885000.0,22701000.0,22821000.0,2826.97261012,22821000.0,upbit,2026-06-28T04:34:13Z
KRW-BTC,2022-12-07T00:00:00,2022-12-07T09:00:00,22837000.0,22898000.0,22400000.0,22544000.0,3381.14787642,22544000.0,upbit,2026-06-28T04:34:13Z
KRW-BTC,2022-12-08T00:00:00,2022-12-08T09:00:00,22544000.0,23000000.0,22484000.0,22918000.0,2658.30122236,22918000.0,upbit,2026-06-28T04:34:13Z
KRW-BTC,2022-12-09T00:00:00,2022-12-09T09:00:00,22918000.0,23000000.0,22770000.0,22849000.0,2349.72627368,22849000.0,upbit,2026-06-28T04:34:13Z
KRW-BTC,2022-12-10T00:00:00,2022-12-10T09:00:00,22845000.0,22940000.0,22820000.0,22831000.0,1339.76576612,22831000.0,upbit,2026-06-28T04:34:13Z
KRW-BTC,2022-12-11T00:00:00,2022-12-11T09:00:00,22824000.0,22915000.0,22760000.0,22775000.0,1591.84902453,22775000.0,upbit,2026-06-28T04:34:13Z
KRW-BTC,2022-12-12T00:00:00,2022-12-12T09:00:00,22784000.0,22882000.0,22487000.0,22824000.0,2436.29764131,22824000.0,upbit,2026-06-28T04:34:13Z
KRW-BTC,2022-12-13T00:00:00,2022-12-13T09:00:00,22824000.0,23600000.0,22570000.0,23161000.0,5226.52781477,23161000.0,upbit,2026-06-28T04:34:13Z
KRW-BTC,2022-12-14T00:00:00,2022-12-14T09:00:00,23157000.0,23941000.0,23147000.0,23235000.0,4041.5227297,23235000.0,upbit,2026-06-28T04:34:13Z
KRW-BTC,2022-12-15T00:00:00,2022-12-15T09:00:00,23255000.0,23382000.0,22877000.0,22942000.0,2875.73302095,22942000.0,upbit,2026-06-28T04:34:13Z
KRW-BTC,2022-12-16T00:00:00,2022-12-16T09:00:00,22952000.0,23050000.0,22125000.0,22249000.0,4660.97070297,22249000.0,upbit,2026-06-28T04:34:13Z
KRW-BTC,2022-12-17T00:00:00,2022-12-17T09:00:00,22249000.0,22367000.0,22000000.0,22230000.0,2908.95281168,22230000.0,upbit,2026-06-28T04:34:13Z
KRW-BTC,2022-12-18T00:00:00,2022-12-18T09:00:00,22230000.0,22299000.0,22111000.0,22210000.0,1889.62079373,22210000.0,upbit,2026-06-28T04:34:13Z
KRW-BTC,2022-12-19T00:00:00,2022-12-19T09:00:00,22214000.0,22240000.0,21521000.0,21654000.0,3169.23383434,21654000.0,upbit,2026-06-28T04:34:13Z
KRW-BTC,2022-12-20T00:00:00,2022-12-20T09:00:00,21654000.0,22221000.0,21585000.0,22011000.0,3084.65713734,22011000.0,upbit,2026-06-28T04:34:13Z
KRW-BTC,2022-12-21T00:00:00,2022-12-21T09:00:00,22017000.0,22065000.0,21874000.0,21943000.0,2014.94764474,21943000.0,upbit,2026-06-28T04:34:13Z
KRW-BTC,2022-12-22T00:00:00,2022-12-22T09:00:00,21943000.0,21980000.0,21659000.0,21891000.0,2511.79402989,21891000.0,upbit,2026-06-28T04:34:13Z
KRW-BTC,2022-12-23T00:00:00,2022-12-23T09:00:00,21891000.0,22000000.0,21764000.0,21872000.0,2253.90628813,21872000.0,upbit,2026-06-28T04:34:13Z
KRW-BTC,2022-12-24T00:00:00,2022-12-24T09:00:00,21884000.0,21985000.0,21858000.0,21951000.0,1191.82030528,21951000.0,upbit,2026-06-28T04:34:13Z
KRW-BTC,2022-12-25T00:00:00,2022-12-25T09:00:00,21951000.0,21962000.0,21776000.0,21848000.0,2041.54109032,21848000.0,upbit,2026-06-28T04:34:13Z
KRW-BTC,2022-12-26T00:00:00,2022-12-26T09:00:00,21854000.0,21861000.0,21596000.0,21702000.0,2548.57785278,21702000.0,upbit,2026-06-28T04:34:13Z
KRW-BTC,2022-12-27T00:00:00,2022-12-27T09:00:00,21711000.0,21745000.0,21242000.0,21321000.0,2842.5245103,21321000.0,upbit,2026-06-28T04:34:13Z
KRW-BTC,2022-12-28T00:00:00,2022-12-28T09:00:00,21324000.0,21396000.0,21010000.0,21061000.0,3151.28076106,21061000.0,upbit,2026-06-28T04:34:13Z
KRW-BTC,2022-12-29T00:00:00,2022-12-29T09:00:00,21061000.0,21295000.0,20908000.0,21201000.0,2464.45782163,21201000.0,upbit,2026-06-28T04:34:13Z
KRW-BTC,2022-12-30T00:00:00,2022-12-30T09:00:00,21201000.0,21232000.0,20700000.0,21070000.0,2699.07221598,21070000.0,upbit,2026-06-28T04:34:13Z
KRW-BTC,2022-12-31T00:00:00,2022-12-31T09:00:00,21086000.0,21249000.0,20966000.0,21079000.0,2960.90009546,21079000.0,upbit,2026-06-28T04:34:13Z
KRW-BTC,2023-01-01T00:00:00,2023-01-01T09:00:00,21079000.0,21171000.0,21002000.0,21123000.0,1486.46755344,21123000.0,upbit,2026-06-28T04:34:13Z
KRW-BTC,2023-01-02T00:00:00,2023-01-02T09:00:00,21128000.0,21400000.0,21047000.0,21215000.0,2578.84453056,21215000.0,upbit,2026-06-28T04:34:13Z
KRW-BTC,2023-01-03T00:00:00,2023-01-03T09:00:00,21209000.0,21451000.0,21178000.0,21351000.0,2097.6153058,21351000.0,upbit,2026-06-28T04:34:13Z
KRW-BTC,2023-01-04T00:00:00,2023-01-04T09:00:00,21351000.0,21732000.0,21341000.0,21588000.0,2479.24818185,21588000.0,upbit,2026-06-28T04:34:13Z
KRW-BTC,2023-01-05T00:00:00,2023-01-05T09:00:00,21589000.0,21641000.0,21404000.0,21575000.0,3563.01023528,21575000.0,upbit,2026-06-28T04:34:13Z
KRW-BTC,2023-01-06T00:00:00,2023-01-06T09:00:00,21575000.0,21593000.0,21280000.0,21517000.0,3285.37671627,21517000.0,upbit,2026-06-28T04:34:13Z
KRW-BTC,2023-01-07T00:00:00,2023-01-07T09:00:00,21517000.0,21585000.0,21467000.0,21539000.0,1254.83333687,21539000.0,upbit,2026-06-28T04:34:13Z
KRW-BTC,2023-01-08T00:00:00,2023-01-08T09:00:00,21539000.0,21760000.0,21498000.0,21704000.0,1541.66935544,21704000.0,upbit,2026-06-28T04:34:13Z
KRW-BTC,2023-01-09T00:00:00,2023-01-09T09:00:00,21704000.0,21844000.0,21628000.0,21655000.0,3454.03347779,21655000.0,upbit,2026-06-28T04:34:13Z
KRW-BTC,2023-01-10T00:00:00,2023-01-10T09:00:00,21655000.0,21960000.0,21558000.0,21916000.0,2628.4345643,21916000.0,upbit,2026-06-28T04:34:13Z
KRW-BTC,2023-01-11T00:00:00,2023-01-11T09:00:00,21916000.0,22501000.0,21871000.0,22485000.0,3066.63549183,22485000.0,upbit,2026-06-28T04:34:13Z
KRW-BTC,2023-01-12T00:00:00,2023-01-12T09:00:00,22475000.0,23900000.0,22415000.0,23552000.0,7650.90163135,23552000.0,upbit,2026-06-28T04:34:13Z
KRW-BTC,2023-01-13T00:00:00,2023-01-13T09:00:00,23546000.0,24902000.0,23378000.0,24802000.0,6444.40501392,24802000.0,upbit,2026-06-28T04:34:13Z
KRW-BTC,2023-01-14T00:00:00,2023-01-14T09:00:00,24802000.0,26201000.0,24766000.0,25881000.0,14303.12399754,25881000.0,upbit,2026-06-28T04:34:13Z
KRW-BTC,2023-01-15T00:00:00,2023-01-15T09:00:00,25873000.0,25990000.0,25447000.0,25836000.0,4769.18417993,25836000.0,upbit,2026-06-28T04:34:13Z
KRW-BTC,2023-01-16T00:00:00,2023-01-16T09:00:00,25857000.0,26585000.0,25600000.0,26368000.0,5477.23271265,26368000.0,upbit,2026-06-28T04:34:13Z
KRW-BTC,2023-01-17T00:00:00,2023-01-17T09:00:00,26327000.0,26662000.0,25989000.0,26255000.0,3964.85483208,26255000.0,upbit,2026-06-28T04:34:13Z
KRW-BTC,2023-01-18T00:00:00,2023-01-18T09:00:00,26255000.0,26795000.0,25502000.0,25718000.0,8246.64292241,25718000.0,upbit,2026-06-28T04:34:13Z
KRW-BTC,2023-01-19T00:00:00,2023-01-19T09:00:00,25701000.0,26299000.0,25690000.0,26205000.0,3265.22551081,26205000.0,upbit,2026-06-28T04:34:13Z
KRW-BTC,2023-01-20T00:00:00,2023-01-20T09:00:00,26208000.0,28105000.0,26101000.0,28026000.0,6019.1130748,28026000.0,upbit,2026-06-28T04:34:13Z
KRW-BTC,2023-01-21T00:00:00,2023-01-21T09:00:00,28025000.0,29000000.0,27721000.0,28333000.0,7165.77976055,28333000.0,upbit,2026-06-28T04:34:13Z
KRW-BTC,2023-01-22T00:00:00,2023-01-22T09:00:00,28333000.0,28706000.0,27937000.0,28390000.0,4350.78921131,28390000.0,upbit,2026-06-28T04:34:13Z
KRW-BTC,2023-01-23T00:00:00,2023-01-23T09:00:00,28400000.0,28890000.0,28220000.0,28609000.0,4463.87685569,28609000.0,upbit,2026-06-28T04:34:13Z
KRW-BTC,2023-01-24T00:00:00,2023-01-24T09:00:00,28600000.0,28951000.0,28014000.0,28351000.0,6049.39200584,28351000.0,upbit,2026-06-28T04:34:13Z
KRW-BTC,2023-01-25T00:00:00,2023-01-25T09:00:00,28363000.0,29524000.0,28001000.0,28736000.0,6714.84384155,28736000.0,upbit,2026-06-28T04:34:13Z
KRW-BTC,2023-01-26T00:00:00,2023-01-26T09:00:00,28736000.0,29081000.0,28692000.0,28930000.0,4523.70646705,28930000.0,upbit,2026-06-28T04:34:13Z
KRW-BTC,2023-01-27T00:00:00,2023-01-27T09:00:00,28930000.0,29336000.0,28456000.0,28950000.0,4064.65143245,28950000.0,upbit,2026-06-28T04:34:13Z
KRW-BTC,2023-01-28T00:00:00,2023-01-28T09:00:00,28950000.0,29118000.0,28800000.0,29063000.0,2868.91809477,29063000.0,upbit,2026-06-28T04:34:13Z
KRW-BTC,2023-01-29T00:00:00,2023-01-29T09:00:00,29064000.0,29922000.0,28984000.0,29670000.0,4907.89247424,29670000.0,upbit,2026-06-28T04:34:13Z
KRW-BTC,2023-01-30T00:00:00,2023-01-30T09:00:00,29670000.0,29777000.0,28323000.0,28706000.0,6952.22920216,28706000.0,upbit,2026-06-28T04:34:13Z
KRW-BTC,2023-01-31T00:00:00,2023-01-31T09:00:00,28724000.0,29225000.0,28430000.0,29064000.0,4605.2685438,29064000.0,upbit,2026-06-28T04:34:13Z
KRW-BTC,2023-02-01T00:00:00,2023-02-01T09:00:00,29052000.0,29740000.0,28626000.0,29620000.0,5637.91674767,29620000.0,upbit,2026-06-28T04:34:13Z
KRW-BTC,2023-02-02T00:00:00,2023-02-02T09:00:00,29599000.0,30285000.0,29530000.0,29600000.0,6298.03336104,29600000.0,upbit,2026-06-28T04:34:13Z
KRW-BTC,2023-02-03T00:00:00,2023-02-03T09:00:00,29601000.0,29734000.0,29287000.0,29432000.0,4743.68642573,29432000.0,upbit,2026-06-28T04:34:13Z
KRW-BTC,2023-02-04T00:00:00,2023-02-04T09:00:00,29432000.0,29650000.0,29349000.0,29420000.0,2924.16282953,29420000.0,upbit,2026-06-28T04:34:13Z
KRW-BTC,2023-02-05T00:00:00,2023-02-05T09:00:00,29398000.0,29528000.0,28827000.0,28990000.0,4235.89074629,28990000.0,upbit,2026-06-28T04:34:13Z
KRW-BTC,2023-02-06T00:00:00,2023-02-06T09:00:00,28993000.0,29439000.0,28650000.0,29222000.0,12169.80778483,29222000.0,upbit,2026-06-28T04:34:13Z
KRW-BTC,2023-02-07T00:00:00,2023-02-07T09:00:00,29225000.0,29561000.0,29017000.0,29452000.0,16246.13827362,29452000.0,upbit,2026-06-28T04:34:13Z
KRW-BTC,2023-02-08T00:00:00,2023-02-08T09:00:00,29452000.0,29591000.0,28940000.0,29303000.0,9798.40627898,29303000.0,upbit,2026-06-28T04:34:13Z
KRW-BTC,2023-02-09T00:00:00,2023-02-09T09:00:00,29303000.0,29400000.0,28135000.0,28193000.0,12573.15274824,28193000.0,upbit,2026-06-28T04:34:13Z
KRW-BTC,2023-02-10T00:00:00,2023-02-10T09:00:00,28193000.0,28350000.0,27916000.0,28120000.0,5826.76054517,28120000.0,upbit,2026-06-28T04:34:13Z
KRW-BTC,2023-02-11T00:00:00,2023-02-11T09:00:00,28145000.0,28379000.0,28057000.0,28377000.0,4616.92676125,28377000.0,upbit,2026-06-28T04:34:13Z
KRW-BTC,2023-02-12T00:00:00,2023-02-12T09:00:00,28360000.0,28490000.0,28141000.0,28263000.0,3940.50334157,28263000.0,upbit,2026-06-28T04:34:13Z
KRW-BTC,2023-02-13T00:00:00,2023-02-13T09:00:00,28264000.0,28379000.0,27910000.0,28309000.0,5446.98588992,28309000.0,upbit,2026-06-28T04:34:13Z
KRW-BTC,2023-02-14T00:00:00,2023-02-14T09:00:00,28334000.0,28850000.0,27950000.0,28798000.0,8113.17147525,28798000.0,upbit,2026-06-28T04:34:13Z
KRW-BTC,2023-02-15T00:00:00,2023-02-15T09:00:00,28782000.0,31400000.0,28611000.0,31186000.0,12911.88082878,31186000.0,upbit,2026-06-28T04:34:13Z
KRW-BTC,2023-02-16T00:00:00,2023-02-16T09:00:00,31183000.0,32458000.0,30400000.0,30451000.0,12781.37026202,30451000.0,upbit,2026-06-28T04:34:13Z
KRW-BTC,2023-02-17T00:00:00,2023-02-17T09:00:00,30466000.0,32090000.0,30278000.0,31641000.0,9141.33783666,31641000.0,upbit,2026-06-28T04:34:13Z
KRW-BTC,2023-02-18T00:00:00,2023-02-18T09:00:00,31641000.0,32014000.0,31498000.0,31789000.0,5267.64033206,31789000.0,upbit,2026-06-28T04:34:13Z
KRW-BTC,2023-02-19T00:00:00,2023-02-19T09:00:00,31789000.0,32370000.0,31400000.0,31435000.0,8172.91625373,31435000.0,upbit,2026-06-28T04:34:13Z
KRW-BTC,2023-02-20T00:00:00,2023-02-20T09:00:00,31434000.0,32148000.0,31000000.0,31883000.0,8070.98678492,31883000.0,upbit,2026-06-28T04:34:13Z
KRW-BTC,2023-02-21T00:00:00,2023-02-21T09:00:00,31883000.0,32600000.0,31510000.0,31736000.0,9416.92852949,31736000.0,upbit,2026-06-28T04:34:13Z
KRW-BTC,2023-02-22T00:00:00,2023-02-22T09:00:00,31751000.0,31850000.0,30900000.0,31619000.0,7731.25766663,31619000.0,upbit,2026-06-28T04:34:13Z
KRW-BTC,2023-02-23T00:00:00,2023-02-23T09:00:00,31638000.0,31999000.0,30960000.0,31398000.0,6836.96402152,31398000.0,upbit,2026-06-28T04:34:13Z
KRW-BTC,2023-02-24T00:00:00,2023-02-24T09:00:00,31395000.0,31485000.0,30560000.0,30877000.0,6775.08622994,30877000.0,upbit,2026-06-28T04:34:13Z
KRW-BTC,2023-02-25T00:00:00,2023-02-25T09:00:00,30868000.0,31000000.0,30291000.0,30959000.0,4719.68489555,30959000.0,upbit,2026-06-28T04:34:13Z
KRW-BTC,2023-02-26T00:00:00,2023-02-26T09:00:00,30959000.0,31384000.0,30710000.0,31279000.0,3065.82030173,31279000.0,upbit,2026-06-28T04:34:13Z
KRW-BTC,2023-02-27T00:00:00,2023-02-27T09:00:00,31279000.0,31654000.0,30890000.0,31255000.0,4718.97425586,31255000.0,upbit,2026-06-28T04:34:13Z
KRW-BTC,2023-02-28T00:00:00,2023-02-28T09:00:00,31255000.0,31323000.0,30904000.0,31024000.0,3593.40757255,31024000.0,upbit,2026-06-28T04:34:13Z
KRW-BTC,2023-03-01T00:00:00,2023-03-01T09:00:00,31024000.0,31600000.0,30805000.0,31106000.0,4532.68487609,31106000.0,upbit,2026-06-28T04:34:13Z
KRW-BTC,2023-03-02T00:00:00,2023-03-02T09:00:00,31106000.0,31284000.0,30800000.0,31109000.0,4579.43771609,31109000.0,upbit,2026-06-28T04:34:13Z
KRW-BTC,2023-03-03T00:00:00,2023-03-03T09:00:00,31109000.0,31135000.0,29508000.0,29709000.0,7298.81785293,29709000.0,upbit,2026-06-28T04:34:13Z
KRW-BTC,2023-03-04T00:00:00,2023-03-04T09:00:00,29710000.0,29907000.0,29638000.0,29838000.0,2222.29120474,29838000.0,upbit,2026-06-28T04:34:13Z
KRW-BTC,2023-03-05T00:00:00,2023-03-05T09:00:00,29837000.0,30097000.0,29650000.0,29982000.0,2189.45390953,29982000.0,upbit,2026-06-28T04:34:13Z
KRW-BTC,2023-03-06T00:00:00,2023-03-06T09:00:00,29982000.0,30066000.0,29638000.0,29769000.0,2405.78623199,29769000.0,upbit,2026-06-28T04:34:13Z
KRW-BTC,2023-03-07T00:00:00,2023-03-07T09:00:00,29769000.0,29978000.0,29250000.0,29579000.0,7624.3543545,29579000.0,upbit,2026-06-28T04:34:13Z
KRW-BTC,2023-03-08T00:00:00,2023-03-08T09:00:00,29579000.0,29660000.0,29000000.0,29023000.0,5501.29398149,29023000.0,upbit,2026-06-28T04:34:13Z
KRW-BTC,2023-03-09T00:00:00,2023-03-09T09:00:00,29018000.0,29320000.0,27415000.0,27604000.0,9841.87622634,27604000.0,upbit,2026-06-28T04:34:13Z
KRW-BTC,2023-03-10T00:00:00,2023-03-10T09:00:00,27604000.0,27605000.0,26707000.0,27343000.0,9730.63224025,27343000.0,upbit,2026-06-28T04:34:13Z
KRW-BTC,2023-03-11T00:00:00,2023-03-11T09:00:00,27341000.0,28023000.0,26870000.0,27737000.0,6228.73937386,27737000.0,upbit,2026-06-28T04:34:13Z
KRW-BTC,2023-03-12T00:00:00,2023-03-12T09:00:00,27722000.0,29300000.0,27167000.0,29199000.0,6122.0855742,29199000.0,upbit,2026-06-28T04:34:13Z
KRW-BTC,2023-03-13T00:00:00,2023-03-13T09:00:00,29190000.0,32000000.0,28855000.0,31676000.0,13888.83820988,31676000.0,upbit,2026-06-28T04:34:13Z
KRW-BTC,2023-03-14T00:00:00,2023-03-14T09:00:00,31676000.0,34469000.0,31579000.0,32490000.0,17872.07887712,32490000.0,upbit,2026-06-28T04:34:13Z
KRW-BTC,2023-03-15T00:00:00,2023-03-15T09:00:00,32491000.0,33500000.0,32000000.0,32511000.0,11093.60434797,32511000.0,upbit,2026-06-28T04:34:13Z
KRW-BTC,2023-03-16T00:00:00,2023-03-16T09:00:00,32505000.0,33455000.0,32307000.0,33335000.0,6814.43349526,33335000.0,upbit,2026-06-28T04:34:13Z
KRW-BTC,2023-03-17T00:00:00,2023-03-17T09:00:00,33309000.0,36649000.0,33300000.0,36207000.0,15037.60037165,36207000.0,upbit,2026-06-28T04:34:13Z
KRW-BTC,2023-03-18T00:00:00,2023-03-18T09:00:00,36202000.0,36649000.0,35500000.0,35767000.0,9300.23174069,35767000.0,upbit,2026-06-28T04:34:13Z
KRW-BTC,2023-03-19T00:00:00,2023-03-19T09:00:00,35760000.0,37526000.0,35657000.0,37233000.0,7991.51626721,37233000.0,upbit,2026-06-28T04:34:13Z
KRW-BTC,2023-03-20T00:00:00,2023-03-20T09:00:00,37228000.0,37838000.0,36217000.0,37295000.0,10244.52549002,37295000.0,upbit,2026-06-28T04:34:13Z
KRW-BTC,2023-03-21T00:00:00,2023-03-21T09:00:00,37294000.0,37634000.0,36500000.0,37221000.0,8735.63835041,37221000.0,upbit,2026-06-28T04:34:13Z
KRW-BTC,2023-03-22T00:00:00,2023-03-22T09:00:00,37202000.0,38400000.0,35584000.0,36372000.0,10824.6208617,36372000.0,upbit,2026-06-28T04:34:13Z
KRW-BTC,2023-03-23T00:00:00,2023-03-23T09:00:00,36372000.0,37660000.0,35930000.0,37274000.0,7303.53058862,37274000.0,upbit,2026-06-28T04:34:13Z
KRW-BTC,2023-03-24T00:00:00,2023-03-24T09:00:00,37268000.0,37599000.0,36304000.0,36749000.0,6250.39620254,36749000.0,upbit,2026-06-28T04:34:13Z
KRW-BTC,2023-03-25T00:00:00,2023-03-25T09:00:00,36750000.0,36969000.0,36510000.0,36750000.0,2977.38039843,36750000.0,upbit,2026-06-28T04:34:13Z
KRW-BTC,2023-03-26T00:00:00,2023-03-26T09:00:00,36750000.0,37432000.0,36632000.0,37160000.0,3091.03957658,37160000.0,upbit,2026-06-28T04:34:13Z
KRW-BTC,2023-03-27T00:00:00,2023-03-27T09:00:00,37156000.0,37282000.0,35444000.0,36110000.0,6840.88977652,36110000.0,upbit,2026-06-28T04:34:13Z
KRW-BTC,2023-03-28T00:00:00,2023-03-28T09:00:00,36124000.0,36220000.0,35230000.0,36026000.0,5170.6862286,36026000.0,upbit,2026-06-28T04:34:13Z
KRW-BTC,2023-03-29T00:00:00,2023-03-29T09:00:00,36020000.0,37750000.0,36006000.0,37401000.0,6442.79756739,37401000.0,upbit,2026-06-28T04:34:13Z
KRW-BTC,2023-03-30T00:00:00,2023-03-30T09:00:00,37402000.0,38424000.0,36800000.0,37157000.0,7063.16532492,37157000.0,upbit,2026-06-28T04:34:13Z
KRW-BTC,2023-03-31T00:00:00,2023-03-31T09:00:00,37157000.0,37771000.0,36596000.0,37540000.0,5856.70049497,37540000.0,upbit,2026-06-28T04:34:13Z
KRW-BTC,2023-04-01T00:00:00,2023-04-01T09:00:00,37540000.0,37950000.0,37449000.0,37585000.0,2923.33995312,37585000.0,upbit,2026-06-28T04:34:13Z
KRW-BTC,2023-04-02T00:00:00,2023-04-02T09:00:00,37596000.0,37700000.0,37000000.0,37301000.0,3827.71480818,37301000.0,upbit,2026-06-28T04:34:13Z
KRW-BTC,2023-04-03T00:00:00,2023-04-03T09:00:00,37296000.0,37768000.0,36378000.0,36814000.0,5344.45562792,36814000.0,upbit,2026-06-28T04:34:13Z
KRW-BTC,2023-04-04T00:00:00,2023-04-04T09:00:00,36814000.0,37552000.0,36660000.0,37205000.0,3443.09664449,37205000.0,upbit,2026-06-28T04:34:13Z
KRW-BTC,2023-04-05T00:00:00,2023-04-05T09:00:00,37207000.0,37804000.0,36948000.0,37139000.0,4804.31754606,37139000.0,upbit,2026-06-28T04:34:13Z
KRW-BTC,2023-04-06T00:00:00,2023-04-06T09:00:00,37139000.0,37211000.0,36800000.0,37058000.0,3265.19567389,37058000.0,upbit,2026-06-28T04:34:13Z
KRW-BTC,2023-04-07T00:00:00,2023-04-07T09:00:00,37058000.0,37200000.0,36890000.0,36993000.0,2191.38552697,36993000.0,upbit,2026-06-28T04:34:13Z
KRW-BTC,2023-04-08T00:00:00,2023-04-08T09:00:00,36993000.0,37249000.0,36930000.0,37080000.0,3044.98722943,37080000.0,upbit,2026-06-28T04:34:13Z
KRW-BTC,2023-04-09T00:00:00,2023-04-09T09:00:00,37064000.0,37576000.0,36878000.0,37313000.0,3846.31215562,37313000.0,upbit,2026-06-28T04:34:13Z
KRW-BTC,2023-04-10T00:00:00,2023-04-10T09:00:00,37331000.0,39183000.0,37255000.0,38985000.0,6752.314109,38985000.0,upbit,2026-06-28T04:34:13Z
KRW-BTC,2023-04-11T00:00:00,2023-04-11T09:00:00,38981000.0,40260000.0,38903000.0,40004000.0,8105.88458258,40004000.0,upbit,2026-06-28T04:34:13Z
KRW-BTC,2023-04-12T00:00:00,2023-04-12T09:00:00,40005000.0,40610000.0,39567000.0,39699000.0,10654.2856421,39699000.0,upbit,2026-06-28T04:34:13Z
KRW-BTC,2023-04-13T00:00:00,2023-04-13T09:00:00,39694000.0,40198000.0,39689000.0,39911000.0,5171.072562,39911000.0,upbit,2026-06-28T04:34:13Z
KRW-BTC,2023-04-14T00:00:00,2023-04-14T09:00:00,39912000.0,40333000.0,39470000.0,39804000.0,5561.14402059,39804000.0,upbit,2026-06-28T04:34:13Z
KRW-BTC,2023-04-15T00:00:00,2023-04-15T09:00:00,39804000.0,39999000.0,39752000.0,39800000.0,1938.56058099,39800000.0,upbit,2026-06-28T04:34:13Z
KRW-BTC,2023-04-16T00:00:00,2023-04-16T09:00:00,39800000.0,39981000.0,39600000.0,39607000.0,2393.49528179,39607000.0,upbit,2026-06-28T04:34:13Z
KRW-BTC,2023-04-17T00:00:00,2023-04-17T09:00:00,39612000.0,39673000.0,38506000.0,38700000.0,5420.85725888,38700000.0,upbit,2026-06-28T04:34:13Z
KRW-BTC,2023-04-18T00:00:00,2023-04-18T09:00:00,38700000.0,39847000.0,38251000.0,39630000.0,4976.83151258,39630000.0,upbit,2026-06-28T04:34:13Z
KRW-BTC,2023-04-19T00:00:00,2023-04-19T09:00:00,39637000.0,39719000.0,38181000.0,38300000.0,6118.4824719,38300000.0,upbit,2026-06-28T04:34:13Z
KRW-BTC,2023-04-20T00:00:00,2023-04-20T09:00:00,38300000.0,38572000.0,37400000.0,37672000.0,5515.28188385,37672000.0,upbit,2026-06-28T04:34:13Z
KRW-BTC,2023-04-21T00:00:00,2023-04-21T09:00:00,37672000.0,37779000.0,36108000.0,36337000.0,5934.6195108,36337000.0,upbit,2026-06-28T04:34:13Z
KRW-BTC,2023-04-22T00:00:00,2023-04-22T09:00:00,36337000.0,37318000.0,36055000.0,37182000.0,3716.22462639,37182000.0,upbit,2026-06-28T04:34:13Z
KRW-BTC,2023-04-23T00:00:00,2023-04-23T09:00:00,37182000.0,37198000.0,36524000.0,36802000.0,1942.10468086,36802000.0,upbit,2026-06-28T04:34:13Z
KRW-BTC,2023-04-24T00:00:00,2023-04-24T09:00:00,36802000.0,37297000.0,36200000.0,36750000.0,3663.66031754,36750000.0,upbit,2026-06-28T04:34:13Z
KRW-BTC,2023-04-25T00:00:00,2023-04-25T09:00:00,36750000.0,38123000.0,36359000.0,37877000.0,4364.40529023,37877000.0,upbit,2026-06-28T04:34:13Z
KRW-BTC,2023-04-26T00:00:00,2023-04-26T09:00:00,37877000.0,39850000.0,36749000.0,38017000.0,9856.33566991,38017000.0,upbit,2026-06-28T04:34:13Z
KRW-BTC,2023-04-27T00:00:00,2023-04-27T09:00:00,38020000.0,39730000.0,37959000.0,39258000.0,6531.80659225,39258000.0,upbit,2026-06-28T04:34:13Z
KRW-BTC,2023-04-28T00:00:00,2023-04-28T09:00:00,39271000.0,39500000.0,38711000.0,39083000.0,3370.00926689,39083000.0,upbit,2026-06-28T04:34:13Z
KRW-BTC,2023-04-29T00:00:00,2023-04-29T09:00:00,39083000.0,39247000.0,38800000.0,38965000.0,1753.92555964,38965000.0,upbit,2026-06-28T04:34:13Z
KRW-BTC,2023-04-30T00:00:00,2023-04-30T09:00:00,38980000.0,39830000.0,38809000.0,39149000.0,3356.94485899,39149000.0,upbit,2026-06-28T04:34:13Z
KRW-BTC,2023-05-01T00:00:00,2023-05-01T09:00:00,39149000.0,39303000.0,37372000.0,37769000.0,5466.44445352,37769000.0,upbit,2026-06-28T04:34:13Z
KRW-BTC,2023-05-02T00:00:00,2023-05-02T09:00:00,37768000.0,38680000.0,37428000.0,38405000.0,4771.65437011,38405000.0,upbit,2026-06-28T04:34:13Z
KRW-BTC,2023-05-03T00:00:00,2023-05-03T09:00:00,38406000.0,39050000.0,37800000.0,38703000.0,5239.85097463,38703000.0,upbit,2026-06-28T04:34:13Z
KRW-BTC,2023-05-04T00:00:00,2023-05-04T09:00:00,38733000.0,39112000.0,38423000.0,38580000.0,4027.302864,38580000.0,upbit,2026-06-28T04:34:13Z
KRW-BTC,2023-05-05T00:00:00,2023-05-05T09:00:00,38599000.0,39359000.0,38520000.0,39053000.0,5614.21035517,39053000.0,upbit,2026-06-28T04:34:13Z
KRW-BTC,2023-05-06T00:00:00,2023-05-06T09:00:00,39077000.0,39435000.0,38142000.0,38677000.0,4471.1849355,38677000.0,upbit,2026-06-28T04:34:13Z
KRW-BTC,2023-05-07T00:00:00,2023-05-07T09:00:00,38679000.0,38953000.0,38143000.0,38143000.0,2434.47759959,38143000.0,upbit,2026-06-28T04:34:13Z
KRW-BTC,2023-05-08T00:00:00,2023-05-08T09:00:00,38152000.0,38369000.0,36822000.0,37255000.0,5517.37518721,37255000.0,upbit,2026-06-28T04:34:13Z
KRW-BTC,2023-05-09T00:00:00,2023-05-09T09:00:00,37260000.0,37544000.0,36822000.0,37150000.0,3678.21436045,37150000.0,upbit,2026-06-28T04:34:13Z
KRW-BTC,2023-05-10T00:00:00,2023-05-10T09:00:00,37150000.0,37995000.0,36580000.0,37071000.0,4525.28287987,37071000.0,upbit,2026-06-28T04:34:13Z
KRW-BTC,2023-05-11T00:00:00,2023-05-11T09:00:00,37072000.0,37232000.0,36260000.0,36411000.0,3570.39137727,36411000.0,upbit,2026-06-28T04:34:13Z
KRW-BTC,2023-05-12T00:00:00,2023-05-12T09:00:00,36413000.0,36554000.0,35262000.0,36341000.0,5478.83968294,36341000.0,upbit,2026-06-28T04:34:13Z
KRW-BTC,2023-05-13T00:00:00,2023-05-13T09:00:00,36341000.0,36662000.0,36143000.0,36374000.0,1868.0954648,36374000.0,upbit,2026-06-28T04:34:13Z
KRW-BTC,2023-05-14T00:00:00,2023-05-14T09:00:00,36382000.0,36800000.0,36193000.0,36415000.0,1639.20833071,36415000.0,upbit,2026-06-28T04:34:13Z
KRW-BTC,2023-05-15T00:00:00,2023-05-15T09:00:00,36420000.0,37200000.0,36204000.0,36632000.0,2671.26583258,36632000.0,upbit,2026-06-28T04:34:13Z
KRW-BTC,2023-05-16T00:00:00,2023-05-16T09:00:00,36642000.0,36795000.0,36335000.0,36421000.0,2091.33896506,36421000.0,upbit,2026-06-28T04:34:13Z
KRW-BTC,2023-05-17T00:00:00,2023-05-17T09:00:00,36419000.0,36835000.0,35938000.0,36700000.0,3207.18978344,36700000.0,upbit,2026-06-28T04:34:13Z
KRW-BTC,2023-05-18T00:00:00,2023-05-18T09:00:00,36706000.0,36920000.0,35800000.0,36240000.0,3396.67093837,36240000.0,upbit,2026-06-28T04:34:13Z
KRW-BTC,2023-05-19T00:00:00,2023-05-19T09:00:00,36240000.0,36486000.0,35950000.0,36156000.0,2587.51450694,36156000.0,upbit,2026-06-28T04:34:13Z
KRW-BTC,2023-05-20T00:00:00,2023-05-20T09:00:00,36156000.0,36475000.0,36119000.0,36385000.0,1174.32081928,36385000.0,upbit,2026-06-28T04:34:13Z
KRW-BTC,2023-05-21T00:00:00,2023-05-21T09:00:00,36404000.0,36618000.0,36048000.0,36051000.0,1573.05946887,36051000.0,upbit,2026-06-28T04:34:13Z
KRW-BTC,2023-05-22T00:00:00,2023-05-22T09:00:00,36057000.0,36200000.0,35709000.0,35947000.0,2597.92192199,35947000.0,upbit,2026-06-28T04:34:13Z
KRW-BTC,2023-05-23T00:00:00,2023-05-23T09:00:00,35948000.0,36660000.0,35841000.0,36381000.0,2510.27578792,36381000.0,upbit,2026-06-28T04:34:13Z
KRW-BTC,2023-05-24T00:00:00,2023-05-24T09:00:00,36382000.0,36430000.0,35144000.0,35452000.0,4471.51960065,35452000.0,upbit,2026-06-28T04:34:13Z
KRW-BTC,2023-05-25T00:00:00,2023-05-25T09:00:00,35465000.0,35670000.0,35000000.0,35547000.0,3394.73741865,35547000.0,upbit,2026-06-28T04:34:13Z
KRW-BTC,2023-05-26T00:00:00,2023-05-26T09:00:00,35550000.0,36110000.0,35284000.0,35771000.0,2369.1616222,35771000.0,upbit,2026-06-28T04:34:13Z
KRW-BTC,2023-05-27T00:00:00,2023-05-27T09:00:00,35786000.0,35900000.0,35588000.0,35824000.0,1922.45483636,35824000.0,upbit,2026-06-28T04:34:13Z
KRW-BTC,2023-05-28T00:00:00,2023-05-28T09:00:00,35824000.0,37532000.0,35788000.0,37350000.0,3852.9775285,37350000.0,upbit,2026-06-28T04:34:13Z
KRW-BTC,2023-05-29T00:00:00,2023-05-29T09:00:00,37360000.0,37883000.0,36802000.0,36992000.0,4032.11292852,36992000.0,upbit,2026-06-28T04:34:13Z
KRW-BTC,2023-05-30T00:00:00,2023-05-30T09:00:00,36992000.0,37402000.0,36821000.0,36914000.0,3280.20536471,36914000.0,upbit,2026-06-28T04:34:13Z
KRW-BTC,2023-05-31T00:00:00,2023-05-31T09:00:00,36923000.0,37043000.0,36059000.0,36391000.0,3833.61770267,36391000.0,upbit,2026-06-28T04:34:13Z
KRW-BTC,2023-06-01T00:00:00,2023-06-01T09:00:00,36391000.0,36509000.0,35715000.0,35823000.0,3403.84008073,35823000.0,upbit,2026-06-28T04:34:13Z
KRW-BTC,2023-06-02T00:00:00,2023-06-02T09:00:00,35823000.0,36150000.0,35470000.0,36089000.0,3129.38244663,36089000.0,upbit,2026-06-28T04:34:13Z
KRW-BTC,2023-06-03T00:00:00,2023-06-03T09:00:00,36089000.0,36102000.0,35801000.0,35888000.0,1925.56556117,35888000.0,upbit,2026-06-28T04:34:13Z
KRW-BTC,2023-06-04T00:00:00,2023-06-04T09:00:00,35888000.0,36146000.0,35820000.0,35865000.0,1679.79054823,35865000.0,upbit,2026-06-28T04:34:13Z
KRW-BTC,2023-06-05T00:00:00,2023-06-05T09:00:00,35894000.0,35896000.0,33825000.0,34298000.0,6815.06312451,34298000.0,upbit,2026-06-28T04:34:13Z
KRW-BTC,2023-06-06T00:00:00,2023-06-06T09:00:00,34299000.0,35993000.0,33580000.0,35852000.0,5402.99569145,35852000.0,upbit,2026-06-28T04:34:13Z
KRW-BTC,2023-06-07T00:00:00,2023-06-07T09:00:00,35855000.0,35993000.0,34797000.0,34952000.0,4520.05491026,34952000.0,upbit,2026-06-28T04:34:13Z
KRW-BTC,2023-06-08T00:00:00,2023-06-08T09:00:00,34953000.0,35416000.0,34802000.0,34996000.0,2370.31995071,34996000.0,upbit,2026-06-28T04:34:13Z
KRW-BTC,2023-06-09T00:00:00,2023-06-09T09:00:00,34996000.0,35161000.0,34802000.0,34865000.0,2335.69270285,34865000.0,upbit,2026-06-28T04:34:13Z
KRW-BTC,2023-06-10T00:00:00,2023-06-10T09:00:00,34865000.0,34914000.0,33842000.0,34372000.0,6040.92871542,34372000.0,upbit,2026-06-28T04:34:13Z
KRW-BTC,2023-06-11T00:00:00,2023-06-11T09:00:00,34370000.0,34639000.0,34016000.0,34345000.0,1754.27310948,34345000.0,upbit,2026-06-28T04:34:13Z
KRW-BTC,2023-06-12T00:00:00,2023-06-12T09:00:00,34345000.0,34480000.0,33950000.0,34059000.0,2362.40456114,34059000.0,upbit,2026-06-28T04:34:13Z
KRW-BTC,2023-06-13T00:00:00,2023-06-13T09:00:00,34059000.0,34479000.0,33808000.0,33913000.0,3607.81851265,33913000.0,upbit,2026-06-28T04:34:13Z
KRW-BTC,2023-06-14T00:00:00,2023-06-14T09:00:00,33913000.0,34119000.0,32779000.0,33007000.0,4128.49087432,33007000.0,upbit,2026-06-28T04:34:13Z
KRW-BTC,2023-06-15T00:00:00,2023-06-15T09:00:00,33007000.0,33618000.0,32510000.0,33449000.0,3841.66442528,33449000.0,upbit,2026-06-28T04:34:13Z
KRW-BTC,2023-06-16T00:00:00,2023-06-16T09:00:00,33449000.0,34758000.0,33121000.0,34501000.0,3402.6450261,34501000.0,upbit,2026-06-28T04:34:13Z
KRW-BTC,2023-06-17T00:00:00,2023-06-17T09:00:00,34515000.0,35080000.0,34320000.0,34780000.0,2597.63649947,34780000.0,upbit,2026-06-28T04:34:13Z
KRW-BTC,2023-06-18T00:00:00,2023-06-18T09:00:00,34780000.0,34942000.0,34463000.0,34466000.0,1583.13965073,34466000.0,upbit,2026-06-28T04:34:13Z
KRW-BTC,2023-06-19T00:00:00,2023-06-19T09:00:00,34466000.0,35375000.0,34455000.0,35092000.0,2502.20113191,35092000.0,upbit,2026-06-28T04:34:13Z
KRW-BTC,2023-06-20T00:00:00,2023-06-20T09:00:00,35095000.0,37100000.0,35000000.0,36946000.0,5488.63849039,36946000.0,upbit,2026-06-28T04:34:13Z
KRW-BTC,2023-06-21T00:00:00,2023-06-21T09:00:00,36955000.0,40100000.0,36870000.0,39135000.0,10873.38440224,39135000.0,upbit,2026-06-28T04:34:13Z
KRW-BTC,2023-06-22T00:00:00,2023-06-22T09:00:00,39135000.0,39861000.0,38901000.0,39125000.0,6599.23054561,39125000.0,upbit,2026-06-28T04:34:13Z
KRW-BTC,2023-06-23T00:00:00,2023-06-23T09:00:00,39125000.0,41388000.0,39111000.0,40651000.0,8004.81933949,40651000.0,upbit,2026-06-28T04:34:13Z
KRW-BTC,2023-06-24T00:00:00,2023-06-24T09:00:00,40651000.0,40931000.0,40383000.0,40659000.0,3933.82560218,40659000.0,upbit,2026-06-28T04:34:13Z
KRW-BTC,2023-06-25T00:00:00,2023-06-25T09:00:00,40659000.0,41399000.0,40197000.0,40352000.0,4478.46628595,40352000.0,upbit,2026-06-28T04:34:13Z
KRW-BTC,2023-06-26T00:00:00,2023-06-26T09:00:00,40352000.0,40599000.0,39555000.0,40077000.0,4959.92502999,40077000.0,upbit,2026-06-28T04:34:13Z
KRW-BTC,2023-06-27T00:00:00,2023-06-27T09:00:00,40094000.0,40950000.0,39963000.0,40585000.0,4130.90265871,40585000.0,upbit,2026-06-28T04:34:13Z
KRW-BTC,2023-06-28T00:00:00,2023-06-28T09:00:00,40587000.0,40629000.0,39966000.0,40020000.0,2988.75782373,40020000.0,upbit,2026-06-28T04:34:13Z
KRW-BTC,2023-06-29T00:00:00,2023-06-29T09:00:00,40017000.0,41048000.0,39997000.0,40583000.0,3490.48826462,40583000.0,upbit,2026-06-28T04:34:13Z
KRW-BTC,2023-06-30T00:00:00,2023-06-30T09:00:00,40583000.0,41569000.0,39500000.0,40547000.0,8585.54386205,40547000.0,upbit,2026-06-28T04:34:13Z
KRW-BTC,2023-07-01T00:00:00,2023-07-01T09:00:00,40547000.0,40877000.0,40391000.0,40691000.0,2709.93708765,40691000.0,upbit,2026-06-28T04:34:13Z
KRW-BTC,2023-07-02T00:00:00,2023-07-02T09:00:00,40712000.0,40875000.0,40250000.0,40652000.0,2235.26869848,40652000.0,upbit,2026-06-28T04:34:13Z
KRW-BTC,2023-07-03T00:00:00,2023-07-03T09:00:00,40652000.0,41377000.0,40470000.0,41200000.0,3276.85791261,41200000.0,upbit,2026-06-28T04:34:13Z
KRW-BTC,2023-07-04T00:00:00,2023-07-04T09:00:00,41200000.0,41388000.0,40540000.0,40610000.0,3230.33213385,40610000.0,upbit,2026-06-28T04:34:13Z
KRW-BTC,2023-07-05T00:00:00,2023-07-05T09:00:00,40610000.0,40775000.0,39801000.0,40385000.0,3595.75188599,40385000.0,upbit,2026-06-28T04:34:13Z
KRW-BTC,2023-07-06T00:00:00,2023-07-06T09:00:00,40385000.0,41500000.0,39838000.0,39860000.0,5759.5913,39860000.0,upbit,2026-06-28T04:34:13Z
KRW-BTC,2023-07-07T00:00:00,2023-07-07T09:00:00,39864000.0,40330000.0,39676000.0,40240000.0,2687.61579838,40240000.0,upbit,2026-06-28T04:34:13Z
KRW-BTC,2023-07-08T00:00:00,2023-07-08T09:00:00,40241000.0,40253000.0,39920000.0,40153000.0,1299.84963736,40153000.0,upbit,2026-06-28T04:34:13Z
KRW-BTC,2023-07-09T00:00:00,2023-07-09T09:00:00,40154000.0,40302000.0,39770000.0,39832000.0,1485.27012622,39832000.0,upbit,2026-06-28T04:34:13Z
KRW-BTC,2023-07-10T00:00:00,2023-07-10T09:00:00,39839000.0,40784000.0,39666000.0,40050000.0,2829.62290954,40050000.0,upbit,2026-06-28T04:34:13Z
KRW-BTC,2023-07-11T00:00:00,2023-07-11T09:00:00,40060000.0,40387000.0,39946000.0,40117000.0,2541.05729369,40117000.0,upbit,2026-06-28T04:34:13Z
KRW-BTC,2023-07-12T00:00:00,2023-07-12T09:00:00,40117000.0,40600000.0,39751000.0,39804000.0,3241.64008104,39804000.0,upbit,2026-06-28T04:34:13Z
KRW-BTC,2023-07-13T00:00:00,2023-07-13T09:00:00,39803000.0,40456000.0,39356000.0,40112000.0,7976.01139394,40112000.0,upbit,2026-06-28T04:34:13Z
KRW-BTC,2023-07-14T00:00:00,2023-07-14T09:00:00,40101000.0,40220000.0,38710000.0,39092000.0,5755.46123676,39092000.0,upbit,2026-06-28T04:34:13Z
KRW-BTC,2023-07-15T00:00:00,2023-07-15T09:00:00,39092000.0,39144000.0,38786000.0,38889000.0,2903.65801258,38889000.0,upbit,2026-06-28T04:34:13Z
KRW-BTC,2023-07-16T00:00:00,2023-07-16T09:00:00,38889000.0,39153000.0,38687000.0,38933000.0,2022.77368422,38933000.0,upbit,2026-06-28T04:34:13Z
KRW-BTC,2023-07-17T00:00:00,2023-07-17T09:00:00,38946000.0,39022000.0,38350000.0,38742000.0,2582.39550489,38742000.0,upbit,2026-06-28T04:34:13Z
KRW-BTC,2023-07-18T00:00:00,2023-07-18T09:00:00,38761000.0,38828000.0,38098000.0,38401000.0,2601.55598996,38401000.0,upbit,2026-06-28T04:34:13Z
KRW-BTC,2023-07-19T00:00:00,2023-07-19T09:00:00,38402000.0,38850000.0,38300000.0,38323000.0,2432.74678152,38323000.0,upbit,2026-06-28T04:34:13Z
KRW-BTC,2023-07-20T00:00:00,2023-07-20T09:00:00,38322000.0,39100000.0,38316000.0,38567000.0,3246.54052293,38567000.0,upbit,2026-06-28T04:34:13Z
KRW-BTC,2023-07-21T00:00:00,2023-07-21T09:00:00,38567000.0,38908000.0,38530000.0,38829000.0,2103.13941171,38829000.0,upbit,2026-06-28T04:34:13Z
KRW-BTC,2023-07-22T00:00:00,2023-07-22T09:00:00,38838000.0,38934000.0,38600000.0,38776000.0,1447.07839081,38776000.0,upbit,2026-06-28T04:34:13Z
KRW-BTC,2023-07-23T00:00:00,2023-07-23T09:00:00,38759000.0,39220000.0,38625000.0,38945000.0,2211.14927257,38945000.0,upbit,2026-06-28T04:34:13Z
KRW-BTC,2023-07-24T00:00:00,2023-07-24T09:00:00,38944000.0,39019000.0,37700000.0,37892000.0,4398.31412006,37892000.0,upbit,2026-06-28T04:34:13Z
KRW-BTC,2023-07-25T00:00:00,2023-07-25T09:00:00,37892000.0,38116000.0,37626000.0,37910000.0,2433.9221882,37910000.0,upbit,2026-06-28T04:34:13Z
KRW-BTC,2023-07-26T00:00:00,2023-07-26T09:00:00,37910000.0,38300000.0,37700000.0,37918000.0,2477.2628933,37918000.0,upbit,2026-06-28T04:34:13Z
KRW-BTC,2023-07-27T00:00:00,2023-07-27T09:00:00,37918000.0,38299000.0,37841000.0,37874000.0,3271.72655723,37874000.0,upbit,2026-06-28T04:34:13Z
KRW-BTC,2023-07-28T00:00:00,2023-07-28T09:00:00,37877000.0,38200000.0,37704000.0,37932000.0,2964.5947422,37932000.0,upbit,2026-06-28T04:34:13Z
KRW-BTC,2023-07-29T00:00:00,2023-07-29T09:00:00,37932000.0,38052000.0,37879000.0,37901000.0,1180.6781332,37901000.0,upbit,2026-06-28T04:34:13Z
KRW-BTC,2023-07-30T00:00:00,2023-07-30T09:00:00,37901000.0,38150000.0,37762000.0,37850000.0,2378.17661892,37850000.0,upbit,2026-06-28T04:34:13Z
KRW-BTC,2023-07-31T00:00:00,2023-07-31T09:00:00,37850000.0,38139000.0,37805000.0,37929000.0,2383.01012579,37929000.0,upbit,2026-06-28T04:34:13Z
KRW-BTC,2023-08-01T00:00:00,2023-08-01T09:00:00,37928000.0,38684000.0,37510000.0,38642000.0,3035.90069302,38642000.0,upbit,2026-06-28T04:34:13Z
KRW-BTC,2023-08-02T00:00:00,2023-08-02T09:00:00,38642000.0,39131000.0,38142000.0,38358000.0,3344.79997698,38358000.0,upbit,2026-06-28T04:34:13Z
KRW-BTC,2023-08-03T00:00:00,2023-08-03T09:00:00,38358000.0,38800000.0,38215000.0,38436000.0,2032.73569956,38436000.0,upbit,2026-06-28T04:34:13Z
KRW-BTC,2023-08-04T00:00:00,2023-08-04T09:00:00,38436000.0,38715000.0,38250000.0,38492000.0,2256.9466739,38492000.0,upbit,2026-06-28T04:34:13Z
KRW-BTC,2023-08-05T00:00:00,2023-08-05T09:00:00,38493000.0,38590000.0,38341000.0,38474000.0,2113.69677535,38474000.0,upbit,2026-06-28T04:34:13Z
KRW-BTC,2023-08-06T00:00:00,2023-08-06T09:00:00,38476000.0,38788000.0,38432000.0,38605000.0,3520.86968381,38605000.0,upbit,2026-06-28T04:34:13Z
KRW-BTC,2023-08-07T00:00:00,2023-08-07T09:00:00,38605000.0,38809000.0,38081000.0,38622000.0,7095.41631462,38622000.0,upbit,2026-06-28T04:34:13Z
KRW-BTC,2023-08-08T00:00:00,2023-08-08T09:00:00,38622000.0,39580000.0,38570000.0,39437000.0,3956.68315457,39437000.0,upbit,2026-06-28T04:34:13Z
KRW-BTC,2023-08-09T00:00:00,2023-08-09T09:00:00,39437000.0,39850000.0,39076000.0,39209000.0,3299.56867529,39209000.0,upbit,2026-06-28T04:34:13Z
KRW-BTC,2023-08-10T00:00:00,2023-08-10T09:00:00,39209000.0,39397000.0,39010000.0,39119000.0,2713.94553163,39119000.0,upbit,2026-06-28T04:34:13Z
KRW-BTC,2023-08-11T00:00:00,2023-08-11T09:00:00,39119000.0,39410000.0,39050000.0,39233000.0,1877.91210358,39233000.0,upbit,2026-06-28T04:34:13Z
KRW-BTC,2023-08-12T00:00:00,2023-08-12T09:00:00,39233000.0,39316000.0,39099000.0,39283000.0,1450.6799782,39283000.0,upbit,2026-06-28T04:34:13Z
KRW-BTC,2023-08-13T00:00:00,2023-08-13T09:00:00,39283000.0,39330000.0,39101000.0,39118000.0,1323.87308566,39118000.0,upbit,2026-06-28T04:34:13Z
KRW-BTC,2023-08-14T00:00:00,2023-08-14T09:00:00,39118000.0,39640000.0,38895000.0,39288000.0,2247.99874816,39288000.0,upbit,2026-06-28T04:34:13Z
KRW-BTC,2023-08-15T00:00:00,2023-08-15T09:00:00,39288000.0,39668000.0,39275000.0,39404000.0,3383.23584164,39404000.0,upbit,2026-06-28T04:34:13Z
KRW-BTC,2023-08-16T00:00:00,2023-08-16T09:00:00,39404000.0,39600000.0,39001000.0,39001000.0,4144.93132559,39001000.0,upbit,2026-06-28T04:34:13Z
KRW-BTC,2023-08-17T00:00:00,2023-08-17T09:00:00,39001000.0,39092000.0,36261000.0,36588000.0,9224.23479462,36588000.0,upbit,2026-06-28T04:34:13Z
KRW-BTC,2023-08-18T00:00:00,2023-08-18T09:00:00,36588000.0,36848000.0,35384000.0,35890000.0,9256.75234641,35890000.0,upbit,2026-06-28T04:34:13Z
KRW-BTC,2023-08-19T00:00:00,2023-08-19T09:00:00,35899000.0,36240000.0,35587000.0,36056000.0,2670.31605801,36056000.0,upbit,2026-06-28T04:34:13Z
KRW-BTC,2023-08-20T00:00:00,2023-08-20T09:00:00,36071000.0,36225000.0,35754000.0,35949000.0,1654.93693763,35949000.0,upbit,2026-06-28T04:34:13Z
KRW-BTC,2023-08-21T00:00:00,2023-08-21T09:00:00,35946000.0,35967000.0,35500000.0,35769000.0,2142.99960623,35769000.0,upbit,2026-06-28T04:34:13Z
KRW-BTC,2023-08-22T00:00:00,2023-08-22T09:00:00,35769000.0,35877000.0,35150000.0,35684000.0,2434.37426024,35684000.0,upbit,2026-06-28T04:34:13Z
KRW-BTC,2023-08-23T00:00:00,2023-08-23T09:00:00,35686000.0,36350000.0,35320000.0,35941000.0,2242.66645398,35941000.0,upbit,2026-06-28T04:34:13Z
KRW-BTC,2023-08-24T00:00:00,2023-08-24T09:00:00,35941000.0,36056000.0,35330000.0,35635000.0,1899.01993705,35635000.0,upbit,2026-06-28T04:34:13Z
KRW-BTC,2023-08-25T00:00:00,2023-08-25T09:00:00,35646000.0,35797000.0,35200000.0,35479000.0,2117.11461503,35479000.0,upbit,2026-06-28T04:34:13Z
KRW-BTC,2023-08-26T00:00:00,2023-08-26T09:00:00,35479000.0,35564000.0,35385000.0,35398000.0,672.27237906,35398000.0,upbit,2026-06-28T04:34:13Z
KRW-BTC,2023-08-27T00:00:00,2023-08-27T09:00:00,35400000.0,35553000.0,35374000.0,35402000.0,845.25346452,35402000.0,upbit,2026-06-28T04:34:13Z
KRW-BTC,2023-08-28T00:00:00,2023-08-28T09:00:00,35400000.0,35544000.0,35050000.0,35335000.0,1815.49057785,35335000.0,upbit,2026-06-28T04:34:13Z
KRW-BTC,2023-08-29T00:00:00,2023-08-29T09:00:00,35335000.0,37932000.0,35138000.0,37445000.0,6996.57927831,37445000.0,upbit,2026-06-28T04:34:13Z
KRW-BTC,2023-08-30T00:00:00,2023-08-30T09:00:00,37441000.0,37568000.0,36760000.0,37109000.0,4503.91825355,37109000.0,upbit,2026-06-28T04:34:13Z
KRW-BTC,2023-08-31T00:00:00,2023-08-31T09:00:00,37110000.0,37500000.0,35400000.0,35502000.0,5086.6186881,35502000.0,upbit,2026-06-28T04:34:13Z
KRW-BTC,2023-09-01T00:00:00,2023-09-01T09:00:00,35502000.0,35695000.0,35000000.0,35350000.0,5520.94616028,35350000.0,upbit,2026-06-28T04:34:13Z
KRW-BTC,2023-09-02T00:00:00,2023-09-02T09:00:00,35350000.0,35570000.0,35006000.0,35204000.0,6333.54306521,35204000.0,upbit,2026-06-28T04:34:13Z
KRW-BTC,2023-09-03T00:00:00,2023-09-03T09:00:00,35204000.0,35444000.0,35105000.0,35308000.0,2810.79936801,35308000.0,upbit,2026-06-28T04:34:13Z
KRW-BTC,2023-09-04T00:00:00,2023-09-04T09:00:00,35312000.0,35350000.0,34863000.0,35011000.0,3280.50767726,35011000.0,upbit,2026-06-28T04:34:13Z
KRW-BTC,2023-09-05T00:00:00,2023-09-05T09:00:00,35035000.0,35207000.0,34791000.0,35056000.0,3025.89362339,35056000.0,upbit,2026-06-28T04:34:13Z
KRW-BTC,2023-09-06T00:00:00,2023-09-06T09:00:00,35054000.0,35310000.0,34730000.0,35029000.0,2111.49981419,35029000.0,upbit,2026-06-28T04:34:13Z
KRW-BTC,2023-09-07T00:00:00,2023-09-07T09:00:00,35025000.0,35864000.0,34903000.0,35615000.0,1985.80007621,35615000.0,upbit,2026-06-28T04:34:13Z
KRW-BTC,2023-09-08T00:00:00,2023-09-08T09:00:00,35644000.0,35823000.0,35020000.0,35295000.0,2600.36718222,35295000.0,upbit,2026-06-28T04:34:13Z
KRW-BTC,2023-09-09T00:00:00,2023-09-09T09:00:00,35295000.0,35314000.0,35150000.0,35280000.0,1238.27863378,35280000.0,upbit,2026-06-28T04:34:13Z
KRW-BTC,2023-09-10T00:00:00,2023-09-10T09:00:00,35280000.0,35450000.0,35030000.0,35196000.0,1767.33268683,35196000.0,upbit,2026-06-28T04:34:13Z
KRW-BTC,2023-09-11T00:00:00,2023-09-11T09:00:00,35196000.0,35256000.0,34100000.0,34327000.0,3912.70930088,34327000.0,upbit,2026-06-28T04:34:13Z
KRW-BTC,2023-09-12T00:00:00,2023-09-12T09:00:00,34330000.0,35861000.0,34286000.0,35077000.0,4685.11366878,35077000.0,upbit,2026-06-28T04:34:13Z
KRW-BTC,2023-09-13T00:00:00,2023-09-13T09:00:00,35076000.0,35749000.0,35000000.0,35497000.0,3451.70002962,35497000.0,upbit,2026-06-28T04:34:13Z
KRW-BTC,2023-09-14T00:00:00,2023-09-14T09:00:00,35499000.0,36310000.0,35408000.0,35889000.0,3742.61235483,35889000.0,upbit,2026-06-28T04:34:13Z
KRW-BTC,2023-09-15T00:00:00,2023-09-15T09:00:00,35873000.0,36193000.0,35547000.0,35928000.0,3336.88755512,35928000.0,upbit,2026-06-28T04:34:13Z
KRW-BTC,2023-09-16T00:00:00,2023-09-16T09:00:00,35907000.0,36051000.0,35800000.0,35938000.0,2192.88512486,35938000.0,upbit,2026-06-28T04:34:13Z
KRW-BTC,2023-09-17T00:00:00,2023-09-17T09:00:00,35939000.0,35996000.0,35650000.0,35758000.0,2014.74409253,35758000.0,upbit,2026-06-28T04:34:13Z
KRW-BTC,2023-09-18T00:00:00,2023-09-18T09:00:00,35758000.0,36801000.0,35658000.0,36000000.0,3943.4175099,36000000.0,upbit,2026-06-28T04:34:13Z
KRW-BTC,2023-09-19T00:00:00,2023-09-19T09:00:00,36000000.0,36820000.0,35750000.0,36500000.0,3097.74850512,36500000.0,upbit,2026-06-28T04:34:13Z
KRW-BTC,2023-09-20T00:00:00,2023-09-20T09:00:00,36509000.0,36743000.0,36150000.0,36501000.0,2853.88170307,36501000.0,upbit,2026-06-28T04:34:13Z
KRW-BTC,2023-09-21T00:00:00,2023-09-21T09:00:00,36502000.0,36659000.0,35818000.0,36012000.0,3438.83869913,36012000.0,upbit,2026-06-28T04:34:13Z
KRW-BTC,2023-09-22T00:00:00,2023-09-22T09:00:00,35989000.0,36129000.0,35900000.0,35952000.0,2075.65459659,35952000.0,upbit,2026-06-28T04:34:13Z
KRW-BTC,2023-09-23T00:00:00,2023-09-23T09:00:00,35964000.0,36019000.0,35901000.0,35960000.0,999.55399584,35960000.0,upbit,2026-06-28T04:34:13Z
KRW-BTC,2023-09-24T00:00:00,2023-09-24T09:00:00,35951000.0,36100000.0,35500000.0,35534000.0,1635.89364001,35534000.0,upbit,2026-06-28T04:34:13Z
KRW-BTC,2023-09-25T00:00:00,2023-09-25T09:00:00,35530000.0,35701000.0,35176000.0,35491000.0,2877.48269704,35491000.0,upbit,2026-06-28T04:34:13Z
KRW-BTC,2023-09-26T00:00:00,2023-09-26T09:00:00,35497000.0,35805000.0,35428000.0,35566000.0,2209.87507796,35566000.0,upbit,2026-06-28T04:34:13Z
KRW-BTC,2023-09-27T00:00:00,2023-09-27T09:00:00,35566000.0,36485000.0,35560000.0,35982000.0,3281.14651657,35982000.0,upbit,2026-06-28T04:34:13Z
KRW-BTC,2023-09-28T00:00:00,2023-09-28T09:00:00,35979000.0,36999000.0,35933000.0,36596000.0,2834.06267564,36596000.0,upbit,2026-06-28T04:34:13Z
KRW-BTC,2023-09-29T00:00:00,2023-09-29T09:00:00,36596000.0,36868000.0,36260000.0,36444000.0,1841.58706365,36444000.0,upbit,2026-06-28T04:34:13Z
KRW-BTC,2023-09-30T00:00:00,2023-09-30T09:00:00,36444000.0,36740000.0,36404000.0,36600000.0,1372.41615254,36600000.0,upbit,2026-06-28T04:34:13Z
KRW-BTC,2023-10-01T00:00:00,2023-10-01T09:00:00,36614000.0,37817000.0,36555000.0,37789000.0,2733.22252426,37789000.0,upbit,2026-06-28T04:34:13Z
KRW-BTC,2023-10-02T00:00:00,2023-10-02T09:00:00,37788000.0,38720000.0,37200000.0,37424000.0,4894.78634431,37424000.0,upbit,2026-06-28T04:34:13Z
KRW-BTC,2023-10-03T00:00:00,2023-10-03T09:00:00,37424000.0,37791000.0,37012000.0,37197000.0,2600.08235706,37197000.0,upbit,2026-06-28T04:34:13Z
KRW-BTC,2023-10-04T00:00:00,2023-10-04T09:00:00,37198000.0,37740000.0,37036000.0,37595000.0,2387.11196686,37595000.0,upbit,2026-06-28T04:34:13Z
KRW-BTC,2023-10-05T00:00:00,2023-10-05T09:00:00,37592000.0,38096000.0,37240000.0,37258000.0,2329.61562457,37258000.0,upbit,2026-06-28T04:34:13Z
KRW-BTC,2023-10-06T00:00:00,2023-10-06T09:00:00,37258000.0,38124000.0,37050000.0,37798000.0,2400.327927,37798000.0,upbit,2026-06-28T04:34:13Z
KRW-BTC,2023-10-07T00:00:00,2023-10-07T09:00:00,37798000.0,37997000.0,37725000.0,37902000.0,1006.0876418,37902000.0,upbit,2026-06-28T04:34:13Z
KRW-BTC,2023-10-08T00:00:00,2023-10-08T09:00:00,37902000.0,38109000.0,37587000.0,37929000.0,1880.64238934,37929000.0,upbit,2026-06-28T04:34:13Z
KRW-BTC,2023-10-09T00:00:00,2023-10-09T09:00:00,37929000.0,38047000.0,37237000.0,37595000.0,3186.87540521,37595000.0,upbit,2026-06-28T04:34:13Z
KRW-BTC,2023-10-10T00:00:00,2023-10-10T09:00:00,37595000.0,37810000.0,37262000.0,37336000.0,2088.59646744,37336000.0,upbit,2026-06-28T04:34:13Z
KRW-BTC,2023-10-11T00:00:00,2023-10-11T09:00:00,37323000.0,37403000.0,36291000.0,36671000.0,3302.24816453,36671000.0,upbit,2026-06-28T04:34:13Z
KRW-BTC,2023-10-12T00:00:00,2023-10-12T09:00:00,36671000.0,36880000.0,36408000.0,36750000.0,1763.26549608,36750000.0,upbit,2026-06-28T04:34:13Z
KRW-BTC,2023-10-13T00:00:00,2023-10-13T09:00:00,36750000.0,37193000.0,36724000.0,36968000.0,1756.99023804,36968000.0,upbit,2026-06-28T04:34:13Z
KRW-BTC,2023-10-14T00:00:00,2023-10-14T09:00:00,36968000.0,37156000.0,36700000.0,36790000.0,1222.06533918,36790000.0,upbit,2026-06-28T04:34:13Z
KRW-BTC,2023-10-15T00:00:00,2023-10-15T09:00:00,36790000.0,37189000.0,36659000.0,37086000.0,1648.56771035,37086000.0,upbit,2026-06-28T04:34:13Z
KRW-BTC,2023-10-16T00:00:00,2023-10-16T09:00:00,37087000.0,40700000.0,37000000.0,38697000.0,9125.6095245,38697000.0,upbit,2026-06-28T04:34:13Z
KRW-BTC,2023-10-17T00:00:00,2023-10-17T09:00:00,38686000.0,38947000.0,38156000.0,38652000.0,3189.76773803,38652000.0,upbit,2026-06-28T04:34:13Z
KRW-BTC,2023-10-18T00:00:00,2023-10-18T09:00:00,38652000.0,39380000.0,38479000.0,38710000.0,2698.75413038,38710000.0,upbit,2026-06-28T04:34:13Z
KRW-BTC,2023-10-19T00:00:00,2023-10-19T09:00:00,38672000.0,39250000.0,38550000.0,39000000.0,4211.27040526,39000000.0,upbit,2026-06-28T04:34:13Z
KRW-BTC,2023-10-20T00:00:00,2023-10-20T09:00:00,39000000.0,40700000.0,38820000.0,40250000.0,6455.83376435,40250000.0,upbit,2026-06-28T04:34:13Z
KRW-BTC,2023-10-21T00:00:00,2023-10-21T09:00:00,40250000.0,40745000.0,39975000.0,40400000.0,2554.62807083,40400000.0,upbit,2026-06-28T04:34:13Z
KRW-BTC,2023-10-22T00:00:00,2023-10-22T09:00:00,40406000.0,40736000.0,40117000.0,40354000.0,2733.23876209,40354000.0,upbit,2026-06-28T04:34:13Z
KRW-BTC,2023-10-23T00:00:00,2023-10-23T09:00:00,40354000.0,45165000.0,40307000.0,44179000.0,11111.91639708,44179000.0,upbit,2026-06-28T04:34:13Z
KRW-BTC,2023-10-24T00:00:00,2023-10-24T09:00:00,44179000.0,47459000.0,43820000.0,45599000.0,17112.17695256,45599000.0,upbit,2026-06-28T04:34:13Z
KRW-BTC,2023-10-25T00:00:00,2023-10-25T09:00:00,45593000.0,47355000.0,45556000.0,46484000.0,7593.96895691,46484000.0,upbit,2026-06-28T04:34:13Z
KRW-BTC,2023-10-26T00:00:00,2023-10-26T09:00:00,46485000.0,47093000.0,45631000.0,46141000.0,6702.74205085,46141000.0,upbit,2026-06-28T04:34:13Z
KRW-BTC,2023-10-27T00:00:00,2023-10-27T09:00:00,46140000.0,46205000.0,45450000.0,45980000.0,3075.95792102,45980000.0,upbit,2026-06-28T04:34:13Z
KRW-BTC,2023-10-28T00:00:00,2023-10-28T09:00:00,45980000.0,46780000.0,45955000.0,46314000.0,2191.55682092,46314000.0,upbit,2026-06-28T04:34:13Z
KRW-BTC,2023-10-29T00:00:00,2023-10-29T09:00:00,46316000.0,47028000.0,46285000.0,46825000.0,2408.99526887,46825000.0,upbit,2026-06-28T04:34:13Z
KRW-BTC,2023-10-30T00:00:00,2023-10-30T09:00:00,46825000.0,47215000.0,46417000.0,46732000.0,4138.81726801,46732000.0,upbit,2026-06-28T04:34:13Z
KRW-BTC,2023-10-31T00:00:00,2023-10-31T09:00:00,46734000.0,47050000.0,46302000.0,47030000.0,4120.3851524,47030000.0,upbit,2026-06-28T04:34:13Z
KRW-BTC,2023-11-01T00:00:00,2023-11-01T09:00:00,47030000.0,48165000.0,46720000.0,48079000.0,6327.33174114,48079000.0,upbit,2026-06-28T04:34:13Z
KRW-BTC,2023-11-02T00:00:00,2023-11-02T09:00:00,48100000.0,48661000.0,46732000.0,47516000.0,5972.0703977,47516000.0,upbit,2026-06-28T04:34:13Z
KRW-BTC,2023-11-03T00:00:00,2023-11-03T09:00:00,47524000.0,47524000.0,46203000.0,46676000.0,4936.17064119,46676000.0,upbit,2026-06-28T04:34:13Z
KRW-BTC,2023-11-04T00:00:00,2023-11-04T09:00:00,46675000.0,47246000.0,46473000.0,47050000.0,2806.91856547,47050000.0,upbit,2026-06-28T04:34:13Z
KRW-BTC,2023-11-05T00:00:00,2023-11-05T09:00:00,47052000.0,47500000.0,46670000.0,47056000.0,3392.8399816,47056000.0,upbit,2026-06-28T04:34:13Z
KRW-BTC,2023-11-06T00:00:00,2023-11-06T09:00:00,47056000.0,47197000.0,46471000.0,46781000.0,3504.69710331,46781000.0,upbit,2026-06-28T04:34:13Z
KRW-BTC,2023-11-07T00:00:00,2023-11-07T09:00:00,46781000.0,47696000.0,46300000.0,47301000.0,3939.2516709,47301000.0,upbit,2026-06-28T04:34:13Z
KRW-BTC,2023-11-08T00:00:00,2023-11-08T09:00:00,47301000.0,47900000.0,46927000.0,47458000.0,2949.25778949,47458000.0,upbit,2026-06-28T04:34:13Z
KRW-BTC,2023-11-09T00:00:00,2023-11-09T09:00:00,47457000.0,50278000.0,47401000.0,49400000.0,11141.9610064,49400000.0,upbit,2026-06-28T04:34:13Z
KRW-BTC,2023-11-10T00:00:00,2023-11-10T09:00:00,49400000.0,50215000.0,48759000.0,50030000.0,6043.14362454,50030000.0,upbit,2026-06-28T04:34:13Z
KRW-BTC,2023-11-11T00:00:00,2023-11-11T09:00:00,50030000.0,50100000.0,49230000.0,49629000.0,3533.85638572,49629000.0,upbit,2026-06-28T04:34:13Z
KRW-BTC,2023-11-12T00:00:00,2023-11-12T09:00:00,49629000.0,49929000.0,49141000.0,49418000.0,3274.7534793,49418000.0,upbit,2026-06-28T04:34:13Z
KRW-BTC,2023-11-13T00:00:00,2023-11-13T09:00:00,49418000.0,49803000.0,49000000.0,49154000.0,3616.16847856,49154000.0,upbit,2026-06-28T04:34:13Z
KRW-BTC,2023-11-14T00:00:00,2023-11-14T09:00:00,49151000.0,49633000.0,47524000.0,47969000.0,5902.63410005,47969000.0,upbit,2026-06-28T04:34:13Z
KRW-BTC,2023-11-15T00:00:00,2023-11-15T09:00:00,47969000.0,50552000.0,47018000.0,50457000.0,6306.63752813,50457000.0,upbit,2026-06-28T04:34:13Z
KRW-BTC,2023-11-16T00:00:00,2023-11-16T09:00:00,50463000.0,50652000.0,48115000.0,48868000.0,5432.88965934,48868000.0,upbit,2026-06-28T04:34:13Z
KRW-BTC,2023-11-17T00:00:00,2023-11-17T09:00:00,48878000.0,49501000.0,48552000.0,49390000.0,3480.16145402,49390000.0,upbit,2026-06-28T04:34:13Z
KRW-BTC,2023-11-18T00:00:00,2023-11-18T09:00:00,49390000.0,49507000.0,48862000.0,49165000.0,1849.64117899,49165000.0,upbit,2026-06-28T04:34:13Z
KRW-BTC,2023-11-19T00:00:00,2023-11-19T09:00:00,49190000.0,49999000.0,49000000.0,49800000.0,2013.89896514,49800000.0,upbit,2026-06-28T04:34:13Z
KRW-BTC,2023-11-20T00:00:00,2023-11-20T09:00:00,49800000.0,50305000.0,49283000.0,50170000.0,3173.09186779,50170000.0,upbit,2026-06-28T04:34:13Z
KRW-BTC,2023-11-21T00:00:00,2023-11-21T09:00:00,50170000.0,50389000.0,48510000.0,48510000.0,5154.0749487,48510000.0,upbit,2026-06-28T04:34:13Z
KRW-BTC,2023-11-22T00:00:00,2023-11-22T09:00:00,48521000.0,50499000.0,48391000.0,50042000.0,4203.05718026,50042000.0,upbit,2026-06-28T04:34:13Z
KRW-BTC,2023-11-23T00:00:00,2023-11-23T09:00:00,50050000.0,50253000.0,49500000.0,49929000.0,2375.37097906,49929000.0,upbit,2026-06-28T04:34:13Z
KRW-BTC,2023-11-24T00:00:00,2023-11-24T09:00:00,49936000.0,51323000.0,49888000.0,50601000.0,3684.13103632,50601000.0,upbit,2026-06-28T04:34:13Z
KRW-BTC,2023-11-25T00:00:00,2023-11-25T09:00:00,50606000.0,50802000.0,50307000.0,50533000.0,1735.64159119,50533000.0,upbit,2026-06-28T04:34:13Z
KRW-BTC,2023-11-26T00:00:00,2023-11-26T09:00:00,50533000.0,50610000.0,50019000.0,50210000.0,1931.40729605,50210000.0,upbit,2026-06-28T04:34:13Z
KRW-BTC,2023-11-27T00:00:00,2023-11-27T09:00:00,50210000.0,50446000.0,49500000.0,50275000.0,2967.23413174,50275000.0,upbit,2026-06-28T04:34:13Z
KRW-BTC,2023-11-28T00:00:00,2023-11-28T09:00:00,50274000.0,51095000.0,49550000.0,50576000.0,3070.18580271,50576000.0,upbit,2026-06-28T04:34:13Z
KRW-BTC,2023-11-29T00:00:00,2023-11-29T09:00:00,50576000.0,51250000.0,50419000.0,50720000.0,2831.02552019,50720000.0,upbit,2026-06-28T04:34:13Z
KRW-BTC,2023-11-30T00:00:00,2023-11-30T09:00:00,50720000.0,50963000.0,50445000.0,50586000.0,2773.4807392,50586000.0,upbit,2026-06-28T04:34:13Z
KRW-BTC,2023-12-01T00:00:00,2023-12-01T09:00:00,50601000.0,52000000.0,50500000.0,51709000.0,4022.03933345,51709000.0,upbit,2026-06-28T04:34:13Z
KRW-BTC,2023-12-02T00:00:00,2023-12-02T09:00:00,51710000.0,52833000.0,51645000.0,52603000.0,2689.11690841,52603000.0,upbit,2026-06-28T04:34:13Z
KRW-BTC,2023-12-03T00:00:00,2023-12-03T09:00:00,52615000.0,53864000.0,52531000.0,53700000.0,3551.85450167,53700000.0,upbit,2026-06-28T04:34:13Z
KRW-BTC,2023-12-04T00:00:00,2023-12-04T09:00:00,53761000.0,57337000.0,53690000.0,56920000.0,11395.02751964,56920000.0,upbit,2026-06-28T04:34:13Z
KRW-BTC,2023-12-05T00:00:00,2023-12-05T09:00:00,56922000.0,60769000.0,56000000.0,60227000.0,9996.25271209,60227000.0,upbit,2026-06-28T04:34:13Z
KRW-BTC,2023-12-06T00:00:00,2023-12-06T09:00:00,60230000.0,61312000.0,59572000.0,60314000.0,8840.70990951,60314000.0,upbit,2026-06-28T04:34:13Z
KRW-BTC,2023-12-07T00:00:00,2023-12-07T09:00:00,60295000.0,60958000.0,58555000.0,59250000.0,8318.92475677,59250000.0,upbit,2026-06-28T04:34:13Z
KRW-BTC,2023-12-08T00:00:00,2023-12-08T09:00:00,59237000.0,60753000.0,58750000.0,60142000.0,5252.13320218,60142000.0,upbit,2026-06-28T04:34:13Z
KRW-BTC,2023-12-09T00:00:00,2023-12-09T09:00:00,60148000.0,60395000.0,59680000.0,60082000.0,3528.90759303,60082000.0,upbit,2026-06-28T04:34:13Z
KRW-BTC,2023-12-10T00:00:00,2023-12-10T09:00:00,60082000.0,60277000.0,59563000.0,59835000.0,2575.29471124,59835000.0,upbit,2026-06-28T04:34:13Z
KRW-BTC,2023-12-11T00:00:00,2023-12-11T09:00:00,59834000.0,59918000.0,55460000.0,56950000.0,11981.70048829,56950000.0,upbit,2026-06-28T04:34:13Z
KRW-BTC,2023-12-12T00:00:00,2023-12-12T09:00:00,56950000.0,58780000.0,56654000.0,57605000.0,8005.13993037,57605000.0,upbit,2026-06-28T04:34:13Z
KRW-BTC,2023-12-13T00:00:00,2023-12-13T09:00:00,57605000.0,59924000.0,56500000.0,59056000.0,5623.2041578,59056000.0,upbit,2026-06-28T04:34:13Z
KRW-BTC,2023-12-14T00:00:00,2023-12-14T09:00:00,59056000.0,59500000.0,58002000.0,58735000.0,4548.14813078,58735000.0,upbit,2026-06-28T04:34:13Z
KRW-BTC,2023-12-15T00:00:00,2023-12-15T09:00:00,58727000.0,58973000.0,57632000.0,58028000.0,3771.61724969,58028000.0,upbit,2026-06-28T04:34:13Z
KRW-BTC,2023-12-16T00:00:00,2023-12-16T09:00:00,58020000.0,58562000.0,57574000.0,57935000.0,2546.60255462,57935000.0,upbit,2026-06-28T04:34:13Z
KRW-BTC,2023-12-17T00:00:00,2023-12-17T09:00:00,57928000.0,58017000.0,56700000.0,56710000.0,3121.98161119,56710000.0,upbit,2026-06-28T04:34:13Z
KRW-BTC,2023-12-18T00:00:00,2023-12-18T09:00:00,56710000.0,58184000.0,55002000.0,58130000.0,9358.51829274,58130000.0,upbit,2026-06-28T04:34:13Z
KRW-BTC,2023-12-19T00:00:00,2023-12-19T09:00:00,58099000.0,58944000.0,57260000.0,57845000.0,4742.2058516,57845000.0,upbit,2026-06-28T04:34:13Z
KRW-BTC,2023-12-20T00:00:00,2023-12-20T09:00:00,57840000.0,59873000.0,57580000.0,59351000.0,6248.37736262,59351000.0,upbit,2026-06-28T04:34:13Z
KRW-BTC,2023-12-21T00:00:00,2023-12-21T09:00:00,59350000.0,60000000.0,58924000.0,59479000.0,4490.29798433,59479000.0,upbit,2026-06-28T04:34:13Z
KRW-BTC,2023-12-22T00:00:00,2023-12-22T09:00:00,59479000.0,60419000.0,59094000.0,59532000.0,4790.38513967,59532000.0,upbit,2026-06-28T04:34:13Z
KRW-BTC,2023-12-23T00:00:00,2023-12-23T09:00:00,59532000.0,59700000.0,59000000.0,59250000.0,2340.10844959,59250000.0,upbit,2026-06-28T04:34:13Z
KRW-BTC,2023-12-24T00:00:00,2023-12-24T09:00:00,59249000.0,59600000.0,58000000.0,58002000.0,3729.33358016,58002000.0,upbit,2026-06-28T04:34:13Z
KRW-BTC,2023-12-25T00:00:00,2023-12-25T09:00:00,58002000.0,58659000.0,57464000.0,58042000.0,4687.20889184,58042000.0,upbit,2026-06-28T04:34:13Z
KRW-BTC,2023-12-26T00:00:00,2023-12-26T09:00:00,58042000.0,58140000.0,56349000.0,57032000.0,4735.23025583,57032000.0,upbit,2026-06-28T04:34:13Z
KRW-BTC,2023-12-27T00:00:00,2023-12-27T09:00:00,57032000.0,58212000.0,56349000.0,57920000.0,3965.8428233,57920000.0,upbit,2026-06-28T04:34:13Z
KRW-BTC,2023-12-28T00:00:00,2023-12-28T09:00:00,57920000.0,58468000.0,56700000.0,56907000.0,3958.81673633,56907000.0,upbit,2026-06-28T04:34:13Z
KRW-BTC,2023-12-29T00:00:00,2023-12-29T09:00:00,56904000.0,57300000.0,56000000.0,56450000.0,4273.27071779,56450000.0,upbit,2026-06-28T04:34:13Z
KRW-BTC,2023-12-30T00:00:00,2023-12-30T09:00:00,56450000.0,57150000.0,56101000.0,56639000.0,2301.72482929,56639000.0,upbit,2026-06-28T04:34:13Z
KRW-BTC,2023-12-31T00:00:00,2023-12-31T09:00:00,56639000.0,57437000.0,56452000.0,57047000.0,2308.38316024,57047000.0,upbit,2026-06-28T04:34:13Z
KRW-BTC,2024-01-01T00:00:00,2024-01-01T09:00:00,57045000.0,58847000.0,57045000.0,58839000.0,3165.32092908,58839000.0,upbit,2026-06-28T04:34:13Z
KRW-BTC,2024-01-02T00:00:00,2024-01-02T09:00:00,58839000.0,60997000.0,58814000.0,60206000.0,8221.19868374,60206000.0,upbit,2026-06-28T04:34:13Z
KRW-BTC,2024-01-03T00:00:00,2024-01-03T09:00:00,60205000.0,60799000.0,54346000.0,58581000.0,16310.30692586,58581000.0,upbit,2026-06-28T04:34:13Z
KRW-BTC,2024-01-04T00:00:00,2024-01-04T09:00:00,58581000.0,60162000.0,57319000.0,59477000.0,6254.53768656,59477000.0,upbit,2026-06-28T04:34:13Z
KRW-BTC,2024-01-05T00:00:00,2024-01-05T09:00:00,59477000.0,59695000.0,57577000.0,59351000.0,4822.3896766,59351000.0,upbit,2026-06-28T04:34:13Z
KRW-BTC,2024-01-06T00:00:00,2024-01-06T09:00:00,59351000.0,59518000.0,58651000.0,59329000.0,2482.6262327,59329000.0,upbit,2026-06-28T04:34:13Z
KRW-BTC,2024-01-07T00:00:00,2024-01-07T09:00:00,59329000.0,59879000.0,58630000.0,59108000.0,3285.09256035,59108000.0,upbit,2026-06-28T04:34:13Z
KRW-BTC,2024-01-08T00:00:00,2024-01-08T09:00:00,59108000.0,63410000.0,57801000.0,63010000.0,11161.48689391,63010000.0,upbit,2026-06-28T04:34:13Z
KRW-BTC,2024-01-09T00:00:00,2024-01-09T09:00:00,63011000.0,64385000.0,60748000.0,62014000.0,9882.55128738,62014000.0,upbit,2026-06-28T04:34:13Z
KRW-BTC,2024-01-10T00:00:00,2024-01-10T09:00:00,62001000.0,65000000.0,59730000.0,63621000.0,16442.71360776,63621000.0,upbit,2026-06-28T04:34:13Z
KRW-BTC,2024-01-11T00:00:00,2024-01-11T09:00:00,63621000.0,66779000.0,62246000.0,63550000.0,14392.35118741,63550000.0,upbit,2026-06-28T04:34:13Z
KRW-BTC,2024-01-12T00:00:00,2024-01-12T09:00:00,63560000.0,63820000.0,58200000.0,59435000.0,11517.51602146,59435000.0,upbit,2026-06-28T04:34:13Z
KRW-BTC,2024-01-13T00:00:00,2024-01-13T09:00:00,59430000.0,59860000.0,58174000.0,58968000.0,5542.07595015,58968000.0,upbit,2026-06-28T04:34:13Z
KRW-BTC,2024-01-14T00:00:00,2024-01-14T09:00:00,58968000.0,59254000.0,57312000.0,57391000.0,3950.54738176,57391000.0,upbit,2026-06-28T04:34:13Z
KRW-BTC,2024-01-15T00:00:00,2024-01-15T09:00:00,57380000.0,59340000.0,57332000.0,58354000.0,3967.32180816,58354000.0,upbit,2026-06-28T04:34:13Z
KRW-BTC,2024-01-16T00:00:00,2024-01-16T09:00:00,58416000.0,59577000.0,58169000.0,59196000.0,3748.9674189,59196000.0,upbit,2026-06-28T04:34:13Z
KRW-BTC,2024-01-17T00:00:00,2024-01-17T09:00:00,59197000.0,59300000.0,58269000.0,58776000.0,2837.33448993,58776000.0,upbit,2026-06-28T04:34:13Z
KRW-BTC,2024-01-18T00:00:00,2024-01-18T09:00:00,58776000.0,58900000.0,56754000.0,57284000.0,4268.88383965,57284000.0,upbit,2026-06-28T04:34:13Z
KRW-BTC,2024-01-19T00:00:00,2024-01-19T09:00:00,57281000.0,58180000.0,55935000.0,57739000.0,5634.88177074,57739000.0,upbit,2026-06-28T04:34:13Z
KRW-BTC,2024-01-20T00:00:00,2024-01-20T09:00:00,57738000.0,57796000.0,57242000.0,57517000.0,2127.46454183,57517000.0,upbit,2026-06-28T04:34:13Z
KRW-BTC,2024-01-21T00:00:00,2024-01-21T09:00:00,57550000.0,57942000.0,57350000.0,57387000.0,2003.6715815,57387000.0,upbit,2026-06-28T04:34:13Z
KRW-BTC,2024-01-22T00:00:00,2024-01-22T09:00:00,57392000.0,57543000.0,54659000.0,54689000.0,6334.41138362,54689000.0,upbit,2026-06-28T04:34:13Z
KRW-BTC,2024-01-23T00:00:00,2024-01-23T09:00:00,54689000.0,55576000.0,53125000.0,55389000.0,7696.9657732,55389000.0,upbit,2026-06-28T04:34:13Z
KRW-BTC,2024-01-24T00:00:00,2024-01-24T09:00:00,55389000.0,55850000.0,54446000.0,55200000.0,3615.04171313,55200000.0,upbit,2026-06-28T04:34:13Z
KRW-BTC,2024-01-25T00:00:00,2024-01-25T09:00:00,55200000.0,55586000.0,54760000.0,55101000.0,2868.41775244,55101000.0,upbit,2026-06-28T04:34:13Z
KRW-BTC,2024-01-26T00:00:00,2024-01-26T09:00:00,55101000.0,58146000.0,54957000.0,57503000.0,5241.71188424,57503000.0,upbit,2026-06-28T04:34:13Z
KRW-BTC,2024-01-27T00:00:00,2024-01-27T09:00:00,57526000.0,58189000.0,57046000.0,58086000.0,2217.23585074,58086000.0,upbit,2026-06-28T04:34:13Z
KRW-BTC,2024-01-28T00:00:00,2024-01-28T09:00:00,58086000.0,58880000.0,57400000.0,57855000.0,2804.05316336,57855000.0,upbit,2026-06-28T04:34:13Z
KRW-BTC,2024-01-29T00:00:00,2024-01-29T09:00:00,57855000.0,59210000.0,57561000.0,59101000.0,3400.58213496,59101000.0,upbit,2026-06-28T04:34:13Z
KRW-BTC,2024-01-30T00:00:00,2024-01-30T09:00:00,59129000.0,59863000.0,58600000.0,58965000.0,4111.4027948,58965000.0,upbit,2026-06-28T04:34:13Z
KRW-BTC,2024-01-31T00:00:00,2024-01-31T09:00:00,58966000.0,59848000.0,58221000.0,58738000.0,3372.05512523,58738000.0,upbit,2026-06-28T04:34:13Z
KRW-BTC,2024-02-01T00:00:00,2024-02-01T09:00:00,58738000.0,59302000.0,57804000.0,59150000.0,2757.18048169,59150000.0,upbit,2026-06-28T04:34:13Z
KRW-BTC,2024-02-02T00:00:00,2024-02-02T09:00:00,59150000.0,59531000.0,58551000.0,59299000.0,2278.87315759,59299000.0,upbit,2026-06-28T04:34:13Z
KRW-BTC,2024-02-03T00:00:00,2024-02-03T09:00:00,59295000.0,59485000.0,59120000.0,59260000.0,1168.38699158,59260000.0,upbit,2026-06-28T04:34:13Z
KRW-BTC,2024-02-04T00:00:00,2024-02-04T09:00:00,59262000.0,59324000.0,58633000.0,58811000.0,1272.47453255,58811000.0,upbit,2026-06-28T04:34:13Z
KRW-BTC,2024-02-05T00:00:00,2024-02-05T09:00:00,58814000.0,59800000.0,58311000.0,58882000.0,2801.14722486,58882000.0,upbit,2026-06-28T04:34:13Z
KRW-BTC,2024-02-06T00:00:00,2024-02-06T09:00:00,58882000.0,59400000.0,58650000.0,59039000.0,2068.07481117,59039000.0,upbit,2026-06-28T04:34:13Z
KRW-BTC,2024-02-07T00:00:00,2024-02-07T09:00:00,59020000.0,60373000.0,58745000.0,60232000.0,4016.91251278,60232000.0,upbit,2026-06-28T04:34:13Z
KRW-BTC,2024-02-08T00:00:00,2024-02-08T09:00:00,60242000.0,62200000.0,60232000.0,62011000.0,4403.57321568,62011000.0,upbit,2026-06-28T04:34:13Z
KRW-BTC,2024-02-09T00:00:00,2024-02-09T09:00:00,62011000.0,64955000.0,61717000.0,63682000.0,8059.0341961,63682000.0,upbit,2026-06-28T04:34:13Z
KRW-BTC,2024-02-10T00:00:00,2024-02-10T09:00:00,63682000.0,64890000.0,63062000.0,64549000.0,3520.61476764,64549000.0,upbit,2026-06-28T04:34:13Z
KRW-BTC,2024-02-11T00:00:00,2024-02-11T09:00:00,64549000.0,65500000.0,64256000.0,65230000.0,3675.68043315,65230000.0,upbit,2026-06-28T04:34:13Z
KRW-BTC,2024-02-12T00:00:00,2024-02-12T09:00:00,65231000.0,67444000.0,64887000.0,67002000.0,6674.5189116,67002000.0,upbit,2026-06-28T04:34:13Z
KRW-BTC,2024-02-13T00:00:00,2024-02-13T09:00:00,67002000.0,67698000.0,65800000.0,67309000.0,6757.73223342,67309000.0,upbit,2026-06-28T04:34:13Z
KRW-BTC,2024-02-14T00:00:00,2024-02-14T09:00:00,67309000.0,70300000.0,66800000.0,70199000.0,8040.24948851,70199000.0,upbit,2026-06-28T04:34:13Z
KRW-BTC,2024-02-15T00:00:00,2024-02-15T09:00:00,70195000.0,72216000.0,70190000.0,71253000.0,8360.6265065,71253000.0,upbit,2026-06-28T04:34:13Z
KRW-BTC,2024-02-16T00:00:00,2024-02-16T09:00:00,71253000.0,72500000.0,70782000.0,72128000.0,4895.5305616,72128000.0,upbit,2026-06-28T04:34:13Z
KRW-BTC,2024-02-17T00:00:00,2024-02-17T09:00:00,72134000.0,72267000.0,69595000.0,71530000.0,6239.93681452,71530000.0,upbit,2026-06-28T04:34:13Z
KRW-BTC,2024-02-18T00:00:00,2024-02-18T09:00:00,71500000.0,72158000.0,70669000.0,71964000.0,3622.39704322,71964000.0,upbit,2026-06-28T04:34:13Z
KRW-BTC,2024-02-19T00:00:00,2024-02-19T09:00:00,71968000.0,72412000.0,71728000.0,71755000.0,3590.53994514,71755000.0,upbit,2026-06-28T04:34:13Z
KRW-BTC,2024-02-20T00:00:00,2024-02-20T09:00:00,71755000.0,73100000.0,71010000.0,72191000.0,5210.9537578,72191000.0,upbit,2026-06-28T04:34:13Z
KRW-BTC,2024-02-21T00:00:00,2024-02-21T09:00:00,72160000.0,72465000.0,71100000.0,72397000.0,3784.15692927,72397000.0,upbit,2026-06-28T04:34:13Z
KRW-BTC,2024-02-22T00:00:00,2024-02-22T09:00:00,72397000.0,72399000.0,71458000.0,71601000.0,2956.43290437,71601000.0,upbit,2026-06-28T04:34:13Z
KRW-BTC,2024-02-23T00:00:00,2024-02-23T09:00:00,71600000.0,71835000.0,70657000.0,70805000.0,2937.89362228,70805000.0,upbit,2026-06-28T04:34:13Z
KRW-BTC,2024-02-24T00:00:00,2024-02-24T09:00:00,70804000.0,71467000.0,70542000.0,71107000.0,2768.92244263,71107000.0,upbit,2026-06-28T04:34:13Z
KRW-BTC,2024-02-25T00:00:00,2024-02-25T09:00:00,71107000.0,71595000.0,70907000.0,71256000.0,1867.42810931,71256000.0,upbit,2026-06-28T04:34:13Z
KRW-BTC,2024-02-26T00:00:00,2024-02-26T09:00:00,71256000.0,75000000.0,70000000.0,74742000.0,6152.52849944,74742000.0,upbit,2026-06-28T04:34:13Z
KRW-BTC,2024-02-27T00:00:00,2024-02-27T09:00:00,74741000.0,79183000.0,74554000.0,78619000.0,10168.66847875,78619000.0,upbit,2026-06-28T04:34:13Z
KRW-BTC,2024-02-28T00:00:00,2024-02-28T09:00:00,78621000.0,88424000.0,78082000.0,87634000.0,19254.09747335,87634000.0,upbit,2026-06-28T04:34:13Z
KRW-BTC,2024-02-29T00:00:00,2024-02-29T09:00:00,87654000.0,90000000.0,85244000.0,85910000.0,14269.12684354,85910000.0,upbit,2026-06-28T04:34:13Z
KRW-BTC,2024-03-01T00:00:00,2024-03-01T09:00:00,85911000.0,88500000.0,85910000.0,87397000.0,6256.97193595,87397000.0,upbit,2026-06-28T04:34:13Z
KRW-BTC,2024-03-02T00:00:00,2024-03-02T09:00:00,87397000.0,87724000.0,86090000.0,86383000.0,5481.66253212,86383000.0,upbit,2026-06-28T04:34:13Z
KRW-BTC,2024-03-03T00:00:00,2024-03-03T09:00:00,86382000.0,87993000.0,85000000.0,87982000.0,6017.57168637,87982000.0,upbit,2026-06-28T04:34:13Z
KRW-BTC,2024-03-04T00:00:00,2024-03-04T09:00:00,87978000.0,95586000.0,87302000.0,95500000.0,13254.11820787,95500000.0,upbit,2026-06-28T04:34:13Z
KRW-BTC,2024-03-05T00:00:00,2024-03-05T09:00:00,95500000.0,97000000.0,88024000.0,91275000.0,22134.5823534,91275000.0,upbit,2026-06-28T04:34:13Z
KRW-BTC,2024-03-06T00:00:00,2024-03-06T09:00:00,91275000.0,94917000.0,88233000.0,93325000.0,12290.20386486,93325000.0,upbit,2026-06-28T04:34:13Z
KRW-BTC,2024-03-07T00:00:00,2024-03-07T09:00:00,93325000.0,95678000.0,92670000.0,94060000.0,5792.49252841,94060000.0,upbit,2026-06-28T04:34:13Z
KRW-BTC,2024-03-08T00:00:00,2024-03-08T09:00:00,94044000.0,98543000.0,94000000.0,96237000.0,8721.93321965,96237000.0,upbit,2026-06-28T04:34:13Z
KRW-BTC,2024-03-09T00:00:00,2024-03-09T09:00:00,96237000.0,96420000.0,95120000.0,95946000.0,3946.68168858,95946000.0,upbit,2026-06-28T04:34:13Z
KRW-BTC,2024-03-10T00:00:00,2024-03-10T09:00:00,95946000.0,98445000.0,95904000.0,97495000.0,5997.98580277,97495000.0,upbit,2026-06-28T04:34:13Z
KRW-BTC,2024-03-11T00:00:00,2024-03-11T09:00:00,97501000.0,101940000.0,95132000.0,100404000.0,14017.56814882,100404000.0,upbit,2026-06-28T04:34:13Z
KRW-BTC,2024-03-12T00:00:00,2024-03-12T09:00:00,100404000.0,102350000.0,99000000.0,101200000.0,8326.93269496,101200000.0,upbit,2026-06-28T04:34:13Z
KRW-BTC,2024-03-13T00:00:00,2024-03-13T09:00:00,101200000.0,104865000.0,100909000.0,104122000.0,7708.11925332,104122000.0,upbit,2026-06-28T04:34:13Z
KRW-BTC,2024-03-14T00:00:00,2024-03-14T09:00:00,104121000.0,105000000.0,100000000.0,102506000.0,10526.11243481,102506000.0,upbit,2026-06-28T04:34:13Z
KRW-BTC,2024-03-15T00:00:00,2024-03-15T09:00:00,102506000.0,104131000.0,95600000.0,101000000.0,17862.96961701,101000000.0,upbit,2026-06-28T04:34:13Z
KRW-BTC,2024-03-16T00:00:00,2024-03-16T09:00:00,101010000.0,102407000.0,95700000.0,96767000.0,7805.49537673,96767000.0,upbit,2026-06-28T04:34:13Z
KRW-BTC,2024-03-17T00:00:00,2024-03-17T09:00:00,96769000.0,100299000.0,94300000.0,99922000.0,10512.20194197,99922000.0,upbit,2026-06-28T04:34:13Z
KRW-BTC,2024-03-18T00:00:00,2024-03-18T09:00:00,99934000.0,100233000.0,97623000.0,99040000.0,6061.17057346,99040000.0,upbit,2026-06-28T04:34:13Z
KRW-BTC,2024-03-19T00:00:00,2024-03-19T09:00:00,99042000.0,99700000.0,92027000.0,92572000.0,14040.62247096,92572000.0,upbit,2026-06-28T04:34:13Z
KRW-BTC,2024-03-20T00:00:00,2024-03-20T09:00:00,92541000.0,100216000.0,89845000.0,99726000.0,14156.97655657,99726000.0,upbit,2026-06-28T04:34:13Z
KRW-BTC,2024-03-21T00:00:00,2024-03-21T09:00:00,99726000.0,99801000.0,95000000.0,95552000.0,7441.53702699,95552000.0,upbit,2026-06-28T04:34:13Z
KRW-BTC,2024-03-22T00:00:00,2024-03-22T09:00:00,95618000.0,96500000.0,92222000.0,93855000.0,6646.70819911,93855000.0,upbit,2026-06-28T04:34:13Z
KRW-BTC,2024-03-23T00:00:00,2024-03-23T09:00:00,93850000.0,95609000.0,92593000.0,93274000.0,3672.55444643,93274000.0,upbit,2026-06-28T04:34:13Z
KRW-BTC,2024-03-24T00:00:00,2024-03-24T09:00:00,93317000.0,97252000.0,93079000.0,96624000.0,3888.32456609,96624000.0,upbit,2026-06-28T04:34:13Z
KRW-BTC,2024-03-25T00:00:00,2024-03-25T09:00:00,96624000.0,100500000.0,95600000.0,99202000.0,7510.92358508,99202000.0,upbit,2026-06-28T04:34:13Z
KRW-BTC,2024-03-26T00:00:00,2024-03-26T09:00:00,99202000.0,100800000.0,98830000.0,100051000.0,5187.8255505,100051000.0,upbit,2026-06-28T04:34:13Z
KRW-BTC,2024-03-27T00:00:00,2024-03-27T09:00:00,100051000.0,101900000.0,98700000.0,99890000.0,6873.29706874,99890000.0,upbit,2026-06-28T04:34:13Z
KRW-BTC,2024-03-28T00:00:00,2024-03-28T09:00:00,99890000.0,101725000.0,99251000.0,100900000.0,5332.23099753,100900000.0,upbit,2026-06-28T04:34:13Z
KRW-BTC,2024-03-29T00:00:00,2024-03-29T09:00:00,100900000.0,101100000.0,99210000.0,99801000.0,4351.27001019,99801000.0,upbit,2026-06-28T04:34:13Z
KRW-BTC,2024-03-30T00:00:00,2024-03-30T09:00:00,99876000.0,100317000.0,99455000.0,99985000.0,1962.11149493,99985000.0,upbit,2026-06-28T04:34:13Z
KRW-BTC,2024-03-31T00:00:00,2024-03-31T09:00:00,99985000.0,101133000.0,99930000.0,100970000.0,2112.03397974,100970000.0,upbit,2026-06-28T04:34:13Z
KRW-BTC,2024-04-01T00:00:00,2024-04-01T09:00:00,100991000.0,101098000.0,98658000.0,100100000.0,4739.72230488,100100000.0,upbit,2026-06-28T04:34:13Z
KRW-BTC,2024-04-02T00:00:00,2024-04-02T09:00:00,100100000.0,100100000.0,95000000.0,96053000.0,8066.15019928,96053000.0,upbit,2026-06-28T04:34:13Z
KRW-BTC,2024-04-03T00:00:00,2024-04-03T09:00:00,96053000.0,97300000.0,94682000.0,96502000.0,4274.27113577,96502000.0,upbit,2026-06-28T04:34:13Z
KRW-BTC,2024-04-04T00:00:00,2024-04-04T09:00:00,96502000.0,99912000.0,95598000.0,99361000.0,4377.11634387,99361000.0,upbit,2026-06-28T04:34:13Z
KRW-BTC,2024-04-05T00:00:00,2024-04-05T09:00:00,99445000.0,99669000.0,96800000.0,98394000.0,3533.18774879,98394000.0,upbit,2026-06-28T04:34:13Z
KRW-BTC,2024-04-06T00:00:00,2024-04-06T09:00:00,98385000.0,99888000.0,97745000.0,99023000.0,1885.55868844,99023000.0,upbit,2026-06-28T04:34:13Z
KRW-BTC,2024-04-07T00:00:00,2024-04-07T09:00:00,99000000.0,100450000.0,98976000.0,99369000.0,2132.30263827,99369000.0,upbit,2026-06-28T04:34:13Z
KRW-BTC,2024-04-08T00:00:00,2024-04-08T09:00:00,99369000.0,103084000.0,99100000.0,102101000.0,5621.6941615,102101000.0,upbit,2026-06-28T04:34:13Z
KRW-BTC,2024-04-09T00:00:00,2024-04-09T09:00:00,102050000.0,102399000.0,98400000.0,99350000.0,4778.27379895,99350000.0,upbit,2026-06-28T04:34:13Z
KRW-BTC,2024-04-10T00:00:00,2024-04-10T09:00:00,99409000.0,101750000.0,97614000.0,100600000.0,4307.83087037,100600000.0,upbit,2026-06-28T04:34:13Z
KRW-BTC,2024-04-11T00:00:00,2024-04-11T09:00:00,100601000.0,101452000.0,100031000.0,100541000.0,3026.45443123,100541000.0,upbit,2026-06-28T04:34:13Z
KRW-BTC,2024-04-12T00:00:00,2024-04-12T09:00:00,100542000.0,101426000.0,98985000.0,99776000.0,5005.55856794,99776000.0,upbit,2026-06-28T04:34:13Z
KRW-BTC,2024-04-13T00:00:00,2024-04-13T09:00:00,99645000.0,100569000.0,95000000.0,97149000.0,9545.1942808,97149000.0,upbit,2026-06-28T04:34:13Z
KRW-BTC,2024-04-14T00:00:00,2024-04-14T09:00:00,97093000.0,99180000.0,95224000.0,98905000.0,6601.79791673,98905000.0,upbit,2026-06-28T04:34:13Z
KRW-BTC,2024-04-15T00:00:00,2024-04-15T09:00:00,98931000.0,99490000.0,95702000.0,96527000.0,5860.57730753,96527000.0,upbit,2026-06-28T04:34:13Z
KRW-BTC,2024-04-16T00:00:00,2024-04-16T09:00:00,96530000.0,96941000.0,93500000.0,95597000.0,6058.36670549,95597000.0,upbit,2026-06-28T04:34:13Z
KRW-BTC,2024-04-17T00:00:00,2024-04-17T09:00:00,95597000.0,96500000.0,90200000.0,91419000.0,7117.39044578,91419000.0,upbit,2026-06-28T04:34:13Z
KRW-BTC,2024-04-18T00:00:00,2024-04-18T09:00:00,91439000.0,94200000.0,90000000.0,93356000.0,5793.82700325,93356000.0,upbit,2026-06-28T04:34:13Z
KRW-BTC,2024-04-19T00:00:00,2024-04-19T09:00:00,93392000.0,95958000.0,88500000.0,93390000.0,8931.11165293,93390000.0,upbit,2026-06-28T04:34:13Z
KRW-BTC,2024-04-20T00:00:00,2024-04-20T09:00:00,93390000.0,95600000.0,92615000.0,94805000.0,2666.36468567,94805000.0,upbit,2026-06-28T04:34:13Z
KRW-BTC,2024-04-21T00:00:00,2024-04-21T09:00:00,94840000.0,95989000.0,94312000.0,94868000.0,2369.21252418,94868000.0,upbit,2026-06-28T04:34:13Z
KRW-BTC,2024-04-22T00:00:00,2024-04-22T09:00:00,94911000.0,97627000.0,94622000.0,97192000.0,3221.84889236,97192000.0,upbit,2026-06-28T04:34:13Z
KRW-BTC,2024-04-23T00:00:00,2024-04-23T09:00:00,97239000.0,97592000.0,95246000.0,96045000.0,3179.44418004,96045000.0,upbit,2026-06-28T04:34:13Z
KRW-BTC,2024-04-24T00:00:00,2024-04-24T09:00:00,96071000.0,96627000.0,92734000.0,93534000.0,3593.11116027,93534000.0,upbit,2026-06-28T04:34:13Z
KRW-BTC,2024-04-25T00:00:00,2024-04-25T09:00:00,93520000.0,94319000.0,91213000.0,92745000.0,3762.56315286,92745000.0,upbit,2026-06-28T04:34:13Z
KRW-BTC,2024-04-26T00:00:00,2024-04-26T09:00:00,92761000.0,93000000.0,91465000.0,91951000.0,2016.93752002,91951000.0,upbit,2026-06-28T04:34:13Z
KRW-BTC,2024-04-27T00:00:00,2024-04-27T09:00:00,91955000.0,92175000.0,90292000.0,91499000.0,2455.80711714,91499000.0,upbit,2026-06-28T04:34:13Z
KRW-BTC,2024-04-28T00:00:00,2024-04-28T09:00:00,91499000.0,92630000.0,90153000.0,90530000.0,1861.37990104,90530000.0,upbit,2026-06-28T04:34:13Z
KRW-BTC,2024-04-29T00:00:00,2024-04-29T09:00:00,90533000.0,92000000.0,88500000.0,91400000.0,4650.34162208,91400000.0,upbit,2026-06-28T04:34:13Z
KRW-BTC,2024-04-30T00:00:00,2024-04-30T09:00:00,91400000.0,92540000.0,85606000.0,87137000.0,7328.91773497,87137000.0,upbit,2026-06-28T04:34:13Z
KRW-BTC,2024-05-01T00:00:00,2024-05-01T09:00:00,87152000.0,87625000.0,80005000.0,83499000.0,15078.237548,83499000.0,upbit,2026-06-28T04:34:13Z
KRW-BTC,2024-05-02T00:00:00,2024-05-02T09:00:00,83499000.0,84000000.0,80601000.0,83078000.0,5609.70236742,83078000.0,upbit,2026-06-28T04:34:13Z
KRW-BTC,2024-05-03T00:00:00,2024-05-03T09:00:00,83096000.0,89821000.0,82807000.0,89291000.0,8040.2538403,89291000.0,upbit,2026-06-28T04:34:13Z
KRW-BTC,2024-05-04T00:00:00,2024-05-04T09:00:00,89291000.0,91123000.0,87910000.0,90303000.0,4208.08896117,90303000.0,upbit,2026-06-28T04:34:13Z
KRW-BTC,2024-05-05T00:00:00,2024-05-05T09:00:00,90303000.0,90759000.0,88331000.0,90061000.0,2550.73818403,90061000.0,upbit,2026-06-28T04:34:13Z
KRW-BTC,2024-05-06T00:00:00,2024-05-06T09:00:00,90100000.0,91681000.0,88500000.0,88804000.0,3986.16458238,88804000.0,upbit,2026-06-28T04:34:13Z
KRW-BTC,2024-05-07T00:00:00,2024-05-07T09:00:00,88780000.0,90157000.0,87500000.0,87595000.0,2916.803769,87595000.0,upbit,2026-06-28T04:34:13Z
KRW-BTC,2024-05-08T00:00:00,2024-05-08T09:00:00,87595000.0,88566000.0,85109000.0,85872000.0,3819.52775807,85872000.0,upbit,2026-06-28T04:34:13Z
KRW-BTC,2024-05-09T00:00:00,2024-05-09T09:00:00,85872000.0,88500000.0,85020000.0,88116000.0,3096.80934359,88116000.0,upbit,2026-06-28T04:34:13Z
KRW-BTC,2024-05-10T00:00:00,2024-05-10T09:00:00,88116000.0,88480000.0,85120000.0,85842000.0,3277.85722892,85842000.0,upbit,2026-06-28T04:34:13Z
KRW-BTC,2024-05-11T00:00:00,2024-05-11T09:00:00,85842000.0,86500000.0,85209000.0,85791000.0,1299.78149293,85791000.0,upbit,2026-06-28T04:34:13Z
KRW-BTC,2024-05-12T00:00:00,2024-05-12T09:00:00,85791000.0,86978000.0,85618000.0,86521000.0,1042.82371152,86521000.0,upbit,2026-06-28T04:34:13Z
KRW-BTC,2024-05-13T00:00:00,2024-05-13T09:00:00,86521000.0,88485000.0,85410000.0,87928000.0,3085.90700562,87928000.0,upbit,2026-06-28T04:34:13Z
KRW-BTC,2024-05-14T00:00:00,2024-05-14T09:00:00,87934000.0,88225000.0,85801000.0,86500000.0,2756.81157854,86500000.0,upbit,2026-06-28T04:34:13Z
KRW-BTC,2024-05-15T00:00:00,2024-05-15T09:00:00,86524000.0,92444000.0,86200000.0,92111000.0,5272.78652607,92111000.0,upbit,2026-06-28T04:34:13Z
KRW-BTC,2024-05-16T00:00:00,2024-05-16T09:00:00,92111000.0,92860000.0,90250000.0,90800000.0,3657.22884649,90800000.0,upbit,2026-06-28T04:34:13Z
KRW-BTC,2024-05-17T00:00:00,2024-05-17T09:00:00,90839000.0,93123000.0,90700000.0,92646000.0,2713.8193315,92646000.0,upbit,2026-06-28T04:34:13Z
KRW-BTC,2024-05-18T00:00:00,2024-05-18T09:00:00,92632000.0,93500000.0,92337000.0,93066000.0,1821.32715047,93066000.0,upbit,2026-06-28T04:34:13Z
KRW-BTC,2024-05-19T00:00:00,2024-05-19T09:00:00,93066000.0,93990000.0,91843000.0,92185000.0,2335.84848532,92185000.0,upbit,2026-06-28T04:34:13Z
KRW-BTC,2024-05-20T00:00:00,2024-05-20T09:00:00,92185000.0,97264000.0,91931000.0,97260000.0,4413.1861654,97260000.0,upbit,2026-06-28T04:34:13Z
KRW-BTC,2024-05-21T00:00:00,2024-05-21T09:00:00,97260000.0,98150000.0,95571000.0,96700000.0,4609.75650446,96700000.0,upbit,2026-06-28T04:34:13Z
KRW-BTC,2024-05-22T00:00:00,2024-05-22T09:00:00,96717000.0,96999000.0,94640000.0,95421000.0,2799.80156982,95421000.0,upbit,2026-06-28T04:34:13Z
KRW-BTC,2024-05-23T00:00:00,2024-05-23T09:00:00,95421000.0,96881000.0,93000000.0,94900000.0,4396.1343619,94900000.0,upbit,2026-06-28T04:34:13Z
KRW-BTC,2024-05-24T00:00:00,2024-05-24T09:00:00,94897000.0,96160000.0,93300000.0,95214000.0,2489.94183313,95214000.0,upbit,2026-06-28T04:34:13Z
KRW-BTC,2024-05-25T00:00:00,2024-05-25T09:00:00,95214000.0,96598000.0,95192000.0,96240000.0,1452.89641348,96240000.0,upbit,2026-06-28T04:34:13Z
KRW-BTC,2024-05-26T00:00:00,2024-05-26T09:00:00,96240000.0,96590000.0,95400000.0,95610000.0,1583.87158304,95610000.0,upbit,2026-06-28T04:34:13Z
KRW-BTC,2024-05-27T00:00:00,2024-05-27T09:00:00,95634000.0,97360000.0,95050000.0,96050000.0,2667.48347563,96050000.0,upbit,2026-06-28T04:34:13Z
KRW-BTC,2024-05-28T00:00:00,2024-05-28T09:00:00,96050000.0,96119000.0,93654000.0,94600000.0,3176.96320333,94600000.0,upbit,2026-06-28T04:34:13Z
KRW-BTC,2024-05-29T00:00:00,2024-05-29T09:00:00,94654000.0,95232000.0,93440000.0,93910000.0,2475.18788783,93910000.0,upbit,2026-06-28T04:34:13Z
KRW-BTC,2024-05-30T00:00:00,2024-05-30T09:00:00,93910000.0,96120000.0,93620000.0,94943000.0,2703.78621192,94943000.0,upbit,2026-06-28T04:34:13Z
KRW-BTC,2024-05-31T00:00:00,2024-05-31T09:00:00,95000000.0,96000000.0,93700000.0,94505000.0,2203.22332533,94505000.0,upbit,2026-06-28T04:34:13Z
KRW-BTC,2024-06-01T00:00:00,2024-06-01T09:00:00,94504000.0,94850000.0,94361000.0,94720000.0,620.25035104,94720000.0,upbit,2026-06-28T04:34:13Z
KRW-BTC,2024-06-02T00:00:00,2024-06-02T09:00:00,94762000.0,95626000.0,94500000.0,95000000.0,1113.85982666,95000000.0,upbit,2026-06-28T04:34:13Z
KRW-BTC,2024-06-03T00:00:00,2024-06-03T09:00:00,95000000.0,97358000.0,94825000.0,95994000.0,2779.47684838,95994000.0,upbit,2026-06-28T04:34:13Z
KRW-BTC,2024-06-04T00:00:00,2024-06-04T09:00:00,95994000.0,97927000.0,95520000.0,97500000.0,2699.30531296,97500000.0,upbit,2026-06-28T04:34:13Z
KRW-BTC,2024-06-05T00:00:00,2024-06-05T09:00:00,97490000.0,98989000.0,97280000.0,98385000.0,2709.00469092,98385000.0,upbit,2026-06-28T04:34:13Z
KRW-BTC,2024-06-06T00:00:00,2024-06-06T09:00:00,98385000.0,99400000.0,98009000.0,98334000.0,2226.53984487,98334000.0,upbit,2026-06-28T04:34:13Z
KRW-BTC,2024-06-07T00:00:00,2024-06-07T09:00:00,98321000.0,99650000.0,97219000.0,97919000.0,3319.13194888,97919000.0,upbit,2026-06-28T04:34:13Z
KRW-BTC,2024-06-08T00:00:00,2024-06-08T09:00:00,97919000.0,98278000.0,97750000.0,98125000.0,1083.63453147,98125000.0,upbit,2026-06-28T04:34:13Z
KRW-BTC,2024-06-09T00:00:00,2024-06-09T09:00:00,98137000.0,98400000.0,97710000.0,97983000.0,903.04585461,97983000.0,upbit,2026-06-28T04:34:13Z
KRW-BTC,2024-06-10T00:00:00,2024-06-10T09:00:00,97983000.0,98031000.0,96980000.0,97276000.0,1491.30862127,97276000.0,upbit,2026-06-28T04:34:13Z
KRW-BTC,2024-06-11T00:00:00,2024-06-11T09:00:00,97279000.0,97350000.0,93821000.0,95329000.0,3889.452394,95329000.0,upbit,2026-06-28T04:34:13Z
KRW-BTC,2024-06-12T00:00:00,2024-06-12T09:00:00,95329000.0,98204000.0,94502000.0,95934000.0,3395.53957526,95934000.0,upbit,2026-06-28T04:34:13Z
KRW-BTC,2024-06-13T00:00:00,2024-06-13T09:00:00,95934000.0,96356000.0,94107000.0,94614000.0,2161.15981221,94614000.0,upbit,2026-06-28T04:34:13Z
KRW-BTC,2024-06-14T00:00:00,2024-06-14T09:00:00,94614000.0,95202000.0,93001000.0,93978000.0,2232.32985005,93978000.0,upbit,2026-06-28T04:34:13Z
KRW-BTC,2024-06-15T00:00:00,2024-06-15T09:00:00,93979000.0,94268000.0,93546000.0,93910000.0,906.41818634,93910000.0,upbit,2026-06-28T04:34:13Z
KRW-BTC,2024-06-16T00:00:00,2024-06-16T09:00:00,93913000.0,94708000.0,93611000.0,94219000.0,841.90412208,94219000.0,upbit,2026-06-28T04:34:13Z
KRW-BTC,2024-06-17T00:00:00,2024-06-17T09:00:00,94219000.0,94442000.0,91559000.0,93588000.0,3306.85987741,93588000.0,upbit,2026-06-28T04:34:13Z
KRW-BTC,2024-06-18T00:00:00,2024-06-18T09:00:00,93589000.0,93699000.0,90638000.0,91649000.0,3084.47656922,91649000.0,upbit,2026-06-28T04:34:13Z
KRW-BTC,2024-06-19T00:00:00,2024-06-19T09:00:00,91649000.0,92727000.0,91170000.0,91555000.0,1711.11748826,91555000.0,upbit,2026-06-28T04:34:13Z
KRW-BTC,2024-06-20T00:00:00,2024-06-20T09:00:00,91549000.0,93581000.0,91500000.0,91780000.0,1989.14998554,91780000.0,upbit,2026-06-28T04:34:13Z
KRW-BTC,2024-06-21T00:00:00,2024-06-21T09:00:00,91779000.0,92031000.0,89501000.0,90308000.0,2713.72122916,90308000.0,upbit,2026-06-28T04:34:13Z
KRW-BTC,2024-06-22T00:00:00,2024-06-22T09:00:00,90308000.0,91086000.0,90141000.0,90874000.0,648.51462524,90874000.0,upbit,2026-06-28T04:34:13Z
KRW-BTC,2024-06-23T00:00:00,2024-06-23T09:00:00,90874000.0,91382000.0,89033000.0,89046000.0,1076.73789827,89046000.0,upbit,2026-06-28T04:34:13Z
KRW-BTC,2024-06-24T00:00:00,2024-06-24T09:00:00,89100000.0,89441000.0,83101000.0,85496000.0,7434.8292641,85496000.0,upbit,2026-06-28T04:34:13Z
KRW-BTC,2024-06-25T00:00:00,2024-06-25T09:00:00,85495000.0,87981000.0,85032000.0,87450000.0,3359.06885104,87450000.0,upbit,2026-06-28T04:34:13Z
KRW-BTC,2024-06-26T00:00:00,2024-06-26T09:00:00,87463000.0,88356000.0,85930000.0,86027000.0,1958.86652444,86027000.0,upbit,2026-06-28T04:34:13Z
KRW-BTC,2024-06-27T00:00:00,2024-06-27T09:00:00,86092000.0,87957000.0,85396000.0,86884000.0,1879.37091558,86884000.0,upbit,2026-06-28T04:34:13Z
KRW-BTC,2024-06-28T00:00:00,2024-06-28T09:00:00,86875000.0,87510000.0,84740000.0,85158000.0,2112.30766272,85158000.0,upbit,2026-06-28T04:34:13Z
KRW-BTC,2024-06-29T00:00:00,2024-06-29T09:00:00,85157000.0,86000000.0,85102000.0,85765000.0,750.29847644,85765000.0,upbit,2026-06-28T04:34:13Z
KRW-BTC,2024-06-30T00:00:00,2024-06-30T09:00:00,85765000.0,88490000.0,85370000.0,87920000.0,1407.83744184,87920000.0,upbit,2026-06-28T04:34:13Z
KRW-BTC,2024-07-01T00:00:00,2024-07-01T09:00:00,87920000.0,89644000.0,87609000.0,88253000.0,2120.47778236,88253000.0,upbit,2026-06-28T04:34:13Z
KRW-BTC,2024-07-02T00:00:00,2024-07-02T09:00:00,88259000.0,88847000.0,86987000.0,87248000.0,1525.13237149,87248000.0,upbit,2026-06-28T04:34:13Z
KRW-BTC,2024-07-03T00:00:00,2024-07-03T09:00:00,87270000.0,87623000.0,84508000.0,85331000.0,2823.97617467,85331000.0,upbit,2026-06-28T04:34:13Z
KRW-BTC,2024-07-04T00:00:00,2024-07-04T09:00:00,85331000.0,85592000.0,81207000.0,81680000.0,6151.28764968,81680000.0,upbit,2026-06-28T04:34:13Z
KRW-BTC,2024-07-05T00:00:00,2024-07-05T09:00:00,81680000.0,82544000.0,77335000.0,81118000.0,9719.19667539,81118000.0,upbit,2026-06-28T04:34:13Z
KRW-BTC,2024-07-06T00:00:00,2024-07-06T09:00:00,81118000.0,83202000.0,79938000.0,82826000.0,2664.49967064,82826000.0,upbit,2026-06-28T04:34:13Z
KRW-BTC,2024-07-07T00:00:00,2024-07-07T09:00:00,82850000.0,82940000.0,79280000.0,79397000.0,2527.24731033,79397000.0,upbit,2026-06-28T04:34:13Z
KRW-BTC,2024-07-08T00:00:00,2024-07-08T09:00:00,79397000.0,82700000.0,77880000.0,80534000.0,5094.76571434,80534000.0,upbit,2026-06-28T04:34:13Z
KRW-BTC,2024-07-09T00:00:00,2024-07-09T09:00:00,80499000.0,82300000.0,80000000.0,82043000.0,2547.62184575,82043000.0,upbit,2026-06-28T04:34:13Z
KRW-BTC,2024-07-10T00:00:00,2024-07-10T09:00:00,82043000.0,83825000.0,81096000.0,81896000.0,2927.47972497,81896000.0,upbit,2026-06-28T04:34:13Z
KRW-BTC,2024-07-11T00:00:00,2024-07-11T09:00:00,81926000.0,83795000.0,81000000.0,81070000.0,2930.42730849,81070000.0,upbit,2026-06-28T04:34:13Z
KRW-BTC,2024-07-12T00:00:00,2024-07-12T09:00:00,81070000.0,82309000.0,80085000.0,81540000.0,2003.05277025,81540000.0,upbit,2026-06-28T04:34:13Z
KRW-BTC,2024-07-13T00:00:00,2024-07-13T09:00:00,81548000.0,83700000.0,81300000.0,82901000.0,1698.9670231,82901000.0,upbit,2026-06-28T04:34:13Z
KRW-BTC,2024-07-14T00:00:00,2024-07-14T09:00:00,82901000.0,86000000.0,82860000.0,85430000.0,3162.56205447,85430000.0,upbit,2026-06-28T04:34:13Z
KRW-BTC,2024-07-15T00:00:00,2024-07-15T09:00:00,85430000.0,91294000.0,85269000.0,91162000.0,5087.5047679,91162000.0,upbit,2026-06-28T04:34:13Z
KRW-BTC,2024-07-16T00:00:00,2024-07-16T09:00:00,91162000.0,91544000.0,87300000.0,90807000.0,6229.90082082,90807000.0,upbit,2026-06-28T04:34:13Z
KRW-BTC,2024-07-17T00:00:00,2024-07-17T09:00:00,90825000.0,92159000.0,89380000.0,89467000.0,3690.86942876,89467000.0,upbit,2026-06-28T04:34:13Z
KRW-BTC,2024-07-18T00:00:00,2024-07-18T09:00:00,89464000.0,91200000.0,89049000.0,89850000.0,2571.16592106,89850000.0,upbit,2026-06-28T04:34:13Z
KRW-BTC,2024-07-19T00:00:00,2024-07-19T09:00:00,89850000.0,94073000.0,88675000.0,93004000.0,4216.76104722,93004000.0,upbit,2026-06-28T04:34:13Z
KRW-BTC,2024-07-20T00:00:00,2024-07-20T09:00:00,93004000.0,94624000.0,92736000.0,94065000.0,1966.82922042,94065000.0,upbit,2026-06-28T04:34:13Z
KRW-BTC,2024-07-21T00:00:00,2024-07-21T09:00:00,94073000.0,95299000.0,92413000.0,95000000.0,2999.30004219,95000000.0,upbit,2026-06-28T04:34:13Z
KRW-BTC,2024-07-22T00:00:00,2024-07-22T09:00:00,95000000.0,95353000.0,93050000.0,94357000.0,2864.06872329,94357000.0,upbit,2026-06-28T04:34:13Z
KRW-BTC,2024-07-23T00:00:00,2024-07-23T09:00:00,94284000.0,94748000.0,92000000.0,92230000.0,3198.17266819,92230000.0,upbit,2026-06-28T04:34:13Z
KRW-BTC,2024-07-24T00:00:00,2024-07-24T09:00:00,92224000.0,93494000.0,91051000.0,91501000.0,3120.28733945,91501000.0,upbit,2026-06-28T04:34:13Z
KRW-BTC,2024-07-25T00:00:00,2024-07-25T09:00:00,91501000.0,93138000.0,89202000.0,92465000.0,4242.34259951,92465000.0,upbit,2026-06-28T04:34:13Z
KRW-BTC,2024-07-26T00:00:00,2024-07-26T09:00:00,92475000.0,95000000.0,92286000.0,94727000.0,3254.87216648,94727000.0,upbit,2026-06-28T04:34:13Z
KRW-BTC,2024-07-27T00:00:00,2024-07-27T09:00:00,94639000.0,96813000.0,93150000.0,94292000.0,4913.83842022,94292000.0,upbit,2026-06-28T04:34:13Z
KRW-BTC,2024-07-28T00:00:00,2024-07-28T09:00:00,94341000.0,95380000.0,93600000.0,95363000.0,2056.69856884,95363000.0,upbit,2026-06-28T04:34:13Z
KRW-BTC,2024-07-29T00:00:00,2024-07-29T09:00:00,95363000.0,97100000.0,93203000.0,93618000.0,4778.70828116,93618000.0,upbit,2026-06-28T04:34:13Z
KRW-BTC,2024-07-30T00:00:00,2024-07-30T09:00:00,93605000.0,93878000.0,91825000.0,92788000.0,2825.61883321,92788000.0,upbit,2026-06-28T04:34:13Z
KRW-BTC,2024-07-31T00:00:00,2024-07-31T09:00:00,92790000.0,93298000.0,90345000.0,90345000.0,3099.02844262,90345000.0,upbit,2026-06-28T04:34:13Z
KRW-BTC,2024-08-01T00:00:00,2024-08-01T09:00:00,90346000.0,92300000.0,88001000.0,91789000.0,5048.04552891,91789000.0,upbit,2026-06-28T04:34:13Z
KRW-BTC,2024-08-02T00:00:00,2024-08-02T09:00:00,91789000.0,92200000.0,86377000.0,86691000.0,5089.66250349,86691000.0,upbit,2026-06-28T04:34:13Z
KRW-BTC,2024-08-03T00:00:00,2024-08-03T09:00:00,86691000.0,87690000.0,85000000.0,85957000.0,4059.37513687,85957000.0,upbit,2026-06-28T04:34:13Z
KRW-BTC,2024-08-04T00:00:00,2024-08-04T09:00:00,85954000.0,86311000.0,81684000.0,81871000.0,4532.63397761,81871000.0,upbit,2026-06-28T04:34:13Z
KRW-BTC,2024-08-05T00:00:00,2024-08-05T09:00:00,81871000.0,82256000.0,72100000.0,77833000.0,23878.79267178,77833000.0,upbit,2026-06-28T04:34:13Z
KRW-BTC,2024-08-06T00:00:00,2024-08-06T09:00:00,77786000.0,82150000.0,77782000.0,80224000.0,7868.46700086,80224000.0,upbit,2026-06-28T04:34:13Z
KRW-BTC,2024-08-07T00:00:00,2024-08-07T09:00:00,80166000.0,81950000.0,77782000.0,78388000.0,5316.47766092,78388000.0,upbit,2026-06-28T04:34:13Z
KRW-BTC,2024-08-08T00:00:00,2024-08-08T09:00:00,78386000.0,87980000.0,77941000.0,86397000.0,7126.01269616,86397000.0,upbit,2026-06-28T04:34:13Z
KRW-BTC,2024-08-09T00:00:00,2024-08-09T09:00:00,86397000.0,86704000.0,84000000.0,85518000.0,3892.85974175,85518000.0,upbit,2026-06-28T04:34:13Z
KRW-BTC,2024-08-10T00:00:00,2024-08-10T09:00:00,85523000.0,86370000.0,84760000.0,85669000.0,1489.63387466,85669000.0,upbit,2026-06-28T04:34:13Z
KRW-BTC,2024-08-11T00:00:00,2024-08-11T09:00:00,85669000.0,86424000.0,82208000.0,82815000.0,2669.17265554,82815000.0,upbit,2026-06-28T04:34:13Z
KRW-BTC,2024-08-12T00:00:00,2024-08-12T09:00:00,82816000.0,85000000.0,81000000.0,83221000.0,5072.09672139,83221000.0,upbit,2026-06-28T04:34:13Z
KRW-BTC,2024-08-13T00:00:00,2024-08-13T09:00:00,83207000.0,85770000.0,82050000.0,84600000.0,2989.81215206,84600000.0,upbit,2026-06-28T04:34:13Z
KRW-BTC,2024-08-14T00:00:00,2024-08-14T09:00:00,84587000.0,85950000.0,82218000.0,82457000.0,3583.12495297,82457000.0,upbit,2026-06-28T04:34:13Z
KRW-BTC,2024-08-15T00:00:00,2024-08-15T09:00:00,82440000.0,83555000.0,79500000.0,81004000.0,3986.43185704,81004000.0,upbit,2026-06-28T04:34:13Z
KRW-BTC,2024-08-16T00:00:00,2024-08-16T09:00:00,81044000.0,83400000.0,80296000.0,82209000.0,2629.8190762,82209000.0,upbit,2026-06-28T04:34:13Z
KRW-BTC,2024-08-17T00:00:00,2024-08-17T09:00:00,82185000.0,83000000.0,82042000.0,82849000.0,887.07641461,82849000.0,upbit,2026-06-28T04:34:13Z
KRW-BTC,2024-08-18T00:00:00,2024-08-18T09:00:00,82821000.0,83679000.0,81500000.0,81500000.0,1727.83371254,81500000.0,upbit,2026-06-28T04:34:13Z
KRW-BTC,2024-08-19T00:00:00,2024-08-19T09:00:00,81500000.0,81915000.0,80100000.0,81680000.0,2644.34129141,81680000.0,upbit,2026-06-28T04:34:13Z
KRW-BTC,2024-08-20T00:00:00,2024-08-20T09:00:00,81678000.0,83400000.0,80501000.0,80751000.0,3339.76112482,80751000.0,upbit,2026-06-28T04:34:13Z
KRW-BTC,2024-08-21T00:00:00,2024-08-21T09:00:00,80751000.0,83600000.0,80567000.0,82900000.0,2882.78548851,82900000.0,upbit,2026-06-28T04:34:13Z
KRW-BTC,2024-08-22T00:00:00,2024-08-22T09:00:00,82900000.0,83101000.0,81280000.0,82003000.0,2138.23568495,82003000.0,upbit,2026-06-28T04:34:13Z
KRW-BTC,2024-08-23T00:00:00,2024-08-23T09:00:00,82012000.0,86500000.0,82002000.0,85600000.0,4485.27203937,85600000.0,upbit,2026-06-28T04:34:13Z
KRW-BTC,2024-08-24T00:00:00,2024-08-24T09:00:00,85600000.0,86390000.0,85155000.0,85767000.0,2204.28031834,85767000.0,upbit,2026-06-28T04:34:13Z
KRW-BTC,2024-08-25T00:00:00,2024-08-25T09:00:00,85807000.0,86979000.0,85410000.0,86254000.0,1698.8163817,86254000.0,upbit,2026-06-28T04:34:13Z
KRW-BTC,2024-08-26T00:00:00,2024-08-26T09:00:00,86240000.0,86529000.0,84408000.0,84408000.0,2260.53739932,84408000.0,upbit,2026-06-28T04:34:13Z
KRW-BTC,2024-08-27T00:00:00,2024-08-27T09:00:00,84408000.0,84794000.0,80121000.0,80950000.0,4066.7490567,80950000.0,upbit,2026-06-28T04:34:13Z
KRW-BTC,2024-08-28T00:00:00,2024-08-28T09:00:00,80947000.0,81895000.0,79550000.0,80569000.0,3848.30364196,80569000.0,upbit,2026-06-28T04:34:13Z
KRW-BTC,2024-08-29T00:00:00,2024-08-29T09:00:00,80618000.0,82700000.0,80151000.0,80790000.0,2539.08247784,80790000.0,upbit,2026-06-28T04:34:13Z
KRW-BTC,2024-08-30T00:00:00,2024-08-30T09:00:00,80745000.0,81250000.0,79225000.0,80439000.0,2858.21980495,80439000.0,upbit,2026-06-28T04:34:13Z
KRW-BTC,2024-08-31T00:00:00,2024-08-31T09:00:00,80439000.0,80823000.0,80009000.0,80262000.0,841.99580262,80262000.0,upbit,2026-06-28T04:34:13Z
KRW-BTC,2024-09-01T00:00:00,2024-09-01T09:00:00,80300000.0,80370000.0,78300000.0,78301000.0,2541.94042215,78301000.0,upbit,2026-06-28T04:34:13Z
KRW-BTC,2024-09-02T00:00:00,2024-09-02T09:00:00,78303000.0,80610000.0,78235000.0,80205000.0,2207.5986061,80205000.0,upbit,2026-06-28T04:34:13Z
KRW-BTC,2024-09-03T00:00:00,2024-09-03T09:00:00,80247000.0,81101000.0,78250000.0,78272000.0,2562.51172354,78272000.0,upbit,2026-06-28T04:34:13Z
KRW-BTC,2024-09-04T00:00:00,2024-09-04T09:00:00,78270000.0,79300000.0,76248000.0,78739000.0,3895.41394663,78739000.0,upbit,2026-06-28T04:34:13Z
KRW-BTC,2024-09-05T00:00:00,2024-09-05T09:00:00,78739000.0,79131000.0,76000000.0,76330000.0,2957.70339093,76330000.0,upbit,2026-06-28T04:34:13Z
KRW-BTC,2024-09-06T00:00:00,2024-09-06T09:00:00,76330000.0,76860000.0,72200000.0,73644000.0,6081.77185166,73644000.0,upbit,2026-06-28T04:34:13Z
KRW-BTC,2024-09-07T00:00:00,2024-09-07T09:00:00,73644000.0,74580000.0,73078000.0,73640000.0,1801.62027481,73640000.0,upbit,2026-06-28T04:34:13Z
KRW-BTC,2024-09-08T00:00:00,2024-09-08T09:00:00,73640000.0,74880000.0,72992000.0,74437000.0,1592.04001829,74437000.0,upbit,2026-06-28T04:34:13Z
KRW-BTC,2024-09-09T00:00:00,2024-09-09T09:00:00,74439000.0,78500000.0,74093000.0,77275000.0,3101.05486477,77275000.0,upbit,2026-06-28T04:34:13Z
KRW-BTC,2024-09-10T00:00:00,2024-09-10T09:00:00,77275000.0,78485000.0,76432000.0,78089000.0,2189.56080713,78089000.0,upbit,2026-06-28T04:34:13Z
KRW-BTC,2024-09-11T00:00:00,2024-09-11T09:00:00,78091000.0,78200000.0,75380000.0,77301000.0,3055.31403806,77301000.0,upbit,2026-06-28T04:34:13Z
KRW-BTC,2024-09-12T00:00:00,2024-09-12T09:00:00,77361000.0,78830000.0,77300000.0,78269000.0,2510.01259415,78269000.0,upbit,2026-06-28T04:34:13Z
KRW-BTC,2024-09-13T00:00:00,2024-09-13T09:00:00,78269000.0,81100000.0,77700000.0,80930000.0,2847.08604999,80930000.0,upbit,2026-06-28T04:34:13Z
KRW-BTC,2024-09-14T00:00:00,2024-09-14T09:00:00,80930000.0,81174000.0,80040000.0,80524000.0,1324.44479737,80524000.0,upbit,2026-06-28T04:34:13Z
KRW-BTC,2024-09-15T00:00:00,2024-09-15T09:00:00,80524000.0,81009000.0,79090000.0,79690000.0,1293.20254846,79690000.0,upbit,2026-06-28T04:34:13Z
KRW-BTC,2024-09-16T00:00:00,2024-09-16T09:00:00,79691000.0,79860000.0,77740000.0,78469000.0,2425.49996851,78469000.0,upbit,2026-06-28T04:34:13Z
KRW-BTC,2024-09-17T00:00:00,2024-09-17T09:00:00,78468000.0,82364000.0,77774000.0,81116000.0,3063.50091322,81116000.0,upbit,2026-06-28T04:34:13Z
KRW-BTC,2024-09-18T00:00:00,2024-09-18T09:00:00,81116000.0,82618000.0,80008000.0,82604000.0,3362.15013751,82604000.0,upbit,2026-06-28T04:34:13Z
KRW-BTC,2024-09-19T00:00:00,2024-09-19T09:00:00,82603000.0,85000000.0,82286000.0,83892000.0,4549.0273458,83892000.0,upbit,2026-06-28T04:34:13Z
KRW-BTC,2024-09-20T00:00:00,2024-09-20T09:00:00,83891000.0,85478000.0,83377000.0,84385000.0,3257.11829911,84385000.0,upbit,2026-06-28T04:34:13Z
KRW-BTC,2024-09-21T00:00:00,2024-09-21T09:00:00,84384000.0,84750000.0,84000000.0,84425000.0,1066.57067251,84425000.0,upbit,2026-06-28T04:34:13Z
KRW-BTC,2024-09-22T00:00:00,2024-09-22T09:00:00,84429000.0,85500000.0,83401000.0,84829000.0,1869.26119943,84829000.0,upbit,2026-06-28T04:34:13Z
KRW-BTC,2024-09-23T00:00:00,2024-09-23T09:00:00,84838000.0,86250000.0,83832000.0,84631000.0,2655.34388664,84631000.0,upbit,2026-06-28T04:34:13Z
KRW-BTC,2024-09-24T00:00:00,2024-09-24T09:00:00,84630000.0,85750000.0,84009000.0,85248000.0,1998.91561289,85248000.0,upbit,2026-06-28T04:34:13Z
KRW-BTC,2024-09-25T00:00:00,2024-09-25T09:00:00,85248000.0,85950000.0,84220000.0,84362000.0,1821.46293118,84362000.0,upbit,2026-06-28T04:34:13Z
KRW-BTC,2024-09-26T00:00:00,2024-09-26T09:00:00,84362000.0,86602000.0,83800000.0,86000000.0,2865.16236011,86000000.0,upbit,2026-06-28T04:34:13Z
KRW-BTC,2024-09-27T00:00:00,2024-09-27T09:00:00,85948000.0,87410000.0,85877000.0,86958000.0,2462.85215474,86958000.0,upbit,2026-06-28T04:34:13Z
KRW-BTC,2024-09-28T00:00:00,2024-09-28T09:00:00,86958000.0,87250000.0,86003000.0,86732000.0,1483.00508773,86732000.0,upbit,2026-06-28T04:34:13Z
KRW-BTC,2024-09-29T00:00:00,2024-09-29T09:00:00,86731000.0,86891000.0,85800000.0,85958000.0,1188.41412224,85958000.0,upbit,2026-06-28T04:34:13Z
KRW-BTC,2024-09-30T00:00:00,2024-09-30T09:00:00,85958000.0,85958000.0,83061000.0,83730000.0,3131.32274904,83730000.0,upbit,2026-06-28T04:34:13Z
KRW-BTC,2024-10-01T00:00:00,2024-10-01T09:00:00,83730000.0,84884000.0,80844000.0,81500000.0,4057.42297213,81500000.0,upbit,2026-06-28T04:34:13Z
KRW-BTC,2024-10-02T00:00:00,2024-10-02T09:00:00,81500000.0,83300000.0,80940000.0,81707000.0,2890.80470844,81707000.0,upbit,2026-06-28T04:34:13Z
KRW-BTC,2024-10-03T00:00:00,2024-10-03T09:00:00,81707000.0,82700000.0,81302000.0,82424000.0,1821.57540109,82424000.0,upbit,2026-06-28T04:34:13Z
KRW-BTC,2024-10-04T00:00:00,2024-10-04T09:00:00,82401000.0,84300000.0,82038000.0,83805000.0,2177.10847718,83805000.0,upbit,2026-06-28T04:34:13Z
KRW-BTC,2024-10-05T00:00:00,2024-10-05T09:00:00,83804000.0,84190000.0,83511000.0,83956000.0,776.76532606,83956000.0,upbit,2026-06-28T04:34:13Z
KRW-BTC,2024-10-06T00:00:00,2024-10-06T09:00:00,83997000.0,84710000.0,83600000.0,84533000.0,990.98870219,84533000.0,upbit,2026-06-28T04:34:13Z
KRW-BTC,2024-10-07T00:00:00,2024-10-07T09:00:00,84436000.0,86301000.0,83884000.0,83942000.0,2788.21491807,83942000.0,upbit,2026-06-28T04:34:13Z
KRW-BTC,2024-10-08T00:00:00,2024-10-08T09:00:00,83942000.0,85270000.0,83848000.0,84139000.0,1438.91380709,84139000.0,upbit,2026-06-28T04:34:13Z
KRW-BTC,2024-10-09T00:00:00,2024-10-09T09:00:00,84139000.0,84500000.0,82187000.0,82385000.0,1623.29835868,82385000.0,upbit,2026-06-28T04:34:13Z
KRW-BTC,2024-10-10T00:00:00,2024-10-10T09:00:00,82383000.0,83127000.0,80635000.0,82131000.0,2261.63071429,82131000.0,upbit,2026-06-28T04:34:13Z
KRW-BTC,2024-10-11T00:00:00,2024-10-11T09:00:00,82131000.0,85474000.0,81749000.0,84451000.0,2292.25174675,84451000.0,upbit,2026-06-28T04:34:13Z
KRW-BTC,2024-10-12T00:00:00,2024-10-12T09:00:00,84450000.0,85250000.0,84330000.0,84956000.0,1236.13303613,84956000.0,upbit,2026-06-28T04:34:13Z
KRW-BTC,2024-10-13T00:00:00,2024-10-13T09:00:00,84997000.0,85181000.0,83890000.0,84806000.0,1007.64328314,84806000.0,upbit,2026-06-28T04:34:13Z
KRW-BTC,2024-10-14T00:00:00,2024-10-14T09:00:00,84782000.0,88963000.0,84300000.0,88640000.0,4502.93766545,88640000.0,upbit,2026-06-28T04:34:13Z
KRW-BTC,2024-10-15T00:00:00,2024-10-15T09:00:00,88640000.0,91531000.0,87510000.0,90600000.0,5320.08065393,90600000.0,upbit,2026-06-28T04:34:13Z
KRW-BTC,2024-10-16T00:00:00,2024-10-16T09:00:00,90518000.0,92350000.0,90194000.0,91610000.0,3290.95467218,91610000.0,upbit,2026-06-28T04:34:13Z
KRW-BTC,2024-10-17T00:00:00,2024-10-17T09:00:00,91610000.0,92000000.0,91150000.0,91725000.0,2166.90172052,91725000.0,upbit,2026-06-28T04:34:13Z
KRW-BTC,2024-10-18T00:00:00,2024-10-18T09:00:00,91758000.0,93697000.0,91510000.0,93330000.0,2703.40345601,93330000.0,upbit,2026-06-28T04:34:13Z
KRW-BTC,2024-10-19T00:00:00,2024-10-19T09:00:00,93358000.0,93593000.0,92769000.0,93322000.0,1204.1436611,93322000.0,upbit,2026-06-28T04:34:13Z
KRW-BTC,2024-10-20T00:00:00,2024-10-20T09:00:00,93322000.0,94299000.0,92956000.0,93901000.0,1766.03106746,93901000.0,upbit,2026-06-28T04:34:13Z
KRW-BTC,2024-10-21T00:00:00,2024-10-21T09:00:00,93901000.0,94456000.0,91459000.0,92161000.0,3492.66954786,92161000.0,upbit,2026-06-28T04:34:13Z
KRW-BTC,2024-10-22T00:00:00,2024-10-22T09:00:00,92161000.0,93380000.0,91090000.0,92877000.0,2390.90338556,92877000.0,upbit,2026-06-28T04:34:13Z
KRW-BTC,2024-10-23T00:00:00,2024-10-23T09:00:00,92877000.0,93000000.0,90860000.0,92375000.0,2169.77076181,92375000.0,upbit,2026-06-28T04:34:13Z
KRW-BTC,2024-10-24T00:00:00,2024-10-24T09:00:00,92375000.0,94699000.0,92080000.0,94077000.0,2468.54308221,94077000.0,upbit,2026-06-28T04:34:13Z
KRW-BTC,2024-10-25T00:00:00,2024-10-25T09:00:00,94077000.0,95143000.0,92432000.0,93762000.0,3453.26947882,93762000.0,upbit,2026-06-28T04:34:13Z
KRW-BTC,2024-10-26T00:00:00,2024-10-26T09:00:00,93762000.0,94298000.0,93297000.0,93993000.0,1181.9583116,93993000.0,upbit,2026-06-28T04:34:13Z
KRW-BTC,2024-10-27T00:00:00,2024-10-27T09:00:00,93993000.0,95120000.0,93900000.0,94819000.0,1412.77364621,94819000.0,upbit,2026-06-28T04:34:13Z
KRW-BTC,2024-10-28T00:00:00,2024-10-28T09:00:00,94824000.0,97714000.0,94520000.0,97401000.0,3447.08968512,97401000.0,upbit,2026-06-28T04:34:13Z
KRW-BTC,2024-10-29T00:00:00,2024-10-29T09:00:00,97401000.0,102158000.0,97200000.0,101305000.0,5694.58179714,101305000.0,upbit,2026-06-28T04:34:13Z
KRW-BTC,2024-10-30T00:00:00,2024-10-30T09:00:00,101300000.0,101305000.0,99135000.0,100571000.0,3437.3159675,100571000.0,upbit,2026-06-28T04:34:13Z
KRW-BTC,2024-10-31T00:00:00,2024-10-31T09:00:00,100571000.0,100893000.0,97300000.0,98112000.0,3670.22663296,98112000.0,upbit,2026-06-28T04:34:13Z
KRW-BTC,2024-11-01T00:00:00,2024-11-01T09:00:00,98112000.0,99758000.0,95520000.0,97285000.0,4850.88260337,97285000.0,upbit,2026-06-28T04:34:13Z
KRW-BTC,2024-11-02T00:00:00,2024-11-02T09:00:00,97331000.0,97999000.0,96825000.0,97205000.0,1419.21063313,97205000.0,upbit,2026-06-28T04:34:13Z
KRW-BTC,2024-11-03T00:00:00,2024-11-03T09:00:00,97205000.0,97232000.0,93905000.0,95883000.0,4358.15713691,95883000.0,upbit,2026-06-28T04:34:13Z
KRW-BTC,2024-11-04T00:00:00,2024-11-04T09:00:00,95987000.0,96803000.0,93083000.0,94289000.0,3556.89181882,94289000.0,upbit,2026-06-28T04:34:13Z
KRW-BTC,2024-11-05T00:00:00,2024-11-05T09:00:00,94289000.0,98074000.0,93958000.0,96170000.0,4785.81750822,96170000.0,upbit,2026-06-28T04:34:13Z
KRW-BTC,2024-11-06T00:00:00,2024-11-06T09:00:00,96196000.0,104395000.0,96104000.0,104085000.0,17173.68278488,104085000.0,upbit,2026-06-28T04:34:13Z
KRW-BTC,2024-11-07T00:00:00,2024-11-07T09:00:00,104085000.0,104999000.0,102290000.0,104115000.0,5517.18974843,104115000.0,upbit,2026-06-28T04:34:13Z
KRW-BTC,2024-11-08T00:00:00,2024-11-08T09:00:00,104177000.0,107591000.0,104109000.0,106843000.0,5104.85574163,106843000.0,upbit,2026-06-28T04:34:13Z
KRW-BTC,2024-11-09T00:00:00,2024-11-09T09:00:00,106845000.0,106990000.0,105873000.0,106294000.0,2702.45288762,106294000.0,upbit,2026-06-28T04:34:13Z
KRW-BTC,2024-11-10T00:00:00,2024-11-10T09:00:00,106294000.0,112470000.0,106050000.0,111440000.0,8111.0365608,111440000.0,upbit,2026-06-28T04:34:13Z
KRW-BTC,2024-11-11T00:00:00,2024-11-11T09:00:00,111440000.0,125073000.0,111273000.0,124503000.0,12056.83132426,124503000.0,upbit,2026-06-28T04:34:13Z
KRW-BTC,2024-11-12T00:00:00,2024-11-12T09:00:00,124476000.0,128010000.0,118864000.0,124967000.0,17037.75956278,124967000.0,upbit,2026-06-28T04:34:13Z
KRW-BTC,2024-11-13T00:00:00,2024-11-13T09:00:00,124951000.0,131041000.0,122771000.0,128111000.0,11214.08048901,128111000.0,upbit,2026-06-28T04:34:13Z
KRW-BTC,2024-11-14T00:00:00,2024-11-14T09:00:00,128111000.0,130500000.0,121674000.0,123572000.0,9173.07983888,123572000.0,upbit,2026-06-28T04:34:13Z
KRW-BTC,2024-11-15T00:00:00,2024-11-15T09:00:00,123543000.0,128950000.0,123370000.0,128236000.0,5943.50915703,128236000.0,upbit,2026-06-28T04:34:13Z
KRW-BTC,2024-11-16T00:00:00,2024-11-16T09:00:00,128128000.0,129103000.0,126090000.0,127071000.0,3914.09648698,127071000.0,upbit,2026-06-28T04:34:13Z
KRW-BTC,2024-11-17T00:00:00,2024-11-17T09:00:00,127130000.0,128000000.0,125252000.0,126472000.0,3321.82583352,126472000.0,upbit,2026-06-28T04:34:13Z
KRW-BTC,2024-11-18T00:00:00,2024-11-18T09:00:00,126469000.0,128895000.0,126133000.0,127142000.0,5182.38906938,127142000.0,upbit,2026-06-28T04:34:13Z
KRW-BTC,2024-11-19T00:00:00,2024-11-19T09:00:00,127142000.0,130998000.0,127050000.0,129720000.0,5034.84094069,129720000.0,upbit,2026-06-28T04:34:13Z
KRW-BTC,2024-11-20T00:00:00,2024-11-20T09:00:00,129711000.0,133328000.0,128448000.0,133180000.0,5931.35430049,133180000.0,upbit,2026-06-28T04:34:13Z
KRW-BTC,2024-11-21T00:00:00,2024-11-21T09:00:00,133180000.0,138707000.0,133001000.0,137050000.0,10359.96751008,137050000.0,upbit,2026-06-28T04:34:13Z
KRW-BTC,2024-11-22T00:00:00,2024-11-22T09:00:00,137050000.0,138770000.0,129500000.0,136879000.0,8879.19477738,136879000.0,upbit,2026-06-28T04:34:13Z
KRW-BTC,2024-11-23T00:00:00,2024-11-23T09:00:00,136879000.0,137178000.0,134195000.0,136000000.0,4775.60238543,136000000.0,upbit,2026-06-28T04:34:13Z
KRW-BTC,2024-11-24T00:00:00,2024-11-24T09:00:00,136000000.0,137000000.0,131501000.0,136096000.0,6366.61145855,136096000.0,upbit,2026-06-28T04:34:13Z
KRW-BTC,2024-11-25T00:00:00,2024-11-25T09:00:00,136110000.0,136169000.0,129688000.0,129791000.0,5347.73938417,129791000.0,upbit,2026-06-28T04:34:13Z
KRW-BTC,2024-11-26T00:00:00,2024-11-26T09:00:00,129791000.0,132579000.0,127416000.0,128783000.0,7063.28251032,128783000.0,upbit,2026-06-28T04:34:13Z
KRW-BTC,2024-11-27T00:00:00,2024-11-27T09:00:00,128800000.0,134300000.0,127900000.0,132999000.0,4363.00829391,132999000.0,upbit,2026-06-28T04:34:13Z
KRW-BTC,2024-11-28T00:00:00,2024-11-28T09:00:00,132999000.0,134577000.0,131438000.0,133138000.0,2941.11026977,133138000.0,upbit,2026-06-28T04:34:13Z
KRW-BTC,2024-11-29T00:00:00,2024-11-29T09:00:00,133144000.0,136274000.0,132850000.0,134542000.0,3455.81025362,134542000.0,upbit,2026-06-28T04:34:13Z
KRW-BTC,2024-11-30T00:00:00,2024-11-30T09:00:00,134542000.0,134809000.0,133600000.0,133701000.0,2374.86697435,133701000.0,upbit,2026-06-28T04:34:13Z
KRW-BTC,2024-12-01T00:00:00,2024-12-01T09:00:00,133722000.0,135199000.0,133297000.0,133802000.0,2835.14649803,133802000.0,upbit,2026-06-28T04:34:13Z
KRW-BTC,2024-12-02T00:00:00,2024-12-02T09:00:00,133802000.0,135800000.0,132260000.0,133535000.0,5356.7748251,133535000.0,upbit,2026-06-28T04:34:13Z
KRW-BTC,2024-12-03T00:00:00,2024-12-03T09:00:00,133523000.0,134680000.0,88266000.0,133700000.0,18097.08425608,133700000.0,upbit,2026-06-28T04:34:13Z
KRW-BTC,2024-12-04T00:00:00,2024-12-04T09:00:00,133720000.0,139920000.0,133499000.0,138760000.0,6969.87081198,138760000.0,upbit,2026-06-28T04:34:13Z
KRW-BTC,2024-12-05T00:00:00,2024-12-05T09:00:00,138765000.0,146100000.0,134000000.0,137501000.0,13579.28987411,137501000.0,upbit,2026-06-28T04:34:13Z
KRW-BTC,2024-12-06T00:00:00,2024-12-06T09:00:00,137501000.0,141502000.0,136000000.0,139340000.0,6179.75810181,139340000.0,upbit,2026-06-28T04:34:13Z
KRW-BTC,2024-12-07T00:00:00,2024-12-07T09:00:00,139402000.0,140411000.0,137698000.0,138960000.0,2646.58094433,138960000.0,upbit,2026-06-28T04:34:13Z
KRW-BTC,2024-12-08T00:00:00,2024-12-08T09:00:00,138970000.0,141400000.0,138620000.0,141005000.0,2575.9253391,141005000.0,upbit,2026-06-28T04:34:13Z
KRW-BTC,2024-12-09T00:00:00,2024-12-09T09:00:00,141056000.0,141399000.0,135900000.0,138864000.0,6238.33236659,138864000.0,upbit,2026-06-28T04:34:13Z
KRW-BTC,2024-12-10T00:00:00,2024-12-10T09:00:00,138934000.0,140000000.0,135490000.0,138205000.0,5715.11068532,138205000.0,upbit,2026-06-28T04:34:13Z
KRW-BTC,2024-12-11T00:00:00,2024-12-11T09:00:00,138205000.0,144276000.0,136500000.0,143111000.0,5786.50262004,143111000.0,upbit,2026-06-28T04:34:13Z
KRW-BTC,2024-12-12T00:00:00,2024-12-12T09:00:00,143111000.0,145000000.0,142000000.0,142757000.0,4109.65334521,142757000.0,upbit,2026-06-28T04:34:13Z
KRW-BTC,2024-12-13T00:00:00,2024-12-13T09:00:00,142780000.0,144865000.0,142001000.0,144402000.0,2524.28189889,144402000.0,upbit,2026-06-28T04:34:13Z
KRW-BTC,2024-12-14T00:00:00,2024-12-14T09:00:00,144432000.0,146051000.0,143973000.0,145927000.0,3195.75670317,145927000.0,upbit,2026-06-28T04:34:13Z
KRW-BTC,2024-12-15T00:00:00,2024-12-15T09:00:00,145927000.0,150000000.0,145684000.0,149243000.0,4680.01328552,149243000.0,upbit,2026-06-28T04:34:13Z
KRW-BTC,2024-12-16T00:00:00,2024-12-16T09:00:00,149243000.0,154924000.0,149016000.0,153403000.0,7128.61771091,153403000.0,upbit,2026-06-28T04:34:13Z
KRW-BTC,2024-12-17T00:00:00,2024-12-17T09:00:00,153403000.0,157198000.0,152885000.0,155223000.0,6186.2803434,155223000.0,upbit,2026-06-28T04:34:13Z
KRW-BTC,2024-12-18T00:00:00,2024-12-18T09:00:00,155222000.0,155949000.0,147189000.0,147754000.0,8610.82270357,147754000.0,upbit,2026-06-28T04:34:13Z
KRW-BTC,2024-12-19T00:00:00,2024-12-19T09:00:00,147753000.0,153299000.0,145000000.0,147474000.0,8471.89272515,147474000.0,upbit,2026-06-28T04:34:13Z
KRW-BTC,2024-12-20T00:00:00,2024-12-20T09:00:00,147474000.0,148460000.0,139800000.0,148138000.0,11567.34620544,148138000.0,upbit,2026-06-28T04:34:13Z
KRW-BTC,2024-12-21T00:00:00,2024-12-21T09:00:00,148138000.0,149700000.0,145249000.0,147830000.0,3714.24805316,147830000.0,upbit,2026-06-28T04:34:13Z
KRW-BTC,2024-12-22T00:00:00,2024-12-22T09:00:00,147836000.0,147950000.0,143850000.0,144800000.0,2605.0749353,144800000.0,upbit,2026-06-28T04:34:13Z
KRW-BTC,2024-12-23T00:00:00,2024-12-23T09:00:00,144802000.0,146200000.0,140487000.0,142901000.0,4913.29053371,142901000.0,upbit,2026-06-28T04:34:13Z
KRW-BTC,2024-12-24T00:00:00,2024-12-24T09:00:00,142901000.0,148148000.0,141000000.0,146831000.0,4333.3309919,146831000.0,upbit,2026-06-28T04:34:13Z
KRW-BTC,2024-12-25T00:00:00,2024-12-25T09:00:00,146832000.0,148566000.0,145395000.0,148081000.0,2911.45446585,148081000.0,upbit,2026-06-28T04:34:13Z
KRW-BTC,2024-12-26T00:00:00,2024-12-26T09:00:00,148216000.0,149000000.0,143175000.0,144076000.0,3432.78442974,144076000.0,upbit,2026-06-28T04:34:13Z
KRW-BTC,2024-12-27T00:00:00,2024-12-27T09:00:00,144016000.0,146117000.0,141466000.0,142111000.0,3231.26328398,142111000.0,upbit,2026-06-28T04:34:13Z
KRW-BTC,2024-12-28T00:00:00,2024-12-28T09:00:00,142107000.0,143000000.0,141487000.0,142302000.0,1311.56387337,142302000.0,upbit,2026-06-28T04:34:13Z
KRW-BTC,2024-12-29T00:00:00,2024-12-29T09:00:00,142306000.0,142380000.0,138600000.0,139735000.0,2180.40637674,139735000.0,upbit,2026-06-28T04:34:13Z
KRW-BTC,2024-12-30T00:00:00,2024-12-30T09:00:00,139831000.0,140680000.0,135971000.0,137892000.0,3767.66978148,137892000.0,upbit,2026-06-28T04:34:13Z
KRW-BTC,2024-12-31T00:00:00,2024-12-31T09:00:00,137865000.0,143483000.0,136032000.0,139257000.0,3707.45981864,139257000.0,upbit,2026-06-28T04:34:13Z
KRW-BTC,2025-01-01T00:00:00,2025-01-01T09:00:00,139394000.0,141631000.0,139000000.0,141320000.0,1854.53857148,141320000.0,upbit,2026-06-28T04:34:13Z
KRW-BTC,2025-01-02T00:00:00,2025-01-02T09:00:00,141322000.0,144826000.0,140920000.0,143848000.0,3042.22989739,143848000.0,upbit,2026-06-28T04:34:13Z
KRW-BTC,2025-01-03T00:00:00,2025-01-03T09:00:00,143848000.0,145755000.0,142619000.0,144655000.0,2373.01457904,144655000.0,upbit,2026-06-28T04:34:13Z
KRW-BTC,2025-01-04T00:00:00,2025-01-04T09:00:00,144653000.0,145500000.0,144073000.0,144745000.0,1445.66845023,144745000.0,upbit,2026-06-28T04:34:13Z
KRW-BTC,2025-01-05T00:00:00,2025-01-05T09:00:00,144767000.0,145357000.0,143513000.0,144700000.0,1416.06538296,144700000.0,upbit,2026-06-28T04:34:13Z
KRW-BTC,2025-01-06T00:00:00,2025-01-06T09:00:00,144731000.0,150300000.0,144481000.0,150264000.0,3608.9652023,150264000.0,upbit,2026-06-28T04:34:13Z
KRW-BTC,2025-01-07T00:00:00,2025-01-07T09:00:00,150255000.0,151000000.0,143500000.0,144789000.0,4327.71162265,144789000.0,upbit,2026-06-28T04:34:13Z
KRW-BTC,2025-01-08T00:00:00,2025-01-08T09:00:00,144789000.0,145161000.0,140919000.0,142368000.0,4096.89543997,142368000.0,upbit,2026-06-28T04:34:13Z
KRW-BTC,2025-01-09T00:00:00,2025-01-09T09:00:00,142375000.0,142776000.0,138810000.0,139740000.0,3561.45575976,139740000.0,upbit,2026-06-28T04:34:13Z
KRW-BTC,2025-01-10T00:00:00,2025-01-10T09:00:00,139748000.0,143886000.0,139687000.0,142457000.0,3145.42115574,142457000.0,upbit,2026-06-28T04:34:13Z
KRW-BTC,2025-01-11T00:00:00,2025-01-11T09:00:00,142614000.0,142617000.0,141175000.0,141771000.0,1137.28650288,141771000.0,upbit,2026-06-28T04:34:13Z
KRW-BTC,2025-01-12T00:00:00,2025-01-12T09:00:00,141768000.0,143245000.0,141002000.0,142086000.0,1181.13699936,142086000.0,upbit,2026-06-28T04:34:13Z
KRW-BTC,2025-01-13T00:00:00,2025-01-13T09:00:00,142074000.0,143500000.0,137500000.0,142108000.0,4243.48992091,142108000.0,upbit,2026-06-28T04:34:13Z
KRW-BTC,2025-01-14T00:00:00,2025-01-14T09:00:00,142108000.0,144999000.0,141684000.0,143501000.0,2548.98311136,143501000.0,upbit,2026-06-28T04:34:13Z
KRW-BTC,2025-01-15T00:00:00,2025-01-15T09:00:00,143546000.0,147724000.0,142997000.0,147309000.0,3708.08865004,147309000.0,upbit,2026-06-28T04:34:13Z
KRW-BTC,2025-01-16T00:00:00,2025-01-16T09:00:00,147309000.0,147804000.0,144102000.0,146670000.0,3192.45019417,146670000.0,upbit,2026-06-28T04:34:13Z
KRW-BTC,2025-01-17T00:00:00,2025-01-17T09:00:00,146750000.0,155509000.0,146661000.0,152345000.0,4834.721595,152345000.0,upbit,2026-06-28T04:34:13Z
KRW-BTC,2025-01-18T00:00:00,2025-01-18T09:00:00,152434000.0,156530000.0,151533000.0,155801000.0,3748.13380163,155801000.0,upbit,2026-06-28T04:34:13Z
KRW-BTC,2025-01-19T00:00:00,2025-01-19T09:00:00,155720000.0,159999000.0,150903000.0,154000000.0,7113.5465532,154000000.0,upbit,2026-06-28T04:34:13Z
KRW-BTC,2025-01-20T00:00:00,2025-01-20T09:00:00,154000000.0,163325000.0,151518000.0,153225000.0,10945.25324846,153225000.0,upbit,2026-06-28T04:34:13Z
KRW-BTC,2025-01-21T00:00:00,2025-01-21T09:00:00,153225000.0,158490000.0,151038000.0,157571000.0,4441.84077005,157571000.0,upbit,2026-06-28T04:34:13Z
KRW-BTC,2025-01-22T00:00:00,2025-01-22T09:00:00,157571000.0,157791000.0,154486000.0,154999000.0,2227.73336919,154999000.0,upbit,2026-06-28T04:34:13Z
KRW-BTC,2025-01-23T00:00:00,2025-01-23T09:00:00,154999000.0,158920000.0,152000000.0,155112000.0,4954.0302646,155112000.0,upbit,2026-06-28T04:34:13Z
KRW-BTC,2025-01-24T00:00:00,2025-01-24T09:00:00,155112000.0,159000000.0,154000000.0,157146000.0,2922.35240081,157146000.0,upbit,2026-06-28T04:34:13Z
KRW-BTC,2025-01-25T00:00:00,2025-01-25T09:00:00,157170000.0,157832000.0,156889000.0,157200000.0,1044.63297991,157200000.0,upbit,2026-06-28T04:34:13Z
KRW-BTC,2025-01-26T00:00:00,2025-01-26T09:00:00,157200000.0,157933000.0,156000000.0,156100000.0,1222.93708628,156100000.0,upbit,2026-06-28T04:34:13Z
KRW-BTC,2025-01-27T00:00:00,2025-01-27T09:00:00,156100000.0,157075000.0,151260000.0,154919000.0,5043.13655799,154919000.0,upbit,2026-06-28T04:34:13Z
KRW-BTC,2025-01-28T00:00:00,2025-01-28T09:00:00,154919000.0,156658000.0,153782000.0,155919000.0,1883.02467176,155919000.0,upbit,2026-06-28T04:34:13Z
KRW-BTC,2025-01-29T00:00:00,2025-01-29T09:00:00,155919000.0,159455000.0,155765000.0,158859000.0,2110.06837042,158859000.0,upbit,2026-06-28T04:34:13Z
KRW-BTC,2025-01-30T00:00:00,2025-01-30T09:00:00,158859000.0,160559000.0,157860000.0,158139000.0,2346.60990153,158139000.0,upbit,2026-06-28T04:34:13Z
KRW-BTC,2025-01-31T00:00:00,2025-01-31T09:00:00,158182000.0,159669000.0,155600000.0,156580000.0,2143.1574605,156580000.0,upbit,2026-06-28T04:34:13Z
KRW-BTC,2025-02-01T00:00:00,2025-02-01T09:00:00,156580000.0,158090000.0,155888000.0,157330000.0,1638.45948966,157330000.0,upbit,2026-06-28T04:34:13Z
KRW-BTC,2025-02-02T00:00:00,2025-02-02T09:00:00,157399000.0,157925000.0,152477000.0,154000000.0,4152.76471464,154000000.0,upbit,2026-06-28T04:34:13Z
KRW-BTC,2025-02-03T00:00:00,2025-02-03T09:00:00,154000000.0,160304000.0,145000000.0,158217000.0,10213.11727922,158217000.0,upbit,2026-06-28T04:34:13Z
KRW-BTC,2025-02-04T00:00:00,2025-02-04T09:00:00,158217000.0,159439000.0,153000000.0,154122000.0,3536.84929186,154122000.0,upbit,2026-06-28T04:34:13Z
KRW-BTC,2025-02-05T00:00:00,2025-02-05T09:00:00,154140000.0,155662000.0,151000000.0,151450000.0,1950.48905036,151450000.0,upbit,2026-06-28T04:34:13Z
KRW-BTC,2025-02-06T00:00:00,2025-02-06T09:00:00,151450000.0,153925000.0,150011000.0,151356000.0,1873.91456823,151356000.0,upbit,2026-06-28T04:34:13Z
KRW-BTC,2025-02-07T00:00:00,2025-02-07T09:00:00,151359000.0,154000000.0,148730000.0,149601000.0,2959.78108027,149601000.0,upbit,2026-06-28T04:34:13Z
KRW-BTC,2025-02-08T00:00:00,2025-02-08T09:00:00,149602000.0,150220000.0,147994000.0,148803000.0,1087.25702791,148803000.0,upbit,2026-06-28T04:34:13Z
KRW-BTC,2025-02-09T00:00:00,2025-02-09T09:00:00,148873000.0,149819000.0,146197000.0,147579000.0,1566.08357111,147579000.0,upbit,2026-06-28T04:34:13Z
KRW-BTC,2025-02-10T00:00:00,2025-02-10T09:00:00,147602000.0,148830000.0,146000000.0,147724000.0,1480.95765827,147724000.0,upbit,2026-06-28T04:34:13Z
KRW-BTC,2025-02-11T00:00:00,2025-02-11T09:00:00,147812000.0,148750000.0,145112000.0,146020000.0,1689.795504,146020000.0,upbit,2026-06-28T04:34:13Z
KRW-BTC,2025-02-12T00:00:00,2025-02-12T09:00:00,146034000.0,148266000.0,143429000.0,147846000.0,2370.96714608,147846000.0,upbit,2026-06-28T04:34:13Z
KRW-BTC,2025-02-13T00:00:00,2025-02-13T09:00:00,147846000.0,148155000.0,144580000.0,145877000.0,1343.16309497,145877000.0,upbit,2026-06-28T04:34:13Z
KRW-BTC,2025-02-14T00:00:00,2025-02-14T09:00:00,145802000.0,148120000.0,145270000.0,146551000.0,1448.40803795,146551000.0,upbit,2026-06-28T04:34:13Z
KRW-BTC,2025-02-15T00:00:00,2025-02-15T09:00:00,146551000.0,147720000.0,146200000.0,147501000.0,734.68263925,147501000.0,upbit,2026-06-28T04:34:13Z
KRW-BTC,2025-02-16T00:00:00,2025-02-16T09:00:00,147503000.0,147598000.0,145484000.0,145625000.0,677.26379543,145625000.0,upbit,2026-06-28T04:34:13Z
KRW-BTC,2025-02-17T00:00:00,2025-02-17T09:00:00,145625000.0,145980000.0,144139000.0,144390000.0,1275.40908298,144390000.0,upbit,2026-06-28T04:34:13Z
KRW-BTC,2025-02-18T00:00:00,2025-02-18T09:00:00,144390000.0,145352000.0,141104000.0,143728000.0,1772.0458381,143728000.0,upbit,2026-06-28T04:34:13Z
KRW-BTC,2025-02-19T00:00:00,2025-02-19T09:00:00,143760000.0,144743000.0,142250000.0,144312000.0,1075.5545038,144312000.0,upbit,2026-06-28T04:34:13Z
KRW-BTC,2025-02-20T00:00:00,2025-02-20T09:00:00,144314000.0,146000000.0,143689000.0,145719000.0,943.71043216,145719000.0,upbit,2026-06-28T04:34:13Z
KRW-BTC,2025-02-21T00:00:00,2025-02-21T09:00:00,145719000.0,146400000.0,141334000.0,142859000.0,1820.4146452,142859000.0,upbit,2026-06-28T04:34:13Z
KRW-BTC,2025-02-22T00:00:00,2025-02-22T09:00:00,142891000.0,143191000.0,141988000.0,142300000.0,701.49616078,142300000.0,upbit,2026-06-28T04:34:13Z
KRW-BTC,2025-02-23T00:00:00,2025-02-23T09:00:00,142364000.0,142500000.0,140019000.0,141364000.0,1103.2003906,141364000.0,upbit,2026-06-28T04:34:13Z
KRW-BTC,2025-02-24T00:00:00,2025-02-24T09:00:00,141371000.0,141572000.0,131800000.0,132135000.0,5104.8145837,132135000.0,upbit,2026-06-28T04:34:13Z
KRW-BTC,2025-02-25T00:00:00,2025-02-25T09:00:00,132135000.0,134899000.0,125004000.0,129715000.0,9063.16812162,129715000.0,upbit,2026-06-28T04:34:13Z
KRW-BTC,2025-02-26T00:00:00,2025-02-26T09:00:00,129715000.0,130000000.0,120723000.0,122784000.0,4911.98768458,122784000.0,upbit,2026-06-28T04:34:13Z
KRW-BTC,2025-02-27T00:00:00,2025-02-27T09:00:00,122775000.0,127493000.0,121500000.0,124331000.0,3832.78298284,124331000.0,upbit,2026-06-28T04:34:13Z
KRW-BTC,2025-02-28T00:00:00,2025-02-28T09:00:00,124404000.0,125411000.0,116504000.0,124499000.0,8051.74155398,124499000.0,upbit,2026-06-28T04:34:13Z
KRW-BTC,2025-03-01T00:00:00,2025-03-01T09:00:00,124499000.0,128980000.0,123342000.0,128320000.0,3200.77768269,128320000.0,upbit,2026-06-28T04:34:13Z
KRW-BTC,2025-03-02T00:00:00,2025-03-02T09:00:00,128320000.0,143708000.0,126464000.0,142500000.0,8085.80440191,142500000.0,upbit,2026-06-28T04:34:13Z
KRW-BTC,2025-03-03T00:00:00,2025-03-03T09:00:00,142500000.0,142950000.0,128097000.0,130094000.0,7256.17361103,130094000.0,upbit,2026-06-28T04:34:13Z
KRW-BTC,2025-03-04T00:00:00,2025-03-04T09:00:00,130110000.0,133790000.0,123473000.0,130430000.0,5728.37012415,130430000.0,upbit,2026-06-28T04:34:13Z
KRW-BTC,2025-03-05T00:00:00,2025-03-05T09:00:00,130368000.0,136459000.0,128980000.0,134990000.0,3700.44052536,134990000.0,upbit,2026-06-28T04:34:13Z
KRW-BTC,2025-03-06T00:00:00,2025-03-06T09:00:00,134990000.0,138321000.0,131220000.0,133870000.0,3705.98906398,133870000.0,upbit,2026-06-28T04:34:13Z
KRW-BTC,2025-03-07T00:00:00,2025-03-07T09:00:00,133858000.0,135900000.0,127470000.0,129522000.0,5361.61739526,129522000.0,upbit,2026-06-28T04:34:13Z
KRW-BTC,2025-03-08T00:00:00,2025-03-08T09:00:00,129522000.0,129998000.0,127390000.0,128531000.0,1365.92299763,128531000.0,upbit,2026-06-28T04:34:13Z
KRW-BTC,2025-03-09T00:00:00,2025-03-09T09:00:00,128579000.0,128950000.0,119864000.0,121111000.0,3764.54374771,121111000.0,upbit,2026-06-28T04:34:13Z
KRW-BTC,2025-03-10T00:00:00,2025-03-10T09:00:00,121039000.0,124910000.0,116355000.0,117477000.0,6052.61966672,117477000.0,upbit,2026-06-28T04:34:13Z
KRW-BTC,2025-03-11T00:00:00,2025-03-11T09:00:00,117495000.0,123918000.0,114763000.0,123232000.0,5825.71269624,123232000.0,upbit,2026-06-28T04:34:13Z
KRW-BTC,2025-03-12T00:00:00,2025-03-12T09:00:00,123232000.0,125300000.0,120153000.0,123871000.0,3356.8139394,123871000.0,upbit,2026-06-28T04:34:13Z
KRW-BTC,2025-03-13T00:00:00,2025-03-13T09:00:00,123871000.0,124600000.0,119000000.0,120216000.0,2477.67851474,120216000.0,upbit,2026-06-28T04:34:13Z
KRW-BTC,2025-03-14T00:00:00,2025-03-14T09:00:00,120216000.0,125500000.0,119737000.0,123878000.0,2090.05272344,123878000.0,upbit,2026-06-28T04:34:13Z
KRW-BTC,2025-03-15T00:00:00,2025-03-15T09:00:00,123855000.0,124896000.0,123200000.0,124000000.0,963.95031949,124000000.0,upbit,2026-06-28T04:34:13Z
KRW-BTC,2025-03-16T00:00:00,2025-03-16T09:00:00,124013000.0,125000000.0,121020000.0,121749000.0,1606.15777572,121749000.0,upbit,2026-06-28T04:34:13Z
KRW-BTC,2025-03-17T00:00:00,2025-03-17T09:00:00,121720000.0,123660000.0,121260000.0,122801000.0,1168.99746106,122801000.0,upbit,2026-06-28T04:34:13Z
KRW-BTC,2025-03-18T00:00:00,2025-03-18T09:00:00,122801000.0,122888000.0,119550000.0,121272000.0,1657.37070706,121272000.0,upbit,2026-06-28T04:34:13Z
KRW-BTC,2025-03-19T00:00:00,2025-03-19T09:00:00,121272000.0,127625000.0,120939000.0,127194000.0,2393.84968552,127194000.0,upbit,2026-06-28T04:34:13Z
KRW-BTC,2025-03-20T00:00:00,2025-03-20T09:00:00,127194000.0,128495000.0,123910000.0,124297000.0,2192.80252221,124297000.0,upbit,2026-06-28T04:34:13Z
KRW-BTC,2025-03-21T00:00:00,2025-03-21T09:00:00,124329000.0,125138000.0,123228000.0,124500000.0,1077.29288816,124500000.0,upbit,2026-06-28T04:34:13Z
KRW-BTC,2025-03-22T00:00:00,2025-03-22T09:00:00,124500000.0,124890000.0,124000000.0,124150000.0,475.0285525,124150000.0,upbit,2026-06-28T04:34:13Z
KRW-BTC,2025-03-23T00:00:00,2025-03-23T09:00:00,124150000.0,126938000.0,124026000.0,126937000.0,799.40587556,126937000.0,upbit,2026-06-28T04:34:13Z
KRW-BTC,2025-03-24T00:00:00,2025-03-24T09:00:00,126912000.0,130989000.0,126196000.0,128890000.0,2523.90072772,128890000.0,upbit,2026-06-28T04:34:13Z
KRW-BTC,2025-03-25T00:00:00,2025-03-25T09:00:00,128890000.0,130000000.0,127502000.0,128823000.0,1539.02381677,128823000.0,upbit,2026-06-28T04:34:13Z
KRW-BTC,2025-03-26T00:00:00,2025-03-26T09:00:00,128822000.0,130207000.0,127200000.0,128556000.0,1340.28242464,128556000.0,upbit,2026-06-28T04:34:13Z
KRW-BTC,2025-03-27T00:00:00,2025-03-27T09:00:00,128556000.0,129566000.0,127000000.0,128701000.0,1081.83540099,128701000.0,upbit,2026-06-28T04:34:13Z
KRW-BTC,2025-03-28T00:00:00,2025-03-28T09:00:00,128701000.0,129026000.0,124610000.0,125800000.0,1668.55336482,125800000.0,upbit,2026-06-28T04:34:13Z
KRW-BTC,2025-03-29T00:00:00,2025-03-29T09:00:00,125800000.0,126100000.0,122007000.0,123378000.0,1266.89857377,123378000.0,upbit,2026-06-28T04:34:13Z
KRW-BTC,2025-03-30T00:00:00,2025-03-30T09:00:00,123274000.0,124890000.0,122218000.0,123046000.0,831.87817259,123046000.0,upbit,2026-06-28T04:34:13Z
KRW-BTC,2025-03-31T00:00:00,2025-03-31T09:00:00,123046000.0,124895000.0,121263000.0,123209000.0,1473.25060899,123209000.0,upbit,2026-06-28T04:34:13Z
KRW-BTC,2025-04-01T00:00:00,2025-04-01T09:00:00,123209000.0,126964000.0,122800000.0,126632000.0,1593.20054893,126632000.0,upbit,2026-06-28T04:34:13Z
KRW-BTC,2025-04-02T00:00:00,2025-04-02T09:00:00,126632000.0,130342000.0,122500000.0,122798000.0,2784.56638855,122798000.0,upbit,2026-06-28T04:34:13Z
KRW-BTC,2025-04-03T00:00:00,2025-04-03T09:00:00,122794000.0,124785000.0,121002000.0,123244000.0,1841.85772528,123244000.0,upbit,2026-06-28T04:34:13Z
KRW-BTC,2025-04-04T00:00:00,2025-04-04T09:00:00,123244000.0,124650000.0,121100000.0,123409000.0,2378.02197014,123409000.0,upbit,2026-06-28T04:34:13Z
KRW-BTC,2025-04-05T00:00:00,2025-04-05T09:00:00,123409000.0,123988000.0,122033000.0,123300000.0,653.88577832,123300000.0,upbit,2026-06-28T04:34:13Z
KRW-BTC,2025-04-06T00:00:00,2025-04-06T09:00:00,123255000.0,123500000.0,115542000.0,117517000.0,2876.21789292,117517000.0,upbit,2026-06-28T04:34:13Z
KRW-BTC,2025-04-07T00:00:00,2025-04-07T09:00:00,117517000.0,121149000.0,111659000.0,118061000.0,6795.16440668,118061000.0,upbit,2026-06-28T04:34:13Z
KRW-BTC,2025-04-08T00:00:00,2025-04-08T09:00:00,118062000.0,120239000.0,114360000.0,114489000.0,2452.43172456,114489000.0,upbit,2026-06-28T04:34:13Z
KRW-BTC,2025-04-09T00:00:00,2025-04-09T09:00:00,114497000.0,123168000.0,112549000.0,121339000.0,4922.18166707,121339000.0,upbit,2026-06-28T04:34:13Z
KRW-BTC,2025-04-10T00:00:00,2025-04-10T09:00:00,121339000.0,122300000.0,116687000.0,117936000.0,2240.96736559,117936000.0,upbit,2026-06-28T04:34:13Z
KRW-BTC,2025-04-11T00:00:00,2025-04-11T09:00:00,117929000.0,122333000.0,116910000.0,121450000.0,2056.67944403,121450000.0,upbit,2026-06-28T04:34:13Z
KRW-BTC,2025-04-12T00:00:00,2025-04-12T09:00:00,121450000.0,123973000.0,120616000.0,123551000.0,1377.88110286,123551000.0,upbit,2026-06-28T04:34:13Z
KRW-BTC,2025-04-13T00:00:00,2025-04-13T09:00:00,123577000.0,124520000.0,120859000.0,121577000.0,1556.51751213,121577000.0,upbit,2026-06-28T04:34:13Z
KRW-BTC,2025-04-14T00:00:00,2025-04-14T09:00:00,121577000.0,124000000.0,121504000.0,122694000.0,1626.21508492,122694000.0,upbit,2026-06-28T04:34:13Z
KRW-BTC,2025-04-15T00:00:00,2025-04-15T09:00:00,122694000.0,125120000.0,122116000.0,122158000.0,1625.93306976,122158000.0,upbit,2026-06-28T04:34:13Z
KRW-BTC,2025-04-16T00:00:00,2025-04-16T09:00:00,122154000.0,123570000.0,121200000.0,121850000.0,1435.20417425,121850000.0,upbit,2026-06-28T04:34:13Z
KRW-BTC,2025-04-17T00:00:00,2025-04-17T09:00:00,121850000.0,123220000.0,121502000.0,122700000.0,820.08150318,122700000.0,upbit,2026-06-28T04:34:13Z
KRW-BTC,2025-04-18T00:00:00,2025-04-18T09:00:00,122669000.0,122916000.0,122255000.0,122288000.0,446.71287534,122288000.0,upbit,2026-06-28T04:34:13Z
KRW-BTC,2025-04-19T00:00:00,2025-04-19T09:00:00,122288000.0,123500000.0,122110000.0,122720000.0,584.96011123,122720000.0,upbit,2026-06-28T04:34:13Z
KRW-BTC,2025-04-20T00:00:00,2025-04-20T09:00:00,122720000.0,123135000.0,121571000.0,122746000.0,831.06705878,122746000.0,upbit,2026-06-28T04:34:13Z
KRW-BTC,2025-04-21T00:00:00,2025-04-21T09:00:00,122746000.0,126660000.0,122690000.0,126237000.0,2188.96911603,126237000.0,upbit,2026-06-28T04:34:13Z
KRW-BTC,2025-04-22T00:00:00,2025-04-22T09:00:00,126200000.0,134397000.0,125550000.0,133855000.0,3287.24812644,133855000.0,upbit,2026-06-28T04:34:13Z
KRW-BTC,2025-04-23T00:00:00,2025-04-23T09:00:00,133856000.0,135413000.0,131570000.0,134373000.0,2740.94476695,134373000.0,upbit,2026-06-28T04:34:13Z
KRW-BTC,2025-04-24T00:00:00,2025-04-24T09:00:00,134373000.0,134710000.0,132028000.0,134650000.0,1606.11330416,134650000.0,upbit,2026-06-28T04:34:13Z
KRW-BTC,2025-04-25T00:00:00,2025-04-25T09:00:00,134641000.0,137869000.0,133857000.0,136416000.0,1994.62622378,136416000.0,upbit,2026-06-28T04:34:13Z
KRW-BTC,2025-04-26T00:00:00,2025-04-26T09:00:00,136557000.0,137140000.0,135300000.0,136499000.0,908.87004783,136499000.0,upbit,2026-06-28T04:34:13Z
KRW-BTC,2025-04-27T00:00:00,2025-04-27T09:00:00,136525000.0,137400000.0,135150000.0,135150000.0,827.17040513,135150000.0,upbit,2026-06-28T04:34:13Z
KRW-BTC,2025-04-28T00:00:00,2025-04-28T09:00:00,135160000.0,137558000.0,133720000.0,136816000.0,1697.1570741,136816000.0,upbit,2026-06-28T04:34:13Z
KRW-BTC,2025-04-29T00:00:00,2025-04-29T09:00:00,136820000.0,137498000.0,135700000.0,136310000.0,1253.55021462,136310000.0,upbit,2026-06-28T04:34:13Z
KRW-BTC,2025-04-30T00:00:00,2025-04-30T09:00:00,136310000.0,136873000.0,134138000.0,136050000.0,1221.71840726,136050000.0,upbit,2026-06-28T04:34:13Z
KRW-BTC,2025-05-01T00:00:00,2025-05-01T09:00:00,136148000.0,140037000.0,136002000.0,139145000.0,1709.97264494,139145000.0,upbit,2026-06-28T04:34:13Z
KRW-BTC,2025-05-02T00:00:00,2025-05-02T09:00:00,139145000.0,140516000.0,137799000.0,138636000.0,1368.47182698,138636000.0,upbit,2026-06-28T04:34:13Z
KRW-BTC,2025-05-03T00:00:00,2025-05-03T09:00:00,138640000.0,138750000.0,137153000.0,137560000.0,624.59800168,137560000.0,upbit,2026-06-28T04:34:13Z
KRW-BTC,2025-05-04T00:00:00,2025-05-04T09:00:00,137598000.0,138082000.0,135582000.0,135652000.0,677.57783034,135652000.0,upbit,2026-06-28T04:34:13Z
KRW-BTC,2025-05-05T00:00:00,2025-05-05T09:00:00,135677000.0,136392000.0,132900000.0,134890000.0,1381.52834207,134890000.0,upbit,2026-06-28T04:34:13Z
KRW-BTC,2025-05-06T00:00:00,2025-05-06T09:00:00,134890000.0,137800000.0,133061000.0,137400000.0,1153.00089047,137400000.0,upbit,2026-06-28T04:34:13Z
KRW-BTC,2025-05-07T00:00:00,2025-05-07T09:00:00,137351000.0,138282000.0,136050000.0,137660000.0,1302.40326345,137660000.0,upbit,2026-06-28T04:34:13Z
KRW-BTC,2025-05-08T00:00:00,2025-05-08T09:00:00,137680000.0,145000000.0,137402000.0,144780000.0,3154.90070587,144780000.0,upbit,2026-06-28T04:34:13Z
KRW-BTC,2025-05-09T00:00:00,2025-05-09T09:00:00,144688000.0,146200000.0,143500000.0,143720000.0,2080.11567877,143720000.0,upbit,2026-06-28T04:34:13Z
KRW-BTC,2025-05-10T00:00:00,2025-05-10T09:00:00,143726000.0,145315000.0,143500000.0,144964000.0,1243.871982,144964000.0,upbit,2026-06-28T04:34:13Z
KRW-BTC,2025-05-11T00:00:00,2025-05-11T09:00:00,144982000.0,146495000.0,144037000.0,145510000.0,1407.7751321,145510000.0,upbit,2026-06-28T04:34:13Z
KRW-BTC,2025-05-12T00:00:00,2025-05-12T09:00:00,145510000.0,147300000.0,142532000.0,144875000.0,2643.29601827,144875000.0,upbit,2026-06-28T04:34:13Z
KRW-BTC,2025-05-13T00:00:00,2025-05-13T09:00:00,144875000.0,146644000.0,143500000.0,145880000.0,1592.07970472,145880000.0,upbit,2026-06-28T04:34:13Z
KRW-BTC,2025-05-14T00:00:00,2025-05-14T09:00:00,145965000.0,146430000.0,144249000.0,145718000.0,1166.66900037,145718000.0,upbit,2026-06-28T04:34:13Z
KRW-BTC,2025-05-15T00:00:00,2025-05-15T09:00:00,145793000.0,146639000.0,143634000.0,146026000.0,1769.20196941,146026000.0,upbit,2026-06-28T04:34:13Z
KRW-BTC,2025-05-16T00:00:00,2025-05-16T09:00:00,146030000.0,147117000.0,145570000.0,146465000.0,1276.22182233,146465000.0,upbit,2026-06-28T04:34:13Z
KRW-BTC,2025-05-17T00:00:00,2025-05-17T09:00:00,146465000.0,146828000.0,145770000.0,146555000.0,861.64733995,146555000.0,upbit,2026-06-28T04:34:13Z
KRW-BTC,2025-05-18T00:00:00,2025-05-18T09:00:00,146580000.0,150600000.0,146555000.0,150458000.0,1866.44894706,150458000.0,upbit,2026-06-28T04:34:13Z
KRW-BTC,2025-05-19T00:00:00,2025-05-19T09:00:00,150296000.0,151199000.0,145500000.0,148699000.0,2401.08645573,148699000.0,upbit,2026-06-28T04:34:13Z
KRW-BTC,2025-05-20T00:00:00,2025-05-20T09:00:00,148700000.0,150990000.0,147743000.0,150424000.0,1919.88762969,150424000.0,upbit,2026-06-28T04:34:13Z
KRW-BTC,2025-05-21T00:00:00,2025-05-21T09:00:00,150424000.0,153301000.0,148810000.0,152356000.0,3078.69314991,152356000.0,upbit,2026-06-28T04:34:13Z
KRW-BTC,2025-05-22T00:00:00,2025-05-22T09:00:00,152356000.0,155323000.0,152070000.0,154861000.0,2781.67594178,154861000.0,upbit,2026-06-28T04:34:13Z
KRW-BTC,2025-05-23T00:00:00,2025-05-23T09:00:00,154861000.0,155169000.0,149258000.0,149878000.0,3245.40940679,149878000.0,upbit,2026-06-28T04:34:13Z
KRW-BTC,2025-05-24T00:00:00,2025-05-24T09:00:00,149962000.0,152700000.0,149422000.0,150660000.0,1063.00688169,150660000.0,upbit,2026-06-28T04:34:13Z
KRW-BTC,2025-05-25T00:00:00,2025-05-25T09:00:00,150680000.0,152946000.0,149916000.0,152133000.0,975.54766995,152133000.0,upbit,2026-06-28T04:34:13Z
KRW-BTC,2025-05-26T00:00:00,2025-05-26T09:00:00,152133000.0,153000000.0,151509000.0,152195000.0,987.97582253,152195000.0,upbit,2026-06-28T04:34:13Z
KRW-BTC,2025-05-27T00:00:00,2025-05-27T09:00:00,152197000.0,153218000.0,150001000.0,151323000.0,1629.83186829,151323000.0,upbit,2026-06-28T04:34:13Z
KRW-BTC,2025-05-28T00:00:00,2025-05-28T09:00:00,151323000.0,151608000.0,149520000.0,150280000.0,1140.46411905,150280000.0,upbit,2026-06-28T04:34:13Z
KRW-BTC,2025-05-29T00:00:00,2025-05-29T09:00:00,150280000.0,151291000.0,147160000.0,147370000.0,1717.72520344,147370000.0,upbit,2026-06-28T04:34:13Z
KRW-BTC,2025-05-30T00:00:00,2025-05-30T09:00:00,147370000.0,149000000.0,146300000.0,147044000.0,2171.38535825,147044000.0,upbit,2026-06-28T04:34:13Z
KRW-BTC,2025-05-31T00:00:00,2025-05-31T09:00:00,147044000.0,148700000.0,146042000.0,147932000.0,1097.54923406,147932000.0,upbit,2026-06-28T04:34:13Z
KRW-BTC,2025-06-01T00:00:00,2025-06-01T09:00:00,147932000.0,149502000.0,147000000.0,149100000.0,759.69668968,149100000.0,upbit,2026-06-28T04:34:13Z
KRW-BTC,2025-06-02T00:00:00,2025-06-02T09:00:00,149102000.0,149166000.0,146209000.0,148074000.0,1198.05720248,148074000.0,upbit,2026-06-28T04:34:13Z
KRW-BTC,2025-06-03T00:00:00,2025-06-03T09:00:00,148070000.0,148900000.0,147022000.0,147322000.0,979.14377348,147322000.0,upbit,2026-06-28T04:34:13Z
KRW-BTC,2025-06-04T00:00:00,2025-06-04T09:00:00,147378000.0,147601000.0,145200000.0,145210000.0,1104.00724819,145210000.0,upbit,2026-06-28T04:34:13Z
KRW-BTC,2025-06-05T00:00:00,2025-06-05T09:00:00,145218000.0,146487000.0,140399000.0,141588000.0,2536.94255293,141588000.0,upbit,2026-06-28T04:34:13Z
KRW-BTC,2025-06-06T00:00:00,2025-06-06T09:00:00,141588000.0,146120000.0,140862000.0,145196000.0,1279.12726613,145196000.0,upbit,2026-06-28T04:34:13Z
KRW-BTC,2025-06-07T00:00:00,2025-06-07T09:00:00,145196000.0,146895000.0,144601000.0,146514000.0,603.1996993,146514000.0,upbit,2026-06-28T04:34:13Z
KRW-BTC,2025-06-08T00:00:00,2025-06-08T09:00:00,146540000.0,146796000.0,145196000.0,145799000.0,553.07283989,145799000.0,upbit,2026-06-28T04:34:13Z
KRW-BTC,2025-06-09T00:00:00,2025-06-09T09:00:00,145801000.0,150600000.0,144900000.0,150330000.0,1605.82129866,150330000.0,upbit,2026-06-28T04:34:13Z
KRW-BTC,2025-06-10T00:00:00,2025-06-10T09:00:00,150330000.0,150992000.0,149060000.0,150604000.0,1359.55145588,150604000.0,upbit,2026-06-28T04:34:13Z
KRW-BTC,2025-06-11T00:00:00,2025-06-11T09:00:00,150628000.0,151400000.0,148999000.0,149702000.0,1080.08422097,149702000.0,upbit,2026-06-28T04:34:13Z
KRW-BTC,2025-06-12T00:00:00,2025-06-12T09:00:00,149710000.0,149840000.0,145801000.0,145801000.0,1570.65133602,145801000.0,upbit,2026-06-28T04:34:13Z
KRW-BTC,2025-06-13T00:00:00,2025-06-13T09:00:00,145811000.0,147340000.0,143000000.0,147266000.0,2195.12537289,147266000.0,upbit,2026-06-28T04:34:13Z
KRW-BTC,2025-06-14T00:00:00,2025-06-14T09:00:00,147265000.0,147526000.0,145082000.0,146401000.0,584.40012937,146401000.0,upbit,2026-06-28T04:34:13Z
KRW-BTC,2025-06-15T00:00:00,2025-06-15T09:00:00,146401000.0,147100000.0,145220000.0,145997000.0,576.27420172,145997000.0,upbit,2026-06-28T04:34:13Z
KRW-BTC,2025-06-16T00:00:00,2025-06-16T09:00:00,145998000.0,149303000.0,145250000.0,146673000.0,1408.77470368,146673000.0,upbit,2026-06-28T04:34:13Z
KRW-BTC,2025-06-17T00:00:00,2025-06-17T09:00:00,146661000.0,147957000.0,143900000.0,145456000.0,1403.18502313,145456000.0,upbit,2026-06-28T04:34:13Z
KRW-BTC,2025-06-18T00:00:00,2025-06-18T09:00:00,145456000.0,146128000.0,144150000.0,145380000.0,870.61801942,145380000.0,upbit,2026-06-28T04:34:13Z
KRW-BTC,2025-06-19T00:00:00,2025-06-19T09:00:00,145381000.0,146000000.0,144500000.0,144978000.0,700.77154255,144978000.0,upbit,2026-06-28T04:34:13Z
KRW-BTC,2025-06-20T00:00:00,2025-06-20T09:00:00,144979000.0,146930000.0,143107000.0,143956000.0,1315.62127829,143956000.0,upbit,2026-06-28T04:34:13Z
KRW-BTC,2025-06-21T00:00:00,2025-06-21T09:00:00,143956000.0,144427000.0,141151000.0,142782000.0,1092.57854726,142782000.0,upbit,2026-06-28T04:34:13Z
KRW-BTC,2025-06-22T00:00:00,2025-06-22T09:00:00,142811000.0,144900000.0,137127000.0,140908000.0,3335.88004835,140908000.0,upbit,2026-06-28T04:34:13Z
KRW-BTC,2025-06-23T00:00:00,2025-06-23T09:00:00,140908000.0,147101000.0,139698000.0,146182000.0,2422.95238077,146182000.0,upbit,2026-06-28T04:34:13Z
KRW-BTC,2025-06-24T00:00:00,2025-06-24T09:00:00,146180000.0,146387000.0,144222000.0,145625000.0,1272.92112127,145625000.0,upbit,2026-06-28T04:34:13Z
KRW-BTC,2025-06-25T00:00:00,2025-06-25T09:00:00,145626000.0,148620000.0,145360000.0,147365000.0,1318.58944681,147365000.0,upbit,2026-06-28T04:34:13Z
KRW-BTC,2025-06-26T00:00:00,2025-06-26T09:00:00,147365000.0,148205000.0,146500000.0,146852000.0,950.33860524,146852000.0,upbit,2026-06-28T04:34:13Z
KRW-BTC,2025-06-27T00:00:00,2025-06-27T09:00:00,146868000.0,147628000.0,146000000.0,147058000.0,758.41022582,147058000.0,upbit,2026-06-28T04:34:13Z
KRW-BTC,2025-06-28T00:00:00,2025-06-28T09:00:00,147001000.0,147479000.0,146799000.0,147174000.0,291.28203061,147174000.0,upbit,2026-06-28T04:34:13Z
KRW-BTC,2025-06-29T00:00:00,2025-06-29T09:00:00,147174000.0,148502000.0,147091000.0,147996000.0,650.95569906,147996000.0,upbit,2026-06-28T04:34:13Z
KRW-BTC,2025-06-30T00:00:00,2025-06-30T09:00:00,147996000.0,148480000.0,145740000.0,145759000.0,944.35761221,145759000.0,upbit,2026-06-28T04:34:13Z
KRW-BTC,2025-07-01T00:00:00,2025-07-01T09:00:00,145759000.0,146678000.0,144710000.0,145019000.0,915.58085007,145019000.0,upbit,2026-06-28T04:34:13Z
KRW-BTC,2025-07-02T00:00:00,2025-07-02T09:00:00,145019000.0,148930000.0,144265000.0,147372000.0,1356.69500727,147372000.0,upbit,2026-06-28T04:34:13Z
KRW-BTC,2025-07-03T00:00:00,2025-07-03T09:00:00,147372000.0,149755000.0,147364000.0,148737000.0,1182.41237517,148737000.0,upbit,2026-06-28T04:34:13Z
KRW-BTC,2025-07-04T00:00:00,2025-07-04T09:00:00,148737000.0,149360000.0,146929000.0,147797000.0,819.64407007,147797000.0,upbit,2026-06-28T04:34:13Z
KRW-BTC,2025-07-05T00:00:00,2025-07-05T09:00:00,147798000.0,148400000.0,147655000.0,148197000.0,289.92019607,148197000.0,upbit,2026-06-28T04:34:13Z
KRW-BTC,2025-07-06T00:00:00,2025-07-06T09:00:00,148197000.0,149100000.0,147411000.0,148500000.0,574.67732795,148500000.0,upbit,2026-06-28T04:34:13Z
KRW-BTC,2025-07-07T00:00:00,2025-07-07T09:00:00,148500000.0,149100000.0,147196000.0,148100000.0,832.29461691,148100000.0,upbit,2026-06-28T04:34:13Z
KRW-BTC,2025-07-08T00:00:00,2025-07-08T09:00:00,148100000.0,148890000.0,147100000.0,148302000.0,670.29249832,148302000.0,upbit,2026-06-28T04:34:13Z
KRW-BTC,2025-07-09T00:00:00,2025-07-09T09:00:00,148302000.0,151479000.0,148000000.0,150701000.0,1496.46774735,150701000.0,upbit,2026-06-28T04:34:13Z
KRW-BTC,2025-07-10T00:00:00,2025-07-10T09:00:00,150750000.0,156960000.0,150200000.0,156519000.0,2648.04060121,156519000.0,upbit,2026-06-28T04:34:13Z
KRW-BTC,2025-07-11T00:00:00,2025-07-11T09:00:00,156517000.0,160744000.0,155000000.0,158187000.0,3339.42695041,158187000.0,upbit,2026-06-28T04:34:13Z
KRW-BTC,2025-07-12T00:00:00,2025-07-12T09:00:00,158187000.0,159952000.0,157200000.0,159681000.0,1039.66662029,159681000.0,upbit,2026-06-28T04:34:13Z
KRW-BTC,2025-07-13T00:00:00,2025-07-13T09:00:00,159683000.0,161754000.0,159450000.0,161740000.0,1227.16949574,161740000.0,upbit,2026-06-28T04:34:13Z
KRW-BTC,2025-07-14T00:00:00,2025-07-14T09:00:00,161740000.0,166800000.0,161357000.0,163923000.0,3490.7303061,163923000.0,upbit,2026-06-28T04:34:13Z
KRW-BTC,2025-07-15T00:00:00,2025-07-15T09:00:00,163923000.0,164010000.0,158658000.0,160811000.0,3179.44960753,160811000.0,upbit,2026-06-28T04:34:13Z
KRW-BTC,2025-07-16T00:00:00,2025-07-16T09:00:00,160811000.0,163210000.0,160175000.0,161250000.0,1841.21876947,161250000.0,upbit,2026-06-28T04:34:13Z
KRW-BTC,2025-07-17T00:00:00,2025-07-17T09:00:00,161246000.0,163955000.0,160002000.0,162232000.0,2240.66691129,162232000.0,upbit,2026-06-28T04:34:13Z
KRW-BTC,2025-07-18T00:00:00,2025-07-18T09:00:00,162232000.0,164446000.0,159301000.0,161100000.0,2771.33021866,161100000.0,upbit,2026-06-28T04:34:13Z
KRW-BTC,2025-07-19T00:00:00,2025-07-19T09:00:00,161098000.0,162470000.0,160788000.0,161428000.0,842.3510109,161428000.0,upbit,2026-06-28T04:34:13Z
KRW-BTC,2025-07-20T00:00:00,2025-07-20T09:00:00,161428000.0,162000000.0,159726000.0,160072000.0,1429.7828596,160072000.0,upbit,2026-06-28T04:34:13Z
KRW-BTC,2025-07-21T00:00:00,2025-07-21T09:00:00,160072000.0,162300000.0,159350000.0,160096000.0,1982.32577051,160096000.0,upbit,2026-06-28T04:34:13Z
KRW-BTC,2025-07-22T00:00:00,2025-07-22T09:00:00,160094000.0,162990000.0,158750000.0,162321000.0,2730.46451082,162321000.0,upbit,2026-06-28T04:34:13Z
KRW-BTC,2025-07-23T00:00:00,2025-07-23T09:00:00,162321000.0,162848000.0,159192000.0,161990000.0,2098.23989394,161990000.0,upbit,2026-06-28T04:34:13Z
KRW-BTC,2025-07-24T00:00:00,2025-07-24T09:00:00,162000000.0,162888000.0,159000000.0,160928000.0,2151.53591644,160928000.0,upbit,2026-06-28T04:34:13Z
KRW-BTC,2025-07-25T00:00:00,2025-07-25T09:00:00,160938000.0,161239000.0,157746000.0,160217000.0,2661.28602167,160217000.0,upbit,2026-06-28T04:34:13Z
KRW-BTC,2025-07-26T00:00:00,2025-07-26T09:00:00,160225000.0,161220000.0,159600000.0,160900000.0,789.27787874,160900000.0,upbit,2026-06-28T04:34:13Z
KRW-BTC,2025-07-27T00:00:00,2025-07-27T09:00:00,160900000.0,162800000.0,160858000.0,162717000.0,1057.82545276,162717000.0,upbit,2026-06-28T04:34:13Z
KRW-BTC,2025-07-28T00:00:00,2025-07-28T09:00:00,162548000.0,162985000.0,161391000.0,162483000.0,1461.59937798,162483000.0,upbit,2026-06-28T04:34:13Z
KRW-BTC,2025-07-29T00:00:00,2025-07-29T09:00:00,162483000.0,163800000.0,162034000.0,163158000.0,1487.53432374,163158000.0,upbit,2026-06-28T04:34:13Z
KRW-BTC,2025-07-30T00:00:00,2025-07-30T09:00:00,163248000.0,163708000.0,161800000.0,163118000.0,1209.08673259,163118000.0,upbit,2026-06-28T04:34:13Z
KRW-BTC,2025-07-31T00:00:00,2025-07-31T09:00:00,163118000.0,164300000.0,161138000.0,161398000.0,1460.98746879,161398000.0,upbit,2026-06-28T04:34:13Z
KRW-BTC,2025-08-01T00:00:00,2025-08-01T09:00:00,161400000.0,161770000.0,158100000.0,158102000.0,2864.49971781,158102000.0,upbit,2026-06-28T04:34:13Z
KRW-BTC,2025-08-02T00:00:00,2025-08-02T09:00:00,158101000.0,159362000.0,157115000.0,157376000.0,1322.24037421,157376000.0,upbit,2026-06-28T04:34:13Z
KRW-BTC,2025-08-03T00:00:00,2025-08-03T09:00:00,157376000.0,160324000.0,156715000.0,160227000.0,1104.10129659,160227000.0,upbit,2026-06-28T04:34:13Z
KRW-BTC,2025-08-04T00:00:00,2025-08-04T09:00:00,160208000.0,161400000.0,159500000.0,160332000.0,1049.67722034,160332000.0,upbit,2026-06-28T04:34:13Z
KRW-BTC,2025-08-05T00:00:00,2025-08-05T09:00:00,160333000.0,160571000.0,158206000.0,159999000.0,1164.16382517,159999000.0,upbit,2026-06-28T04:34:13Z
KRW-BTC,2025-08-06T00:00:00,2025-08-06T09:00:00,159999000.0,160955000.0,158605000.0,160000000.0,888.90291262,160000000.0,upbit,2026-06-28T04:34:13Z
KRW-BTC,2025-08-07T00:00:00,2025-08-07T09:00:00,160000000.0,162000000.0,159524000.0,161853000.0,1473.6112066,161853000.0,upbit,2026-06-28T04:34:13Z
KRW-BTC,2025-08-08T00:00:00,2025-08-08T09:00:00,161853000.0,161994000.0,160008000.0,160099000.0,1358.86703435,160099000.0,upbit,2026-06-28T04:34:13Z
KRW-BTC,2025-08-09T00:00:00,2025-08-09T09:00:00,160099000.0,161547000.0,160007000.0,160180000.0,1399.2385616,160180000.0,upbit,2026-06-28T04:34:13Z
KRW-BTC,2025-08-10T00:00:00,2025-08-10T09:00:00,160180000.0,163877000.0,160132000.0,163859000.0,2343.22751857,163859000.0,upbit,2026-06-28T04:34:13Z
KRW-BTC,2025-08-11T00:00:00,2025-08-11T09:00:00,163860000.0,167000000.0,163350000.0,164210000.0,3218.61763068,164210000.0,upbit,2026-06-28T04:34:13Z
KRW-BTC,2025-08-12T00:00:00,2025-08-12T09:00:00,164210000.0,164990000.0,163000000.0,164298000.0,2238.75147187,164298000.0,upbit,2026-06-28T04:34:13Z
KRW-BTC,2025-08-13T00:00:00,2025-08-13T09:00:00,164298000.0,168262000.0,163353000.0,168051000.0,2570.30205767,168051000.0,upbit,2026-06-28T04:34:13Z
KRW-BTC,2025-08-14T00:00:00,2025-08-14T09:00:00,168051000.0,169900000.0,162550000.0,164723000.0,4234.99357777,164723000.0,upbit,2026-06-28T04:34:13Z
KRW-BTC,2025-08-15T00:00:00,2025-08-15T09:00:00,164723000.0,165885000.0,163010000.0,164122000.0,1381.99175784,164122000.0,upbit,2026-06-28T04:34:13Z
KRW-BTC,2025-08-16T00:00:00,2025-08-16T09:00:00,164122000.0,164374000.0,162685000.0,163058000.0,813.45140276,163058000.0,upbit,2026-06-28T04:34:13Z
KRW-BTC,2025-08-17T00:00:00,2025-08-17T09:00:00,163058000.0,164194000.0,163035000.0,163111000.0,721.88384529,163111000.0,upbit,2026-06-28T04:34:13Z
KRW-BTC,2025-08-18T00:00:00,2025-08-18T09:00:00,163110000.0,163456000.0,160000000.0,161513000.0,2026.55299081,161513000.0,upbit,2026-06-28T04:34:13Z
KRW-BTC,2025-08-19T00:00:00,2025-08-19T09:00:00,161513000.0,162388000.0,157044000.0,157172000.0,2183.55943311,157172000.0,upbit,2026-06-28T04:34:13Z
KRW-BTC,2025-08-20T00:00:00,2025-08-20T09:00:00,157180000.0,159565000.0,157100000.0,159149000.0,1687.53584763,159149000.0,upbit,2026-06-28T04:34:13Z
KRW-BTC,2025-08-21T00:00:00,2025-08-21T09:00:00,159237000.0,159900000.0,157280000.0,157737000.0,1101.96487624,157737000.0,upbit,2026-06-28T04:34:13Z
KRW-BTC,2025-08-22T00:00:00,2025-08-22T09:00:00,157737000.0,162688000.0,156647000.0,161176000.0,3303.07060192,161176000.0,upbit,2026-06-28T04:34:13Z
KRW-BTC,2025-08-23T00:00:00,2025-08-23T09:00:00,161176000.0,161505000.0,159000000.0,159705000.0,1231.27745096,159705000.0,upbit,2026-06-28T04:34:13Z
KRW-BTC,2025-08-24T00:00:00,2025-08-24T09:00:00,159705000.0,160272000.0,155870000.0,157603000.0,2179.0180382,157603000.0,upbit,2026-06-28T04:34:13Z
KRW-BTC,2025-08-25T00:00:00,2025-08-25T09:00:00,157603000.0,158000000.0,155346000.0,155887000.0,2588.2830815,155887000.0,upbit,2026-06-28T04:34:13Z
KRW-BTC,2025-08-26T00:00:00,2025-08-26T09:00:00,155887000.0,157367000.0,153952000.0,156661000.0,2318.14300616,156661000.0,upbit,2026-06-28T04:34:13Z
KRW-BTC,2025-08-27T00:00:00,2025-08-27T09:00:00,156660000.0,157200000.0,154800000.0,155534000.0,1378.40369363,155534000.0,upbit,2026-06-28T04:34:13Z
KRW-BTC,2025-08-28T00:00:00,2025-08-28T09:00:00,155532000.0,157787000.0,155211000.0,156737000.0,1179.83398781,156737000.0,upbit,2026-06-28T04:34:13Z
KRW-BTC,2025-08-29T00:00:00,2025-08-29T09:00:00,156737000.0,157080000.0,151100000.0,152262000.0,2916.36749565,152262000.0,upbit,2026-06-28T04:34:13Z
KRW-BTC,2025-08-30T00:00:00,2025-08-30T09:00:00,152262000.0,152267000.0,149704000.0,151734000.0,1660.9190379,151734000.0,upbit,2026-06-28T04:34:13Z
KRW-BTC,2025-08-31T00:00:00,2025-08-31T09:00:00,151734000.0,152960000.0,150447000.0,150700000.0,1168.42444947,150700000.0,upbit,2026-06-28T04:34:13Z
KRW-BTC,2025-09-01T00:00:00,2025-09-01T09:00:00,150700000.0,152789000.0,149000000.0,152419000.0,2147.55268421,152419000.0,upbit,2026-06-28T04:34:13Z
KRW-BTC,2025-09-02T00:00:00,2025-09-02T09:00:00,152419000.0,155445000.0,150984000.0,154850000.0,1920.61439848,154850000.0,upbit,2026-06-28T04:34:13Z
KRW-BTC,2025-09-03T00:00:00,2025-09-03T09:00:00,154850000.0,156000000.0,154032000.0,154890000.0,1040.1957758,154890000.0,upbit,2026-06-28T04:34:13Z
KRW-BTC,2025-09-04T00:00:00,2025-09-04T09:00:00,154890000.0,156515000.0,153093000.0,155410000.0,1070.14485107,155410000.0,upbit,2026-06-28T04:34:13Z
KRW-BTC,2025-09-05T00:00:00,2025-09-05T09:00:00,155337000.0,157853000.0,154502000.0,154930000.0,1644.26975383,154930000.0,upbit,2026-06-28T04:34:13Z
KRW-BTC,2025-09-06T00:00:00,2025-09-06T09:00:00,154930000.0,155629000.0,154231000.0,154325000.0,472.77600266,154325000.0,upbit,2026-06-28T04:34:13Z
KRW-BTC,2025-09-07T00:00:00,2025-09-07T09:00:00,154325000.0,155784000.0,154200000.0,155001000.0,487.36392303,155001000.0,upbit,2026-06-28T04:34:13Z
KRW-BTC,2025-09-08T00:00:00,2025-09-08T09:00:00,155001000.0,156838000.0,154592000.0,156048000.0,850.15690616,156048000.0,upbit,2026-06-28T04:34:13Z
KRW-BTC,2025-09-09T00:00:00,2025-09-09T09:00:00,156048000.0,157200000.0,154697000.0,155450000.0,1398.29118063,155450000.0,upbit,2026-06-28T04:34:13Z
KRW-BTC,2025-09-10T00:00:00,2025-09-10T09:00:00,155451000.0,158800000.0,154950000.0,158561000.0,1438.34464883,158561000.0,upbit,2026-06-28T04:34:13Z
KRW-BTC,2025-09-11T00:00:00,2025-09-11T09:00:00,158562000.0,160400000.0,157777000.0,160375000.0,1550.22561596,160375000.0,upbit,2026-06-28T04:34:13Z
KRW-BTC,2025-09-12T00:00:00,2025-09-12T09:00:00,160395000.0,161794000.0,160000000.0,161101000.0,1460.8794118,161101000.0,upbit,2026-06-28T04:34:13Z
KRW-BTC,2025-09-13T00:00:00,2025-09-13T09:00:00,161110000.0,161369000.0,159461000.0,160536000.0,1011.50487891,160536000.0,upbit,2026-06-28T04:34:13Z
KRW-BTC,2025-09-14T00:00:00,2025-09-14T09:00:00,160536000.0,161200000.0,159899000.0,160338000.0,734.22633687,160338000.0,upbit,2026-06-28T04:34:13Z
KRW-BTC,2025-09-15T00:00:00,2025-09-15T09:00:00,160338000.0,161791000.0,159500000.0,160705000.0,1328.26487987,160705000.0,upbit,2026-06-28T04:34:13Z
KRW-BTC,2025-09-16T00:00:00,2025-09-16T09:00:00,160705000.0,162334000.0,160125000.0,162167000.0,1013.13497679,162167000.0,upbit,2026-06-28T04:34:13Z
KRW-BTC,2025-09-17T00:00:00,2025-09-17T09:00:00,162200000.0,163000000.0,160210000.0,161468000.0,1630.74076706,161468000.0,upbit,2026-06-28T04:34:13Z
KRW-BTC,2025-09-18T00:00:00,2025-09-18T09:00:00,161468000.0,163333000.0,161372000.0,162478000.0,1738.78345738,162478000.0,upbit,2026-06-28T04:34:13Z
KRW-BTC,2025-09-19T00:00:00,2025-09-19T09:00:00,162478000.0,163080000.0,161500000.0,162138000.0,1389.24628029,162138000.0,upbit,2026-06-28T04:34:13Z
KRW-BTC,2025-09-20T00:00:00,2025-09-20T09:00:00,162162000.0,162486000.0,162000000.0,162236000.0,694.36542049,162236000.0,upbit,2026-06-28T04:34:13Z
KRW-BTC,2025-09-21T00:00:00,2025-09-21T09:00:00,162236000.0,162239000.0,161372000.0,161412000.0,956.39786821,161412000.0,upbit,2026-06-28T04:34:13Z
KRW-BTC,2025-09-22T00:00:00,2025-09-22T09:00:00,161410000.0,161631000.0,159000000.0,160730000.0,3058.73284497,160730000.0,upbit,2026-06-28T04:34:13Z
KRW-BTC,2025-09-23T00:00:00,2025-09-23T09:00:00,160731000.0,161350000.0,158668000.0,159679000.0,1105.98353873,159679000.0,upbit,2026-06-28T04:34:13Z
KRW-BTC,2025-09-24T00:00:00,2025-09-24T09:00:00,159680000.0,161200000.0,159001000.0,160700000.0,989.63619655,160700000.0,upbit,2026-06-28T04:34:13Z
KRW-BTC,2025-09-25T00:00:00,2025-09-25T09:00:00,160700000.0,161037000.0,158000000.0,158200000.0,2072.65761536,158200000.0,upbit,2026-06-28T04:34:13Z
KRW-BTC,2025-09-26T00:00:00,2025-09-26T09:00:00,158219000.0,159307000.0,157100000.0,158128000.0,1636.24151791,158128000.0,upbit,2026-06-28T04:34:13Z
KRW-BTC,2025-09-27T00:00:00,2025-09-27T09:00:00,158129000.0,158250000.0,157126000.0,157895000.0,599.24007712,157895000.0,upbit,2026-06-28T04:34:13Z
KRW-BTC,2025-09-28T00:00:00,2025-09-28T09:00:00,157892000.0,160800000.0,157559000.0,160579000.0,1115.14654906,160579000.0,upbit,2026-06-28T04:34:13Z
KRW-BTC,2025-09-29T00:00:00,2025-09-29T09:00:00,160579000.0,163200000.0,159300000.0,162976000.0,1561.77655952,162976000.0,upbit,2026-06-28T04:34:13Z
KRW-BTC,2025-09-30T00:00:00,2025-09-30T09:00:00,162976000.0,163655000.0,161111000.0,162828000.0,1347.68465165,162828000.0,upbit,2026-06-28T04:34:13Z
KRW-BTC,2025-10-01T00:00:00,2025-10-01T09:00:00,162828000.0,168429000.0,162789000.0,168424000.0,2391.53349082,168424000.0,upbit,2026-06-28T04:34:13Z
KRW-BTC,2025-10-02T00:00:00,2025-10-02T09:00:00,168424000.0,170903000.0,167709000.0,170704000.0,2634.57350068,170704000.0,upbit,2026-06-28T04:34:13Z
KRW-BTC,2025-10-03T00:00:00,2025-10-03T09:00:00,170749000.0,174995000.0,169100000.0,173460000.0,2241.08106806,173460000.0,upbit,2026-06-28T04:34:13Z
KRW-BTC,2025-10-04T00:00:00,2025-10-04T09:00:00,173460000.0,174990000.0,172673000.0,174964000.0,2463.17052828,174964000.0,upbit,2026-06-28T04:34:13Z
KRW-BTC,2025-10-05T00:00:00,2025-10-05T09:00:00,174986000.0,178651000.0,174270000.0,177024000.0,3767.82109651,177024000.0,upbit,2026-06-28T04:34:13Z
KRW-BTC,2025-10-06T00:00:00,2025-10-06T09:00:00,177002000.0,178790000.0,176500000.0,177536000.0,2611.57241052,177536000.0,upbit,2026-06-28T04:34:13Z
KRW-BTC,2025-10-07T00:00:00,2025-10-07T09:00:00,177562000.0,178400000.0,174385000.0,175460000.0,3389.80439054,175460000.0,upbit,2026-06-28T04:34:13Z
KRW-BTC,2025-10-08T00:00:00,2025-10-08T09:00:00,175490000.0,178617000.0,175460000.0,178011000.0,2463.9288202,178011000.0,upbit,2026-06-28T04:34:13Z
KRW-BTC,2025-10-09T00:00:00,2025-10-09T09:00:00,177853000.0,179869000.0,176496000.0,177616000.0,2825.3725964,177616000.0,upbit,2026-06-28T04:34:13Z
KRW-BTC,2025-10-10T00:00:00,2025-10-10T09:00:00,177616000.0,178151000.0,165000000.0,172257000.0,6799.93776544,172257000.0,upbit,2026-06-28T04:34:13Z
KRW-BTC,2025-10-11T00:00:00,2025-10-11T09:00:00,172180000.0,173937000.0,166500000.0,170390000.0,4416.69331273,170390000.0,upbit,2026-06-28T04:34:13Z
KRW-BTC,2025-10-12T00:00:00,2025-10-12T09:00:00,170390000.0,174909000.0,168132000.0,173833000.0,3435.1907301,173833000.0,upbit,2026-06-28T04:34:13Z
KRW-BTC,2025-10-13T00:00:00,2025-10-13T09:00:00,173833000.0,175337000.0,170778000.0,171680000.0,2243.15905637,171680000.0,upbit,2026-06-28T04:34:13Z
KRW-BTC,2025-10-14T00:00:00,2025-10-14T09:00:00,171695000.0,172444000.0,168000000.0,170070000.0,2556.34346069,170070000.0,upbit,2026-06-28T04:34:13Z
KRW-BTC,2025-10-15T00:00:00,2025-10-15T09:00:00,170109000.0,170740000.0,168001000.0,168539000.0,1724.32577247,168539000.0,upbit,2026-06-28T04:34:13Z
KRW-BTC,2025-10-16T00:00:00,2025-10-16T09:00:00,168642000.0,170124000.0,164858000.0,165290000.0,2618.72985457,165290000.0,upbit,2026-06-28T04:34:13Z
KRW-BTC,2025-10-17T00:00:00,2025-10-17T09:00:00,165291000.0,166565000.0,159671000.0,163639000.0,4263.22344629,163639000.0,upbit,2026-06-28T04:34:13Z
KRW-BTC,2025-10-18T00:00:00,2025-10-18T09:00:00,163639000.0,164998000.0,162852000.0,163631000.0,926.13402213,163631000.0,upbit,2026-06-28T04:34:13Z
KRW-BTC,2025-10-19T00:00:00,2025-10-19T09:00:00,163631000.0,165996000.0,161250000.0,164806000.0,1399.97751435,164806000.0,upbit,2026-06-28T04:34:13Z
KRW-BTC,2025-10-20T00:00:00,2025-10-20T09:00:00,164806000.0,167468000.0,163398000.0,165911000.0,1448.62619236,165911000.0,upbit,2026-06-28T04:34:13Z
KRW-BTC,2025-10-21T00:00:00,2025-10-21T09:00:00,165911000.0,169336000.0,162011000.0,163400000.0,2420.85720656,163400000.0,upbit,2026-06-28T04:34:13Z
KRW-BTC,2025-10-22T00:00:00,2025-10-22T09:00:00,163400000.0,164406000.0,162500000.0,163153000.0,1291.51295714,163153000.0,upbit,2026-06-28T04:34:13Z
KRW-BTC,2025-10-23T00:00:00,2025-10-23T09:00:00,163153000.0,166400000.0,163035000.0,165546000.0,1119.20412068,165546000.0,upbit,2026-06-28T04:34:13Z
KRW-BTC,2025-10-24T00:00:00,2025-10-24T09:00:00,165546000.0,167381000.0,164420000.0,165703000.0,1440.09487313,165703000.0,upbit,2026-06-28T04:34:13Z
KRW-BTC,2025-10-25T00:00:00,2025-10-25T09:00:00,165703000.0,166849000.0,165331000.0,166310000.0,515.28984273,166310000.0,upbit,2026-06-28T04:34:13Z
KRW-BTC,2025-10-26T00:00:00,2025-10-26T09:00:00,166330000.0,170000000.0,166104000.0,169514000.0,1297.92398941,169514000.0,upbit,2026-06-28T04:34:13Z
KRW-BTC,2025-10-27T00:00:00,2025-10-27T09:00:00,169514000.0,171500000.0,168793000.0,168980000.0,1539.67425404,168980000.0,upbit,2026-06-28T04:34:13Z
KRW-BTC,2025-10-28T00:00:00,2025-10-28T09:00:00,168980000.0,170859000.0,167550000.0,168263000.0,1268.51890121,168263000.0,upbit,2026-06-28T04:34:13Z
KRW-BTC,2025-10-29T00:00:00,2025-10-29T09:00:00,168263000.0,168401000.0,164000000.0,164617000.0,1947.2314325,164617000.0,upbit,2026-06-28T04:34:13Z
KRW-BTC,2025-10-30T00:00:00,2025-10-30T09:00:00,164597000.0,166201000.0,162000000.0,164258000.0,2160.38972862,164258000.0,upbit,2026-06-28T04:34:13Z
KRW-BTC,2025-10-31T00:00:00,2025-10-31T09:00:00,164259000.0,166000000.0,163255000.0,164275000.0,1085.96360328,164275000.0,upbit,2026-06-28T04:34:13Z
KRW-BTC,2025-11-01T00:00:00,2025-11-01T09:00:00,164275000.0,164692000.0,163410000.0,164000000.0,394.93497609,164000000.0,upbit,2026-06-28T04:34:13Z
KRW-BTC,2025-11-02T00:00:00,2025-11-02T09:00:00,164001000.0,165139000.0,163300000.0,164129000.0,538.34171488,164129000.0,upbit,2026-06-28T04:34:13Z
KRW-BTC,2025-11-03T00:00:00,2025-11-03T09:00:00,164074000.0,164133000.0,158000000.0,158587000.0,3370.61616028,158587000.0,upbit,2026-06-28T04:34:13Z
KRW-BTC,2025-11-04T00:00:00,2025-11-04T09:00:00,158589000.0,161128000.0,147651000.0,152873000.0,6623.28166665,152873000.0,upbit,2026-06-28T04:34:13Z
KRW-BTC,2025-11-05T00:00:00,2025-11-05T09:00:00,152873000.0,156324000.0,146679000.0,156008000.0,4638.82222413,156008000.0,upbit,2026-06-28T04:34:13Z
KRW-BTC,2025-11-06T00:00:00,2025-11-06T09:00:00,156008000.0,156126000.0,150500000.0,151401000.0,1828.65611327,151401000.0,upbit,2026-06-28T04:34:13Z
KRW-BTC,2025-11-07T00:00:00,2025-11-07T09:00:00,151412000.0,154961000.0,148831000.0,153850000.0,2342.63161192,153850000.0,upbit,2026-06-28T04:34:13Z
KRW-BTC,2025-11-08T00:00:00,2025-11-08T09:00:00,153850000.0,154400000.0,151353000.0,152541000.0,879.04177043,152541000.0,upbit,2026-06-28T04:34:13Z
KRW-BTC,2025-11-09T00:00:00,2025-11-09T09:00:00,152542000.0,156300000.0,151279000.0,155490000.0,1204.96625518,155490000.0,upbit,2026-06-28T04:34:13Z
KRW-BTC,2025-11-10T00:00:00,2025-11-10T09:00:00,155490000.0,158330000.0,154922000.0,156797000.0,1825.40211546,156797000.0,upbit,2026-06-28T04:34:13Z
KRW-BTC,2025-11-11T00:00:00,2025-11-11T09:00:00,156802000.0,159150000.0,153267000.0,154302000.0,1489.05390557,154302000.0,upbit,2026-06-28T04:34:13Z
KRW-BTC,2025-11-12T00:00:00,2025-11-12T09:00:00,154302000.0,157200000.0,152000000.0,153300000.0,1370.69258931,153300000.0,upbit,2026-06-28T04:34:13Z
KRW-BTC,2025-11-13T00:00:00,2025-11-13T09:00:00,153300000.0,155271000.0,149000000.0,151306000.0,2615.18799842,151306000.0,upbit,2026-06-28T04:34:13Z
KRW-BTC,2025-11-14T00:00:00,2025-11-14T09:00:00,151314000.0,151619000.0,142950000.0,143623000.0,6095.07370382,143623000.0,upbit,2026-06-28T04:34:13Z
KRW-BTC,2025-11-15T00:00:00,2025-11-15T09:00:00,143623000.0,146306000.0,143489000.0,144265000.0,1515.28574425,144265000.0,upbit,2026-06-28T04:34:13Z
KRW-BTC,2025-11-16T00:00:00,2025-11-16T09:00:00,144265000.0,144888000.0,138663000.0,140320000.0,3306.73095286,140320000.0,upbit,2026-06-28T04:34:13Z
KRW-BTC,2025-11-17T00:00:00,2025-11-17T09:00:00,140320000.0,142926000.0,137127000.0,137706000.0,3402.72907309,137706000.0,upbit,2026-06-28T04:34:13Z
KRW-BTC,2025-11-18T00:00:00,2025-11-18T09:00:00,137706000.0,139184000.0,132200000.0,137750000.0,6342.5202439,137750000.0,upbit,2026-06-28T04:34:13Z
KRW-BTC,2025-11-19T00:00:00,2025-11-19T09:00:00,137750000.0,137807000.0,132449000.0,136500000.0,2862.63500623,136500000.0,upbit,2026-06-28T04:34:13Z
KRW-BTC,2025-11-20T00:00:00,2025-11-20T09:00:00,136500000.0,138621000.0,129800000.0,129896000.0,4303.83230626,129896000.0,upbit,2026-06-28T04:34:13Z
KRW-BTC,2025-11-21T00:00:00,2025-11-21T09:00:00,129896000.0,131000000.0,121455000.0,128044000.0,8849.11214826,128044000.0,upbit,2026-06-28T04:34:13Z
KRW-BTC,2025-11-22T00:00:00,2025-11-22T09:00:00,128044000.0,129000000.0,125609000.0,127333000.0,1739.59714235,127333000.0,upbit,2026-06-28T04:34:13Z
KRW-BTC,2025-11-23T00:00:00,2025-11-23T09:00:00,127373000.0,133852000.0,127327000.0,131960000.0,3695.67167349,131960000.0,upbit,2026-06-28T04:34:13Z
KRW-BTC,2025-11-24T00:00:00,2025-11-24T09:00:00,131998000.0,133761000.0,129050000.0,132574000.0,3273.54848822,132574000.0,upbit,2026-06-28T04:34:13Z
KRW-BTC,2025-11-25T00:00:00,2025-11-25T09:00:00,132574000.0,132750000.0,129365000.0,130736000.0,2126.40154021,130736000.0,upbit,2026-06-28T04:34:13Z
KRW-BTC,2025-11-26T00:00:00,2025-11-26T09:00:00,130779000.0,135485000.0,129600000.0,135366000.0,2216.72386044,135366000.0,upbit,2026-06-28T04:34:13Z
KRW-BTC,2025-11-27T00:00:00,2025-11-27T09:00:00,135366000.0,138400000.0,134608000.0,136941000.0,2460.70846276,136941000.0,upbit,2026-06-28T04:34:13Z
KRW-BTC,2025-11-28T00:00:00,2025-11-28T09:00:00,136989000.0,139868000.0,135691000.0,136334000.0,1928.85863285,136334000.0,upbit,2026-06-28T04:34:13Z
KRW-BTC,2025-11-29T00:00:00,2025-11-29T09:00:00,136334000.0,136770000.0,135300000.0,136073000.0,769.16757448,136073000.0,upbit,2026-06-28T04:34:13Z
KRW-BTC,2025-11-30T00:00:00,2025-11-30T09:00:00,136000000.0,137631000.0,135600000.0,135744000.0,776.74497018,135744000.0,upbit,2026-06-28T04:34:13Z
KRW-BTC,2025-12-01T00:00:00,2025-12-01T09:00:00,135752000.0,135839000.0,125809000.0,129172000.0,5383.62240806,129172000.0,upbit,2026-06-28T04:34:13Z
KRW-BTC,2025-12-02T00:00:00,2025-12-02T09:00:00,129169000.0,137330000.0,128650000.0,135626000.0,2981.09361989,135626000.0,upbit,2026-06-28T04:34:13Z
KRW-BTC,2025-12-03T00:00:00,2025-12-03T09:00:00,135683000.0,140212000.0,135200000.0,138881000.0,2892.41653651,138881000.0,upbit,2026-06-28T04:34:13Z
KRW-BTC,2025-12-04T00:00:00,2025-12-04T09:00:00,138998000.0,139769000.0,135909000.0,137390000.0,1624.69297075,137390000.0,upbit,2026-06-28T04:34:13Z
KRW-BTC,2025-12-05T00:00:00,2025-12-05T09:00:00,137447000.0,138298000.0,132000000.0,133828000.0,1944.65242825,133828000.0,upbit,2026-06-28T04:34:13Z
KRW-BTC,2025-12-06T00:00:00,2025-12-06T09:00:00,133870000.0,134940000.0,133200000.0,133598000.0,675.40470233,133598000.0,upbit,2026-06-28T04:34:13Z
KRW-BTC,2025-12-07T00:00:00,2025-12-07T09:00:00,133601000.0,136800000.0,131333000.0,135195000.0,1255.39465592,135195000.0,upbit,2026-06-28T04:34:13Z
KRW-BTC,2025-12-08T00:00:00,2025-12-08T09:00:00,135195000.0,137296000.0,133758000.0,134986000.0,1384.0073064,134986000.0,upbit,2026-06-28T04:34:13Z
KRW-BTC,2025-12-09T00:00:00,2025-12-09T09:00:00,134975000.0,139858000.0,133300000.0,137200000.0,1957.43520256,137200000.0,upbit,2026-06-28T04:34:13Z
KRW-BTC,2025-12-10T00:00:00,2025-12-10T09:00:00,137254000.0,139789000.0,136304000.0,136700000.0,1708.13265878,136700000.0,upbit,2026-06-28T04:34:13Z
KRW-BTC,2025-12-11T00:00:00,2025-12-11T09:00:00,136702000.0,138792000.0,133364000.0,137332000.0,1851.33056914,137332000.0,upbit,2026-06-28T04:34:13Z
KRW-BTC,2025-12-12T00:00:00,2025-12-12T09:00:00,137333000.0,137731000.0,134134000.0,134902000.0,1248.58776744,134902000.0,upbit,2026-06-28T04:34:13Z
KRW-BTC,2025-12-13T00:00:00,2025-12-13T09:00:00,134930000.0,135120000.0,134150000.0,134733000.0,492.0558567,134733000.0,upbit,2026-06-28T04:34:13Z
KRW-BTC,2025-12-14T00:00:00,2025-12-14T09:00:00,134733000.0,135000000.0,131183000.0,131795000.0,1158.59216437,131795000.0,upbit,2026-06-28T04:34:13Z
KRW-BTC,2025-12-15T00:00:00,2025-12-15T09:00:00,131797000.0,134235000.0,127602000.0,129132000.0,2256.23690222,129132000.0,upbit,2026-06-28T04:34:13Z
KRW-BTC,2025-12-16T00:00:00,2025-12-16T09:00:00,129132000.0,131100000.0,127000000.0,130682000.0,1837.67046579,130682000.0,upbit,2026-06-28T04:34:13Z
KRW-BTC,2025-12-17T00:00:00,2025-12-17T09:00:00,130682000.0,134100000.0,127633000.0,128680000.0,1765.6164555,128680000.0,upbit,2026-06-28T04:34:13Z
KRW-BTC,2025-12-18T00:00:00,2025-12-18T09:00:00,128680000.0,132900000.0,126226000.0,127135000.0,2340.67880555,127135000.0,upbit,2026-06-28T04:34:13Z
KRW-BTC,2025-12-19T00:00:00,2025-12-19T09:00:00,127233000.0,132770000.0,126551000.0,131223000.0,2121.91118891,131223000.0,upbit,2026-06-28T04:34:13Z
KRW-BTC,2025-12-20T00:00:00,2025-12-20T09:00:00,131223000.0,132189000.0,130767000.0,131469000.0,533.95265461,131469000.0,upbit,2026-06-28T04:34:13Z
KRW-BTC,2025-12-21T00:00:00,2025-12-21T09:00:00,131526000.0,132486000.0,130399000.0,131860000.0,732.35677464,131860000.0,upbit,2026-06-28T04:34:13Z
KRW-BTC,2025-12-22T00:00:00,2025-12-22T09:00:00,131859000.0,134750000.0,131050000.0,132200000.0,1607.47665651,132200000.0,upbit,2026-06-28T04:34:13Z
KRW-BTC,2025-12-23T00:00:00,2025-12-23T09:00:00,132201000.0,132618000.0,129380000.0,130451000.0,1251.77181168,130451000.0,upbit,2026-06-28T04:34:13Z
KRW-BTC,2025-12-24T00:00:00,2025-12-24T09:00:00,130451000.0,130550000.0,127900000.0,129236000.0,1233.62965006,129236000.0,upbit,2026-06-28T04:34:13Z
KRW-BTC,2025-12-25T00:00:00,2025-12-25T09:00:00,129236000.0,130200000.0,128100000.0,128498000.0,673.76504377,128498000.0,upbit,2026-06-28T04:34:13Z
KRW-BTC,2025-12-26T00:00:00,2025-12-26T09:00:00,128497000.0,130800000.0,127439000.0,128152000.0,1416.92893291,128152000.0,upbit,2026-06-28T04:34:13Z
KRW-BTC,2025-12-27T00:00:00,2025-12-27T09:00:00,128149000.0,128396000.0,127713000.0,128298000.0,382.26856914,128298000.0,upbit,2026-06-28T04:34:13Z
KRW-BTC,2025-12-28T00:00:00,2025-12-28T09:00:00,128298000.0,128385000.0,127522000.0,127914000.0,414.89194697,127914000.0,upbit,2026-06-28T04:34:13Z
KRW-BTC,2025-12-29T00:00:00,2025-12-29T09:00:00,127914000.0,130575000.0,126500000.0,127161000.0,1716.16307789,127161000.0,upbit,2026-06-28T04:34:13Z
KRW-BTC,2025-12-30T00:00:00,2025-12-30T09:00:00,127161000.0,129602000.0,126356000.0,128570000.0,1093.6008784,128570000.0,upbit,2026-06-28T04:34:13Z
KRW-BTC,2025-12-31T00:00:00,2025-12-31T09:00:00,128570000.0,129211000.0,127501000.0,128067000.0,766.93902682,128067000.0,upbit,2026-06-28T04:34:13Z
KRW-BTC,2026-01-01T00:00:00,2026-01-01T09:00:00,128000000.0,128943000.0,127864000.0,128830000.0,483.26770513,128830000.0,upbit,2026-06-28T04:34:13Z
KRW-BTC,2026-01-02T00:00:00,2026-01-02T09:00:00,128830000.0,131400000.0,128321000.0,130150000.0,1503.23975291,130150000.0,upbit,2026-06-28T04:34:13Z
KRW-BTC,2026-01-03T00:00:00,2026-01-03T09:00:00,130151000.0,131103000.0,129290000.0,131077000.0,777.87069983,131077000.0,upbit,2026-06-28T04:34:13Z
KRW-BTC,2026-01-04T00:00:00,2026-01-04T09:00:00,131077000.0,132880000.0,131060000.0,132386000.0,963.73906887,132386000.0,upbit,2026-06-28T04:34:13Z
KRW-BTC,2026-01-05T00:00:00,2026-01-05T09:00:00,132386000.0,136950000.0,132364000.0,136074000.0,2066.27446338,136074000.0,upbit,2026-06-28T04:34:13Z
KRW-BTC,2026-01-06T00:00:00,2026-01-06T09:00:00,136074000.0,136800000.0,133182000.0,136299000.0,1700.60775251,136299000.0,upbit,2026-06-28T04:34:13Z
KRW-BTC,2026-01-07T00:00:00,2026-01-07T09:00:00,136299000.0,136299000.0,132500000.0,132939000.0,1303.7621332,132939000.0,upbit,2026-06-28T04:34:13Z
KRW-BTC,2026-01-08T00:00:00,2026-01-08T09:00:00,132939000.0,133750000.0,130777000.0,133174000.0,1215.09100251,133174000.0,upbit,2026-06-28T04:34:13Z
KRW-BTC,2026-01-09T00:00:00,2026-01-09T09:00:00,133200000.0,134809000.0,131770000.0,133451000.0,839.63400522,133451000.0,upbit,2026-06-28T04:34:13Z
KRW-BTC,2026-01-10T00:00:00,2026-01-10T09:00:00,133449000.0,133895000.0,133200000.0,133503000.0,284.42249811,133503000.0,upbit,2026-06-28T04:34:13Z
KRW-BTC,2026-01-11T00:00:00,2026-01-11T09:00:00,133503000.0,134250000.0,133106000.0,133702000.0,421.49682452,133702000.0,upbit,2026-06-28T04:34:13Z
KRW-BTC,2026-01-12T00:00:00,2026-01-12T09:00:00,133751000.0,136000000.0,133200000.0,134602000.0,1315.03099916,134602000.0,upbit,2026-06-28T04:34:13Z
KRW-BTC,2026-01-13T00:00:00,2026-01-13T09:00:00,134602000.0,140670000.0,134321000.0,139968000.0,1960.12905214,139968000.0,upbit,2026-06-28T04:34:13Z
KRW-BTC,2026-01-14T00:00:00,2026-01-14T09:00:00,139946000.0,143050000.0,138800000.0,142160000.0,1980.87710753,142160000.0,upbit,2026-06-28T04:34:13Z
KRW-BTC,2026-01-15T00:00:00,2026-01-15T09:00:00,142160000.0,142815000.0,140400000.0,140907000.0,1439.1419475,140907000.0,upbit,2026-06-28T04:34:13Z
KRW-BTC,2026-01-16T00:00:00,2026-01-16T09:00:00,140907000.0,141346000.0,139800000.0,141083000.0,896.66376962,141083000.0,upbit,2026-06-28T04:34:13Z
KRW-BTC,2026-01-17T00:00:00,2026-01-17T09:00:00,141087000.0,141250000.0,140409000.0,140527000.0,429.07237668,140527000.0,upbit,2026-06-28T04:34:13Z
KRW-BTC,2026-01-18T00:00:00,2026-01-18T09:00:00,140526000.0,141200000.0,138894000.0,138940000.0,642.23701912,138940000.0,upbit,2026-06-28T04:34:13Z
KRW-BTC,2026-01-19T00:00:00,2026-01-19T09:00:00,138944000.0,138993000.0,136590000.0,137010000.0,1474.79458216,137010000.0,upbit,2026-06-28T04:34:13Z
KRW-BTC,2026-01-20T00:00:00,2026-01-20T09:00:00,137010000.0,137650000.0,131118000.0,131849000.0,2250.38139501,131849000.0,upbit,2026-06-28T04:34:13Z
KRW-BTC,2026-01-21T00:00:00,2026-01-21T09:00:00,131849000.0,134345000.0,130000000.0,132505000.0,2064.78202226,132505000.0,upbit,2026-06-28T04:34:13Z
KRW-BTC,2026-01-22T00:00:00,2026-01-22T09:00:00,132505000.0,134069000.0,131786000.0,132864000.0,871.38541481,132864000.0,upbit,2026-06-28T04:34:13Z
KRW-BTC,2026-01-23T00:00:00,2026-01-23T09:00:00,132864000.0,134741000.0,131568000.0,131961000.0,991.5855696,131961000.0,upbit,2026-06-28T04:34:13Z
KRW-BTC,2026-01-24T00:00:00,2026-01-24T09:00:00,131906000.0,132440000.0,131643000.0,131644000.0,370.28959478,131644000.0,upbit,2026-06-28T04:34:13Z
KRW-BTC,2026-01-25T00:00:00,2026-01-25T09:00:00,131644000.0,131880000.0,128000000.0,128500000.0,1544.95496972,128500000.0,upbit,2026-06-28T04:34:13Z
KRW-BTC,2026-01-26T00:00:00,2026-01-26T09:00:00,128500000.0,129900000.0,127800000.0,129474000.0,1509.24682749,129474000.0,upbit,2026-06-28T04:34:13Z
KRW-BTC,2026-01-27T00:00:00,2026-01-27T09:00:00,129474000.0,130349000.0,127800000.0,129687000.0,1119.30852055,129687000.0,upbit,2026-06-28T04:34:13Z
KRW-BTC,2026-01-28T00:00:00,2026-01-28T09:00:00,129690000.0,131300000.0,128423000.0,129079000.0,1112.7722633,129079000.0,upbit,2026-06-28T04:34:13Z
KRW-BTC,2026-01-29T00:00:00,2026-01-29T09:00:00,129051000.0,129080000.0,122734000.0,124287000.0,2871.72981112,124287000.0,upbit,2026-06-28T04:34:13Z
KRW-BTC,2026-01-30T00:00:00,2026-01-30T09:00:00,124258000.0,125300000.0,119100000.0,125210000.0,3579.23932955,125210000.0,upbit,2026-06-28T04:34:13Z
KRW-BTC,2026-01-31T00:00:00,2026-01-31T09:00:00,125210000.0,125220000.0,114971000.0,117616000.0,3707.03152282,117616000.0,upbit,2026-06-28T04:34:13Z
KRW-BTC,2026-02-01T00:00:00,2026-02-01T09:00:00,117616000.0,118500000.0,112000000.0,113416000.0,3563.50035811,113416000.0,upbit,2026-06-28T04:34:13Z
KRW-BTC,2026-02-02T00:00:00,2026-02-02T09:00:00,113416000.0,117350000.0,110638000.0,116997000.0,3681.90848017,116997000.0,upbit,2026-06-28T04:34:13Z
KRW-BTC,2026-02-03T00:00:00,2026-02-03T09:00:00,116932000.0,117316000.0,108800000.0,111882000.0,3143.52353563,111882000.0,upbit,2026-06-28T04:34:13Z
KRW-BTC,2026-02-04T00:00:00,2026-02-04T09:00:00,111882000.0,113470000.0,106510000.0,107867000.0,3504.39567887,107867000.0,upbit,2026-06-28T04:34:13Z
KRW-BTC,2026-02-05T00:00:00,2026-02-05T09:00:00,107867000.0,108262000.0,92039000.0,92920000.0,12556.16349859,92920000.0,upbit,2026-06-28T04:34:13Z
KRW-BTC,2026-02-06T00:00:00,2026-02-06T09:00:00,92894000.0,106801000.0,89000000.0,104990000.0,12766.90988436,104990000.0,upbit,2026-06-28T04:34:13Z
KRW-BTC,2026-02-07T00:00:00,2026-02-07T09:00:00,104995000.0,106500000.0,99599000.0,102617000.0,4914.19674411,102617000.0,upbit,2026-06-28T04:34:13Z
KRW-BTC,2026-02-08T00:00:00,2026-02-08T09:00:00,102602000.0,107047000.0,102063000.0,104587000.0,2654.82455589,104587000.0,upbit,2026-06-28T04:34:13Z
KRW-BTC,2026-02-09T00:00:00,2026-02-09T09:00:00,104597000.0,105979000.0,101300000.0,103479000.0,2616.25875622,103479000.0,upbit,2026-06-28T04:34:13Z
KRW-BTC,2026-02-10T00:00:00,2026-02-10T09:00:00,103479000.0,104188000.0,101000000.0,102136000.0,1879.31789908,102136000.0,upbit,2026-06-28T04:34:13Z
KRW-BTC,2026-02-11T00:00:00,2026-02-11T09:00:00,102136000.0,102702000.0,97712000.0,99166000.0,3680.91846931,99166000.0,upbit,2026-06-28T04:34:13Z
KRW-BTC,2026-02-12T00:00:00,2026-02-12T09:00:00,99162000.0,100367000.0,96000000.0,97328000.0,2306.02573244,97328000.0,upbit,2026-06-28T04:34:13Z
KRW-BTC,2026-02-13T00:00:00,2026-02-13T09:00:00,97327000.0,101663000.0,96700000.0,100786000.0,2257.61835963,100786000.0,upbit,2026-06-28T04:34:13Z
KRW-BTC,2026-02-14T00:00:00,2026-02-14T09:00:00,100799000.0,104195000.0,100560000.0,102850000.0,2061.91988223,102850000.0,upbit,2026-06-28T04:34:13Z
KRW-BTC,2026-02-15T00:00:00,2026-02-15T09:00:00,102864000.0,105000000.0,100853000.0,102103000.0,2233.68470991,102103000.0,upbit,2026-06-28T04:34:13Z
KRW-BTC,2026-02-16T00:00:00,2026-02-16T09:00:00,102158000.0,103708000.0,100047000.0,101944000.0,1542.15065177,101944000.0,upbit,2026-06-28T04:34:13Z
KRW-BTC,2026-02-17T00:00:00,2026-02-17T09:00:00,101944000.0,102455000.0,99051000.0,100054000.0,1518.62064636,100054000.0,upbit,2026-06-28T04:34:13Z
KRW-BTC,2026-02-18T00:00:00,2026-02-18T09:00:00,100054000.0,100956000.0,98115000.0,98622000.0,1554.46249904,98622000.0,upbit,2026-06-28T04:34:13Z
KRW-BTC,2026-02-19T00:00:00,2026-02-19T09:00:00,98622000.0,99409000.0,97069000.0,98846000.0,1533.36606451,98846000.0,upbit,2026-06-28T04:34:13Z
KRW-BTC,2026-02-20T00:00:00,2026-02-20T09:00:00,98847000.0,100620000.0,98263000.0,100065000.0,1652.57790948,100065000.0,upbit,2026-06-28T04:34:13Z
KRW-BTC,2026-02-21T00:00:00,2026-02-21T09:00:00,100066000.0,100932000.0,99415000.0,99986000.0,775.44852523,99986000.0,upbit,2026-06-28T04:34:13Z
KRW-BTC,2026-02-22T00:00:00,2026-02-22T09:00:00,100033000.0,100263000.0,98912000.0,99542000.0,698.63986906,99542000.0,upbit,2026-06-28T04:34:13Z
KRW-BTC,2026-02-23T00:00:00,2026-02-23T09:00:00,99579000.0,99580000.0,94346000.0,95352000.0,3494.8717926,95352000.0,upbit,2026-06-28T04:34:13Z
KRW-BTC,2026-02-24T00:00:00,2026-02-24T09:00:00,95352000.0,95762000.0,92000000.0,93807000.0,3095.24924342,93807000.0,upbit,2026-06-28T04:34:13Z
KRW-BTC,2026-02-25T00:00:00,2026-02-25T09:00:00,93807000.0,100482000.0,93400000.0,97937000.0,3478.09466755,97937000.0,upbit,2026-06-28T04:34:13Z
KRW-BTC,2026-02-26T00:00:00,2026-02-26T09:00:00,97935000.0,99223000.0,96343000.0,97449000.0,1956.33610352,97449000.0,upbit,2026-06-28T04:34:13Z
KRW-BTC,2026-02-27T00:00:00,2026-02-27T09:00:00,97450000.0,98600000.0,95061000.0,96121000.0,1703.63306742,96121000.0,upbit,2026-06-28T04:34:13Z
KRW-BTC,2026-02-28T00:00:00,2026-02-28T09:00:00,96120000.0,98601000.0,92632000.0,97626000.0,2847.00807153,97626000.0,upbit,2026-06-28T04:34:13Z
KRW-BTC,2026-03-01T00:00:00,2026-03-01T09:00:00,97626000.0,99005000.0,95100000.0,95904000.0,2045.73502017,95904000.0,upbit,2026-06-28T04:34:13Z
KRW-BTC,2026-03-02T00:00:00,2026-03-02T09:00:00,95906000.0,102200000.0,95871000.0,100520000.0,3475.71979494,100520000.0,upbit,2026-06-28T04:34:13Z
KRW-BTC,2026-03-03T00:00:00,2026-03-03T09:00:00,100578000.0,101549000.0,97493000.0,100274000.0,2835.57698815,100274000.0,upbit,2026-06-28T04:34:13Z
KRW-BTC,2026-03-04T00:00:00,2026-03-04T09:00:00,100310000.0,107294000.0,98907000.0,105374000.0,4453.71378259,105374000.0,upbit,2026-06-28T04:34:13Z
KRW-BTC,2026-03-05T00:00:00,2026-03-05T09:00:00,105374000.0,107547000.0,103747000.0,103877000.0,2486.41901634,103877000.0,upbit,2026-06-28T04:34:13Z
KRW-BTC,2026-03-06T00:00:00,2026-03-06T09:00:00,103877000.0,104699000.0,100185000.0,100763000.0,1995.58183067,100763000.0,upbit,2026-06-28T04:34:13Z
KRW-BTC,2026-03-07T00:00:00,2026-03-07T09:00:00,100821000.0,101200000.0,99099000.0,99385000.0,1049.70573746,99385000.0,upbit,2026-06-28T04:34:13Z
KRW-BTC,2026-03-08T00:00:00,2026-03-08T09:00:00,99387000.0,100912000.0,97500000.0,97845000.0,1436.7190693,97845000.0,upbit,2026-06-28T04:34:13Z
KRW-BTC,2026-03-09T00:00:00,2026-03-09T09:00:00,97845000.0,102200000.0,97668000.0,100425000.0,1914.23416011,100425000.0,upbit,2026-06-28T04:34:13Z
KRW-BTC,2026-03-10T00:00:00,2026-03-10T09:00:00,100499000.0,104500000.0,100413000.0,102417000.0,2065.78409209,102417000.0,upbit,2026-06-28T04:34:13Z
KRW-BTC,2026-03-11T00:00:00,2026-03-11T09:00:00,102417000.0,104099000.0,101150000.0,102731000.0,1441.84376606,102731000.0,upbit,2026-06-28T04:34:13Z
KRW-BTC,2026-03-12T00:00:00,2026-03-12T09:00:00,102734000.0,103416000.0,101600000.0,103248000.0,1196.47739976,103248000.0,upbit,2026-06-28T04:34:13Z
KRW-BTC,2026-03-13T00:00:00,2026-03-13T09:00:00,103247000.0,108100000.0,103087000.0,104404000.0,3050.38911407,104404000.0,upbit,2026-06-28T04:34:13Z
KRW-BTC,2026-03-14T00:00:00,2026-03-14T09:00:00,104477000.0,105200000.0,103921000.0,105131000.0,730.61605861,105131000.0,upbit,2026-06-28T04:34:13Z
KRW-BTC,2026-03-15T00:00:00,2026-03-15T09:00:00,105199000.0,107381000.0,104665000.0,106940000.0,1181.55031611,106940000.0,upbit,2026-06-28T04:34:13Z
KRW-BTC,2026-03-16T00:00:00,2026-03-16T09:00:00,106995000.0,110198000.0,106114000.0,110058000.0,3345.48509863,110058000.0,upbit,2026-06-28T04:34:13Z
KRW-BTC,2026-03-17T00:00:00,2026-03-17T09:00:00,110062000.0,112450000.0,108500000.0,109012000.0,2868.67593958,109012000.0,upbit,2026-06-28T04:34:13Z
KRW-BTC,2026-03-18T00:00:00,2026-03-18T09:00:00,109015000.0,110022000.0,104935000.0,106000000.0,2441.75375374,106000000.0,upbit,2026-06-28T04:34:13Z
KRW-BTC,2026-03-19T00:00:00,2026-03-19T09:00:00,106000000.0,106392000.0,102580000.0,104078000.0,2022.57056593,104078000.0,upbit,2026-06-28T04:34:13Z
KRW-BTC,2026-03-20T00:00:00,2026-03-20T09:00:00,104078000.0,106200000.0,103865000.0,105314000.0,1361.28731847,105314000.0,upbit,2026-06-28T04:34:13Z
KRW-BTC,2026-03-21T00:00:00,2026-03-21T09:00:00,105399000.0,106446000.0,103452000.0,103782000.0,726.2663963,103782000.0,upbit,2026-06-28T04:34:13Z
KRW-BTC,2026-03-22T00:00:00,2026-03-22T09:00:00,103831000.0,104488000.0,101659000.0,102021000.0,1403.49160789,102021000.0,upbit,2026-06-28T04:34:13Z
KRW-BTC,2026-03-23T00:00:00,2026-03-23T09:00:00,102021000.0,106700000.0,101384000.0,105247000.0,2588.8579611,105247000.0,upbit,2026-06-28T04:34:13Z
KRW-BTC,2026-03-24T00:00:00,2026-03-24T09:00:00,105290000.0,106270000.0,103300000.0,105149000.0,1416.87243013,105149000.0,upbit,2026-06-28T04:34:13Z
KRW-BTC,2026-03-25T00:00:00,2026-03-25T09:00:00,105149000.0,107301000.0,105005000.0,106523000.0,1454.62782271,106523000.0,upbit,2026-06-28T04:34:13Z
KRW-BTC,2026-03-26T00:00:00,2026-03-26T09:00:00,106524000.0,106754000.0,103154000.0,103849000.0,1452.37907073,103849000.0,upbit,2026-06-28T04:34:13Z
KRW-BTC,2026-03-27T00:00:00,2026-03-27T09:00:00,103959000.0,104300000.0,99952000.0,101019000.0,2223.46690182,101019000.0,upbit,2026-06-28T04:34:13Z
KRW-BTC,2026-03-28T00:00:00,2026-03-28T09:00:00,101019000.0,101969000.0,100172000.0,100895000.0,754.96792086,100895000.0,upbit,2026-06-28T04:34:13Z
KRW-BTC,2026-03-29T00:00:00,2026-03-29T09:00:00,100892000.0,101775000.0,99212000.0,100379000.0,825.69610384,100379000.0,upbit,2026-06-28T04:34:13Z
KRW-BTC,2026-03-30T00:00:00,2026-03-30T09:00:00,100379000.0,103182000.0,100166000.0,101468000.0,1306.53785977,101468000.0,upbit,2026-06-28T04:34:13Z
KRW-BTC,2026-03-31T00:00:00,2026-03-31T09:00:00,101468000.0,103800000.0,100900000.0,103275000.0,1676.72932726,103275000.0,upbit,2026-06-28T04:34:13Z
KRW-BTC,2026-04-01T00:00:00,2026-04-01T09:00:00,103342000.0,104211000.0,102347000.0,103129000.0,1332.0325435,103129000.0,upbit,2026-06-28T04:34:13Z
KRW-BTC,2026-04-02T00:00:00,2026-04-02T09:00:00,103129000.0,103819000.0,100408000.0,101723000.0,1561.4496631,101723000.0,upbit,2026-06-28T04:34:13Z
KRW-BTC,2026-04-03T00:00:00,2026-04-03T09:00:00,101737000.0,102030000.0,100839000.0,101648000.0,580.29700081,101648000.0,upbit,2026-06-28T04:34:13Z
KRW-BTC,2026-04-04T00:00:00,2026-04-04T09:00:00,101648000.0,102470000.0,101450000.0,102147000.0,343.07606129,102147000.0,upbit,2026-06-28T04:34:13Z
KRW-BTC,2026-04-05T00:00:00,2026-04-05T09:00:00,102131000.0,104567000.0,101395000.0,104288000.0,779.84929805,104288000.0,upbit,2026-06-28T04:34:13Z
KRW-BTC,2026-04-06T00:00:00,2026-04-06T09:00:00,104289000.0,105600000.0,103240000.0,103923000.0,1435.10487791,103923000.0,upbit,2026-06-28T04:34:13Z
KRW-BTC,2026-04-07T00:00:00,2026-04-07T09:00:00,103964000.0,108318000.0,102400000.0,107255000.0,1883.79697717,107255000.0,upbit,2026-06-28T04:34:13Z
KRW-BTC,2026-04-08T00:00:00,2026-04-08T09:00:00,107295000.0,108000000.0,105167000.0,105862000.0,1649.39499066,105862000.0,upbit,2026-06-28T04:34:13Z
KRW-BTC,2026-04-09T00:00:00,2026-04-09T09:00:00,105868000.0,108062000.0,105080000.0,106628000.0,1246.96347005,106628000.0,upbit,2026-06-28T04:34:13Z
KRW-BTC,2026-04-10T00:00:00,2026-04-10T09:00:00,106695000.0,108779000.0,106506000.0,108308000.0,1350.98820683,108308000.0,upbit,2026-06-28T04:34:13Z
KRW-BTC,2026-04-11T00:00:00,2026-04-11T09:00:00,108308000.0,109384000.0,107980000.0,108567000.0,847.47041085,108567000.0,upbit,2026-06-28T04:34:13Z
KRW-BTC,2026-04-12T00:00:00,2026-04-12T09:00:00,108567000.0,108765000.0,105443000.0,105700000.0,1365.15635978,105700000.0,upbit,2026-06-28T04:34:13Z
KRW-BTC,2026-04-13T00:00:00,2026-04-13T09:00:00,105732000.0,110276000.0,105438000.0,109806000.0,1781.79960823,109806000.0,upbit,2026-06-28T04:34:13Z
KRW-BTC,2026-04-14T00:00:00,2026-04-14T09:00:00,109804000.0,111996000.0,109200000.0,109875000.0,1946.4221332,109875000.0,upbit,2026-06-28T04:34:13Z
KRW-BTC,2026-04-15T00:00:00,2026-04-15T09:00:00,109870000.0,111016000.0,109020000.0,110456000.0,1297.58766747,110456000.0,upbit,2026-06-28T04:34:13Z
KRW-BTC,2026-04-16T00:00:00,2026-04-16T09:00:00,110455000.0,111194000.0,108661000.0,110782000.0,1459.88771828,110782000.0,upbit,2026-06-28T04:34:13Z
KRW-BTC,2026-04-17T00:00:00,2026-04-17T09:00:00,110782000.0,114891000.0,110175000.0,113773000.0,2616.6547406,113773000.0,upbit,2026-06-28T04:34:13Z
KRW-BTC,2026-04-18T00:00:00,2026-04-18T09:00:00,113741000.0,114399000.0,112000000.0,112375000.0,1366.77272363,112375000.0,upbit,2026-06-28T04:34:13Z
KRW-BTC,2026-04-19T00:00:00,2026-04-19T09:00:00,112417000.0,113300000.0,110003000.0,110020000.0,1329.40240278,110020000.0,upbit,2026-06-28T04:34:13Z
KRW-BTC,2026-04-20T00:00:00,2026-04-20T09:00:00,110040000.0,113200000.0,110000000.0,112455000.0,1322.05361212,112455000.0,upbit,2026-06-28T04:34:13Z
KRW-BTC,2026-04-21T00:00:00,2026-04-21T09:00:00,112455000.0,113500000.0,111450000.0,113049000.0,1426.95503793,113049000.0,upbit,2026-06-28T04:34:13Z
KRW-BTC,2026-04-22T00:00:00,2026-04-22T09:00:00,113049000.0,117471000.0,112779000.0,115901000.0,2421.27534169,115901000.0,upbit,2026-06-28T04:34:13Z
KRW-BTC,2026-04-23T00:00:00,2026-04-23T09:00:00,115909000.0,116800000.0,114750000.0,116429000.0,1761.23295182,116429000.0,upbit,2026-06-28T04:34:13Z
KRW-BTC,2026-04-24T00:00:00,2026-04-24T09:00:00,116430000.0,116843000.0,115140000.0,115463000.0,1295.9139362,115463000.0,upbit,2026-06-28T04:34:13Z
KRW-BTC,2026-04-25T00:00:00,2026-04-25T09:00:00,115464000.0,115935000.0,115002000.0,115696000.0,602.75766352,115696000.0,upbit,2026-06-28T04:34:13Z
KRW-BTC,2026-04-26T00:00:00,2026-04-26T09:00:00,115696000.0,117151000.0,115215000.0,116655000.0,742.23012758,116655000.0,upbit,2026-06-28T04:34:13Z
KRW-BTC,2026-04-27T00:00:00,2026-04-27T09:00:00,116692000.0,117736000.0,114089000.0,115338000.0,1895.39020214,115338000.0,upbit,2026-06-28T04:34:13Z
KRW-BTC,2026-04-28T00:00:00,2026-04-28T09:00:00,115304000.0,115338000.0,112648000.0,113437000.0,1261.77253764,113437000.0,upbit,2026-06-28T04:34:13Z
KRW-BTC,2026-04-29T00:00:00,2026-04-29T09:00:00,113441000.0,115503000.0,112370000.0,113406000.0,1259.1454513,113406000.0,upbit,2026-06-28T04:34:13Z
KRW-BTC,2026-04-30T00:00:00,2026-04-30T09:00:00,113394000.0,114081000.0,112500000.0,113810000.0,922.27223519,113810000.0,upbit,2026-06-28T04:34:13Z
KRW-BTC,2026-05-01T00:00:00,2026-05-01T09:00:00,113810000.0,116777000.0,113751000.0,115947000.0,1147.72109231,115947000.0,upbit,2026-06-28T04:34:13Z
KRW-BTC,2026-05-02T00:00:00,2026-05-02T09:00:00,115999000.0,117000000.0,115797000.0,116561000.0,639.79434897,116561000.0,upbit,2026-06-28T04:34:13Z
KRW-BTC,2026-05-03T00:00:00,2026-05-03T09:00:00,116561000.0,117338000.0,116006000.0,116590000.0,844.73431745,116590000.0,upbit,2026-06-28T04:34:13Z
KRW-BTC,2026-05-04T00:00:00,2026-05-04T09:00:00,116590000.0,119427000.0,116058000.0,118620000.0,2539.12525144,118620000.0,upbit,2026-06-28T04:34:13Z
KRW-BTC,2026-05-05T00:00:00,2026-05-05T09:00:00,118620000.0,120950000.0,118523000.0,119724000.0,2084.52064879,119724000.0,upbit,2026-06-28T04:34:13Z
KRW-BTC,2026-05-06T00:00:00,2026-05-06T09:00:00,119742000.0,120845000.0,119102000.0,119394000.0,1790.80033013,119394000.0,upbit,2026-06-28T04:34:13Z
KRW-BTC,2026-05-07T00:00:00,2026-05-07T09:00:00,119394000.0,119804000.0,117220000.0,117896000.0,1627.79735208,117896000.0,upbit,2026-06-28T04:34:13Z
KRW-BTC,2026-05-08T00:00:00,2026-05-08T09:00:00,117896000.0,118990000.0,117090000.0,118150000.0,1035.86148274,118150000.0,upbit,2026-06-28T04:34:13Z
KRW-BTC,2026-05-09T00:00:00,2026-05-09T09:00:00,118170000.0,119306000.0,118106000.0,118954000.0,543.23189271,118954000.0,upbit,2026-06-28T04:34:13Z
KRW-BTC,2026-05-10T00:00:00,2026-05-10T09:00:00,118992000.0,120570000.0,118000000.0,120433000.0,1175.51686781,120433000.0,upbit,2026-06-28T04:34:13Z
KRW-BTC,2026-05-11T00:00:00,2026-05-11T09:00:00,120461000.0,120700000.0,118739000.0,120095000.0,1432.1862107,120095000.0,upbit,2026-06-28T04:34:13Z
KRW-BTC,2026-05-12T00:00:00,2026-05-12T09:00:00,120095000.0,120297000.0,118646000.0,119202000.0,1157.86876615,119202000.0,upbit,2026-06-28T04:34:13Z
KRW-BTC,2026-05-13T00:00:00,2026-05-13T09:00:00,119202000.0,120339000.0,117300000.0,117854000.0,1531.37256455,117854000.0,upbit,2026-06-28T04:34:13Z
KRW-BTC,2026-05-14T00:00:00,2026-05-14T09:00:00,117854000.0,121000000.0,117325000.0,119848000.0,1626.11678986,119848000.0,upbit,2026-06-28T04:34:13Z
KRW-BTC,2026-05-15T00:00:00,2026-05-15T09:00:00,119849000.0,121000000.0,117093000.0,117780000.0,1570.54469031,117780000.0,upbit,2026-06-28T04:34:13Z
KRW-BTC,2026-05-16T00:00:00,2026-05-16T09:00:00,117783000.0,118050000.0,115833000.0,116697000.0,1060.99799473,116697000.0,upbit,2026-06-28T04:34:13Z
KRW-BTC,2026-05-17T00:00:00,2026-05-17T09:00:00,116706000.0,117199000.0,114953000.0,115494000.0,801.52424703,115494000.0,upbit,2026-06-28T04:34:13Z
KRW-BTC,2026-05-18T00:00:00,2026-05-18T09:00:00,115494000.0,115600000.0,113305000.0,114328000.0,1707.87015892,114328000.0,upbit,2026-06-28T04:34:13Z
KRW-BTC,2026-05-19T00:00:00,2026-05-19T09:00:00,114350000.0,115063000.0,113657000.0,114473000.0,694.91606885,114473000.0,upbit,2026-06-28T04:34:13Z
KRW-BTC,2026-05-20T00:00:00,2026-05-20T09:00:00,114473000.0,115612000.0,113900000.0,114949000.0,877.52588229,114949000.0,upbit,2026-06-28T04:34:13Z
KRW-BTC,2026-05-21T00:00:00,2026-05-21T09:00:00,114949000.0,116000000.0,114215000.0,115159000.0,811.92000986,115159000.0,upbit,2026-06-28T04:34:13Z
KRW-BTC,2026-05-22T00:00:00,2026-05-22T09:00:00,115159000.0,115651000.0,113186000.0,113350000.0,914.45871166,113350000.0,upbit,2026-06-28T04:34:13Z
KRW-BTC,2026-05-23T00:00:00,2026-05-23T09:00:00,113350000.0,115500000.0,111750000.0,114869000.0,1420.60469953,114869000.0,upbit,2026-06-28T04:34:13Z
KRW-BTC,2026-05-24T00:00:00,2026-05-24T09:00:00,114869000.0,115707000.0,114000000.0,115381000.0,633.57886071,115381000.0,upbit,2026-06-28T04:34:13Z
KRW-BTC,2026-05-25T00:00:00,2026-05-25T09:00:00,115381000.0,115732000.0,114675000.0,114891000.0,611.08173177,114891000.0,upbit,2026-06-28T04:34:13Z
KRW-BTC,2026-05-26T00:00:00,2026-05-26T09:00:00,114935000.0,115250000.0,112420000.0,112425000.0,1322.67969232,112425000.0,upbit,2026-06-28T04:34:13Z
KRW-BTC,2026-05-27T00:00:00,2026-05-27T09:00:00,112425000.0,112607000.0,109248000.0,109549000.0,1905.2761169,109549000.0,upbit,2026-06-28T04:34:13Z
KRW-BTC,2026-05-28T00:00:00,2026-05-28T09:00:00,109549000.0,110001000.0,107175000.0,108465000.0,2087.15509232,108465000.0,upbit,2026-06-28T04:34:13Z
KRW-BTC,2026-05-29T00:00:00,2026-05-29T09:00:00,108469000.0,109823000.0,107484000.0,108790000.0,1233.51377641,108790000.0,upbit,2026-06-28T04:34:13Z
KRW-BTC,2026-05-30T00:00:00,2026-05-30T09:00:00,108790000.0,109698000.0,108591000.0,109399000.0,474.14385293,109399000.0,upbit,2026-06-28T04:34:13Z
KRW-BTC,2026-05-31T00:00:00,2026-05-31T09:00:00,109399000.0,109900000.0,108276000.0,108445000.0,639.05758276,108445000.0,upbit,2026-06-28T04:34:13Z
KRW-BTC,2026-06-01T00:00:00,2026-06-01T09:00:00,108445000.0,109030000.0,103747000.0,104140000.0,2755.98631116,104140000.0,upbit,2026-06-28T04:34:13Z
KRW-BTC,2026-06-02T00:00:00,2026-06-02T09:00:00,104140000.0,104140000.0,98110000.0,98760000.0,4015.85351498,98760000.0,upbit,2026-06-28T04:34:13Z
KRW-BTC,2026-06-03T00:00:00,2026-06-03T09:00:00,98760000.0,100073000.0,95015000.0,95032000.0,2900.1217542,95032000.0,upbit,2026-06-28T04:34:13Z
KRW-BTC,2026-06-04T00:00:00,2026-06-04T09:00:00,95032000.0,96604000.0,91523000.0,95506000.0,3659.01395492,95506000.0,upbit,2026-06-28T04:34:13Z
KRW-BTC,2026-06-05T00:00:00,2026-06-05T09:00:00,95506000.0,95506000.0,90500000.0,93000000.0,3244.14512917,93000000.0,upbit,2026-06-28T04:34:13Z
KRW-BTC,2026-06-06T00:00:00,2026-06-06T09:00:00,93000000.0,93600000.0,90895000.0,92560000.0,1231.0380219,92560000.0,upbit,2026-06-28T04:34:13Z
KRW-BTC,2026-06-07T00:00:00,2026-06-07T09:00:00,92560000.0,97000000.0,92353000.0,95430000.0,1892.84064453,95430000.0,upbit,2026-06-28T04:34:13Z
KRW-BTC,2026-06-08T00:00:00,2026-06-08T09:00:00,95502000.0,96400000.0,94000000.0,94730000.0,1362.86783112,94730000.0,upbit,2026-06-28T04:34:13Z
KRW-BTC,2026-06-09T00:00:00,2026-06-09T09:00:00,94735000.0,94980000.0,91700000.0,92555000.0,1333.84495975,92555000.0,upbit,2026-06-28T04:34:13Z
KRW-BTC,2026-06-10T00:00:00,2026-06-10T09:00:00,92555000.0,94470000.0,91500000.0,92601000.0,1257.28033349,92601000.0,upbit,2026-06-28T04:34:13Z
KRW-BTC,2026-06-11T00:00:00,2026-06-11T09:00:00,92560000.0,95800000.0,92558000.0,95623000.0,1035.23657875,95623000.0,upbit,2026-06-28T04:34:13Z
KRW-BTC,2026-06-12T00:00:00,2026-06-12T09:00:00,95623000.0,96947000.0,94598000.0,96029000.0,933.99549438,96029000.0,upbit,2026-06-28T04:34:13Z
KRW-BTC,2026-06-13T00:00:00,2026-06-13T09:00:00,96029000.0,97713000.0,95801000.0,97475000.0,688.18510032,97475000.0,upbit,2026-06-28T04:34:13Z
KRW-BTC,2026-06-14T00:00:00,2026-06-14T09:00:00,97476000.0,99265000.0,96060000.0,99190000.0,1233.5125011,99190000.0,upbit,2026-06-28T04:34:13Z
KRW-BTC,2026-06-15T00:00:00,2026-06-15T09:00:00,99200000.0,100992000.0,98000000.0,99588000.0,1697.61065765,99588000.0,upbit,2026-06-28T04:34:13Z
KRW-BTC,2026-06-16T00:00:00,2026-06-16T09:00:00,99576000.0,100639000.0,98225000.0,98645000.0,1009.04221399,98645000.0,upbit,2026-06-28T04:34:13Z
KRW-BTC,2026-06-17T00:00:00,2026-06-17T09:00:00,98624000.0,99633000.0,96511000.0,97219000.0,1196.61245738,97219000.0,upbit,2026-06-28T04:34:13Z
KRW-BTC,2026-06-18T00:00:00,2026-06-18T09:00:00,97277000.0,97542000.0,94323000.0,94988000.0,1282.47954852,94988000.0,upbit,2026-06-28T04:34:13Z
KRW-BTC,2026-06-19T00:00:00,2026-06-19T09:00:00,94988000.0,96199000.0,94040000.0,96102000.0,892.40221955,96102000.0,upbit,2026-06-28T04:34:13Z
KRW-BTC,2026-06-20T00:00:00,2026-06-20T09:00:00,96074000.0,97332000.0,95600000.0,97291000.0,560.96289154,97291000.0,upbit,2026-06-28T04:34:13Z
KRW-BTC,2026-06-21T00:00:00,2026-06-21T09:00:00,97261000.0,97593000.0,95300000.0,95395000.0,587.49364773,95395000.0,upbit,2026-06-28T04:34:13Z
KRW-BTC,2026-06-22T00:00:00,2026-06-22T09:00:00,95395000.0,98625000.0,95300000.0,96640000.0,1005.45963995,96640000.0,upbit,2026-06-28T04:34:13Z
KRW-BTC,2026-06-23T00:00:00,2026-06-23T09:00:00,96640000.0,97000000.0,93569000.0,94490000.0,1253.66800918,94490000.0,upbit,2026-06-28T04:34:13Z
KRW-BTC,2026-06-24T00:00:00,2026-06-24T09:00:00,94490000.0,95448000.0,90500000.0,92583000.0,2098.20428118,92583000.0,upbit,2026-06-28T04:34:13Z
KRW-BTC,2026-06-25T00:00:00,2026-06-25T09:00:00,92583000.0,93699000.0,89390000.0,90890000.0,2413.24718552,90890000.0,upbit,2026-06-28T04:34:13Z
KRW-BTC,2026-06-26T00:00:00,2026-06-26T09:00:00,90899000.0,92000000.0,89000000.0,91165000.0,1907.46720345,91165000.0,upbit,2026-06-28T04:34:13Z
KRW-BTC,2026-06-27T00:00:00,2026-06-27T09:00:00,91165000.0,92300000.0,90777000.0,91144000.0,548.52642121,91144000.0,upbit,2026-06-28T04:34:13Z
KRW-BTC,2026-06-28T00:00:00,2026-06-28T09:00:00,91130000.0,91555000.0,91047000.0,91261000.0,72.91937489,91261000.0,upbit,2026-06-28T04:34:13Z
KRW-ETH,2020-06-20T00:00:00,2020-06-20T09:00:00,277150.0,279050.0,274150.0,277000.0,20859.2707913,277000.0,upbit,2026-06-28T04:34:13Z
KRW-ETH,2020-06-21T00:00:00,2020-06-21T09:00:00,276950.0,279000.0,275000.0,275850.0,19275.80865358,275850.0,upbit,2026-06-28T04:34:13Z
KRW-ETH,2020-06-22T00:00:00,2020-06-22T09:00:00,275450.0,294650.0,275250.0,291800.0,65974.35342438,291800.0,upbit,2026-06-28T04:34:13Z
KRW-ETH,2020-06-23T00:00:00,2020-06-23T09:00:00,291500.0,293600.0,288450.0,290500.0,42078.73553424,290500.0,upbit,2026-06-28T04:34:13Z
KRW-ETH,2020-06-24T00:00:00,2020-06-24T09:00:00,290500.0,297900.0,279000.0,283000.0,78529.30732298,283000.0,upbit,2026-06-28T04:34:13Z
KRW-ETH,2020-06-25T00:00:00,2020-06-25T09:00:00,282950.0,283850.0,273800.0,280050.0,56542.94808781,280050.0,upbit,2026-06-28T04:34:13Z
KRW-ETH,2020-06-26T00:00:00,2020-06-26T09:00:00,280050.0,281100.0,274250.0,276650.0,45841.08336914,276650.0,upbit,2026-06-28T04:34:13Z
KRW-ETH,2020-06-27T00:00:00,2020-06-27T09:00:00,276650.0,277700.0,264200.0,267800.0,39142.02903284,267800.0,upbit,2026-06-28T04:34:13Z
KRW-ETH,2020-06-28T00:00:00,2020-06-28T09:00:00,267750.0,274250.0,262050.0,270950.0,50407.43961258,270950.0,upbit,2026-06-28T04:34:13Z
KRW-ETH,2020-06-29T00:00:00,2020-06-29T09:00:00,270500.0,274700.0,265600.0,272250.0,48232.41411373,272250.0,upbit,2026-06-28T04:34:13Z
KRW-ETH,2020-06-30T00:00:00,2020-06-30T09:00:00,272200.0,273200.0,267400.0,269900.0,30537.10344461,269900.0,upbit,2026-06-28T04:34:13Z
KRW-ETH,2020-07-01T00:00:00,2020-07-01T09:00:00,269750.0,278200.0,268350.0,276600.0,44634.47705164,276600.0,upbit,2026-06-28T04:34:13Z
KRW-ETH,2020-07-02T00:00:00,2020-07-02T09:00:00,276200.0,277350.0,268550.0,271400.0,44643.46361768,271400.0,upbit,2026-06-28T04:34:13Z
KRW-ETH,2020-07-03T00:00:00,2020-07-03T09:00:00,271050.0,273150.0,268850.0,269250.0,36843.2430592,269250.0,upbit,2026-06-28T04:34:13Z
KRW-ETH,2020-07-04T00:00:00,2020-07-04T09:00:00,269050.0,275000.0,268850.0,272950.0,21287.69961751,272950.0,upbit,2026-06-28T04:34:13Z
KRW-ETH,2020-07-05T00:00:00,2020-07-05T09:00:00,272950.0,273650.0,267900.0,271850.0,25537.69114679,271850.0,upbit,2026-06-28T04:34:13Z
KRW-ETH,2020-07-06T00:00:00,2020-07-06T09:00:00,271850.0,286650.0,270450.0,286000.0,61326.1501832,286000.0,upbit,2026-06-28T04:34:13Z
KRW-ETH,2020-07-07T00:00:00,2020-07-07T09:00:00,285800.0,288300.0,278800.0,283950.0,47136.44781163,283950.0,upbit,2026-06-28T04:34:13Z
KRW-ETH,2020-07-08T00:00:00,2020-07-08T09:00:00,283950.0,293500.0,282400.0,291300.0,72304.4864099,291300.0,upbit,2026-06-28T04:34:13Z
KRW-ETH,2020-07-09T00:00:00,2020-07-09T09:00:00,291300.0,293000.0,282500.0,287250.0,50606.26237856,287250.0,upbit,2026-06-28T04:34:13Z
KRW-ETH,2020-07-10T00:00:00,2020-07-10T09:00:00,286950.0,287300.0,281500.0,286600.0,37246.12755249,286600.0,upbit,2026-06-28T04:34:13Z
KRW-ETH,2020-07-11T00:00:00,2020-07-11T09:00:00,286600.0,287250.0,282100.0,284050.0,21132.55749836,284050.0,upbit,2026-06-28T04:34:13Z
KRW-ETH,2020-07-12T00:00:00,2020-07-12T09:00:00,284050.0,288450.0,281350.0,287850.0,30110.2870546,287850.0,upbit,2026-06-28T04:34:13Z
KRW-ETH,2020-07-13T00:00:00,2020-07-13T09:00:00,287900.0,290050.0,283400.0,285000.0,49498.4469365,285000.0,upbit,2026-06-28T04:34:13Z
KRW-ETH,2020-07-14T00:00:00,2020-07-14T09:00:00,285500.0,288000.0,283450.0,285700.0,35682.66924744,285700.0,upbit,2026-06-28T04:34:13Z
KRW-ETH,2020-07-15T00:00:00,2020-07-15T09:00:00,285700.0,286550.0,282900.0,284850.0,29638.57712626,284850.0,upbit,2026-06-28T04:34:13Z
KRW-ETH,2020-07-16T00:00:00,2020-07-16T09:00:00,284850.0,285600.0,275400.0,279400.0,40069.63246615,279400.0,upbit,2026-06-28T04:34:13Z
KRW-ETH,2020-07-17T00:00:00,2020-07-17T09:00:00,279450.0,280500.0,277350.0,278100.0,28416.51101562,278100.0,upbit,2026-06-28T04:34:13Z
KRW-ETH,2020-07-18T00:00:00,2020-07-18T09:00:00,278100.0,281500.0,277550.0,280350.0,23578.2517126,280350.0,upbit,2026-06-28T04:34:13Z
KRW-ETH,2020-07-19T00:00:00,2020-07-19T09:00:00,280400.0,284950.0,278300.0,284150.0,25024.69557075,284150.0,upbit,2026-06-28T04:34:13Z
KRW-ETH,2020-07-20T00:00:00,2020-07-20T09:00:00,283650.0,285050.0,280500.0,282050.0,31103.93021276,282050.0,upbit,2026-06-28T04:34:13Z
KRW-ETH,2020-07-21T00:00:00,2020-07-21T09:00:00,282050.0,292800.0,281950.0,290900.0,53703.57705705,290900.0,upbit,2026-06-28T04:34:13Z
KRW-ETH,2020-07-22T00:00:00,2020-07-22T09:00:00,290650.0,315050.0,288250.0,311850.0,60625.21898961,311850.0,upbit,2026-06-28T04:34:13Z
KRW-ETH,2020-07-23T00:00:00,2020-07-23T09:00:00,311750.0,330100.0,307900.0,325000.0,101085.28737379,325000.0,upbit,2026-06-28T04:34:13Z
KRW-ETH,2020-07-24T00:00:00,2020-07-24T09:00:00,325000.0,340800.0,318450.0,331600.0,91204.47853924,331600.0,upbit,2026-06-28T04:34:13Z
KRW-ETH,2020-07-25T00:00:00,2020-07-25T09:00:00,331550.0,365000.0,331550.0,361000.0,92237.50020733,361000.0,upbit,2026-06-28T04:34:13Z
KRW-ETH,2020-07-26T00:00:00,2020-07-26T09:00:00,361000.0,376400.0,354000.0,367050.0,115407.58073399,367050.0,upbit,2026-06-28T04:34:13Z
KRW-ETH,2020-07-27T00:00:00,2020-07-27T09:00:00,366950.0,388850.0,366350.0,377000.0,156194.70057791,377000.0,upbit,2026-06-28T04:34:13Z
KRW-ETH,2020-07-28T00:00:00,2020-07-28T09:00:00,377050.0,383200.0,361750.0,370600.0,112085.04989555,370600.0,upbit,2026-06-28T04:34:13Z
KRW-ETH,2020-07-29T00:00:00,2020-07-29T09:00:00,371050.0,383300.0,366900.0,376000.0,81168.24513199,376000.0,upbit,2026-06-28T04:34:13Z
KRW-ETH,2020-07-30T00:00:00,2020-07-30T09:00:00,375950.0,401800.0,372500.0,394900.0,83884.2694088,394900.0,upbit,2026-06-28T04:34:13Z
KRW-ETH,2020-07-31T00:00:00,2020-07-31T09:00:00,394750.0,412550.0,388850.0,410050.0,98366.94647421,410050.0,upbit,2026-06-28T04:34:13Z
KRW-ETH,2020-08-01T00:00:00,2020-08-01T09:00:00,409550.0,462450.0,406300.0,456750.0,105064.02156695,456750.0,upbit,2026-06-28T04:34:13Z
KRW-ETH,2020-08-02T00:00:00,2020-08-02T09:00:00,456400.0,489500.0,389150.0,438500.0,326707.39420878,438500.0,upbit,2026-06-28T04:34:13Z
KRW-ETH,2020-08-03T00:00:00,2020-08-03T09:00:00,438750.0,473000.0,433950.0,456100.0,117327.51472682,456100.0,upbit,2026-06-28T04:34:13Z
KRW-ETH,2020-08-04T00:00:00,2020-08-04T09:00:00,456500.0,475350.0,452000.0,463600.0,95725.30062093,463600.0,upbit,2026-06-28T04:34:13Z
KRW-ETH,2020-08-05T00:00:00,2020-08-05T09:00:00,463400.0,479550.0,457500.0,472950.0,75118.14234382,472950.0,upbit,2026-06-28T04:34:13Z
KRW-ETH,2020-08-06T00:00:00,2020-08-06T09:00:00,472950.0,476650.0,461350.0,465900.0,65368.70079424,465900.0,upbit,2026-06-28T04:34:13Z
KRW-ETH,2020-08-07T00:00:00,2020-08-07T09:00:00,465250.0,469550.0,435650.0,451050.0,71299.43953491,451050.0,upbit,2026-06-28T04:34:13Z
KRW-ETH,2020-08-08T00:00:00,2020-08-08T09:00:00,451000.0,468000.0,446700.0,468000.0,43056.09181734,468000.0,upbit,2026-06-28T04:34:13Z
KRW-ETH,2020-08-09T00:00:00,2020-08-09T09:00:00,467450.0,471100.0,454000.0,461500.0,42704.6699029,461500.0,upbit,2026-06-28T04:34:13Z
KRW-ETH,2020-08-10T00:00:00,2020-08-10T09:00:00,461500.0,471300.0,459800.0,465850.0,57975.62411864,465850.0,upbit,2026-06-28T04:34:13Z
KRW-ETH,2020-08-11T00:00:00,2020-08-11T09:00:00,465500.0,468000.0,440400.0,452750.0,71303.06454952,452750.0,upbit,2026-06-28T04:34:13Z
KRW-ETH,2020-08-12T00:00:00,2020-08-12T09:00:00,452650.0,460850.0,436050.0,458350.0,69379.15906784,458350.0,upbit,2026-06-28T04:34:13Z
KRW-ETH,2020-08-13T00:00:00,2020-08-13T09:00:00,458700.0,509300.0,447400.0,497850.0,112989.04066654,497850.0,upbit,2026-06-28T04:34:13Z
KRW-ETH,2020-08-14T00:00:00,2020-08-14T09:00:00,497900.0,521600.0,492400.0,515100.0,91159.87189424,515100.0,upbit,2026-06-28T04:34:13Z
KRW-ETH,2020-08-15T00:00:00,2020-08-15T09:00:00,514500.0,520000.0,502000.0,506300.0,56050.66233682,506300.0,upbit,2026-06-28T04:34:13Z
KRW-ETH,2020-08-16T00:00:00,2020-08-16T09:00:00,506300.0,511500.0,485000.0,505800.0,60333.16497249,505800.0,upbit,2026-06-28T04:34:13Z
KRW-ETH,2020-08-17T00:00:00,2020-08-17T09:00:00,505800.0,513500.0,493550.0,499000.0,65464.74668791,499000.0,upbit,2026-06-28T04:34:13Z
KRW-ETH,2020-08-18T00:00:00,2020-08-18T09:00:00,499000.0,502100.0,484700.0,494550.0,58896.02010467,494550.0,upbit,2026-06-28T04:34:13Z
KRW-ETH,2020-08-19T00:00:00,2020-08-19T09:00:00,494500.0,499700.0,468600.0,481600.0,66813.63065999,481600.0,upbit,2026-06-28T04:34:13Z
KRW-ETH,2020-08-20T00:00:00,2020-08-20T09:00:00,481550.0,493000.0,474050.0,490250.0,54496.60411063,490250.0,upbit,2026-06-28T04:34:13Z
KRW-ETH,2020-08-21T00:00:00,2020-08-21T09:00:00,490250.0,492400.0,461250.0,464200.0,62548.61858205,464200.0,upbit,2026-06-28T04:34:13Z
KRW-ETH,2020-08-22T00:00:00,2020-08-22T09:00:00,464200.0,470750.0,450400.0,469450.0,59173.75074687,469450.0,upbit,2026-06-28T04:34:13Z
KRW-ETH,2020-08-23T00:00:00,2020-08-23T09:00:00,469450.0,470550.0,456000.0,463100.0,31547.85687171,463100.0,upbit,2026-06-28T04:34:13Z
KRW-ETH,2020-08-24T00:00:00,2020-08-24T09:00:00,463150.0,483400.0,459800.0,481900.0,53905.68682474,481900.0,upbit,2026-06-28T04:34:13Z
KRW-ETH,2020-08-25T00:00:00,2020-08-25T09:00:00,481200.0,482300.0,443450.0,455850.0,70610.23867712,455850.0,upbit,2026-06-28T04:34:13Z
KRW-ETH,2020-08-26T00:00:00,2020-08-26T09:00:00,455850.0,464000.0,448200.0,457000.0,47723.78309755,457000.0,upbit,2026-06-28T04:34:13Z
KRW-ETH,2020-08-27T00:00:00,2020-08-27T09:00:00,456850.0,470000.0,444550.0,453350.0,58810.22121039,453350.0,upbit,2026-06-28T04:34:13Z
KRW-ETH,2020-08-28T00:00:00,2020-08-28T09:00:00,453350.0,467450.0,449100.0,464950.0,42331.57007624,464950.0,upbit,2026-06-28T04:34:13Z
KRW-ETH,2020-08-29T00:00:00,2020-08-29T09:00:00,464550.0,475000.0,460950.0,468050.0,39429.11640328,468050.0,upbit,2026-06-28T04:34:13Z
KRW-ETH,2020-08-30T00:00:00,2020-08-30T09:00:00,468050.0,501300.0,467850.0,500700.0,59787.47850926,500700.0,upbit,2026-06-28T04:34:13Z
KRW-ETH,2020-08-31T00:00:00,2020-08-31T09:00:00,500800.0,516100.0,490000.0,511600.0,84273.62689133,511600.0,upbit,2026-06-28T04:34:13Z
KRW-ETH,2020-09-01T00:00:00,2020-09-01T09:00:00,511600.0,570000.0,507000.0,557400.0,141428.12530523,557400.0,upbit,2026-06-28T04:34:13Z
KRW-ETH,2020-09-02T00:00:00,2020-09-02T09:00:00,557400.0,566900.0,504000.0,524400.0,164692.94752706,524400.0,upbit,2026-06-28T04:34:13Z
KRW-ETH,2020-09-03T00:00:00,2020-09-03T09:00:00,524400.0,535900.0,451000.0,462300.0,218512.18272683,462300.0,upbit,2026-06-28T04:34:13Z
KRW-ETH,2020-09-04T00:00:00,2020-09-04T09:00:00,462300.0,485900.0,445150.0,465800.0,162141.47286894,465800.0,upbit,2026-06-28T04:34:13Z
KRW-ETH,2020-09-05T00:00:00,2020-09-05T09:00:00,465800.0,476550.0,386250.0,408300.0,215659.37852869,408300.0,upbit,2026-06-28T04:34:13Z
KRW-ETH,2020-09-06T00:00:00,2020-09-06T09:00:00,408100.0,434000.0,384700.0,424500.0,209504.17895508,424500.0,upbit,2026-06-28T04:34:13Z
KRW-ETH,2020-09-07T00:00:00,2020-09-07T09:00:00,425000.0,432600.0,390000.0,422300.0,142301.56172786,422300.0,upbit,2026-06-28T04:34:13Z
KRW-ETH,2020-09-08T00:00:00,2020-09-08T09:00:00,422300.0,425300.0,395000.0,404000.0,100209.78175848,404000.0,upbit,2026-06-28T04:34:13Z
KRW-ETH,2020-09-09T00:00:00,2020-09-09T09:00:00,404000.0,426150.0,396500.0,418050.0,82644.9022213,418050.0,upbit,2026-06-28T04:34:13Z
KRW-ETH,2020-09-10T00:00:00,2020-09-10T09:00:00,418600.0,447700.0,417450.0,439000.0,127290.4412623,439000.0,upbit,2026-06-28T04:34:13Z
KRW-ETH,2020-09-11T00:00:00,2020-09-11T09:00:00,439000.0,445500.0,424500.0,443850.0,62630.18779724,443850.0,upbit,2026-06-28T04:34:13Z
KRW-ETH,2020-09-12T00:00:00,2020-09-12T09:00:00,443850.0,459950.0,435100.0,459950.0,42925.64462954,459950.0,upbit,2026-06-28T04:34:13Z
KRW-ETH,2020-09-13T00:00:00,2020-09-13T09:00:00,459950.0,463500.0,425000.0,438700.0,73725.88594787,438700.0,upbit,2026-06-28T04:34:13Z
KRW-ETH,2020-09-14T00:00:00,2020-09-14T09:00:00,438700.0,455700.0,427000.0,447350.0,63103.10877223,447350.0,upbit,2026-06-28T04:34:13Z
KRW-ETH,2020-09-15T00:00:00,2020-09-15T09:00:00,447100.0,452100.0,430800.0,432850.0,57140.45413071,432850.0,upbit,2026-06-28T04:34:13Z
KRW-ETH,2020-09-16T00:00:00,2020-09-16T09:00:00,432150.0,438500.0,420300.0,429750.0,50502.66628281,429750.0,upbit,2026-06-28T04:34:13Z
KRW-ETH,2020-09-17T00:00:00,2020-09-17T09:00:00,430300.0,461300.0,428950.0,455600.0,76430.38001523,455600.0,upbit,2026-06-28T04:34:13Z
KRW-ETH,2020-09-18T00:00:00,2020-09-18T09:00:00,455450.0,459400.0,441000.0,449650.0,44828.01330697,449650.0,upbit,2026-06-28T04:34:13Z
KRW-ETH,2020-09-19T00:00:00,2020-09-19T09:00:00,449650.0,453000.0,442100.0,450200.0,26304.97944531,450200.0,upbit,2026-06-28T04:34:13Z
KRW-ETH,2020-09-20T00:00:00,2020-09-20T09:00:00,450100.0,450100.0,429800.0,435350.0,30434.51037839,435350.0,upbit,2026-06-28T04:34:13Z
KRW-ETH,2020-09-21T00:00:00,2020-09-21T09:00:00,435350.0,439550.0,391150.0,401450.0,85035.46439943,401450.0,upbit,2026-06-28T04:34:13Z
KRW-ETH,2020-09-22T00:00:00,2020-09-22T09:00:00,400900.0,407150.0,391750.0,403650.0,44132.65688366,403650.0,upbit,2026-06-28T04:34:13Z
KRW-ETH,2020-09-23T00:00:00,2020-09-23T09:00:00,403650.0,403850.0,370050.0,375300.0,59178.12561023,375300.0,upbit,2026-06-28T04:34:13Z
KRW-ETH,2020-09-24T00:00:00,2020-09-24T09:00:00,374750.0,410000.0,370100.0,406500.0,61995.64238644,406500.0,upbit,2026-06-28T04:34:13Z
KRW-ETH,2020-09-25T00:00:00,2020-09-25T09:00:00,406100.0,416800.0,394200.0,410000.0,54782.50768171,410000.0,upbit,2026-06-28T04:34:13Z
KRW-ETH,2020-09-26T00:00:00,2020-09-26T09:00:00,410000.0,414100.0,403600.0,412400.0,33820.59729637,412400.0,upbit,2026-06-28T04:34:13Z
KRW-ETH,2020-09-27T00:00:00,2020-09-27T09:00:00,412750.0,421500.0,405600.0,415400.0,39078.99972377,415400.0,upbit,2026-06-28T04:34:13Z
KRW-ETH,2020-09-28T00:00:00,2020-09-28T09:00:00,415250.0,425950.0,411050.0,412700.0,41079.35600009,412700.0,upbit,2026-06-28T04:34:13Z
KRW-ETH,2020-09-29T00:00:00,2020-09-29T09:00:00,412700.0,419300.0,408500.0,417700.0,39213.4012034,417700.0,upbit,2026-06-28T04:34:13Z
KRW-ETH,2020-09-30T00:00:00,2020-09-30T09:00:00,417700.0,420550.0,411100.0,419250.0,21936.42244408,419250.0,upbit,2026-06-28T04:34:13Z
KRW-ETH,2020-10-01T00:00:00,2020-10-01T09:00:00,419250.0,429550.0,405500.0,413600.0,35860.19131388,413600.0,upbit,2026-06-28T04:34:13Z
KRW-ETH,2020-10-02T00:00:00,2020-10-02T09:00:00,413600.0,414800.0,394900.0,406600.0,38598.29375963,406600.0,upbit,2026-06-28T04:34:13Z
KRW-ETH,2020-10-03T00:00:00,2020-10-03T09:00:00,406600.0,411300.0,404350.0,406750.0,15776.9847556,406750.0,upbit,2026-06-28T04:34:13Z
KRW-ETH,2020-10-04T00:00:00,2020-10-04T09:00:00,406300.0,414000.0,403700.0,411400.0,17479.3047218,411400.0,upbit,2026-06-28T04:34:13Z
KRW-ETH,2020-10-05T00:00:00,2020-10-05T09:00:00,411250.0,414800.0,406650.0,411400.0,23490.76607535,411400.0,upbit,2026-06-28T04:34:13Z
KRW-ETH,2020-10-06T00:00:00,2020-10-06T09:00:00,411250.0,412900.0,395100.0,399300.0,39971.74323982,399300.0,upbit,2026-06-28T04:34:13Z
KRW-ETH,2020-10-07T00:00:00,2020-10-07T09:00:00,399200.0,399600.0,390500.0,398450.0,28287.28800269,398450.0,upbit,2026-06-28T04:34:13Z
KRW-ETH,2020-10-08T00:00:00,2020-10-08T09:00:00,398400.0,407550.0,390000.0,403800.0,37092.20976402,403800.0,upbit,2026-06-28T04:34:13Z
KRW-ETH,2020-10-09T00:00:00,2020-10-09T09:00:00,404400.0,420000.0,401100.0,417350.0,40199.03601935,417350.0,upbit,2026-06-28T04:34:13Z
KRW-ETH,2020-10-10T00:00:00,2020-10-10T09:00:00,417650.0,429950.0,416750.0,422050.0,40980.31122933,422050.0,upbit,2026-06-28T04:34:13Z
KRW-ETH,2020-10-11T00:00:00,2020-10-11T09:00:00,422000.0,429700.0,418950.0,425500.0,27614.76427226,425500.0,upbit,2026-06-28T04:34:13Z
KRW-ETH,2020-10-12T00:00:00,2020-10-12T09:00:00,425100.0,448950.0,419200.0,441850.0,56897.93673149,441850.0,upbit,2026-06-28T04:34:13Z
KRW-ETH,2020-10-13T00:00:00,2020-10-13T09:00:00,441650.0,442950.0,430800.0,437850.0,39735.43863557,437850.0,upbit,2026-06-28T04:34:13Z
KRW-ETH,2020-10-14T00:00:00,2020-10-14T09:00:00,437900.0,444700.0,431300.0,436250.0,32304.54840332,436250.0,upbit,2026-06-28T04:34:13Z
KRW-ETH,2020-10-15T00:00:00,2020-10-15T09:00:00,435850.0,437650.0,427000.0,434150.0,30358.0418613,434150.0,upbit,2026-06-28T04:34:13Z
KRW-ETH,2020-10-16T00:00:00,2020-10-16T09:00:00,434150.0,436950.0,417450.0,422150.0,33906.92490184,422150.0,upbit,2026-06-28T04:34:13Z
KRW-ETH,2020-10-17T00:00:00,2020-10-17T09:00:00,421250.0,426050.0,419500.0,423950.0,13542.90358734,423950.0,upbit,2026-06-28T04:34:13Z
KRW-ETH,2020-10-18T00:00:00,2020-10-18T09:00:00,423950.0,434550.0,422950.0,433850.0,14585.77125494,433850.0,upbit,2026-06-28T04:34:13Z
KRW-ETH,2020-10-19T00:00:00,2020-10-19T09:00:00,433900.0,438500.0,428000.0,433050.0,34303.59100981,433050.0,upbit,2026-06-28T04:34:13Z
KRW-ETH,2020-10-20T00:00:00,2020-10-20T09:00:00,433050.0,433500.0,420000.0,421850.0,37880.26040459,421850.0,upbit,2026-06-28T04:34:13Z
KRW-ETH,2020-10-21T00:00:00,2020-10-21T09:00:00,422400.0,449950.0,421700.0,441000.0,70749.75901015,441000.0,upbit,2026-06-28T04:34:13Z
KRW-ETH,2020-10-22T00:00:00,2020-10-22T09:00:00,441000.0,471000.0,440650.0,465000.0,72884.72145762,465000.0,upbit,2026-06-28T04:34:13Z
KRW-ETH,2020-10-23T00:00:00,2020-10-23T09:00:00,465000.0,470700.0,456150.0,461750.0,50816.78486966,461750.0,upbit,2026-06-28T04:34:13Z
KRW-ETH,2020-10-24T00:00:00,2020-10-24T09:00:00,461400.0,469000.0,459300.0,464100.0,24720.25425069,464100.0,upbit,2026-06-28T04:34:13Z
KRW-ETH,2020-10-25T00:00:00,2020-10-25T09:00:00,464000.0,470000.0,456650.0,457500.0,28479.52945232,457500.0,upbit,2026-06-28T04:34:13Z
KRW-ETH,2020-10-26T00:00:00,2020-10-26T09:00:00,457300.0,461900.0,435000.0,444400.0,44204.65750833,444400.0,upbit,2026-06-28T04:34:13Z
KRW-ETH,2020-10-27T00:00:00,2020-10-27T09:00:00,444300.0,459950.0,439900.0,452350.0,39678.03785732,452350.0,upbit,2026-06-28T04:34:13Z
KRW-ETH,2020-10-28T00:00:00,2020-10-28T09:00:00,452450.0,459900.0,431100.0,441050.0,51393.05160197,441050.0,upbit,2026-06-28T04:34:13Z
KRW-ETH,2020-10-29T00:00:00,2020-10-29T09:00:00,441100.0,445650.0,431500.0,438000.0,38279.08393979,438000.0,upbit,2026-06-28T04:34:13Z
KRW-ETH,2020-10-30T00:00:00,2020-10-30T09:00:00,438000.0,443450.0,425200.0,433800.0,45020.56365301,433800.0,upbit,2026-06-28T04:34:13Z
KRW-ETH,2020-10-31T00:00:00,2020-10-31T09:00:00,433600.0,444300.0,430850.0,437700.0,34722.10451457,437700.0,upbit,2026-06-28T04:34:13Z
KRW-ETH,2020-11-01T00:00:00,2020-11-01T09:00:00,437350.0,448700.0,436000.0,448700.0,25586.28946828,448700.0,upbit,2026-06-28T04:34:13Z
KRW-ETH,2020-11-02T00:00:00,2020-11-02T09:00:00,448700.0,457250.0,430500.0,435400.0,55771.71996633,435400.0,upbit,2026-06-28T04:34:13Z
KRW-ETH,2020-11-03T00:00:00,2020-11-03T09:00:00,435450.0,441150.0,423550.0,438750.0,43424.49131057,438750.0,upbit,2026-06-28T04:34:13Z
KRW-ETH,2020-11-04T00:00:00,2020-11-04T09:00:00,438800.0,459800.0,430200.0,453950.0,61754.02733523,453950.0,upbit,2026-06-28T04:34:13Z
KRW-ETH,2020-11-05T00:00:00,2020-11-05T09:00:00,453800.0,469800.0,447550.0,464900.0,109855.57551841,464900.0,upbit,2026-06-28T04:34:13Z
KRW-ETH,2020-11-06T00:00:00,2020-11-06T09:00:00,464850.0,511000.0,461200.0,508200.0,171954.95230141,508200.0,upbit,2026-06-28T04:34:13Z
KRW-ETH,2020-11-07T00:00:00,2020-11-07T09:00:00,508900.0,523000.0,481300.0,489050.0,113979.13323986,489050.0,upbit,2026-06-28T04:34:13Z
KRW-ETH,2020-11-08T00:00:00,2020-11-08T09:00:00,489050.0,511900.0,485450.0,507200.0,58196.72013607,507200.0,upbit,2026-06-28T04:34:13Z
KRW-ETH,2020-11-09T00:00:00,2020-11-09T09:00:00,507100.0,514800.0,489000.0,495800.0,81910.59054066,495800.0,upbit,2026-06-28T04:34:13Z
KRW-ETH,2020-11-10T00:00:00,2020-11-10T09:00:00,495800.0,504900.0,490400.0,501400.0,62468.21322879,501400.0,upbit,2026-06-28T04:34:13Z
KRW-ETH,2020-11-11T00:00:00,2020-11-11T09:00:00,501700.0,523800.0,500600.0,514800.0,74124.80538151,514800.0,upbit,2026-06-28T04:34:13Z
KRW-ETH,2020-11-12T00:00:00,2020-11-12T09:00:00,514600.0,517900.0,502000.0,510000.0,55572.65121416,510000.0,upbit,2026-06-28T04:34:13Z
KRW-ETH,2020-11-13T00:00:00,2020-11-13T09:00:00,510000.0,525800.0,508200.0,525000.0,64318.47231603,525000.0,upbit,2026-06-28T04:34:13Z
KRW-ETH,2020-11-14T00:00:00,2020-11-14T09:00:00,525000.0,526100.0,504000.0,510500.0,44940.00880697,510500.0,upbit,2026-06-28T04:34:13Z
KRW-ETH,2020-11-15T00:00:00,2020-11-15T09:00:00,510700.0,513100.0,489500.0,497000.0,39905.71767772,497000.0,upbit,2026-06-28T04:34:13Z
KRW-ETH,2020-11-16T00:00:00,2020-11-16T09:00:00,496750.0,510100.0,493000.0,503200.0,59344.19764229,503200.0,upbit,2026-06-28T04:34:13Z
KRW-ETH,2020-11-17T00:00:00,2020-11-17T09:00:00,503100.0,529000.0,503100.0,528800.0,87762.60419358,528800.0,upbit,2026-06-28T04:34:13Z
KRW-ETH,2020-11-18T00:00:00,2020-11-18T09:00:00,528500.0,544500.0,503500.0,530500.0,112531.39578976,530500.0,upbit,2026-06-28T04:34:13Z
KRW-ETH,2020-11-19T00:00:00,2020-11-19T09:00:00,530500.0,533500.0,518000.0,524300.0,59245.96683137,524300.0,upbit,2026-06-28T04:34:13Z
KRW-ETH,2020-11-20T00:00:00,2020-11-20T09:00:00,524300.0,567000.0,523900.0,564500.0,110048.68471742,564500.0,upbit,2026-06-28T04:34:13Z
KRW-ETH,2020-11-21T00:00:00,2020-11-21T09:00:00,564500.0,603100.0,557800.0,601500.0,164838.78221804,601500.0,upbit,2026-06-28T04:34:13Z
KRW-ETH,2020-11-22T00:00:00,2020-11-22T09:00:00,601100.0,636800.0,565600.0,619600.0,174130.29987526,619600.0,upbit,2026-06-28T04:34:13Z
KRW-ETH,2020-11-23T00:00:00,2020-11-23T09:00:00,619300.0,668100.0,606600.0,666200.0,157050.45858207,666200.0,upbit,2026-06-28T04:34:13Z
KRW-ETH,2020-11-24T00:00:00,2020-11-24T09:00:00,666200.0,688400.0,638000.0,664100.0,218249.87822744,664100.0,upbit,2026-06-28T04:34:13Z
KRW-ETH,2020-11-25T00:00:00,2020-11-25T09:00:00,664600.0,667300.0,619100.0,634000.0,117121.56889336,634000.0,upbit,2026-06-28T04:34:13Z
KRW-ETH,2020-11-26T00:00:00,2020-11-26T09:00:00,634300.0,640900.0,545300.0,583000.0,189340.06378939,583000.0,upbit,2026-06-28T04:34:13Z
KRW-ETH,2020-11-27T00:00:00,2020-11-27T09:00:00,582900.0,597600.0,555500.0,578900.0,79111.83488061,578900.0,upbit,2026-06-28T04:34:13Z
KRW-ETH,2020-11-28T00:00:00,2020-11-28T09:00:00,578900.0,599800.0,568000.0,592100.0,81290.21893226,592100.0,upbit,2026-06-28T04:34:13Z
KRW-ETH,2020-11-29T00:00:00,2020-11-29T09:00:00,591600.0,634200.0,583400.0,633700.0,78287.93316718,633700.0,upbit,2026-06-28T04:34:13Z
KRW-ETH,2020-11-30T00:00:00,2020-11-30T09:00:00,633700.0,666200.0,621500.0,666000.0,121134.0752944,666000.0,upbit,2026-06-28T04:34:13Z
KRW-ETH,2020-12-01T00:00:00,2020-12-01T09:00:00,666000.0,695800.0,623000.0,651100.0,163159.61403619,651100.0,upbit,2026-06-28T04:34:13Z
KRW-ETH,2020-12-02T00:00:00,2020-12-02T09:00:00,651100.0,664700.0,639700.0,656200.0,63528.62672539,656200.0,upbit,2026-06-28T04:34:13Z
KRW-ETH,2020-12-03T00:00:00,2020-12-03T09:00:00,655900.0,677500.0,645000.0,671000.0,54876.10835502,671000.0,upbit,2026-06-28T04:34:13Z
KRW-ETH,2020-12-04T00:00:00,2020-12-04T09:00:00,671000.0,674200.0,622500.0,625500.0,73752.91856456,625500.0,upbit,2026-06-28T04:34:13Z
KRW-ETH,2020-12-05T00:00:00,2020-12-05T09:00:00,625500.0,653000.0,616900.0,648700.0,41746.90455312,648700.0,upbit,2026-06-28T04:34:13Z
KRW-ETH,2020-12-06T00:00:00,2020-12-06T09:00:00,648200.0,659200.0,635600.0,652000.0,39242.95086571,652000.0,upbit,2026-06-28T04:34:13Z
KRW-ETH,2020-12-07T00:00:00,2020-12-07T09:00:00,652000.0,653200.0,639000.0,642800.0,27884.39628505,642800.0,upbit,2026-06-28T04:34:13Z
KRW-ETH,2020-12-08T00:00:00,2020-12-08T09:00:00,642800.0,645700.0,601800.0,606000.0,47498.76422494,606000.0,upbit,2026-06-28T04:34:13Z
KRW-ETH,2020-12-09T00:00:00,2020-12-09T09:00:00,605900.0,630700.0,576600.0,626800.0,83532.84700212,626800.0,upbit,2026-06-28T04:34:13Z
KRW-ETH,2020-12-10T00:00:00,2020-12-10T09:00:00,626800.0,629100.0,601300.0,610300.0,40419.96066494,610300.0,upbit,2026-06-28T04:34:13Z
KRW-ETH,2020-12-11T00:00:00,2020-12-11T09:00:00,610400.0,612800.0,591000.0,593800.0,48871.62030847,593800.0,upbit,2026-06-28T04:34:13Z
KRW-ETH,2020-12-12T00:00:00,2020-12-12T09:00:00,594100.0,625200.0,593000.0,622100.0,47615.83144925,622100.0,upbit,2026-06-28T04:34:13Z
KRW-ETH,2020-12-13T00:00:00,2020-12-13T09:00:00,622100.0,645300.0,616100.0,640500.0,49547.91340184,640500.0,upbit,2026-06-28T04:34:13Z
KRW-ETH,2020-12-14T00:00:00,2020-12-14T09:00:00,640500.0,643000.0,627100.0,636400.0,38939.3234637,636400.0,upbit,2026-06-28T04:34:13Z
KRW-ETH,2020-12-15T00:00:00,2020-12-15T09:00:00,636500.0,648700.0,632500.0,639700.0,38546.95162294,639700.0,upbit,2026-06-28T04:34:13Z
KRW-ETH,2020-12-16T00:00:00,2020-12-16T09:00:00,639700.0,686000.0,631100.0,683500.0,90819.75603404,683500.0,upbit,2026-06-28T04:34:13Z
KRW-ETH,2020-12-17T00:00:00,2020-12-17T09:00:00,683500.0,730100.0,675100.0,697300.0,203449.34093957,697300.0,upbit,2026-06-28T04:34:13Z
KRW-ETH,2020-12-18T00:00:00,2020-12-18T09:00:00,697300.0,719800.0,683000.0,711900.0,77675.90111238,711900.0,upbit,2026-06-28T04:34:13Z
KRW-ETH,2020-12-19T00:00:00,2020-12-19T09:00:00,711900.0,732500.0,705500.0,723200.0,70930.71591271,723200.0,upbit,2026-06-28T04:34:13Z
KRW-ETH,2020-12-20T00:00:00,2020-12-20T09:00:00,723200.0,725800.0,690700.0,704000.0,68364.63418517,704000.0,upbit,2026-06-28T04:34:13Z
KRW-ETH,2020-12-21T00:00:00,2020-12-21T09:00:00,704000.0,714400.0,666200.0,678800.0,99029.89909029,678800.0,upbit,2026-06-28T04:34:13Z
KRW-ETH,2020-12-22T00:00:00,2020-12-22T09:00:00,678200.0,716700.0,654000.0,715900.0,92140.85178821,715900.0,upbit,2026-06-28T04:34:13Z
KRW-ETH,2020-12-23T00:00:00,2020-12-23T09:00:00,715900.0,719000.0,632100.0,665400.0,145744.52360602,665400.0,upbit,2026-06-28T04:34:13Z
KRW-ETH,2020-12-24T00:00:00,2020-12-24T09:00:00,665400.0,688700.0,643500.0,683100.0,113481.39705113,683100.0,upbit,2026-06-28T04:34:13Z
KRW-ETH,2020-12-25T00:00:00,2020-12-25T09:00:00,683100.0,705000.0,668900.0,687700.0,96583.28300669,687700.0,upbit,2026-06-28T04:34:13Z
KRW-ETH,2020-12-26T00:00:00,2020-12-26T09:00:00,688000.0,716800.0,680000.0,706300.0,107211.28682842,706300.0,upbit,2026-06-28T04:34:13Z
KRW-ETH,2020-12-27T00:00:00,2020-12-27T09:00:00,706300.0,799200.0,693000.0,766100.0,361844.12006015,766100.0,upbit,2026-06-28T04:34:13Z
KRW-ETH,2020-12-28T00:00:00,2020-12-28T09:00:00,765500.0,830000.0,761100.0,817300.0,237199.82866246,817300.0,upbit,2026-06-28T04:34:13Z
KRW-ETH,2020-12-29T00:00:00,2020-12-29T09:00:00,817300.0,833000.0,773800.0,813700.0,187197.47729866,813700.0,upbit,2026-06-28T04:34:13Z
KRW-ETH,2020-12-30T00:00:00,2020-12-30T09:00:00,813700.0,833700.0,796400.0,830000.0,144791.00756942,830000.0,upbit,2026-06-28T04:34:13Z
KRW-ETH,2020-12-31T00:00:00,2020-12-31T09:00:00,829900.0,834900.0,809100.0,815100.0,104374.98141161,815100.0,upbit,2026-06-28T04:34:13Z
KRW-ETH,2021-01-01T00:00:00,2021-01-01T09:00:00,815100.0,826600.0,793600.0,803000.0,94740.03431837,803000.0,upbit,2026-06-28T04:34:13Z
KRW-ETH,2021-01-02T00:00:00,2021-01-02T09:00:00,802900.0,865400.0,789000.0,858700.0,231347.63931929,858700.0,upbit,2026-06-28T04:34:13Z
KRW-ETH,2021-01-03T00:00:00,2021-01-03T09:00:00,858700.0,1144000.0,855000.0,1113500.0,747843.06817099,1113500.0,upbit,2026-06-28T04:34:13Z
KRW-ETH,2021-01-04T00:00:00,2021-01-04T09:00:00,1114000.0,1335500.0,1035000.0,1189000.0,1434143.67327224,1189000.0,upbit,2026-06-28T04:34:13Z
KRW-ETH,2021-01-05T00:00:00,2021-01-05T09:00:00,1190000.0,1293500.0,1120500.0,1236000.0,735859.94033041,1236000.0,upbit,2026-06-28T04:34:13Z
KRW-ETH,2021-01-06T00:00:00,2021-01-06T09:00:00,1236000.0,1349000.0,1194000.0,1337500.0,514099.19903339,1337500.0,upbit,2026-06-28T04:34:13Z
KRW-ETH,2021-01-07T00:00:00,2021-01-07T09:00:00,1338000.0,1427500.0,1285500.0,1388000.0,422658.84725502,1388000.0,upbit,2026-06-28T04:34:13Z
KRW-ETH,2021-01-08T00:00:00,2021-01-08T09:00:00,1388000.0,1485000.0,1233500.0,1414000.0,492239.89499433,1414000.0,upbit,2026-06-28T04:34:13Z
KRW-ETH,2021-01-09T00:00:00,2021-01-09T09:00:00,1414000.0,1478500.0,1364000.0,1451500.0,278721.72773886,1451500.0,upbit,2026-06-28T04:34:13Z
KRW-ETH,2021-01-10T00:00:00,2021-01-10T09:00:00,1451500.0,1535000.0,1300000.0,1428500.0,469172.71858943,1428500.0,upbit,2026-06-28T04:34:13Z
KRW-ETH,2021-01-11T00:00:00,2021-01-11T09:00:00,1428500.0,1441000.0,1051500.0,1227000.0,1121057.14549336,1227000.0,upbit,2026-06-28T04:34:13Z
KRW-ETH,2021-01-12T00:00:00,2021-01-12T09:00:00,1227000.0,1293000.0,1133500.0,1190000.0,539529.31751713,1190000.0,upbit,2026-06-28T04:34:13Z
KRW-ETH,2021-01-13T00:00:00,2021-01-13T09:00:00,1190000.0,1265000.0,1135500.0,1252000.0,298346.71150879,1252000.0,upbit,2026-06-28T04:34:13Z
KRW-ETH,2021-01-14T00:00:00,2021-01-14T09:00:00,1251500.0,1365000.0,1208000.0,1345500.0,367122.28788905,1345500.0,upbit,2026-06-28T04:34:13Z
KRW-ETH,2021-01-15T00:00:00,2021-01-15T09:00:00,1346000.0,1365500.0,1210500.0,1304000.0,391913.77517287,1304000.0,upbit,2026-06-28T04:34:13Z
KRW-ETH,2021-01-16T00:00:00,2021-01-16T09:00:00,1304000.0,1417000.0,1284000.0,1366000.0,298395.72726963,1366000.0,upbit,2026-06-28T04:34:13Z
KRW-ETH,2021-01-17T00:00:00,2021-01-17T09:00:00,1366000.0,1398500.0,1300500.0,1361000.0,233983.74923161,1361000.0,upbit,2026-06-28T04:34:13Z
KRW-ETH,2021-01-18T00:00:00,2021-01-18T09:00:00,1361000.0,1377000.0,1321500.0,1372500.0,173009.00234114,1372500.0,upbit,2026-06-28T04:34:13Z
KRW-ETH,2021-01-19T00:00:00,2021-01-19T09:00:00,1372500.0,1580000.0,1366000.0,1509000.0,449291.82703318,1509000.0,upbit,2026-06-28T04:34:13Z
KRW-ETH,2021-01-20T00:00:00,2021-01-20T09:00:00,1509000.0,1548500.0,1382500.0,1523000.0,409326.49003381,1523000.0,upbit,2026-06-28T04:34:13Z
KRW-ETH,2021-01-21T00:00:00,2021-01-21T09:00:00,1522500.0,1536500.0,1228000.0,1256500.0,583960.11513947,1256500.0,upbit,2026-06-28T04:34:13Z
KRW-ETH,2021-01-22T00:00:00,2021-01-22T09:00:00,1256500.0,1403500.0,1144000.0,1358500.0,702213.55630844,1358500.0,upbit,2026-06-28T04:34:13Z
KRW-ETH,2021-01-23T00:00:00,2021-01-23T09:00:00,1359000.0,1405000.0,1328000.0,1367000.0,280333.0408655,1367000.0,upbit,2026-06-28T04:34:13Z
KRW-ETH,2021-01-24T00:00:00,2021-01-24T09:00:00,1366000.0,1542000.0,1354000.0,1532000.0,386167.71118551,1532000.0,upbit,2026-06-28T04:34:13Z
KRW-ETH,2021-01-25T00:00:00,2021-01-25T09:00:00,1531000.0,1626000.0,1450000.0,1472500.0,394608.31789858,1472500.0,upbit,2026-06-28T04:34:13Z
KRW-ETH,2021-01-26T00:00:00,2021-01-26T09:00:00,1472500.0,1536000.0,1402000.0,1508500.0,319152.08817099,1508500.0,upbit,2026-06-28T04:34:13Z
KRW-ETH,2021-01-27T00:00:00,2021-01-27T09:00:00,1509000.0,1518500.0,1367500.0,1404000.0,356313.63180704,1404000.0,upbit,2026-06-28T04:34:13Z
KRW-ETH,2021-01-28T00:00:00,2021-01-28T09:00:00,1403500.0,1499500.0,1373500.0,1465500.0,268590.68166867,1465500.0,upbit,2026-06-28T04:34:13Z
KRW-ETH,2021-01-29T00:00:00,2021-01-29T09:00:00,1465500.0,1532000.0,1424500.0,1510500.0,395114.57998345,1510500.0,upbit,2026-06-28T04:34:13Z
KRW-ETH,2021-01-30T00:00:00,2021-01-30T09:00:00,1510500.0,1533000.0,1455500.0,1488500.0,162852.99557022,1488500.0,upbit,2026-06-28T04:34:13Z
KRW-ETH,2021-01-31T00:00:00,2021-01-31T09:00:00,1488000.0,1504000.0,1427500.0,1444000.0,127925.89725845,1444000.0,upbit,2026-06-28T04:34:13Z
KRW-ETH,2021-02-01T00:00:00,2021-02-01T09:00:00,1444000.0,1509500.0,1413000.0,1493000.0,262227.29141856,1493000.0,upbit,2026-06-28T04:34:13Z
KRW-ETH,2021-02-02T00:00:00,2021-02-02T09:00:00,1493000.0,1650000.0,1474500.0,1614000.0,260544.34760762,1614000.0,upbit,2026-06-28T04:34:13Z
KRW-ETH,2021-02-03T00:00:00,2021-02-03T09:00:00,1614000.0,1744500.0,1601500.0,1739500.0,240062.01178193,1739500.0,upbit,2026-06-28T04:34:13Z
KRW-ETH,2021-02-04T00:00:00,2021-02-04T09:00:00,1740000.0,1802500.0,1631000.0,1720000.0,288659.89867257,1720000.0,upbit,2026-06-28T04:34:13Z
KRW-ETH,2021-02-05T00:00:00,2021-02-05T09:00:00,1720000.0,1856000.0,1720000.0,1817500.0,181397.16885677,1817500.0,upbit,2026-06-28T04:34:13Z
KRW-ETH,2021-02-06T00:00:00,2021-02-06T09:00:00,1817000.0,1844500.0,1757000.0,1785000.0,162614.56341967,1785000.0,upbit,2026-06-28T04:34:13Z
KRW-ETH,2021-02-07T00:00:00,2021-02-07T09:00:00,1786000.0,1805500.0,1641500.0,1741000.0,202603.84072947,1741000.0,upbit,2026-06-28T04:34:13Z
KRW-ETH,2021-02-08T00:00:00,2021-02-08T09:00:00,1741000.0,1855000.0,1709500.0,1850000.0,242072.53808758,1850000.0,upbit,2026-06-28T04:34:13Z
KRW-ETH,2021-02-09T00:00:00,2021-02-09T09:00:00,1850000.0,1924000.0,1810000.0,1855000.0,193410.85746032,1855000.0,upbit,2026-06-28T04:34:13Z
KRW-ETH,2021-02-10T00:00:00,2021-02-10T09:00:00,1855500.0,1920500.0,1817500.0,1884000.0,167629.36251134,1884000.0,upbit,2026-06-28T04:34:13Z
KRW-ETH,2021-02-11T00:00:00,2021-02-11T09:00:00,1884000.0,1933500.0,1865000.0,1915500.0,112183.51224824,1915500.0,upbit,2026-06-28T04:34:13Z
KRW-ETH,2021-02-12T00:00:00,2021-02-12T09:00:00,1915500.0,1992500.0,1882000.0,1977500.0,115785.34355502,1977500.0,upbit,2026-06-28T04:34:13Z
KRW-ETH,2021-02-13T00:00:00,2021-02-13T09:00:00,1977500.0,2017000.0,1907000.0,1949500.0,123989.41388385,1949500.0,upbit,2026-06-28T04:34:13Z
KRW-ETH,2021-02-14T00:00:00,2021-02-14T09:00:00,1949000.0,1998500.0,1911000.0,1951500.0,112852.56485633,1951500.0,upbit,2026-06-28T04:34:13Z
KRW-ETH,2021-02-15T00:00:00,2021-02-15T09:00:00,1953000.0,1976000.0,1800000.0,1949500.0,112548.41576157,1949500.0,upbit,2026-06-28T04:34:13Z
KRW-ETH,2021-02-16T00:00:00,2021-02-16T09:00:00,1947500.0,1997000.0,1919500.0,1983500.0,91233.69602165,1983500.0,upbit,2026-06-28T04:34:13Z
KRW-ETH,2021-02-17T00:00:00,2021-02-17T09:00:00,1983500.0,2057000.0,1945500.0,2040000.0,128847.79047289,2040000.0,upbit,2026-06-28T04:34:13Z
KRW-ETH,2021-02-18T00:00:00,2021-02-18T09:00:00,2041000.0,2179000.0,2040000.0,2177000.0,133249.03510078,2177000.0,upbit,2026-06-28T04:34:13Z
KRW-ETH,2021-02-19T00:00:00,2021-02-19T09:00:00,2177000.0,2237000.0,2124000.0,2220000.0,133051.22862045,2220000.0,upbit,2026-06-28T04:34:13Z
KRW-ETH,2021-02-20T00:00:00,2021-02-20T09:00:00,2221000.0,2353000.0,2150000.0,2207000.0,176098.31705876,2207000.0,upbit,2026-06-28T04:34:13Z
KRW-ETH,2021-02-21T00:00:00,2021-02-21T09:00:00,2206000.0,2261000.0,2150000.0,2201000.0,85447.49417152,2201000.0,upbit,2026-06-28T04:34:13Z
KRW-ETH,2021-02-22T00:00:00,2021-02-22T09:00:00,2201000.0,2208000.0,1851500.0,2026000.0,315048.08544698,2026000.0,upbit,2026-06-28T04:34:13Z
KRW-ETH,2021-02-23T00:00:00,2021-02-23T09:00:00,2027000.0,2031000.0,1543000.0,1776500.0,496164.29706262,1776500.0,upbit,2026-06-28T04:34:13Z
KRW-ETH,2021-02-24T00:00:00,2021-02-24T09:00:00,1776000.0,1917500.0,1688000.0,1847000.0,236719.702735,1847000.0,upbit,2026-06-28T04:34:13Z
KRW-ETH,2021-02-25T00:00:00,2021-02-25T09:00:00,1847000.0,1903000.0,1679000.0,1701000.0,201119.09620437,1701000.0,upbit,2026-06-28T04:34:13Z
KRW-ETH,2021-02-26T00:00:00,2021-02-26T09:00:00,1701000.0,1779500.0,1635000.0,1683000.0,202233.25494712,1683000.0,upbit,2026-06-28T04:34:13Z
KRW-ETH,2021-02-27T00:00:00,2021-02-27T09:00:00,1683000.0,1755500.0,1669500.0,1692000.0,130820.18156292,1692000.0,upbit,2026-06-28T04:34:13Z
KRW-ETH,2021-02-28T00:00:00,2021-02-28T09:00:00,1692000.0,1706000.0,1500000.0,1628500.0,224592.1759345,1628500.0,upbit,2026-06-28T04:34:13Z
KRW-ETH,2021-03-01T00:00:00,2021-03-01T09:00:00,1627500.0,1789000.0,1617500.0,1787000.0,159232.61447748,1787000.0,upbit,2026-06-28T04:34:13Z
KRW-ETH,2021-03-02T00:00:00,2021-03-02T09:00:00,1787500.0,1838000.0,1695500.0,1724000.0,150647.50821851,1724000.0,upbit,2026-06-28T04:34:13Z
KRW-ETH,2021-03-03T00:00:00,2021-03-03T09:00:00,1724000.0,1874500.0,1713000.0,1802500.0,145373.27403499,1802500.0,upbit,2026-06-28T04:34:13Z
KRW-ETH,2021-03-04T00:00:00,2021-03-04T09:00:00,1802500.0,1856500.0,1765000.0,1794000.0,134351.45462782,1794000.0,upbit,2026-06-28T04:34:13Z
KRW-ETH,2021-03-05T00:00:00,2021-03-05T09:00:00,1796000.0,1798000.0,1699500.0,1774500.0,122071.28505104,1774500.0,upbit,2026-06-28T04:34:13Z
KRW-ETH,2021-03-06T00:00:00,2021-03-06T09:00:00,1776500.0,1924500.0,1752000.0,1901000.0,120095.80646519,1901000.0,upbit,2026-06-28T04:34:13Z
KRW-ETH,2021-03-07T00:00:00,2021-03-07T09:00:00,1901000.0,1976500.0,1874000.0,1969500.0,103522.04651621,1969500.0,upbit,2026-06-28T04:34:13Z
KRW-ETH,2021-03-08T00:00:00,2021-03-08T09:00:00,1968000.0,2108000.0,1931500.0,2093000.0,123023.29488848,2093000.0,upbit,2026-06-28T04:34:13Z
KRW-ETH,2021-03-09T00:00:00,2021-03-09T09:00:00,2093000.0,2145000.0,2058000.0,2143000.0,111313.49343489,2143000.0,upbit,2026-06-28T04:34:13Z
KRW-ETH,2021-03-10T00:00:00,2021-03-10T09:00:00,2143000.0,2148000.0,2025000.0,2071000.0,116464.02108993,2071000.0,upbit,2026-06-28T04:34:13Z
KRW-ETH,2021-03-11T00:00:00,2021-03-11T09:00:00,2069000.0,2110000.0,2003000.0,2093000.0,109003.90221643,2093000.0,upbit,2026-06-28T04:34:13Z
KRW-ETH,2021-03-12T00:00:00,2021-03-12T09:00:00,2093000.0,2107000.0,2015000.0,2055000.0,92289.74532449,2055000.0,upbit,2026-06-28T04:34:13Z
KRW-ETH,2021-03-13T00:00:00,2021-03-13T09:00:00,2055000.0,2240000.0,2020000.0,2219000.0,131390.76551589,2219000.0,upbit,2026-06-28T04:34:13Z
KRW-ETH,2021-03-14T00:00:00,2021-03-14T09:00:00,2219000.0,2236000.0,2133000.0,2147000.0,79587.10709557,2147000.0,upbit,2026-06-28T04:34:13Z
KRW-ETH,2021-03-15T00:00:00,2021-03-15T09:00:00,2145000.0,2185000.0,2000000.0,2076000.0,136253.35507369,2076000.0,upbit,2026-06-28T04:34:13Z
KRW-ETH,2021-03-16T00:00:00,2021-03-16T09:00:00,2076000.0,2116000.0,1983000.0,2097000.0,101311.46353187,2097000.0,upbit,2026-06-28T04:34:13Z
KRW-ETH,2021-03-17T00:00:00,2021-03-17T09:00:00,2097000.0,2135000.0,2005000.0,2124000.0,82379.9097526,2124000.0,upbit,2026-06-28T04:34:13Z
KRW-ETH,2021-03-18T00:00:00,2021-03-18T09:00:00,2124000.0,2149000.0,2065000.0,2065000.0,62223.50102901,2065000.0,upbit,2026-06-28T04:34:13Z
KRW-ETH,2021-03-19T00:00:00,2021-03-19T09:00:00,2065000.0,2144000.0,2021000.0,2117000.0,64858.68728376,2117000.0,upbit,2026-06-28T04:34:13Z
KRW-ETH,2021-03-20T00:00:00,2021-03-20T09:00:00,2118000.0,2188000.0,2100000.0,2106000.0,74095.66375351,2106000.0,upbit,2026-06-28T04:34:13Z
KRW-ETH,2021-03-21T00:00:00,2021-03-21T09:00:00,2106000.0,2135000.0,2053000.0,2088000.0,58428.35080138,2088000.0,upbit,2026-06-28T04:34:13Z
KRW-ETH,2021-03-22T00:00:00,2021-03-22T09:00:00,2087000.0,2118000.0,1981500.0,2009000.0,77875.84031585,2009000.0,upbit,2026-06-28T04:34:13Z
KRW-ETH,2021-03-23T00:00:00,2021-03-23T09:00:00,2011000.0,2048000.0,1957000.0,2011000.0,84731.04055776,2011000.0,upbit,2026-06-28T04:34:13Z
KRW-ETH,2021-03-24T00:00:00,2021-03-24T09:00:00,2011000.0,2085000.0,1925000.0,1959500.0,90867.68549578,1959500.0,upbit,2026-06-28T04:34:13Z
KRW-ETH,2021-03-25T00:00:00,2021-03-25T09:00:00,1959000.0,1980500.0,1900000.0,1958000.0,80965.40308749,1958000.0,upbit,2026-06-28T04:34:13Z
KRW-ETH,2021-03-26T00:00:00,2021-03-26T09:00:00,1958000.0,2036000.0,1952000.0,2029000.0,55710.66083912,2029000.0,upbit,2026-06-28T04:34:13Z
KRW-ETH,2021-03-27T00:00:00,2021-03-27T09:00:00,2029000.0,2060000.0,2010000.0,2043000.0,39738.99930553,2043000.0,upbit,2026-06-28T04:34:13Z
KRW-ETH,2021-03-28T00:00:00,2021-03-28T09:00:00,2042000.0,2056000.0,2018000.0,2033000.0,36550.24255938,2033000.0,upbit,2026-06-28T04:34:13Z
KRW-ETH,2021-03-29T00:00:00,2021-03-29T09:00:00,2031000.0,2183000.0,2020000.0,2165000.0,78129.03097568,2165000.0,upbit,2026-06-28T04:34:13Z
KRW-ETH,2021-03-30T00:00:00,2021-03-30T09:00:00,2163000.0,2230000.0,2141000.0,2220000.0,70216.87639966,2220000.0,upbit,2026-06-28T04:34:13Z
KRW-ETH,2021-03-31T00:00:00,2021-03-31T09:00:00,2220000.0,2339000.0,2151000.0,2334000.0,90148.47253328,2334000.0,upbit,2026-06-28T04:34:13Z
KRW-ETH,2021-04-01T00:00:00,2021-04-01T09:00:00,2333000.0,2468000.0,2319000.0,2436000.0,90620.47081454,2436000.0,upbit,2026-06-28T04:34:13Z
KRW-ETH,2021-04-02T00:00:00,2021-04-02T09:00:00,2436000.0,2681000.0,2387000.0,2679000.0,112728.41303285,2679000.0,upbit,2026-06-28T04:34:13Z
KRW-ETH,2021-04-03T00:00:00,2021-04-03T09:00:00,2679000.0,2700000.0,2530000.0,2544000.0,116050.00160855,2544000.0,upbit,2026-06-28T04:34:13Z
KRW-ETH,2021-04-04T00:00:00,2021-04-04T09:00:00,2544000.0,2650000.0,2507000.0,2640000.0,66926.16575335,2640000.0,upbit,2026-06-28T04:34:13Z
KRW-ETH,2021-04-05T00:00:00,2021-04-05T09:00:00,2636000.0,2821000.0,2603000.0,2814000.0,121218.27378396,2814000.0,upbit,2026-06-28T04:34:13Z
KRW-ETH,2021-04-06T00:00:00,2021-04-06T09:00:00,2813000.0,2877000.0,2744000.0,2835000.0,114976.81039897,2835000.0,upbit,2026-06-28T04:34:13Z
KRW-ETH,2021-04-07T00:00:00,2021-04-07T09:00:00,2836000.0,2908000.0,2324000.0,2555000.0,188941.12702981,2555000.0,upbit,2026-06-28T04:34:13Z
KRW-ETH,2021-04-08T00:00:00,2021-04-08T09:00:00,2560000.0,2702000.0,2461000.0,2702000.0,88444.92578019,2702000.0,upbit,2026-06-28T04:34:13Z
KRW-ETH,2021-04-09T00:00:00,2021-04-09T09:00:00,2701000.0,2748000.0,2612000.0,2706000.0,77623.70553201,2706000.0,upbit,2026-06-28T04:34:13Z
KRW-ETH,2021-04-10T00:00:00,2021-04-10T09:00:00,2706000.0,2880000.0,2681000.0,2803000.0,94160.38584145,2803000.0,upbit,2026-06-28T04:34:13Z
KRW-ETH,2021-04-11T00:00:00,2021-04-11T09:00:00,2802000.0,2840000.0,2715000.0,2824000.0,75152.10057363,2824000.0,upbit,2026-06-28T04:34:13Z
KRW-ETH,2021-04-12T00:00:00,2021-04-12T09:00:00,2827000.0,2837000.0,2770000.0,2795000.0,66944.99426273,2795000.0,upbit,2026-06-28T04:34:13Z
KRW-ETH,2021-04-13T00:00:00,2021-04-13T09:00:00,2795000.0,2956000.0,2780000.0,2925000.0,103750.07087122,2925000.0,upbit,2026-06-28T04:34:13Z
KRW-ETH,2021-04-14T00:00:00,2021-04-14T09:00:00,2925000.0,3144000.0,2890000.0,3112000.0,135428.82622788,3112000.0,upbit,2026-06-28T04:34:13Z
KRW-ETH,2021-04-15T00:00:00,2021-04-15T09:00:00,3110000.0,3199000.0,3034000.0,3174000.0,85292.3450317,3174000.0,upbit,2026-06-28T04:34:13Z
KRW-ETH,2021-04-16T00:00:00,2021-04-16T09:00:00,3174000.0,3235000.0,2999000.0,3141000.0,121667.12407814,3141000.0,upbit,2026-06-28T04:34:13Z
KRW-ETH,2021-04-17T00:00:00,2021-04-17T09:00:00,3146000.0,3215000.0,3003000.0,3010000.0,74827.12832359,3010000.0,upbit,2026-06-28T04:34:13Z
KRW-ETH,2021-04-18T00:00:00,2021-04-18T09:00:00,3010000.0,3040000.0,2673000.0,3011000.0,160430.37929152,3011000.0,upbit,2026-06-28T04:34:13Z
KRW-ETH,2021-04-19T00:00:00,2021-04-19T09:00:00,3009000.0,3042000.0,2740000.0,2781000.0,103214.49722926,2781000.0,upbit,2026-06-28T04:34:13Z
KRW-ETH,2021-04-20T00:00:00,2021-04-20T09:00:00,2781000.0,2970000.0,2500000.0,2908000.0,150448.96802562,2908000.0,upbit,2026-06-28T04:34:13Z
KRW-ETH,2021-04-21T00:00:00,2021-04-21T09:00:00,2908000.0,3069000.0,2800000.0,2990000.0,124587.61908455,2990000.0,upbit,2026-06-28T04:34:13Z
KRW-ETH,2021-04-22T00:00:00,2021-04-22T09:00:00,2990000.0,3174000.0,2698000.0,2769000.0,321152.16525632,2769000.0,upbit,2026-06-28T04:34:13Z
KRW-ETH,2021-04-23T00:00:00,2021-04-23T09:00:00,2767000.0,2880000.0,2378000.0,2812000.0,305973.12602545,2812000.0,upbit,2026-06-28T04:34:13Z
KRW-ETH,2021-04-24T00:00:00,2021-04-24T09:00:00,2812000.0,2818000.0,2606000.0,2693000.0,115302.32379919,2693000.0,upbit,2026-06-28T04:34:13Z
KRW-ETH,2021-04-25T00:00:00,2021-04-25T09:00:00,2696000.0,2858000.0,2628000.0,2831000.0,126240.55624964,2831000.0,upbit,2026-06-28T04:34:13Z
KRW-ETH,2021-04-26T00:00:00,2021-04-26T09:00:00,2831000.0,3016000.0,2789000.0,3004000.0,116003.73816969,3004000.0,upbit,2026-06-28T04:34:13Z
KRW-ETH,2021-04-27T00:00:00,2021-04-27T09:00:00,3004000.0,3140000.0,2950000.0,3140000.0,110816.98489472,3140000.0,upbit,2026-06-28T04:34:13Z
KRW-ETH,2021-04-28T00:00:00,2021-04-28T09:00:00,3140000.0,3232000.0,2982000.0,3213000.0,161816.09830585,3213000.0,upbit,2026-06-28T04:34:13Z
KRW-ETH,2021-04-29T00:00:00,2021-04-29T09:00:00,3213000.0,3320000.0,3123000.0,3279000.0,129353.90797148,3279000.0,upbit,2026-06-28T04:34:13Z
KRW-ETH,2021-04-30T00:00:00,2021-04-30T09:00:00,3279000.0,3309000.0,3221000.0,3271000.0,117943.92122895,3271000.0,upbit,2026-06-28T04:34:13Z
KRW-ETH,2021-05-01T00:00:00,2021-05-01T09:00:00,3271000.0,3525000.0,3232000.0,3507000.0,134203.37568476,3507000.0,upbit,2026-06-28T04:34:13Z
KRW-ETH,2021-05-02T00:00:00,2021-05-02T09:00:00,3509000.0,3589000.0,3400000.0,3563000.0,119685.09297857,3563000.0,upbit,2026-06-28T04:34:13Z
KRW-ETH,2021-05-03T00:00:00,2021-05-03T09:00:00,3564000.0,4247000.0,3562000.0,4226000.0,345720.68867646,4226000.0,upbit,2026-06-28T04:34:13Z
KRW-ETH,2021-05-04T00:00:00,2021-05-04T09:00:00,4226000.0,4527000.0,3934000.0,4081000.0,580006.15179338,4081000.0,upbit,2026-06-28T04:34:13Z
KRW-ETH,2021-05-05T00:00:00,2021-05-05T09:00:00,4081000.0,4257000.0,3986000.0,4209000.0,265265.52675843,4209000.0,upbit,2026-06-28T04:34:13Z
KRW-ETH,2021-05-06T00:00:00,2021-05-06T09:00:00,4209000.0,4330000.0,4091000.0,4255000.0,156640.56304551,4255000.0,upbit,2026-06-28T04:34:13Z
KRW-ETH,2021-05-07T00:00:00,2021-05-07T09:00:00,4255000.0,4293000.0,4061000.0,4169000.0,115339.20096214,4169000.0,upbit,2026-06-28T04:34:13Z
KRW-ETH,2021-05-08T00:00:00,2021-05-08T09:00:00,4169000.0,4839000.0,4114000.0,4762000.0,365239.17742792,4762000.0,upbit,2026-06-28T04:34:13Z
KRW-ETH,2021-05-09T00:00:00,2021-05-09T09:00:00,4764000.0,4989000.0,4626000.0,4812000.0,304123.25814505,4812000.0,upbit,2026-06-28T04:34:13Z
KRW-ETH,2021-05-10T00:00:00,2021-05-10T09:00:00,4811000.0,5299000.0,4743000.0,5009000.0,376863.52817315,5009000.0,upbit,2026-06-28T04:34:13Z
KRW-ETH,2021-05-11T00:00:00,2021-05-11T09:00:00,5008000.0,5141000.0,4741000.0,5118000.0,278366.65474753,5118000.0,upbit,2026-06-28T04:34:13Z
KRW-ETH,2021-05-12T00:00:00,2021-05-12T09:00:00,5118000.0,5410000.0,4648000.0,4747000.0,365555.99566218,4747000.0,upbit,2026-06-28T04:34:13Z
KRW-ETH,2021-05-13T00:00:00,2021-05-13T09:00:00,4749000.0,5196000.0,4500000.0,4721000.0,485156.36065952,4721000.0,upbit,2026-06-28T04:34:13Z
KRW-ETH,2021-05-14T00:00:00,2021-05-14T09:00:00,4726000.0,5082000.0,4661000.0,5031000.0,227203.73676753,5031000.0,upbit,2026-06-28T04:34:13Z
KRW-ETH,2021-05-15T00:00:00,2021-05-15T09:00:00,5031000.0,5087000.0,4505000.0,4581000.0,220281.8342408,4581000.0,upbit,2026-06-28T04:34:13Z
KRW-ETH,2021-05-16T00:00:00,2021-05-16T09:00:00,4580000.0,4737000.0,4210000.0,4452000.0,273231.59804245,4452000.0,upbit,2026-06-28T04:34:13Z
KRW-ETH,2021-05-17T00:00:00,2021-05-17T09:00:00,4451000.0,4473000.0,3800000.0,4086000.0,514981.36638272,4086000.0,upbit,2026-06-28T04:34:13Z
KRW-ETH,2021-05-18T00:00:00,2021-05-18T09:00:00,4084000.0,4368000.0,4009000.0,4205000.0,250500.02700956,4205000.0,upbit,2026-06-28T04:34:13Z
KRW-ETH,2021-05-19T00:00:00,2021-05-19T09:00:00,4209000.0,4270000.0,2600000.0,3350000.0,912541.66157968,3350000.0,upbit,2026-06-28T04:34:13Z
KRW-ETH,2021-05-20T00:00:00,2021-05-20T09:00:00,3351000.0,3749000.0,3034000.0,3502000.0,451034.05637084,3502000.0,upbit,2026-06-28T04:34:13Z
KRW-ETH,2021-05-21T00:00:00,2021-05-21T09:00:00,3505000.0,3717000.0,2900000.0,3196000.0,354838.53380813,3196000.0,upbit,2026-06-28T04:34:13Z
KRW-ETH,2021-05-22T00:00:00,2021-05-22T09:00:00,3198000.0,3216000.0,2687000.0,2913000.0,321585.21727799,2913000.0,upbit,2026-06-28T04:34:13Z
KRW-ETH,2021-05-23T00:00:00,2021-05-23T09:00:00,2913000.0,3015000.0,2178000.0,2583000.0,525639.50844147,2583000.0,upbit,2026-06-28T04:34:13Z
KRW-ETH,2021-05-24T00:00:00,2021-05-24T09:00:00,2582000.0,3226000.0,2466000.0,3209000.0,521369.63690696,3209000.0,upbit,2026-06-28T04:34:13Z
KRW-ETH,2021-05-25T00:00:00,2021-05-25T09:00:00,3210000.0,3430000.0,2950000.0,3316000.0,395836.50630293,3316000.0,upbit,2026-06-28T04:34:13Z
KRW-ETH,2021-05-26T00:00:00,2021-05-26T09:00:00,3315000.0,3495000.0,3214000.0,3472000.0,274485.69264115,3472000.0,upbit,2026-06-28T04:34:13Z
KRW-ETH,2021-05-27T00:00:00,2021-05-27T09:00:00,3472000.0,3485000.0,3219000.0,3318000.0,207904.5676321,3318000.0,upbit,2026-06-28T04:34:13Z
KRW-ETH,2021-05-28T00:00:00,2021-05-28T09:00:00,3320000.0,3350000.0,2904000.0,2960000.0,307157.37110668,2960000.0,upbit,2026-06-28T04:34:13Z
KRW-ETH,2021-05-29T00:00:00,2021-05-29T09:00:00,2963000.0,3085000.0,2739000.0,2818000.0,233530.81270229,2818000.0,upbit,2026-06-28T04:34:13Z
KRW-ETH,2021-05-30T00:00:00,2021-05-30T09:00:00,2819000.0,2979000.0,2635000.0,2895000.0,253779.98555005,2895000.0,upbit,2026-06-28T04:34:13Z
KRW-ETH,2021-05-31T00:00:00,2021-05-31T09:00:00,2895000.0,3190000.0,2750000.0,3169000.0,280701.28411719,3169000.0,upbit,2026-06-28T04:34:13Z
KRW-ETH,2021-06-01T00:00:00,2021-06-01T09:00:00,3167000.0,3227000.0,3007000.0,3102000.0,245458.56168429,3102000.0,upbit,2026-06-28T04:34:13Z
KRW-ETH,2021-06-02T00:00:00,2021-06-02T09:00:00,3102000.0,3253000.0,3019000.0,3151000.0,175875.78865671,3151000.0,upbit,2026-06-28T04:34:13Z
KRW-ETH,2021-06-03T00:00:00,2021-06-03T09:00:00,3150000.0,3356000.0,3113000.0,3310000.0,216162.9939711,3310000.0,upbit,2026-06-28T04:34:13Z
KRW-ETH,2021-06-04T00:00:00,2021-06-04T09:00:00,3310000.0,3318000.0,3011000.0,3130000.0,226098.81109142,3130000.0,upbit,2026-06-28T04:34:13Z
KRW-ETH,2021-06-05T00:00:00,2021-06-05T09:00:00,3131000.0,3241000.0,3043000.0,3103000.0,156102.25907491,3103000.0,upbit,2026-06-28T04:34:13Z
KRW-ETH,2021-06-06T00:00:00,2021-06-06T09:00:00,3103000.0,3187000.0,3081000.0,3160000.0,95112.21919579,3160000.0,upbit,2026-06-28T04:34:13Z
KRW-ETH,2021-06-07T00:00:00,2021-06-07T09:00:00,3163000.0,3270000.0,3000000.0,3021000.0,175789.96411771,3021000.0,upbit,2026-06-28T04:34:13Z
KRW-ETH,2021-06-08T00:00:00,2021-06-08T09:00:00,3021000.0,3055000.0,2702000.0,2893000.0,318679.68715898,2893000.0,upbit,2026-06-28T04:34:13Z
KRW-ETH,2021-06-09T00:00:00,2021-06-09T09:00:00,2893000.0,3046000.0,2768000.0,3018000.0,272497.10214499,3018000.0,upbit,2026-06-28T04:34:13Z
KRW-ETH,2021-06-10T00:00:00,2021-06-10T09:00:00,3017000.0,3040000.0,2853000.0,2888000.0,149647.31508156,2888000.0,upbit,2026-06-28T04:34:13Z
KRW-ETH,2021-06-11T00:00:00,2021-06-11T09:00:00,2888000.0,2921000.0,2719000.0,2756000.0,131180.86906103,2756000.0,upbit,2026-06-28T04:34:13Z
KRW-ETH,2021-06-12T00:00:00,2021-06-12T09:00:00,2756000.0,2863000.0,2620000.0,2760000.0,150639.4278205,2760000.0,upbit,2026-06-28T04:34:13Z
KRW-ETH,2021-06-13T00:00:00,2021-06-13T09:00:00,2760000.0,2934000.0,2700000.0,2878000.0,128010.93011615,2878000.0,upbit,2026-06-28T04:34:13Z
KRW-ETH,2021-06-14T00:00:00,2021-06-14T09:00:00,2878000.0,2999000.0,2838000.0,2958000.0,132409.37315777,2958000.0,upbit,2026-06-28T04:34:13Z
KRW-ETH,2021-06-15T00:00:00,2021-06-15T09:00:00,2956000.0,3029000.0,2911000.0,2940000.0,121740.15706661,2940000.0,upbit,2026-06-28T04:34:13Z
KRW-ETH,2021-06-16T00:00:00,2021-06-16T09:00:00,2939000.0,2945000.0,2783000.0,2801000.0,126884.95623818,2801000.0,upbit,2026-06-28T04:34:13Z
KRW-ETH,2021-06-17T00:00:00,2021-06-17T09:00:00,2800000.0,2861000.0,2740000.0,2794000.0,100685.70047207,2794000.0,upbit,2026-06-28T04:34:13Z
KRW-ETH,2021-06-18T00:00:00,2021-06-18T09:00:00,2794000.0,2796000.0,2582000.0,2650000.0,140908.54424645,2650000.0,upbit,2026-06-28T04:34:13Z
KRW-ETH,2021-06-19T00:00:00,2021-06-19T09:00:00,2650000.0,2676000.0,2568000.0,2574000.0,102989.64151902,2574000.0,upbit,2026-06-28T04:34:13Z
KRW-ETH,2021-06-20T00:00:00,2021-06-20T09:00:00,2574000.0,2671000.0,2430000.0,2637000.0,169112.6115486,2637000.0,upbit,2026-06-28T04:34:13Z
KRW-ETH,2021-06-21T00:00:00,2021-06-21T09:00:00,2638000.0,2657000.0,2189000.0,2233000.0,352215.78796034,2233000.0,upbit,2026-06-28T04:34:13Z
KRW-ETH,2021-06-22T00:00:00,2021-06-22T09:00:00,2232000.0,2349000.0,1996000.0,2186000.0,366083.31259899,2186000.0,upbit,2026-06-28T04:34:13Z
KRW-ETH,2021-06-23T00:00:00,2021-06-23T09:00:00,2186000.0,2353000.0,2110000.0,2282000.0,180480.86088566,2282000.0,upbit,2026-06-28T04:34:13Z
KRW-ETH,2021-06-24T00:00:00,2021-06-24T09:00:00,2281000.0,2350000.0,2201000.0,2306000.0,131162.57969675,2306000.0,upbit,2026-06-28T04:34:13Z
KRW-ETH,2021-06-25T00:00:00,2021-06-25T09:00:00,2307000.0,2342000.0,2102000.0,2127000.0,170062.01953214,2127000.0,upbit,2026-06-28T04:34:13Z
KRW-ETH,2021-06-26T00:00:00,2021-06-26T09:00:00,2127000.0,2159000.0,2021000.0,2135000.0,116461.62986837,2135000.0,upbit,2026-06-28T04:34:13Z
KRW-ETH,2021-06-27T00:00:00,2021-06-27T09:00:00,2131000.0,2283000.0,2100000.0,2281000.0,105661.10152313,2281000.0,upbit,2026-06-28T04:34:13Z
KRW-ETH,2021-06-28T00:00:00,2021-06-28T09:00:00,2282000.0,2485000.0,2255000.0,2415000.0,179083.07603231,2415000.0,upbit,2026-06-28T04:34:13Z
KRW-ETH,2021-06-29T00:00:00,2021-06-29T09:00:00,2414000.0,2589000.0,2404000.0,2507000.0,168528.35135698,2507000.0,upbit,2026-06-28T04:34:13Z
KRW-ETH,2021-06-30T00:00:00,2021-06-30T09:00:00,2505000.0,2650000.0,2418000.0,2636000.0,120099.63099641,2636000.0,upbit,2026-06-28T04:34:13Z
KRW-ETH,2021-07-01T00:00:00,2021-07-01T09:00:00,2640000.0,2641000.0,2449000.0,2475000.0,117209.23280576,2475000.0,upbit,2026-06-28T04:34:13Z
KRW-ETH,2021-07-02T00:00:00,2021-07-02T09:00:00,2477000.0,2524000.0,2362000.0,2508000.0,108598.13293054,2508000.0,upbit,2026-06-28T04:34:13Z
KRW-ETH,2021-07-03T00:00:00,2021-07-03T09:00:00,2511000.0,2605000.0,2472000.0,2586000.0,85794.05575137,2586000.0,upbit,2026-06-28T04:34:13Z
KRW-ETH,2021-07-04T00:00:00,2021-07-04T09:00:00,2588000.0,2767000.0,2558000.0,2694000.0,110397.99253853,2694000.0,upbit,2026-06-28T04:34:13Z
KRW-ETH,2021-07-05T00:00:00,2021-07-05T09:00:00,2693000.0,2709000.0,2535000.0,2574000.0,140630.87606849,2574000.0,upbit,2026-06-28T04:34:13Z
KRW-ETH,2021-07-06T00:00:00,2021-07-06T09:00:00,2574000.0,2725000.0,2573000.0,2704000.0,138751.80095117,2704000.0,upbit,2026-06-28T04:34:13Z
KRW-ETH,2021-07-07T00:00:00,2021-07-07T09:00:00,2701000.0,2797000.0,2676000.0,2717000.0,119134.36581263,2717000.0,upbit,2026-06-28T04:34:13Z
KRW-ETH,2021-07-08T00:00:00,2021-07-08T09:00:00,2717000.0,2733000.0,2495000.0,2519000.0,171821.51936433,2519000.0,upbit,2026-06-28T04:34:13Z
KRW-ETH,2021-07-09T00:00:00,2021-07-09T09:00:00,2519000.0,2575000.0,2414000.0,2527000.0,159735.56991181,2527000.0,upbit,2026-06-28T04:34:13Z
KRW-ETH,2021-07-10T00:00:00,2021-07-10T09:00:00,2527000.0,2578000.0,2466000.0,2493000.0,74735.66890306,2493000.0,upbit,2026-06-28T04:34:13Z
KRW-ETH,2021-07-11T00:00:00,2021-07-11T09:00:00,2494000.0,2552000.0,2452000.0,2513000.0,58578.38599231,2513000.0,upbit,2026-06-28T04:34:13Z
KRW-ETH,2021-07-12T00:00:00,2021-07-12T09:00:00,2512000.0,2545000.0,2384000.0,2408000.0,89098.74431088,2408000.0,upbit,2026-06-28T04:34:13Z
KRW-ETH,2021-07-13T00:00:00,2021-07-13T09:00:00,2408000.0,2420000.0,2282000.0,2301000.0,98894.34707796,2301000.0,upbit,2026-06-28T04:34:13Z
KRW-ETH,2021-07-14T00:00:00,2021-07-14T09:00:00,2301000.0,2386000.0,2218000.0,2346000.0,125289.08614828,2346000.0,upbit,2026-06-28T04:34:13Z
KRW-ETH,2021-07-15T00:00:00,2021-07-15T09:00:00,2346000.0,2405000.0,2235000.0,2267000.0,98336.6414688,2267000.0,upbit,2026-06-28T04:34:13Z
KRW-ETH,2021-07-16T00:00:00,2021-07-16T09:00:00,2268000.0,2312000.0,2192000.0,2224000.0,88794.9806681,2224000.0,upbit,2026-06-28T04:34:13Z
KRW-ETH,2021-07-17T00:00:00,2021-07-17T09:00:00,2224000.0,2262000.0,2196000.0,2240000.0,58787.33748822,2240000.0,upbit,2026-06-28T04:34:13Z
KRW-ETH,2021-07-18T00:00:00,2021-07-18T09:00:00,2240000.0,2351000.0,2228000.0,2242000.0,79987.38321156,2242000.0,upbit,2026-06-28T04:34:13Z
KRW-ETH,2021-07-19T00:00:00,2021-07-19T09:00:00,2242000.0,2267000.0,2161000.0,2169000.0,74566.48370101,2169000.0,upbit,2026-06-28T04:34:13Z
KRW-ETH,2021-07-20T00:00:00,2021-07-20T09:00:00,2169000.0,2192000.0,2040000.0,2119000.0,112335.85737505,2119000.0,upbit,2026-06-28T04:34:13Z
KRW-ETH,2021-07-21T00:00:00,2021-07-21T09:00:00,2119000.0,2377000.0,2081000.0,2362000.0,132659.80353778,2362000.0,upbit,2026-06-28T04:34:13Z
KRW-ETH,2021-07-22T00:00:00,2021-07-22T09:00:00,2361000.0,2402000.0,2305000.0,2372000.0,109426.78915513,2372000.0,upbit,2026-06-28T04:34:13Z
KRW-ETH,2021-07-23T00:00:00,2021-07-23T09:00:00,2374000.0,2477000.0,2356000.0,2471000.0,95399.55035509,2471000.0,upbit,2026-06-28T04:34:13Z
KRW-ETH,2021-07-24T00:00:00,2021-07-24T09:00:00,2472000.0,2565000.0,2448000.0,2558000.0,96526.33130129,2558000.0,upbit,2026-06-28T04:34:13Z
KRW-ETH,2021-07-25T00:00:00,2021-07-25T09:00:00,2556000.0,2572000.0,2464000.0,2540000.0,75494.10742894,2540000.0,upbit,2026-06-28T04:34:13Z
KRW-ETH,2021-07-26T00:00:00,2021-07-26T09:00:00,2539000.0,2803000.0,2518000.0,2576000.0,221109.90681034,2576000.0,upbit,2026-06-28T04:34:13Z
KRW-ETH,2021-07-27T00:00:00,2021-07-27T09:00:00,2575000.0,2670000.0,2488000.0,2646000.0,133411.76741901,2646000.0,upbit,2026-06-28T04:34:13Z
KRW-ETH,2021-07-28T00:00:00,2021-07-28T09:00:00,2647000.0,2724000.0,2612000.0,2662000.0,107263.53099389,2662000.0,upbit,2026-06-28T04:34:13Z
KRW-ETH,2021-07-29T00:00:00,2021-07-29T09:00:00,2663000.0,2756000.0,2627000.0,2731000.0,64793.19875393,2731000.0,upbit,2026-06-28T04:34:13Z
KRW-ETH,2021-07-30T00:00:00,2021-07-30T09:00:00,2731000.0,2846000.0,2676000.0,2836000.0,107441.24594113,2836000.0,upbit,2026-06-28T04:34:13Z
KRW-ETH,2021-07-31T00:00:00,2021-07-31T09:00:00,2835000.0,2958000.0,2801000.0,2920000.0,71699.00432663,2920000.0,upbit,2026-06-28T04:34:13Z
KRW-ETH,2021-08-01T00:00:00,2021-08-01T09:00:00,2927000.0,3129000.0,2910000.0,2967000.0,134818.28508365,2967000.0,upbit,2026-06-28T04:34:13Z
KRW-ETH,2021-08-02T00:00:00,2021-08-02T09:00:00,2966000.0,3086000.0,2890000.0,3023000.0,126683.74788805,3023000.0,upbit,2026-06-28T04:34:13Z
KRW-ETH,2021-08-03T00:00:00,2021-08-03T09:00:00,3024000.0,3057000.0,2865000.0,2948000.0,111835.25007669,2948000.0,upbit,2026-06-28T04:34:13Z
KRW-ETH,2021-08-04T00:00:00,2021-08-04T09:00:00,2948000.0,3176000.0,2880000.0,3136000.0,140962.33430504,3136000.0,upbit,2026-06-28T04:34:13Z
KRW-ETH,2021-08-05T00:00:00,2021-08-05T09:00:00,3135000.0,3280000.0,2970000.0,3260000.0,191151.55864593,3260000.0,upbit,2026-06-28T04:34:13Z
KRW-ETH,2021-08-06T00:00:00,2021-08-06T09:00:00,3260000.0,3387000.0,3164000.0,3326000.0,132851.50184919,3326000.0,upbit,2026-06-28T04:34:13Z
KRW-ETH,2021-08-07T00:00:00,2021-08-07T09:00:00,3327000.0,3642000.0,3302000.0,3611000.0,182204.69496649,3611000.0,upbit,2026-06-28T04:34:13Z
KRW-ETH,2021-08-08T00:00:00,2021-08-08T09:00:00,3611000.0,3649000.0,3433000.0,3493000.0,134216.89054054,3493000.0,upbit,2026-06-28T04:34:13Z
KRW-ETH,2021-08-09T00:00:00,2021-08-09T09:00:00,3494000.0,3630000.0,3356000.0,3612000.0,164828.61910855,3612000.0,upbit,2026-06-28T04:34:13Z
KRW-ETH,2021-08-10T00:00:00,2021-08-10T09:00:00,3611000.0,3698000.0,3543000.0,3611000.0,112888.12994405,3611000.0,upbit,2026-06-28T04:34:13Z
KRW-ETH,2021-08-11T00:00:00,2021-08-11T09:00:00,3611000.0,3740000.0,3607000.0,3651000.0,101787.72093793,3651000.0,upbit,2026-06-28T04:34:13Z
KRW-ETH,2021-08-12T00:00:00,2021-08-12T09:00:00,3651000.0,3740000.0,3500000.0,3572000.0,116132.70552822,3572000.0,upbit,2026-06-28T04:34:13Z
KRW-ETH,2021-08-13T00:00:00,2021-08-13T09:00:00,3571000.0,3838000.0,3550000.0,3832000.0,98458.14614581,3832000.0,upbit,2026-06-28T04:34:13Z
KRW-ETH,2021-08-14T00:00:00,2021-08-14T09:00:00,3832000.0,3870000.0,3723000.0,3802000.0,92681.33311574,3802000.0,upbit,2026-06-28T04:34:13Z
KRW-ETH,2021-08-15T00:00:00,2021-08-15T09:00:00,3804000.0,3849000.0,3661000.0,3844000.0,90884.00666642,3844000.0,upbit,2026-06-28T04:34:13Z
KRW-ETH,2021-08-16T00:00:00,2021-08-16T09:00:00,3844000.0,3873000.0,3692000.0,3695000.0,79651.46968231,3695000.0,upbit,2026-06-28T04:34:13Z
KRW-ETH,2021-08-17T00:00:00,2021-08-17T09:00:00,3694000.0,3804000.0,3536000.0,3549000.0,101771.69299622,3549000.0,upbit,2026-06-28T04:34:13Z
KRW-ETH,2021-08-18T00:00:00,2021-08-18T09:00:00,3549000.0,3648000.0,3450000.0,3555000.0,88788.5055212,3555000.0,upbit,2026-06-28T04:34:13Z
KRW-ETH,2021-08-19T00:00:00,2021-08-19T09:00:00,3555000.0,3747000.0,3504000.0,3744000.0,67313.50223152,3744000.0,upbit,2026-06-28T04:34:13Z
KRW-ETH,2021-08-20T00:00:00,2021-08-20T09:00:00,3744000.0,3867000.0,3730000.0,3835000.0,73009.4990724,3835000.0,upbit,2026-06-28T04:34:13Z
KRW-ETH,2021-08-21T00:00:00,2021-08-21T09:00:00,3837000.0,3860000.0,3770000.0,3797000.0,54232.72931893,3797000.0,upbit,2026-06-28T04:34:13Z
KRW-ETH,2021-08-22T00:00:00,2021-08-22T09:00:00,3796000.0,3830000.0,3700000.0,3790000.0,43679.76933482,3790000.0,upbit,2026-06-28T04:34:13Z
KRW-ETH,2021-08-23T00:00:00,2021-08-23T09:00:00,3790000.0,3908000.0,3776000.0,3864000.0,68900.42332723,3864000.0,upbit,2026-06-28T04:34:13Z
KRW-ETH,2021-08-24T00:00:00,2021-08-24T09:00:00,3864000.0,3896000.0,3714000.0,3728000.0,66461.87405698,3728000.0,upbit,2026-06-28T04:34:13Z
KRW-ETH,2021-08-25T00:00:00,2021-08-25T09:00:00,3728000.0,3776000.0,3600000.0,3765000.0,58564.4616382,3765000.0,upbit,2026-06-28T04:34:13Z
KRW-ETH,2021-08-26T00:00:00,2021-08-26T09:00:00,3765000.0,3780000.0,3594000.0,3648000.0,57634.90764099,3648000.0,upbit,2026-06-28T04:34:13Z
KRW-ETH,2021-08-27T00:00:00,2021-08-27T09:00:00,3646000.0,3845000.0,3602000.0,3826000.0,64313.75761746,3826000.0,upbit,2026-06-28T04:34:13Z
KRW-ETH,2021-08-28T00:00:00,2021-08-28T09:00:00,3825000.0,3850000.0,3758000.0,3809000.0,33309.83116577,3809000.0,upbit,2026-06-28T04:34:13Z
KRW-ETH,2021-08-29T00:00:00,2021-08-29T09:00:00,3809000.0,3845000.0,3720000.0,3780000.0,40531.25713916,3780000.0,upbit,2026-06-28T04:34:13Z
KRW-ETH,2021-08-30T00:00:00,2021-08-30T09:00:00,3783000.0,3922000.0,3706000.0,3825000.0,63708.5597859,3825000.0,upbit,2026-06-28T04:34:13Z
KRW-ETH,2021-08-31T00:00:00,2021-08-31T09:00:00,3825000.0,4050000.0,3777000.0,4014000.0,117427.79811026,4014000.0,upbit,2026-06-28T04:34:13Z
KRW-ETH,2021-09-01T00:00:00,2021-09-01T09:00:00,4014000.0,4438000.0,3962000.0,4422000.0,112075.70224651,4422000.0,upbit,2026-06-28T04:34:13Z
KRW-ETH,2021-09-02T00:00:00,2021-09-02T09:00:00,4422000.0,4457000.0,4321000.0,4398000.0,87141.4811155,4398000.0,upbit,2026-06-28T04:34:13Z
KRW-ETH,2021-09-03T00:00:00,2021-09-03T09:00:00,4400000.0,4677000.0,4334000.0,4551000.0,111930.19889411,4551000.0,upbit,2026-06-28T04:34:13Z
KRW-ETH,2021-09-04T00:00:00,2021-09-04T09:00:00,4551000.0,4598000.0,4450000.0,4501000.0,54178.80945606,4501000.0,upbit,2026-06-28T04:34:13Z
KRW-ETH,2021-09-05T00:00:00,2021-09-05T09:00:00,4503000.0,4570000.0,4430000.0,4521000.0,58642.88777573,4521000.0,upbit,2026-06-28T04:34:13Z
KRW-ETH,2021-09-06T00:00:00,2021-09-06T09:00:00,4523000.0,4572000.0,4450000.0,4537000.0,49739.36143169,4537000.0,upbit,2026-06-28T04:34:13Z
KRW-ETH,2021-09-07T00:00:00,2021-09-07T09:00:00,4537000.0,4556000.0,3799000.0,4146000.0,170735.98360389,4146000.0,upbit,2026-06-28T04:34:13Z
KRW-ETH,2021-09-08T00:00:00,2021-09-08T09:00:00,4147000.0,4308000.0,3836000.0,4229000.0,156182.38241433,4229000.0,upbit,2026-06-28T04:34:13Z
KRW-ETH,2021-09-09T00:00:00,2021-09-09T09:00:00,4229000.0,4260000.0,4081000.0,4133000.0,81531.61217588,4133000.0,upbit,2026-06-28T04:34:13Z
KRW-ETH,2021-09-10T00:00:00,2021-09-10T09:00:00,4135000.0,4245000.0,3900000.0,3943000.0,71985.46398221,3943000.0,upbit,2026-06-28T04:34:13Z
KRW-ETH,2021-09-11T00:00:00,2021-09-11T09:00:00,3943000.0,4041000.0,3917000.0,3965000.0,47112.65549723,3965000.0,upbit,2026-06-28T04:34:13Z
KRW-ETH,2021-09-12T00:00:00,2021-09-12T09:00:00,3966000.0,4157000.0,3924000.0,4071000.0,55133.38977334,4071000.0,upbit,2026-06-28T04:34:13Z
KRW-ETH,2021-09-13T00:00:00,2021-09-13T09:00:00,4073000.0,4112000.0,3851000.0,3969000.0,78320.27184912,3969000.0,upbit,2026-06-28T04:34:13Z
KRW-ETH,2021-09-14T00:00:00,2021-09-14T09:00:00,3969000.0,4127000.0,3943000.0,4125000.0,56865.34843852,4125000.0,upbit,2026-06-28T04:34:13Z
KRW-ETH,2021-09-15T00:00:00,2021-09-15T09:00:00,4120000.0,4293000.0,4030000.0,4291000.0,58236.96684432,4291000.0,upbit,2026-06-28T04:34:13Z
KRW-ETH,2021-09-16T00:00:00,2021-09-16T09:00:00,4292000.0,4359000.0,4190000.0,4278000.0,59628.1714626,4278000.0,upbit,2026-06-28T04:34:13Z
KRW-ETH,2021-09-17T00:00:00,2021-09-17T09:00:00,4281000.0,4299000.0,4100000.0,4150000.0,49083.29016358,4150000.0,upbit,2026-06-28T04:34:13Z
KRW-ETH,2021-09-18T00:00:00,2021-09-18T09:00:00,4153000.0,4267000.0,4124000.0,4166000.0,44363.28363038,4166000.0,upbit,2026-06-28T04:34:13Z
KRW-ETH,2021-09-19T00:00:00,2021-09-19T09:00:00,4170000.0,4180000.0,4040000.0,4086000.0,38765.07856733,4086000.0,upbit,2026-06-28T04:34:13Z
KRW-ETH,2021-09-20T00:00:00,2021-09-20T09:00:00,4089000.0,4103000.0,3700000.0,3728000.0,119091.22335524,3728000.0,upbit,2026-06-28T04:34:13Z
KRW-ETH,2021-09-21T00:00:00,2021-09-21T09:00:00,3728000.0,3820000.0,3401000.0,3449000.0,150869.09420404,3449000.0,upbit,2026-06-28T04:34:13Z
KRW-ETH,2021-09-22T00:00:00,2021-09-22T09:00:00,3447000.0,3815000.0,3377000.0,3805000.0,135019.09042994,3805000.0,upbit,2026-06-28T04:34:13Z
KRW-ETH,2021-09-23T00:00:00,2021-09-23T09:00:00,3803000.0,3871000.0,3680000.0,3817000.0,75427.87557553,3817000.0,upbit,2026-06-28T04:34:13Z
KRW-ETH,2021-09-24T00:00:00,2021-09-24T09:00:00,3817000.0,3823000.0,3426000.0,3568000.0,156719.60148282,3568000.0,upbit,2026-06-28T04:34:13Z
KRW-ETH,2021-09-25T00:00:00,2021-09-25T09:00:00,3570000.0,3608000.0,3450000.0,3591000.0,67632.28551727,3591000.0,upbit,2026-06-28T04:34:13Z
KRW-ETH,2021-09-26T00:00:00,2021-09-26T09:00:00,3590000.0,3795000.0,3415000.0,3739000.0,97857.06104253,3739000.0,upbit,2026-06-28T04:34:13Z
KRW-ETH,2021-09-27T00:00:00,2021-09-27T09:00:00,3739000.0,3836000.0,3598000.0,3599000.0,70918.83518849,3599000.0,upbit,2026-06-28T04:34:13Z
KRW-ETH,2021-09-28T00:00:00,2021-09-28T09:00:00,3599000.0,3631000.0,3428000.0,3445000.0,81142.9338129,3445000.0,upbit,2026-06-28T04:34:13Z
KRW-ETH,2021-09-29T00:00:00,2021-09-29T09:00:00,3447000.0,3590000.0,3415000.0,3489000.0,71946.02446449,3489000.0,upbit,2026-06-28T04:34:13Z
KRW-ETH,2021-09-30T00:00:00,2021-09-30T09:00:00,3485000.0,3709000.0,3474000.0,3663000.0,75964.18742052,3663000.0,upbit,2026-06-28T04:34:13Z
KRW-ETH,2021-10-01T00:00:00,2021-10-01T09:00:00,3663000.0,4031000.0,3650000.0,4011000.0,113115.85590455,4011000.0,upbit,2026-06-28T04:34:13Z
KRW-ETH,2021-10-02T00:00:00,2021-10-02T09:00:00,4012000.0,4210000.0,3961000.0,4134000.0,76351.38408153,4134000.0,upbit,2026-06-28T04:34:13Z
KRW-ETH,2021-10-03T00:00:00,2021-10-03T09:00:00,4134000.0,4214000.0,4062000.0,4154000.0,54562.06081694,4154000.0,upbit,2026-06-28T04:34:13Z
KRW-ETH,2021-10-04T00:00:00,2021-10-04T09:00:00,4154000.0,4168000.0,3998000.0,4131000.0,76789.78280382,4131000.0,upbit,2026-06-28T04:34:13Z
KRW-ETH,2021-10-05T00:00:00,2021-10-05T09:00:00,4134000.0,4260000.0,4087000.0,4211000.0,57086.91311704,4211000.0,upbit,2026-06-28T04:34:13Z
KRW-ETH,2021-10-06T00:00:00,2021-10-06T09:00:00,4214000.0,4386000.0,4058000.0,4328000.0,109169.63919188,4328000.0,upbit,2026-06-28T04:34:13Z
KRW-ETH,2021-10-07T00:00:00,2021-10-07T09:00:00,4328000.0,4421000.0,4222000.0,4361000.0,70607.88991296,4361000.0,upbit,2026-06-28T04:34:13Z
KRW-ETH,2021-10-08T00:00:00,2021-10-08T09:00:00,4362000.0,4469000.0,4322000.0,4355000.0,56829.03515054,4355000.0,upbit,2026-06-28T04:34:13Z
KRW-ETH,2021-10-09T00:00:00,2021-10-09T09:00:00,4353000.0,4441000.0,4333000.0,4370000.0,48110.57954428,4370000.0,upbit,2026-06-28T04:34:13Z
KRW-ETH,2021-10-10T00:00:00,2021-10-10T09:00:00,4369000.0,4394000.0,4230000.0,4241000.0,48285.52893444,4241000.0,upbit,2026-06-28T04:34:13Z
KRW-ETH,2021-10-11T00:00:00,2021-10-11T09:00:00,4242000.0,4439000.0,4200000.0,4375000.0,61370.87201744,4375000.0,upbit,2026-06-28T04:34:13Z
KRW-ETH,2021-10-12T00:00:00,2021-10-12T09:00:00,4374000.0,4378000.0,4232000.0,4311000.0,55160.97807905,4311000.0,upbit,2026-06-28T04:34:13Z
KRW-ETH,2021-10-13T00:00:00,2021-10-13T09:00:00,4311000.0,4403000.0,4204000.0,4394000.0,51655.33194948,4394000.0,upbit,2026-06-28T04:34:13Z
KRW-ETH,2021-10-14T00:00:00,2021-10-14T09:00:00,4389000.0,4649000.0,4370000.0,4609000.0,79166.71112686,4609000.0,upbit,2026-06-28T04:34:13Z
KRW-ETH,2021-10-15T00:00:00,2021-10-15T09:00:00,4609000.0,4770000.0,4555000.0,4752000.0,115787.57113377,4752000.0,upbit,2026-06-28T04:34:13Z
KRW-ETH,2021-10-16T00:00:00,2021-10-16T09:00:00,4752000.0,4848000.0,4681000.0,4713000.0,64732.07463143,4713000.0,upbit,2026-06-28T04:34:13Z
KRW-ETH,2021-10-17T00:00:00,2021-10-17T09:00:00,4713000.0,4808000.0,4575000.0,4744000.0,44259.83586468,4744000.0,upbit,2026-06-28T04:34:13Z
KRW-ETH,2021-10-18T00:00:00,2021-10-18T09:00:00,4741000.0,4796000.0,4550000.0,4631000.0,62399.95901938,4631000.0,upbit,2026-06-28T04:34:13Z
KRW-ETH,2021-10-19T00:00:00,2021-10-19T09:00:00,4631000.0,4764000.0,4612000.0,4743000.0,44383.16759226,4743000.0,upbit,2026-06-28T04:34:13Z
KRW-ETH,2021-10-20T00:00:00,2021-10-20T09:00:00,4743000.0,5045000.0,4690000.0,5040000.0,89963.75000424,5040000.0,upbit,2026-06-28T04:34:13Z
KRW-ETH,2021-10-21T00:00:00,2021-10-21T09:00:00,5039000.0,5299000.0,4950000.0,4967000.0,132665.08258039,4967000.0,upbit,2026-06-28T04:34:13Z
KRW-ETH,2021-10-22T00:00:00,2021-10-22T09:00:00,4966000.0,5100000.0,4800000.0,4867000.0,72389.53679528,4867000.0,upbit,2026-06-28T04:34:13Z
KRW-ETH,2021-10-23T00:00:00,2021-10-23T09:00:00,4867000.0,5097000.0,4821000.0,5080000.0,48233.9916998,5080000.0,upbit,2026-06-28T04:34:13Z
KRW-ETH,2021-10-24T00:00:00,2021-10-24T09:00:00,5085000.0,5120000.0,4900000.0,4999000.0,46799.7842703,4999000.0,upbit,2026-06-28T04:34:13Z
KRW-ETH,2021-10-25T00:00:00,2021-10-25T09:00:00,4999000.0,5117000.0,4976000.0,5105000.0,43456.67793782,5105000.0,upbit,2026-06-28T04:34:13Z
KRW-ETH,2021-10-26T00:00:00,2021-10-26T09:00:00,5105000.0,5149000.0,4990000.0,5018000.0,47113.38098229,5018000.0,upbit,2026-06-28T04:34:13Z
KRW-ETH,2021-10-27T00:00:00,2021-10-27T09:00:00,5019000.0,5185000.0,4802000.0,4820000.0,126385.48324463,4820000.0,upbit,2026-06-28T04:34:13Z
KRW-ETH,2021-10-28T00:00:00,2021-10-28T09:00:00,4820000.0,5172000.0,4752000.0,5170000.0,78326.34882504,5170000.0,upbit,2026-06-28T04:34:13Z
KRW-ETH,2021-10-29T00:00:00,2021-10-29T09:00:00,5170000.0,5350000.0,5140000.0,5291000.0,73803.82788089,5291000.0,upbit,2026-06-28T04:34:13Z
KRW-ETH,2021-10-30T00:00:00,2021-10-30T09:00:00,5292000.0,5305000.0,5067000.0,5131000.0,52850.3713316,5131000.0,upbit,2026-06-28T04:34:13Z
KRW-ETH,2021-10-31T00:00:00,2021-10-31T09:00:00,5131000.0,5237000.0,4995000.0,5062000.0,55203.47158334,5062000.0,upbit,2026-06-28T04:34:13Z
KRW-ETH,2021-11-01T00:00:00,2021-11-01T09:00:00,5068000.0,5200000.0,4950000.0,5134000.0,45890.14870039,5134000.0,upbit,2026-06-28T04:34:13Z
KRW-ETH,2021-11-02T00:00:00,2021-11-02T09:00:00,5134000.0,5399000.0,5092000.0,5376000.0,53510.60019025,5376000.0,upbit,2026-06-28T04:34:13Z
KRW-ETH,2021-11-03T00:00:00,2021-11-03T09:00:00,5376000.0,5499000.0,5260000.0,5461000.0,64607.08775705,5461000.0,upbit,2026-06-28T04:34:13Z
KRW-ETH,2021-11-04T00:00:00,2021-11-04T09:00:00,5460000.0,5487000.0,5372000.0,5450000.0,37988.50867991,5450000.0,upbit,2026-06-28T04:34:13Z
KRW-ETH,2021-11-05T00:00:00,2021-11-05T09:00:00,5450000.0,5485000.0,5396000.0,5440000.0,27849.88927434,5440000.0,upbit,2026-06-28T04:34:13Z
KRW-ETH,2021-11-06T00:00:00,2021-11-06T09:00:00,5444000.0,5490000.0,5341000.0,5476000.0,29608.67182601,5476000.0,upbit,2026-06-28T04:34:13Z
KRW-ETH,2021-11-07T00:00:00,2021-11-07T09:00:00,5474000.0,5620000.0,5463000.0,5587000.0,31909.41698857,5587000.0,upbit,2026-06-28T04:34:13Z
KRW-ETH,2021-11-08T00:00:00,2021-11-08T09:00:00,5587000.0,5813000.0,5584000.0,5805000.0,46591.1720227,5805000.0,upbit,2026-06-28T04:34:13Z
KRW-ETH,2021-11-09T00:00:00,2021-11-09T09:00:00,5805000.0,5827000.0,5670000.0,5713000.0,41428.79268004,5713000.0,upbit,2026-06-28T04:34:13Z
KRW-ETH,2021-11-10T00:00:00,2021-11-10T09:00:00,5709000.0,5820000.0,5575000.0,5689000.0,53745.66221832,5689000.0,upbit,2026-06-28T04:34:13Z
KRW-ETH,2021-11-11T00:00:00,2021-11-11T09:00:00,5689000.0,5790000.0,5601000.0,5749000.0,31934.50541021,5749000.0,upbit,2026-06-28T04:34:13Z
KRW-ETH,2021-11-12T00:00:00,2021-11-12T09:00:00,5746000.0,5811000.0,5551000.0,5684000.0,40976.82100558,5684000.0,upbit,2026-06-28T04:34:13Z
KRW-ETH,2021-11-13T00:00:00,2021-11-13T09:00:00,5685000.0,5732000.0,5582000.0,5622000.0,24371.54869301,5622000.0,upbit,2026-06-28T04:34:13Z
KRW-ETH,2021-11-14T00:00:00,2021-11-14T09:00:00,5622000.0,5681000.0,5504000.0,5609000.0,26096.29283698,5609000.0,upbit,2026-06-28T04:34:13Z
KRW-ETH,2021-11-15T00:00:00,2021-11-15T09:00:00,5609000.0,5748000.0,5540000.0,5563000.0,39668.68979512,5563000.0,upbit,2026-06-28T04:34:13Z
KRW-ETH,2021-11-16T00:00:00,2021-11-16T09:00:00,5563000.0,5568000.0,5133000.0,5179000.0,99784.15517403,5179000.0,upbit,2026-06-28T04:34:13Z
KRW-ETH,2021-11-17T00:00:00,2021-11-17T09:00:00,5181000.0,5273000.0,5000000.0,5253000.0,79363.56576411,5253000.0,upbit,2026-06-28T04:34:13Z
KRW-ETH,2021-11-18T00:00:00,2021-11-18T09:00:00,5253000.0,5326000.0,4903000.0,4953000.0,83571.43991254,4953000.0,upbit,2026-06-28T04:34:13Z
KRW-ETH,2021-11-19T00:00:00,2021-11-19T09:00:00,4953000.0,5347000.0,4921000.0,5311000.0,62029.90456799,5311000.0,upbit,2026-06-28T04:34:13Z
KRW-ETH,2021-11-20T00:00:00,2021-11-20T09:00:00,5311000.0,5484000.0,5230000.0,5450000.0,38367.83900303,5450000.0,upbit,2026-06-28T04:34:13Z
KRW-ETH,2021-11-21T00:00:00,2021-11-21T09:00:00,5450000.0,5472000.0,5292000.0,5303000.0,30403.79133039,5303000.0,upbit,2026-06-28T04:34:13Z
KRW-ETH,2021-11-22T00:00:00,2021-11-22T09:00:00,5303000.0,5400000.0,5080000.0,5125000.0,47879.44609946,5125000.0,upbit,2026-06-28T04:34:13Z
KRW-ETH,2021-11-23T00:00:00,2021-11-23T09:00:00,5127000.0,5458000.0,5088000.0,5401000.0,52600.35190396,5401000.0,upbit,2026-06-28T04:34:13Z
KRW-ETH,2021-11-24T00:00:00,2021-11-24T09:00:00,5400000.0,5445000.0,5250000.0,5350000.0,46788.77213994,5350000.0,upbit,2026-06-28T04:34:13Z
KRW-ETH,2021-11-25T00:00:00,2021-11-25T09:00:00,5350000.0,5663000.0,5313000.0,5612000.0,66549.67224376,5612000.0,upbit,2026-06-28T04:34:13Z
KRW-ETH,2021-11-26T00:00:00,2021-11-26T09:00:00,5609000.0,5651000.0,5107000.0,5153000.0,103690.15858504,5153000.0,upbit,2026-06-28T04:34:13Z
KRW-ETH,2021-11-27T00:00:00,2021-11-27T09:00:00,5151000.0,5318000.0,5115000.0,5249000.0,34072.6485968,5249000.0,upbit,2026-06-28T04:34:13Z
KRW-ETH,2021-11-28T00:00:00,2021-11-28T09:00:00,5248000.0,5446000.0,5110000.0,5420000.0,47900.64337207,5420000.0,upbit,2026-06-28T04:34:13Z
KRW-ETH,2021-11-29T00:00:00,2021-11-29T09:00:00,5420000.0,5567000.0,5370000.0,5551000.0,40742.6861907,5551000.0,upbit,2026-06-28T04:34:13Z
KRW-ETH,2021-11-30T00:00:00,2021-11-30T09:00:00,5550000.0,5895000.0,5427000.0,5739000.0,92562.74430805,5739000.0,upbit,2026-06-28T04:34:13Z
KRW-ETH,2021-12-01T00:00:00,2021-12-01T09:00:00,5739000.0,5900000.0,5650000.0,5692000.0,59791.17347692,5692000.0,upbit,2026-06-28T04:34:13Z
KRW-ETH,2021-12-02T00:00:00,2021-12-02T09:00:00,5692000.0,5766000.0,5544000.0,5626000.0,54944.89495578,5626000.0,upbit,2026-06-28T04:34:13Z
KRW-ETH,2021-12-03T00:00:00,2021-12-03T09:00:00,5620000.0,5769000.0,5254000.0,5356000.0,65886.39719706,5356000.0,upbit,2026-06-28T04:34:13Z
KRW-ETH,2021-12-04T00:00:00,2021-12-04T09:00:00,5355000.0,5361000.0,4375000.0,5198000.0,232043.42633775,5198000.0,upbit,2026-06-28T04:34:13Z
KRW-ETH,2021-12-05T00:00:00,2021-12-05T09:00:00,5198000.0,5360000.0,5039000.0,5259000.0,101824.30125362,5259000.0,upbit,2026-06-28T04:34:13Z
KRW-ETH,2021-12-06T00:00:00,2021-12-06T09:00:00,5257000.0,5420000.0,4918000.0,5388000.0,114692.35047943,5388000.0,upbit,2026-06-28T04:34:13Z
KRW-ETH,2021-12-07T00:00:00,2021-12-07T09:00:00,5384000.0,5486000.0,5308000.0,5379000.0,65179.87858431,5379000.0,upbit,2026-06-28T04:34:13Z
KRW-ETH,2021-12-08T00:00:00,2021-12-08T09:00:00,5381000.0,5490000.0,5247000.0,5462000.0,57978.69986535,5462000.0,upbit,2026-06-28T04:34:13Z
KRW-ETH,2021-12-09T00:00:00,2021-12-09T09:00:00,5462000.0,5500000.0,5103000.0,5128000.0,55425.49227787,5128000.0,upbit,2026-06-28T04:34:13Z
KRW-ETH,2021-12-10T00:00:00,2021-12-10T09:00:00,5128000.0,5250000.0,4939000.0,4955000.0,78341.30249972,4955000.0,upbit,2026-06-28T04:34:13Z
KRW-ETH,2021-12-11T00:00:00,2021-12-11T09:00:00,4955000.0,5100000.0,4886000.0,5089000.0,45145.83484402,5089000.0,upbit,2026-06-28T04:34:13Z
KRW-ETH,2021-12-12T00:00:00,2021-12-12T09:00:00,5089000.0,5175000.0,5000000.0,5119000.0,33114.48254025,5119000.0,upbit,2026-06-28T04:34:13Z
KRW-ETH,2021-12-13T00:00:00,2021-12-13T09:00:00,5120000.0,5135000.0,4662000.0,4747000.0,91931.84106488,4747000.0,upbit,2026-06-28T04:34:13Z
KRW-ETH,2021-12-14T00:00:00,2021-12-14T09:00:00,4748000.0,4825000.0,4566000.0,4781000.0,79947.03179446,4781000.0,upbit,2026-06-28T04:34:13Z
KRW-ETH,2021-12-15T00:00:00,2021-12-15T09:00:00,4780000.0,5141000.0,4551000.0,5037000.0,90285.06223422,5037000.0,upbit,2026-06-28T04:34:13Z
KRW-ETH,2021-12-16T00:00:00,2021-12-16T09:00:00,5038000.0,5120000.0,4954000.0,4965000.0,53165.96323269,4965000.0,upbit,2026-06-28T04:34:13Z
KRW-ETH,2021-12-17T00:00:00,2021-12-17T09:00:00,4965000.0,4999000.0,4676000.0,4872000.0,69380.8533428,4872000.0,upbit,2026-06-28T04:34:13Z
KRW-ETH,2021-12-18T00:00:00,2021-12-18T09:00:00,4869000.0,4964000.0,4734000.0,4933000.0,36916.42819397,4933000.0,upbit,2026-06-28T04:34:13Z
KRW-ETH,2021-12-19T00:00:00,2021-12-19T09:00:00,4932000.0,4999000.0,4865000.0,4899000.0,35030.38237327,4899000.0,upbit,2026-06-28T04:34:13Z
KRW-ETH,2021-12-20T00:00:00,2021-12-20T09:00:00,4899000.0,4947000.0,4700000.0,4866000.0,53342.44206669,4866000.0,upbit,2026-06-28T04:34:13Z
KRW-ETH,2021-12-21T00:00:00,2021-12-21T09:00:00,4866000.0,4996000.0,4818000.0,4936000.0,48674.2670212,4936000.0,upbit,2026-06-28T04:34:13Z
KRW-ETH,2021-12-22T00:00:00,2021-12-22T09:00:00,4937000.0,4990000.0,4850000.0,4893000.0,37319.31737659,4893000.0,upbit,2026-06-28T04:34:13Z
KRW-ETH,2021-12-23T00:00:00,2021-12-23T09:00:00,4893000.0,5010000.0,4802000.0,4971000.0,51755.71477436,4971000.0,upbit,2026-06-28T04:34:13Z
KRW-ETH,2021-12-24T00:00:00,2021-12-24T09:00:00,4971000.0,5025000.0,4913000.0,4937000.0,40049.96474363,4937000.0,upbit,2026-06-28T04:34:13Z
KRW-ETH,2021-12-25T00:00:00,2021-12-25T09:00:00,4937000.0,4994000.0,4894000.0,4954000.0,24017.01141226,4954000.0,upbit,2026-06-28T04:34:13Z
KRW-ETH,2021-12-26T00:00:00,2021-12-26T09:00:00,4954000.0,4979000.0,4890000.0,4917000.0,22468.34968176,4917000.0,upbit,2026-06-28T04:34:13Z
KRW-ETH,2021-12-27T00:00:00,2021-12-27T09:00:00,4917000.0,4957000.0,4864000.0,4896000.0,26616.36273442,4896000.0,upbit,2026-06-28T04:34:13Z
KRW-ETH,2021-12-28T00:00:00,2021-12-28T09:00:00,4896000.0,4899000.0,4630000.0,4650000.0,47598.61032631,4650000.0,upbit,2026-06-28T04:34:13Z
KRW-ETH,2021-12-29T00:00:00,2021-12-29T09:00:00,4650000.0,4682000.0,4423000.0,4456000.0,45101.86807459,4456000.0,upbit,2026-06-28T04:34:13Z
KRW-ETH,2021-12-30T00:00:00,2021-12-30T09:00:00,4457000.0,4578000.0,4402000.0,4506000.0,35708.67476671,4506000.0,upbit,2026-06-28T04:34:13Z
KRW-ETH,2021-12-31T00:00:00,2021-12-31T09:00:00,4505000.0,4628000.0,4461000.0,4505000.0,30082.00153897,4505000.0,upbit,2026-06-28T04:34:13Z
KRW-ETH,2022-01-01T00:00:00,2022-01-01T09:00:00,4505000.0,4599000.0,4504000.0,4577000.0,17660.11399252,4577000.0,upbit,2026-06-28T04:34:13Z
KRW-ETH,2022-01-02T00:00:00,2022-01-02T09:00:00,4577000.0,4681000.0,4541000.0,4652000.0,17866.26362148,4652000.0,upbit,2026-06-28T04:34:13Z
KRW-ETH,2022-01-03T00:00:00,2022-01-03T09:00:00,4651000.0,4677000.0,4513000.0,4591000.0,25092.11311102,4591000.0,upbit,2026-06-28T04:34:13Z
KRW-ETH,2022-01-04T00:00:00,2022-01-04T09:00:00,4591000.0,4743000.0,4516000.0,4619000.0,29575.94121495,4619000.0,upbit,2026-06-28T04:34:13Z
KRW-ETH,2022-01-05T00:00:00,2022-01-05T09:00:00,4619000.0,4672000.0,4240000.0,4382000.0,48802.18806316,4382000.0,upbit,2026-06-28T04:34:13Z
KRW-ETH,2022-01-06T00:00:00,2022-01-06T09:00:00,4382000.0,4408000.0,4094000.0,4212000.0,65073.35158243,4212000.0,upbit,2026-06-28T04:34:13Z
KRW-ETH,2022-01-07T00:00:00,2022-01-07T09:00:00,4212000.0,4222000.0,3850000.0,3955000.0,93597.55268905,3955000.0,upbit,2026-06-28T04:34:13Z
KRW-ETH,2022-01-08T00:00:00,2022-01-08T09:00:00,3956000.0,4009000.0,3766000.0,3860000.0,56103.74625239,3860000.0,upbit,2026-06-28T04:34:13Z
KRW-ETH,2022-01-09T00:00:00,2022-01-09T09:00:00,3859000.0,3953000.0,3803000.0,3886000.0,32896.5601913,3886000.0,upbit,2026-06-28T04:34:13Z
KRW-ETH,2022-01-10T00:00:00,2022-01-10T09:00:00,3886000.0,3919000.0,3610000.0,3780000.0,73195.50144802,3780000.0,upbit,2026-06-28T04:34:13Z
KRW-ETH,2022-01-11T00:00:00,2022-01-11T09:00:00,3781000.0,3978000.0,3727000.0,3965000.0,55654.95136052,3965000.0,upbit,2026-06-28T04:34:13Z
KRW-ETH,2022-01-12T00:00:00,2022-01-12T09:00:00,3965000.0,4144000.0,3921000.0,4092000.0,47291.24124517,4092000.0,upbit,2026-06-28T04:34:13Z
KRW-ETH,2022-01-13T00:00:00,2022-01-13T09:00:00,4092000.0,4143000.0,3940000.0,3946000.0,38600.59591717,3946000.0,upbit,2026-06-28T04:34:13Z
KRW-ETH,2022-01-14T00:00:00,2022-01-14T09:00:00,3947000.0,4056000.0,3895000.0,4011000.0,30750.07027076,4011000.0,upbit,2026-06-28T04:34:13Z
KRW-ETH,2022-01-15T00:00:00,2022-01-15T09:00:00,4012000.0,4082000.0,3975000.0,4037000.0,17033.09353903,4037000.0,upbit,2026-06-28T04:34:13Z
KRW-ETH,2022-01-16T00:00:00,2022-01-16T09:00:00,4037000.0,4100000.0,3990000.0,4047000.0,18065.98309858,4047000.0,upbit,2026-06-28T04:34:13Z
KRW-ETH,2022-01-17T00:00:00,2022-01-17T09:00:00,4049000.0,4062000.0,3838000.0,3917000.0,27376.0171205,3917000.0,upbit,2026-06-28T04:34:13Z
KRW-ETH,2022-01-18T00:00:00,2022-01-18T09:00:00,3917000.0,3939000.0,3750000.0,3821000.0,30446.39056344,3821000.0,upbit,2026-06-28T04:34:13Z
KRW-ETH,2022-01-19T00:00:00,2022-01-19T09:00:00,3821000.0,3842000.0,3688000.0,3720000.0,30321.86844904,3720000.0,upbit,2026-06-28T04:34:13Z
KRW-ETH,2022-01-20T00:00:00,2022-01-20T09:00:00,3725000.0,3935000.0,3644000.0,3660000.0,40113.6227371,3660000.0,upbit,2026-06-28T04:34:13Z
KRW-ETH,2022-01-21T00:00:00,2022-01-21T09:00:00,3660000.0,3692000.0,3098000.0,3196000.0,125351.41975165,3196000.0,upbit,2026-06-28T04:34:13Z
KRW-ETH,2022-01-22T00:00:00,2022-01-22T09:00:00,3197000.0,3244000.0,2886000.0,2987000.0,148898.03976371,2987000.0,upbit,2026-06-28T04:34:13Z
KRW-ETH,2022-01-23T00:00:00,2022-01-23T09:00:00,2988000.0,3130000.0,2930000.0,3097000.0,69286.35272975,3097000.0,upbit,2026-06-28T04:34:13Z
KRW-ETH,2022-01-24T00:00:00,2022-01-24T09:00:00,3100000.0,3101000.0,2672000.0,2980000.0,183862.16762787,2980000.0,upbit,2026-06-28T04:34:13Z
KRW-ETH,2022-01-25T00:00:00,2022-01-25T09:00:00,2980000.0,3044000.0,2860000.0,2986000.0,86202.77205434,2986000.0,upbit,2026-06-28T04:34:13Z
KRW-ETH,2022-01-26T00:00:00,2022-01-26T09:00:00,2987000.0,3318000.0,2944000.0,3017000.0,154884.87661006,3017000.0,upbit,2026-06-28T04:34:13Z
KRW-ETH,2022-01-27T00:00:00,2022-01-27T09:00:00,3016000.0,3093000.0,2884000.0,2987000.0,107811.16720991,2987000.0,upbit,2026-06-28T04:34:13Z
KRW-ETH,2022-01-28T00:00:00,2022-01-28T09:00:00,2989000.0,3158000.0,2931000.0,3139000.0,87197.50029696,3139000.0,upbit,2026-06-28T04:34:13Z
KRW-ETH,2022-01-29T00:00:00,2022-01-29T09:00:00,3139000.0,3249000.0,3121000.0,3217000.0,68155.74949735,3217000.0,upbit,2026-06-28T04:34:13Z
KRW-ETH,2022-01-30T00:00:00,2022-01-30T09:00:00,3218000.0,3278000.0,3165000.0,3243000.0,42594.33578366,3243000.0,upbit,2026-06-28T04:34:13Z
KRW-ETH,2022-01-31T00:00:00,2022-01-31T09:00:00,3241000.0,3330000.0,3080000.0,3301000.0,56375.81855823,3301000.0,upbit,2026-06-28T04:34:13Z
KRW-ETH,2022-02-01T00:00:00,2022-02-01T09:00:00,3301000.0,3457000.0,3290000.0,3440000.0,51964.70016778,3440000.0,upbit,2026-06-28T04:34:13Z
KRW-ETH,2022-02-02T00:00:00,2022-02-02T09:00:00,3440000.0,3459000.0,3255000.0,3303000.0,63925.04833746,3303000.0,upbit,2026-06-28T04:34:13Z
KRW-ETH,2022-02-03T00:00:00,2022-02-03T09:00:00,3300000.0,3368000.0,3184000.0,3308000.0,54440.06189202,3308000.0,upbit,2026-06-28T04:34:13Z
KRW-ETH,2022-02-04T00:00:00,2022-02-04T09:00:00,3307000.0,3654000.0,3280000.0,3650000.0,93357.01729261,3650000.0,upbit,2026-06-28T04:34:13Z
KRW-ETH,2022-02-05T00:00:00,2022-02-05T09:00:00,3651000.0,3759000.0,3613000.0,3695000.0,63702.12950414,3695000.0,upbit,2026-06-28T04:34:13Z
KRW-ETH,2022-02-06T00:00:00,2022-02-06T09:00:00,3697000.0,3753000.0,3610000.0,3733000.0,46035.86645817,3733000.0,upbit,2026-06-28T04:34:13Z
KRW-ETH,2022-02-07T00:00:00,2022-02-07T09:00:00,3733000.0,3880000.0,3670000.0,3830000.0,63054.5463089,3830000.0,upbit,2026-06-28T04:34:13Z
KRW-ETH,2022-02-08T00:00:00,2022-02-08T09:00:00,3828000.0,3934000.0,3693000.0,3801000.0,76304.13924537,3801000.0,upbit,2026-06-28T04:34:13Z
KRW-ETH,2022-02-09T00:00:00,2022-02-09T09:00:00,3801000.0,3944000.0,3722000.0,3916000.0,40165.23919525,3916000.0,upbit,2026-06-28T04:34:13Z
KRW-ETH,2022-02-10T00:00:00,2022-02-10T09:00:00,3917000.0,3956000.0,3741000.0,3754000.0,77904.66846625,3754000.0,upbit,2026-06-28T04:34:13Z
KRW-ETH,2022-02-11T00:00:00,2022-02-11T09:00:00,3752000.0,3804000.0,3510000.0,3578000.0,63212.77979229,3578000.0,upbit,2026-06-28T04:34:13Z
KRW-ETH,2022-02-12T00:00:00,2022-02-12T09:00:00,3582000.0,3630000.0,3490000.0,3565000.0,47259.82847851,3565000.0,upbit,2026-06-28T04:34:13Z
KRW-ETH,2022-02-13T00:00:00,2022-02-13T09:00:00,3567000.0,3609000.0,3503000.0,3519000.0,25522.19160474,3519000.0,upbit,2026-06-28T04:34:13Z
KRW-ETH,2022-02-14T00:00:00,2022-02-14T09:00:00,3519000.0,3605000.0,3458000.0,3553000.0,42478.6819087,3553000.0,upbit,2026-06-28T04:34:13Z
KRW-ETH,2022-02-15T00:00:00,2022-02-15T09:00:00,3553000.0,3859000.0,3536000.0,3847000.0,52135.85630429,3847000.0,upbit,2026-06-28T04:34:13Z
KRW-ETH,2022-02-16T00:00:00,2022-02-16T09:00:00,3847000.0,3858000.0,3710000.0,3793000.0,46109.7965995,3793000.0,upbit,2026-06-28T04:34:13Z
KRW-ETH,2022-02-17T00:00:00,2022-02-17T09:00:00,3791000.0,3828000.0,3496000.0,3527000.0,71881.41186376,3527000.0,upbit,2026-06-28T04:34:13Z
KRW-ETH,2022-02-18T00:00:00,2022-02-18T09:00:00,3527000.0,3580000.0,3372000.0,3410000.0,66458.08128818,3410000.0,upbit,2026-06-28T04:34:13Z
KRW-ETH,2022-02-19T00:00:00,2022-02-19T09:00:00,3410000.0,3461000.0,3291000.0,3383000.0,41697.56482326,3383000.0,upbit,2026-06-28T04:34:13Z
KRW-ETH,2022-02-20T00:00:00,2022-02-20T09:00:00,3383000.0,3383000.0,3166000.0,3218000.0,56692.22005006,3218000.0,upbit,2026-06-28T04:34:13Z
KRW-ETH,2022-02-21T00:00:00,2022-02-21T09:00:00,3219000.0,3357000.0,3128000.0,3149000.0,88888.68086172,3149000.0,upbit,2026-06-28T04:34:13Z
KRW-ETH,2022-02-22T00:00:00,2022-02-22T09:00:00,3149000.0,3246000.0,3066000.0,3209000.0,74273.55852501,3209000.0,upbit,2026-06-28T04:34:13Z
KRW-ETH,2022-02-23T00:00:00,2022-02-23T09:00:00,3209000.0,3352000.0,3150000.0,3154000.0,62008.14153107,3154000.0,upbit,2026-06-28T04:34:13Z
KRW-ETH,2022-02-24T00:00:00,2022-02-24T09:00:00,3155000.0,3318000.0,2860000.0,3184000.0,165160.64730522,3184000.0,upbit,2026-06-28T04:34:13Z
KRW-ETH,2022-02-25T00:00:00,2022-02-25T09:00:00,3185000.0,3452000.0,3151000.0,3376000.0,82006.48009629,3376000.0,upbit,2026-06-28T04:34:13Z
KRW-ETH,2022-02-26T00:00:00,2022-02-26T09:00:00,3373000.0,3499000.0,3340000.0,3402000.0,54513.02520941,3402000.0,upbit,2026-06-28T04:34:13Z
KRW-ETH,2022-02-27T00:00:00,2022-02-27T09:00:00,3403000.0,3454000.0,3158000.0,3217000.0,88005.61635412,3217000.0,upbit,2026-06-28T04:34:13Z
KRW-ETH,2022-02-28T00:00:00,2022-02-28T09:00:00,3217000.0,3548000.0,3163000.0,3534000.0,110013.72098857,3534000.0,upbit,2026-06-28T04:34:13Z
KRW-ETH,2022-03-01T00:00:00,2022-03-01T09:00:00,3534000.0,3678000.0,3473000.0,3605000.0,99849.56779748,3605000.0,upbit,2026-06-28T04:34:13Z
KRW-ETH,2022-03-02T00:00:00,2022-03-02T09:00:00,3605000.0,3673000.0,3541000.0,3587000.0,71023.67883474,3587000.0,upbit,2026-06-28T04:34:13Z
KRW-ETH,2022-03-03T00:00:00,2022-03-03T09:00:00,3587000.0,3612000.0,3415000.0,3460000.0,60602.47499213,3460000.0,upbit,2026-06-28T04:34:13Z
KRW-ETH,2022-03-04T00:00:00,2022-03-04T09:00:00,3460000.0,3465000.0,3204000.0,3247000.0,69744.31428106,3247000.0,upbit,2026-06-28T04:34:13Z
KRW-ETH,2022-03-05T00:00:00,2022-03-05T09:00:00,3247000.0,3310000.0,3210000.0,3290000.0,34010.56847448,3290000.0,upbit,2026-06-28T04:34:13Z
KRW-ETH,2022-03-06T00:00:00,2022-03-06T09:00:00,3290000.0,3307000.0,3163000.0,3177000.0,32930.15642305,3177000.0,upbit,2026-06-28T04:34:13Z
KRW-ETH,2022-03-07T00:00:00,2022-03-07T09:00:00,3177000.0,3278000.0,3063000.0,3105000.0,66629.01255852,3105000.0,upbit,2026-06-28T04:34:13Z
KRW-ETH,2022-03-08T00:00:00,2022-03-08T09:00:00,3108000.0,3260000.0,3099000.0,3203000.0,47433.94052758,3203000.0,upbit,2026-06-28T04:34:13Z
KRW-ETH,2022-03-09T00:00:00,2022-03-09T09:00:00,3207000.0,3417000.0,3200000.0,3355000.0,72614.18726011,3355000.0,upbit,2026-06-28T04:34:13Z
KRW-ETH,2022-03-10T00:00:00,2022-03-10T09:00:00,3355000.0,3367000.0,3186000.0,3233000.0,56239.67319363,3233000.0,upbit,2026-06-28T04:34:13Z
KRW-ETH,2022-03-11T00:00:00,2022-03-11T09:00:00,3235000.0,3325000.0,3155000.0,3193000.0,49198.13050214,3193000.0,upbit,2026-06-28T04:34:13Z
KRW-ETH,2022-03-12T00:00:00,2022-03-12T09:00:00,3193000.0,3251000.0,3190000.0,3210000.0,21787.82842157,3210000.0,upbit,2026-06-28T04:34:13Z
KRW-ETH,2022-03-13T00:00:00,2022-03-13T09:00:00,3207000.0,3241000.0,3135000.0,3154000.0,28798.84373267,3154000.0,upbit,2026-06-28T04:34:13Z
KRW-ETH,2022-03-14T00:00:00,2022-03-14T09:00:00,3154000.0,3245000.0,3134000.0,3210000.0,39914.06359074,3210000.0,upbit,2026-06-28T04:34:13Z
KRW-ETH,2022-03-15T00:00:00,2022-03-15T09:00:00,3211000.0,3291000.0,3144000.0,3235000.0,39597.05525928,3235000.0,upbit,2026-06-28T04:34:13Z
KRW-ETH,2022-03-16T00:00:00,2022-03-16T09:00:00,3236000.0,3426000.0,3221000.0,3396000.0,69660.86794033,3396000.0,upbit,2026-06-28T04:34:13Z
KRW-ETH,2022-03-17T00:00:00,2022-03-17T09:00:00,3396000.0,3463000.0,3360000.0,3440000.0,36843.21317396,3440000.0,upbit,2026-06-28T04:34:13Z
KRW-ETH,2022-03-18T00:00:00,2022-03-18T09:00:00,3436000.0,3618000.0,3386000.0,3575000.0,51271.625161,3575000.0,upbit,2026-06-28T04:34:13Z
KRW-ETH,2022-03-19T00:00:00,2022-03-19T09:00:00,3575000.0,3631000.0,3524000.0,3580000.0,37087.05286837,3580000.0,upbit,2026-06-28T04:34:13Z
KRW-ETH,2022-03-20T00:00:00,2022-03-20T09:00:00,3580000.0,3597000.0,3455000.0,3503000.0,37091.37202412,3503000.0,upbit,2026-06-28T04:34:13Z
KRW-ETH,2022-03-21T00:00:00,2022-03-21T09:00:00,3504000.0,3610000.0,3470000.0,3533000.0,37449.33115047,3533000.0,upbit,2026-06-28T04:34:13Z
KRW-ETH,2022-03-22T00:00:00,2022-03-22T09:00:00,3532000.0,3692000.0,3532000.0,3626000.0,52824.64437649,3626000.0,upbit,2026-06-28T04:34:13Z
KRW-ETH,2022-03-23T00:00:00,2022-03-23T09:00:00,3626000.0,3700000.0,3578000.0,3689000.0,43065.59326015,3689000.0,upbit,2026-06-28T04:34:13Z
KRW-ETH,2022-03-24T00:00:00,2022-03-24T09:00:00,3688000.0,3770000.0,3650000.0,3735000.0,47114.65382643,3735000.0,upbit,2026-06-28T04:34:13Z
KRW-ETH,2022-03-25T00:00:00,2022-03-25T09:00:00,3738000.0,3843000.0,3710000.0,3770000.0,39130.86488684,3770000.0,upbit,2026-06-28T04:34:13Z
KRW-ETH,2022-03-26T00:00:00,2022-03-26T09:00:00,3770000.0,3816000.0,3737000.0,3810000.0,20494.74821835,3810000.0,upbit,2026-06-28T04:34:13Z
KRW-ETH,2022-03-27T00:00:00,2022-03-27T09:00:00,3810000.0,3940000.0,3780000.0,3931000.0,31376.80514549,3931000.0,upbit,2026-06-28T04:34:13Z
KRW-ETH,2022-03-28T00:00:00,2022-03-28T09:00:00,3931000.0,4101000.0,3905000.0,4025000.0,50651.35727207,4025000.0,upbit,2026-06-28T04:34:13Z
KRW-ETH,2022-03-29T00:00:00,2022-03-29T09:00:00,4026000.0,4202000.0,4020000.0,4086000.0,56433.99849142,4086000.0,upbit,2026-06-28T04:34:13Z
KRW-ETH,2022-03-30T00:00:00,2022-03-30T09:00:00,4086000.0,4116000.0,4007000.0,4066000.0,41753.07299914,4066000.0,upbit,2026-06-28T04:34:13Z
KRW-ETH,2022-03-31T00:00:00,2022-03-31T09:00:00,4066000.0,4141000.0,3965000.0,3990000.0,43688.57812174,3990000.0,upbit,2026-06-28T04:34:13Z
KRW-ETH,2022-04-01T00:00:00,2022-04-01T09:00:00,3990000.0,4220000.0,3926000.0,4205000.0,48847.2981487,4205000.0,upbit,2026-06-28T04:34:13Z
KRW-ETH,2022-04-02T00:00:00,2022-04-02T09:00:00,4205000.0,4300000.0,4188000.0,4210000.0,35242.09886732,4210000.0,upbit,2026-06-28T04:34:13Z
KRW-ETH,2022-04-03T00:00:00,2022-04-03T09:00:00,4211000.0,4348000.0,4180000.0,4300000.0,28025.43768065,4300000.0,upbit,2026-06-28T04:34:13Z
KRW-ETH,2022-04-04T00:00:00,2022-04-04T09:00:00,4300000.0,4337000.0,4190000.0,4313000.0,34779.52077611,4313000.0,upbit,2026-06-28T04:34:13Z
KRW-ETH,2022-04-05T00:00:00,2022-04-05T09:00:00,4309000.0,4344000.0,4209000.0,4213000.0,31142.12730041,4213000.0,upbit,2026-06-28T04:34:13Z
KRW-ETH,2022-04-06T00:00:00,2022-04-06T09:00:00,4213000.0,4215000.0,3891000.0,3898000.0,73360.04460645,3898000.0,upbit,2026-06-28T04:34:13Z
KRW-ETH,2022-04-07T00:00:00,2022-04-07T09:00:00,3899000.0,4050000.0,3875000.0,3995000.0,46952.59373046,3995000.0,upbit,2026-06-28T04:34:13Z
KRW-ETH,2022-04-08T00:00:00,2022-04-08T09:00:00,3995000.0,4120000.0,3983000.0,4004000.0,42130.80023532,4004000.0,upbit,2026-06-28T04:34:13Z
KRW-ETH,2022-04-09T00:00:00,2022-04-09T09:00:00,4004000.0,4077000.0,3983000.0,4061000.0,18781.5411496,4061000.0,upbit,2026-06-28T04:34:13Z
KRW-ETH,2022-04-10T00:00:00,2022-04-10T09:00:00,4061000.0,4110000.0,4008000.0,4016000.0,16300.75696583,4016000.0,upbit,2026-06-28T04:34:13Z
KRW-ETH,2022-04-11T00:00:00,2022-04-11T09:00:00,4016000.0,4027000.0,3760000.0,3774000.0,69912.8622571,3774000.0,upbit,2026-06-28T04:34:13Z
KRW-ETH,2022-04-12T00:00:00,2022-04-12T09:00:00,3774000.0,3886000.0,3713000.0,3822000.0,63144.91290791,3822000.0,upbit,2026-06-28T04:34:13Z
KRW-ETH,2022-04-13T00:00:00,2022-04-13T09:00:00,3821000.0,3929000.0,3781000.0,3912000.0,39485.10327985,3912000.0,upbit,2026-06-28T04:34:13Z
KRW-ETH,2022-04-14T00:00:00,2022-04-14T09:00:00,3912000.0,3932000.0,3751000.0,3797000.0,41424.23365776,3797000.0,upbit,2026-06-28T04:34:13Z
KRW-ETH,2022-04-15T00:00:00,2022-04-15T09:00:00,3796000.0,3830000.0,3766000.0,3813000.0,22385.16635451,3813000.0,upbit,2026-06-28T04:34:13Z
KRW-ETH,2022-04-16T00:00:00,2022-04-16T09:00:00,3813000.0,3861000.0,3781000.0,3827000.0,14300.73188653,3827000.0,upbit,2026-06-28T04:34:13Z
KRW-ETH,2022-04-17T00:00:00,2022-04-17T09:00:00,3823000.0,3845000.0,3756000.0,3766000.0,16250.6855719,3766000.0,upbit,2026-06-28T04:34:13Z
KRW-ETH,2022-04-18T00:00:00,2022-04-18T09:00:00,3766000.0,3838000.0,3635000.0,3808000.0,42857.78374517,3808000.0,upbit,2026-06-28T04:34:13Z
KRW-ETH,2022-04-19T00:00:00,2022-04-19T09:00:00,3808000.0,3879000.0,3770000.0,3845000.0,34143.66389879,3845000.0,upbit,2026-06-28T04:34:13Z
KRW-ETH,2022-04-20T00:00:00,2022-04-20T09:00:00,3846000.0,3919000.0,3792000.0,3823000.0,27374.73284002,3823000.0,upbit,2026-06-28T04:34:13Z
KRW-ETH,2022-04-21T00:00:00,2022-04-21T09:00:00,3823000.0,3925000.0,3719000.0,3751000.0,34359.07120923,3751000.0,upbit,2026-06-28T04:34:13Z
KRW-ETH,2022-04-22T00:00:00,2022-04-22T09:00:00,3751000.0,3776000.0,3695000.0,3720000.0,25711.28886244,3720000.0,upbit,2026-06-28T04:34:13Z
KRW-ETH,2022-04-23T00:00:00,2022-04-23T09:00:00,3720000.0,3740000.0,3671000.0,3702000.0,13455.52258428,3702000.0,upbit,2026-06-28T04:34:13Z
KRW-ETH,2022-04-24T00:00:00,2022-04-24T09:00:00,3702000.0,3724000.0,3670000.0,3677000.0,14905.4264984,3677000.0,upbit,2026-06-28T04:34:13Z
KRW-ETH,2022-04-25T00:00:00,2022-04-25T09:00:00,3677000.0,3798000.0,3551000.0,3765000.0,42520.39062027,3765000.0,upbit,2026-06-28T04:34:13Z
KRW-ETH,2022-04-26T00:00:00,2022-04-26T09:00:00,3766000.0,3799000.0,3553000.0,3596000.0,39317.76054752,3596000.0,upbit,2026-06-28T04:34:13Z
KRW-ETH,2022-04-27T00:00:00,2022-04-27T09:00:00,3597000.0,3702000.0,3580000.0,3677000.0,24282.80747333,3677000.0,upbit,2026-06-28T04:34:13Z
KRW-ETH,2022-04-28T00:00:00,2022-04-28T09:00:00,3677000.0,3786000.0,3646000.0,3737000.0,26791.87550921,3737000.0,upbit,2026-06-28T04:34:13Z
KRW-ETH,2022-04-29T00:00:00,2022-04-29T09:00:00,3737000.0,3753000.0,3603000.0,3628000.0,26801.56704786,3628000.0,upbit,2026-06-28T04:34:13Z
KRW-ETH,2022-04-30T00:00:00,2022-04-30T09:00:00,3630000.0,3656000.0,3564000.0,3570000.0,17625.43521376,3570000.0,upbit,2026-06-28T04:34:13Z
KRW-ETH,2022-05-01T00:00:00,2022-05-01T09:00:00,3570000.0,3650000.0,3530000.0,3625000.0,23539.08408716,3625000.0,upbit,2026-06-28T04:34:13Z
KRW-ETH,2022-05-02T00:00:00,2022-05-02T09:00:00,3625000.0,3690000.0,3575000.0,3668000.0,28558.40556765,3668000.0,upbit,2026-06-28T04:34:13Z
KRW-ETH,2022-05-03T00:00:00,2022-05-03T09:00:00,3667000.0,3675000.0,3570000.0,3592000.0,22905.50654984,3592000.0,upbit,2026-06-28T04:34:13Z
KRW-ETH,2022-05-04T00:00:00,2022-05-04T09:00:00,3595000.0,3783000.0,3585000.0,3751000.0,32342.58245616,3751000.0,upbit,2026-06-28T04:34:13Z
KRW-ETH,2022-05-05T00:00:00,2022-05-05T09:00:00,3752000.0,3775000.0,3525000.0,3576000.0,44544.97316833,3576000.0,upbit,2026-06-28T04:34:13Z
KRW-ETH,2022-05-06T00:00:00,2022-05-06T09:00:00,3576000.0,3589000.0,3445000.0,3516000.0,35364.11836744,3516000.0,upbit,2026-06-28T04:34:13Z
KRW-ETH,2022-05-07T00:00:00,2022-05-07T09:00:00,3516000.0,3519000.0,3425000.0,3456000.0,15633.49455129,3456000.0,upbit,2026-06-28T04:34:13Z
KRW-ETH,2022-05-08T00:00:00,2022-05-08T09:00:00,3456000.0,3463000.0,3285000.0,3311000.0,32698.30972128,3311000.0,upbit,2026-06-28T04:34:13Z
KRW-ETH,2022-05-09T00:00:00,2022-05-09T09:00:00,3312000.0,3333000.0,3025000.0,3038000.0,92388.66206083,3038000.0,upbit,2026-06-28T04:34:13Z
KRW-ETH,2022-05-10T00:00:00,2022-05-10T09:00:00,3038000.0,3225000.0,2968000.0,3095000.0,90011.24187953,3095000.0,upbit,2026-06-28T04:34:13Z
KRW-ETH,2022-05-11T00:00:00,2022-05-11T09:00:00,3097000.0,3299000.0,2812000.0,2884000.0,197471.71707922,2884000.0,upbit,2026-06-28T04:34:13Z
KRW-ETH,2022-05-12T00:00:00,2022-05-12T09:00:00,2884000.0,2984000.0,2450000.0,2648000.0,205240.63886799,2648000.0,upbit,2026-06-28T04:34:13Z
KRW-ETH,2022-05-13T00:00:00,2022-05-13T09:00:00,2647000.0,2841000.0,2616000.0,2694000.0,120831.64523344,2694000.0,upbit,2026-06-28T04:34:13Z
KRW-ETH,2022-05-14T00:00:00,2022-05-14T09:00:00,2694000.0,2780000.0,2609000.0,2733000.0,58405.11587875,2733000.0,upbit,2026-06-28T04:34:13Z
KRW-ETH,2022-05-15T00:00:00,2022-05-15T09:00:00,2732000.0,2826000.0,2667000.0,2806000.0,41871.49679296,2806000.0,upbit,2026-06-28T04:34:13Z
KRW-ETH,2022-05-16T00:00:00,2022-05-16T09:00:00,2806000.0,2809000.0,2622000.0,2660000.0,56260.19328081,2660000.0,upbit,2026-06-28T04:34:13Z
KRW-ETH,2022-05-17T00:00:00,2022-05-17T09:00:00,2661000.0,2742000.0,2617000.0,2695000.0,50208.23970187,2695000.0,upbit,2026-06-28T04:34:13Z
KRW-ETH,2022-05-18T00:00:00,2022-05-18T09:00:00,2696000.0,2715000.0,2465000.0,2472000.0,59690.49480803,2472000.0,upbit,2026-06-28T04:34:13Z
KRW-ETH,2022-05-19T00:00:00,2022-05-19T09:00:00,2473000.0,2610000.0,2450000.0,2583000.0,53482.29408966,2583000.0,upbit,2026-06-28T04:34:13Z
KRW-ETH,2022-05-20T00:00:00,2022-05-20T09:00:00,2582000.0,2649000.0,2491000.0,2538000.0,43075.36229295,2538000.0,upbit,2026-06-28T04:34:13Z
KRW-ETH,2022-05-21T00:00:00,2022-05-21T09:00:00,2537000.0,2565000.0,2513000.0,2552000.0,19261.93397533,2552000.0,upbit,2026-06-28T04:34:13Z
KRW-ETH,2022-05-22T00:00:00,2022-05-22T09:00:00,2552000.0,2640000.0,2543000.0,2627000.0,23558.4776052,2627000.0,upbit,2026-06-28T04:34:13Z
KRW-ETH,2022-05-23T00:00:00,2022-05-23T09:00:00,2626000.0,2666000.0,2512000.0,2533000.0,40295.78705015,2533000.0,upbit,2026-06-28T04:34:13Z
KRW-ETH,2022-05-24T00:00:00,2022-05-24T09:00:00,2533000.0,2553000.0,2450000.0,2525000.0,36764.88947898,2525000.0,upbit,2026-06-28T04:34:13Z
KRW-ETH,2022-05-25T00:00:00,2022-05-25T09:00:00,2525000.0,2564000.0,2478000.0,2494000.0,33407.42272637,2494000.0,upbit,2026-06-28T04:34:13Z
KRW-ETH,2022-05-26T00:00:00,2022-05-26T09:00:00,2495000.0,2513000.0,2252000.0,2314000.0,95110.33605038,2314000.0,upbit,2026-06-28T04:34:13Z
KRW-ETH,2022-05-27T00:00:00,2022-05-27T09:00:00,2314000.0,2331000.0,2201000.0,2225000.0,79286.2646599,2225000.0,upbit,2026-06-28T04:34:13Z
KRW-ETH,2022-05-28T00:00:00,2022-05-28T09:00:00,2224000.0,2305000.0,2215000.0,2286000.0,36021.51531835,2286000.0,upbit,2026-06-28T04:34:13Z
KRW-ETH,2022-05-29T00:00:00,2022-05-29T09:00:00,2284000.0,2327000.0,2250000.0,2306000.0,24902.90143411,2306000.0,upbit,2026-06-28T04:34:13Z
KRW-ETH,2022-05-30T00:00:00,2022-05-30T09:00:00,2305000.0,2519000.0,2290000.0,2494000.0,53397.95269205,2494000.0,upbit,2026-06-28T04:34:13Z
KRW-ETH,2022-05-31T00:00:00,2022-05-31T09:00:00,2494000.0,2517000.0,2421000.0,2439000.0,49419.62944699,2439000.0,upbit,2026-06-28T04:34:13Z
KRW-ETH,2022-06-01T00:00:00,2022-06-01T09:00:00,2439000.0,2476000.0,2255000.0,2312000.0,55116.37970652,2312000.0,upbit,2026-06-28T04:34:13Z
KRW-ETH,2022-06-02T00:00:00,2022-06-02T09:00:00,2313000.0,2338000.0,2263000.0,2313000.0,41476.56731005,2313000.0,upbit,2026-06-28T04:34:13Z
KRW-ETH,2022-06-03T00:00:00,2022-06-03T09:00:00,2314000.0,2319000.0,2220000.0,2262000.0,42175.56090269,2262000.0,upbit,2026-06-28T04:34:13Z
KRW-ETH,2022-06-04T00:00:00,2022-06-04T09:00:00,2262000.0,2304000.0,2235000.0,2291000.0,17061.98617453,2291000.0,upbit,2026-06-28T04:34:13Z
KRW-ETH,2022-06-05T00:00:00,2022-06-05T09:00:00,2290000.0,2319000.0,2255000.0,2296000.0,17244.84958029,2296000.0,upbit,2026-06-28T04:34:13Z
KRW-ETH,2022-06-06T00:00:00,2022-06-06T09:00:00,2295000.0,2412000.0,2292000.0,2346000.0,40136.37012001,2346000.0,upbit,2026-06-28T04:34:13Z
KRW-ETH,2022-06-07T00:00:00,2022-06-07T09:00:00,2346000.0,2366000.0,2213000.0,2296000.0,70598.49647443,2296000.0,upbit,2026-06-28T04:34:13Z
KRW-ETH,2022-06-08T00:00:00,2022-06-08T09:00:00,2296000.0,2330000.0,2251000.0,2286000.0,34792.74294188,2286000.0,upbit,2026-06-28T04:34:13Z
KRW-ETH,2022-06-09T00:00:00,2022-06-09T09:00:00,2286000.0,2321000.0,2265000.0,2273000.0,26390.6466693,2273000.0,upbit,2026-06-28T04:34:13Z
KRW-ETH,2022-06-10T00:00:00,2022-06-10T09:00:00,2273000.0,2291000.0,2150000.0,2156000.0,52867.74297214,2156000.0,upbit,2026-06-28T04:34:13Z
KRW-ETH,2022-06-11T00:00:00,2022-06-11T09:00:00,2156000.0,2178000.0,1956000.0,2001000.0,126370.28881024,2001000.0,upbit,2026-06-28T04:34:13Z
KRW-ETH,2022-06-12T00:00:00,2022-06-12T09:00:00,2001000.0,2011000.0,1855000.0,1873500.0,106369.66771498,1873500.0,upbit,2026-06-28T04:34:13Z
KRW-ETH,2022-06-13T00:00:00,2022-06-13T09:00:00,1873500.0,1895000.0,1524500.0,1577500.0,355457.20955066,1577500.0,upbit,2026-06-28T04:34:13Z
KRW-ETH,2022-06-14T00:00:00,2022-06-14T09:00:00,1576000.0,1637500.0,1407000.0,1573500.0,296154.22378216,1573500.0,upbit,2026-06-28T04:34:13Z
KRW-ETH,2022-06-15T00:00:00,2022-06-15T09:00:00,1573500.0,1620000.0,1350000.0,1601500.0,465129.37958289,1601500.0,upbit,2026-06-28T04:34:13Z
KRW-ETH,2022-06-16T00:00:00,2022-06-16T09:00:00,1601500.0,1621000.0,1388500.0,1408000.0,225398.70182606,1408000.0,upbit,2026-06-28T04:34:13Z
KRW-ETH,2022-06-17T00:00:00,2022-06-17T09:00:00,1408000.0,1462500.0,1378500.0,1432500.0,135065.08203595,1432500.0,upbit,2026-06-28T04:34:13Z
KRW-ETH,2022-06-18T00:00:00,2022-06-18T09:00:00,1432000.0,1445500.0,1201500.0,1313000.0,268059.05323275,1313000.0,upbit,2026-06-28T04:34:13Z
KRW-ETH,2022-06-19T00:00:00,2022-06-19T09:00:00,1312500.0,1487500.0,1237500.0,1462000.0,275753.35360358,1462000.0,upbit,2026-06-28T04:34:13Z
KRW-ETH,2022-06-20T00:00:00,2022-06-20T09:00:00,1462000.0,1516000.0,1373000.0,1460500.0,222374.50569095,1460500.0,upbit,2026-06-28T04:34:13Z
KRW-ETH,2022-06-21T00:00:00,2022-06-21T09:00:00,1460500.0,1535500.0,1440000.0,1466500.0,167537.16091613,1466500.0,upbit,2026-06-28T04:34:13Z
KRW-ETH,2022-06-22T00:00:00,2022-06-22T09:00:00,1466500.0,1468000.0,1374000.0,1378000.0,124033.77233742,1378000.0,upbit,2026-06-28T04:34:13Z
KRW-ETH,2022-06-23T00:00:00,2022-06-23T09:00:00,1378000.0,1495000.0,1373500.0,1481500.0,92824.65778478,1481500.0,upbit,2026-06-28T04:34:13Z
KRW-ETH,2022-06-24T00:00:00,2022-06-24T09:00:00,1481500.0,1613500.0,1468500.0,1591500.0,115083.32085358,1591500.0,upbit,2026-06-28T04:34:13Z
KRW-ETH,2022-06-25T00:00:00,2022-06-25T09:00:00,1592000.0,1630000.0,1536500.0,1608500.0,77594.97887183,1608500.0,upbit,2026-06-28T04:34:13Z
KRW-ETH,2022-06-26T00:00:00,2022-06-26T09:00:00,1608000.0,1660000.0,1560000.0,1564500.0,75761.6078682,1564500.0,upbit,2026-06-28T04:34:13Z
KRW-ETH,2022-06-27T00:00:00,2022-06-27T09:00:00,1563500.0,1604000.0,1528000.0,1553000.0,73384.76766253,1553000.0,upbit,2026-06-28T04:34:13Z
KRW-ETH,2022-06-28T00:00:00,2022-06-28T09:00:00,1553000.0,1600500.0,1490500.0,1498000.0,77320.59417323,1498000.0,upbit,2026-06-28T04:34:13Z
KRW-ETH,2022-06-29T00:00:00,2022-06-29T09:00:00,1498000.0,1510000.0,1435500.0,1453000.0,75102.95523452,1453000.0,upbit,2026-06-28T04:34:13Z
KRW-ETH,2022-06-30T00:00:00,2022-06-30T09:00:00,1453000.0,1462000.0,1331500.0,1400500.0,100591.49476261,1400500.0,upbit,2026-06-28T04:34:13Z
KRW-ETH,2022-07-01T00:00:00,2022-07-01T09:00:00,1398500.0,1450000.0,1365000.0,1403500.0,101323.79220658,1403500.0,upbit,2026-06-28T04:34:13Z
KRW-ETH,2022-07-02T00:00:00,2022-07-02T09:00:00,1405000.0,1424000.0,1364000.0,1409500.0,42066.22324614,1409500.0,upbit,2026-06-28T04:34:13Z
KRW-ETH,2022-07-03T00:00:00,2022-07-03T09:00:00,1409500.0,1433500.0,1381500.0,1416000.0,37904.04946525,1416000.0,upbit,2026-06-28T04:34:13Z
KRW-ETH,2022-07-04T00:00:00,2022-07-04T09:00:00,1416000.0,1514500.0,1380000.0,1500000.0,75465.56686933,1500000.0,upbit,2026-06-28T04:34:13Z
KRW-ETH,2022-07-05T00:00:00,2022-07-05T09:00:00,1501000.0,1539500.0,1432000.0,1491500.0,91375.82056706,1491500.0,upbit,2026-06-28T04:34:13Z
KRW-ETH,2022-07-06T00:00:00,2022-07-06T09:00:00,1491000.0,1576000.0,1468500.0,1553500.0,75022.15020396,1553500.0,upbit,2026-06-28T04:34:13Z
KRW-ETH,2022-07-07T00:00:00,2022-07-07T09:00:00,1553500.0,1628000.0,1527000.0,1607500.0,69315.71204157,1607500.0,upbit,2026-06-28T04:34:13Z
KRW-ETH,2022-07-08T00:00:00,2022-07-08T09:00:00,1607000.0,1651000.0,1567000.0,1590000.0,97530.60463689,1590000.0,upbit,2026-06-28T04:34:13Z
KRW-ETH,2022-07-09T00:00:00,2022-07-09T09:00:00,1590000.0,1607000.0,1575000.0,1588000.0,33637.7630676,1588000.0,upbit,2026-06-28T04:34:13Z
KRW-ETH,2022-07-10T00:00:00,2022-07-10T09:00:00,1587500.0,1592000.0,1516500.0,1530000.0,42677.09468012,1530000.0,upbit,2026-06-28T04:34:13Z
KRW-ETH,2022-07-11T00:00:00,2022-07-11T09:00:00,1530000.0,1537000.0,1451000.0,1454500.0,56091.08838472,1454500.0,upbit,2026-06-28T04:34:13Z
KRW-ETH,2022-07-12T00:00:00,2022-07-12T09:00:00,1454500.0,1456500.0,1378000.0,1381000.0,74666.41992519,1381000.0,upbit,2026-06-28T04:34:13Z
KRW-ETH,2022-07-13T00:00:00,2022-07-13T09:00:00,1380500.0,1468000.0,1345500.0,1466500.0,120082.70369892,1466500.0,upbit,2026-06-28T04:34:13Z
KRW-ETH,2022-07-14T00:00:00,2022-07-14T09:00:00,1466500.0,1596000.0,1423000.0,1571000.0,100722.61070183,1571000.0,upbit,2026-06-28T04:34:13Z
KRW-ETH,2022-07-15T00:00:00,2022-07-15T09:00:00,1571000.0,1693000.0,1556500.0,1627000.0,98180.14470438,1627000.0,upbit,2026-06-28T04:34:13Z
KRW-ETH,2022-07-16T00:00:00,2022-07-16T09:00:00,1625500.0,1857500.0,1577500.0,1780500.0,140751.06067051,1780500.0,upbit,2026-06-28T04:34:13Z
KRW-ETH,2022-07-17T00:00:00,2022-07-17T09:00:00,1780500.0,1820000.0,1742000.0,1767500.0,117113.6074361,1767500.0,upbit,2026-06-28T04:34:13Z
KRW-ETH,2022-07-18T00:00:00,2022-07-18T09:00:00,1767500.0,2092000.0,1764000.0,2072000.0,185860.47179199,2072000.0,upbit,2026-06-28T04:34:13Z
KRW-ETH,2022-07-19T00:00:00,2022-07-19T09:00:00,2072000.0,2135000.0,1965000.0,2027000.0,184621.23102597,2027000.0,upbit,2026-06-28T04:34:13Z
KRW-ETH,2022-07-20T00:00:00,2022-07-20T09:00:00,2027000.0,2124000.0,1974000.0,1999000.0,156830.45497546,1999000.0,upbit,2026-06-28T04:34:13Z
KRW-ETH,2022-07-21T00:00:00,2022-07-21T09:00:00,2000000.0,2108000.0,1936000.0,2068000.0,118447.39370384,2068000.0,upbit,2026-06-28T04:34:13Z
KRW-ETH,2022-07-22T00:00:00,2022-07-22T09:00:00,2067000.0,2166000.0,2012000.0,2033000.0,113668.10271551,2033000.0,upbit,2026-06-28T04:34:13Z
KRW-ETH,2022-07-23T00:00:00,2022-07-23T09:00:00,2036000.0,2102000.0,1985000.0,2049000.0,75889.32780029,2049000.0,upbit,2026-06-28T04:34:13Z
KRW-ETH,2022-07-24T00:00:00,2022-07-24T09:00:00,2049000.0,2184000.0,2046000.0,2109000.0,107719.82301329,2109000.0,upbit,2026-06-28T04:34:13Z
KRW-ETH,2022-07-25T00:00:00,2022-07-25T09:00:00,2111000.0,2127000.0,1926500.0,1932000.0,138488.87743122,1932000.0,upbit,2026-06-28T04:34:13Z
KRW-ETH,2022-07-26T00:00:00,2022-07-26T09:00:00,1932000.0,1944000.0,1818500.0,1936500.0,128053.76286449,1936500.0,upbit,2026-06-28T04:34:13Z
KRW-ETH,2022-07-27T00:00:00,2022-07-27T09:00:00,1937000.0,2159000.0,1902500.0,2153000.0,155223.37232726,2153000.0,upbit,2026-06-28T04:34:13Z
KRW-ETH,2022-07-28T00:00:00,2022-07-28T09:00:00,2152000.0,2328000.0,2106000.0,2256000.0,174828.14347247,2256000.0,upbit,2026-06-28T04:34:13Z
KRW-ETH,2022-07-29T00:00:00,2022-07-29T09:00:00,2256000.0,2325000.0,2189000.0,2275000.0,130199.32382854,2275000.0,upbit,2026-06-28T04:34:13Z
KRW-ETH,2022-07-30T00:00:00,2022-07-30T09:00:00,2275000.0,2295000.0,2221000.0,2243000.0,70837.76991132,2243000.0,upbit,2026-06-28T04:34:13Z
KRW-ETH,2022-07-31T00:00:00,2022-07-31T09:00:00,2243000.0,2299000.0,2205000.0,2215000.0,58264.26142957,2215000.0,upbit,2026-06-28T04:34:13Z
KRW-ETH,2022-08-01T00:00:00,2022-08-01T09:00:00,2215000.0,2246000.0,2139000.0,2167000.0,60371.54762382,2167000.0,upbit,2026-06-28T04:34:13Z
KRW-ETH,2022-08-02T00:00:00,2022-08-02T09:00:00,2166000.0,2223000.0,2082000.0,2183000.0,89154.46927378,2183000.0,upbit,2026-06-28T04:34:13Z
KRW-ETH,2022-08-03T00:00:00,2022-08-03T09:00:00,2186000.0,2239000.0,2141000.0,2178000.0,62501.80645118,2178000.0,upbit,2026-06-28T04:34:13Z
KRW-ETH,2022-08-04T00:00:00,2022-08-04T09:00:00,2179000.0,2215000.0,2125000.0,2151000.0,56928.04169836,2151000.0,upbit,2026-06-28T04:34:13Z
KRW-ETH,2022-08-05T00:00:00,2022-08-05T09:00:00,2154000.0,2297000.0,2148000.0,2293000.0,82392.36236105,2293000.0,upbit,2026-06-28T04:34:13Z
KRW-ETH,2022-08-06T00:00:00,2022-08-06T09:00:00,2293000.0,2314000.0,2241000.0,2247000.0,43800.97341668,2247000.0,upbit,2026-06-28T04:34:13Z
KRW-ETH,2022-08-07T00:00:00,2022-08-07T09:00:00,2247000.0,2283000.0,2223000.0,2254000.0,33461.90984268,2254000.0,upbit,2026-06-28T04:34:13Z
KRW-ETH,2022-08-08T00:00:00,2022-08-08T09:00:00,2254000.0,2390000.0,2249000.0,2348000.0,74919.47021129,2348000.0,upbit,2026-06-28T04:34:13Z
KRW-ETH,2022-08-09T00:00:00,2022-08-09T09:00:00,2345000.0,2370000.0,2236000.0,2280000.0,79232.51817752,2280000.0,upbit,2026-06-28T04:34:13Z
KRW-ETH,2022-08-10T00:00:00,2022-08-10T09:00:00,2281000.0,2485000.0,2232000.0,2445000.0,140841.91742328,2445000.0,upbit,2026-06-28T04:34:13Z
KRW-ETH,2022-08-11T00:00:00,2022-08-11T09:00:00,2445000.0,2561000.0,2442000.0,2497000.0,123980.30363001,2497000.0,upbit,2026-06-28T04:34:13Z
KRW-ETH,2022-08-12T00:00:00,2022-08-12T09:00:00,2495000.0,2604000.0,2472000.0,2597000.0,65164.83866398,2597000.0,upbit,2026-06-28T04:34:13Z
KRW-ETH,2022-08-13T00:00:00,2022-08-13T09:00:00,2598000.0,2676000.0,2583000.0,2644000.0,71717.54285086,2644000.0,upbit,2026-06-28T04:34:13Z
KRW-ETH,2022-08-14T00:00:00,2022-08-14T09:00:00,2644000.0,2694000.0,2554000.0,2594000.0,64628.39473699,2594000.0,upbit,2026-06-28T04:34:13Z
KRW-ETH,2022-08-15T00:00:00,2022-08-15T09:00:00,2594000.0,2673000.0,2525000.0,2561000.0,81769.50668028,2561000.0,upbit,2026-06-28T04:34:13Z
KRW-ETH,2022-08-16T00:00:00,2022-08-16T09:00:00,2561000.0,2573000.0,2501000.0,2524000.0,53258.02056165,2524000.0,upbit,2026-06-28T04:34:13Z
KRW-ETH,2022-08-17T00:00:00,2022-08-17T09:00:00,2524000.0,2606000.0,2451000.0,2482000.0,81404.27555476,2482000.0,upbit,2026-06-28T04:34:13Z
KRW-ETH,2022-08-18T00:00:00,2022-08-18T09:00:00,2482000.0,2543000.0,2469000.0,2529000.0,44019.75852175,2529000.0,upbit,2026-06-28T04:34:13Z
KRW-ETH,2022-08-19T00:00:00,2022-08-19T09:00:00,2529000.0,2531000.0,2205000.0,2212000.0,154699.60806269,2212000.0,upbit,2026-06-28T04:34:13Z
KRW-ETH,2022-08-20T00:00:00,2022-08-20T09:00:00,2210000.0,2287000.0,2110000.0,2191000.0,90251.24350029,2191000.0,upbit,2026-06-28T04:34:13Z
KRW-ETH,2022-08-21T00:00:00,2022-08-21T09:00:00,2190000.0,2251000.0,2149000.0,2216000.0,63612.43451599,2216000.0,upbit,2026-06-28T04:34:13Z
KRW-ETH,2022-08-22T00:00:00,2022-08-22T09:00:00,2216000.0,2224000.0,2112000.0,2221000.0,78025.55255116,2221000.0,upbit,2026-06-28T04:34:13Z
KRW-ETH,2022-08-23T00:00:00,2022-08-23T09:00:00,2221000.0,2277000.0,2142000.0,2263000.0,75519.49567835,2263000.0,upbit,2026-06-28T04:34:13Z
KRW-ETH,2022-08-24T00:00:00,2022-08-24T09:00:00,2262000.0,2300000.0,2202000.0,2255000.0,60758.06197723,2255000.0,upbit,2026-06-28T04:34:13Z
KRW-ETH,2022-08-25T00:00:00,2022-08-25T09:00:00,2255000.0,2335000.0,2251000.0,2300000.0,48167.54069692,2300000.0,upbit,2026-06-28T04:34:13Z
KRW-ETH,2022-08-26T00:00:00,2022-08-26T09:00:00,2302000.0,2315000.0,2060000.0,2086000.0,134844.99961486,2086000.0,upbit,2026-06-28T04:34:13Z
KRW-ETH,2022-08-27T00:00:00,2022-08-27T09:00:00,2086000.0,2102000.0,2010000.0,2063000.0,65272.84085762,2063000.0,upbit,2026-06-28T04:34:13Z
KRW-ETH,2022-08-28T00:00:00,2022-08-28T09:00:00,2063000.0,2090000.0,1975000.0,1979500.0,42888.04738823,1979500.0,upbit,2026-06-28T04:34:13Z
KRW-ETH,2022-08-29T00:00:00,2022-08-29T09:00:00,1978000.0,2138000.0,1970500.0,2127000.0,74358.77669216,2127000.0,upbit,2026-06-28T04:34:13Z
KRW-ETH,2022-08-30T00:00:00,2022-08-30T09:00:00,2126000.0,2203000.0,2047000.0,2103000.0,94895.85651126,2103000.0,upbit,2026-06-28T04:34:13Z
KRW-ETH,2022-08-31T00:00:00,2022-08-31T09:00:00,2101000.0,2209000.0,2100000.0,2136000.0,89723.27581206,2136000.0,upbit,2026-06-28T04:34:13Z
KRW-ETH,2022-09-01T00:00:00,2022-09-01T09:00:00,2136000.0,2193000.0,2098000.0,2175000.0,76365.25878029,2175000.0,upbit,2026-06-28T04:34:13Z
KRW-ETH,2022-09-02T00:00:00,2022-09-02T09:00:00,2176000.0,2260000.0,2145000.0,2176000.0,97587.30500072,2176000.0,upbit,2026-06-28T04:34:13Z
KRW-ETH,2022-09-03T00:00:00,2022-09-03T09:00:00,2176000.0,2189000.0,2131000.0,2152000.0,37260.34287108,2152000.0,upbit,2026-06-28T04:34:13Z
KRW-ETH,2022-09-04T00:00:00,2022-09-04T09:00:00,2153000.0,2184000.0,2135000.0,2173000.0,28386.65885899,2173000.0,upbit,2026-06-28T04:34:13Z
KRW-ETH,2022-09-05T00:00:00,2022-09-05T09:00:00,2174000.0,2247000.0,2153000.0,2228000.0,61973.01936844,2228000.0,upbit,2026-06-28T04:34:13Z
KRW-ETH,2022-09-06T00:00:00,2022-09-06T09:00:00,2226000.0,2321000.0,2178000.0,2183000.0,121839.9062408,2183000.0,upbit,2026-06-28T04:34:13Z
KRW-ETH,2022-09-07T00:00:00,2022-09-07T09:00:00,2183000.0,2295000.0,2103000.0,2262000.0,91984.82916811,2262000.0,upbit,2026-06-28T04:34:13Z
KRW-ETH,2022-09-08T00:00:00,2022-09-08T09:00:00,2262000.0,2300000.0,2225000.0,2270000.0,58246.54243785,2270000.0,upbit,2026-06-28T04:34:13Z
KRW-ETH,2022-09-09T00:00:00,2022-09-09T09:00:00,2271000.0,2376000.0,2267000.0,2355000.0,68702.92218077,2355000.0,upbit,2026-06-28T04:34:13Z
KRW-ETH,2022-09-10T00:00:00,2022-09-10T09:00:00,2353000.0,2430000.0,2335000.0,2416000.0,41928.39890199,2416000.0,upbit,2026-06-28T04:34:13Z
KRW-ETH,2022-09-11T00:00:00,2022-09-11T09:00:00,2414000.0,2431000.0,2373000.0,2407000.0,38460.47103801,2407000.0,upbit,2026-06-28T04:34:13Z
KRW-ETH,2022-09-12T00:00:00,2022-09-12T09:00:00,2407000.0,2427000.0,2320000.0,2346000.0,60911.50652523,2346000.0,upbit,2026-06-28T04:34:13Z
KRW-ETH,2022-09-13T00:00:00,2022-09-13T09:00:00,2346000.0,2384000.0,2163000.0,2184000.0,107648.9831191,2184000.0,upbit,2026-06-28T04:34:13Z
KRW-ETH,2022-09-14T00:00:00,2022-09-14T09:00:00,2183000.0,2303000.0,2160000.0,2291000.0,74307.19599593,2291000.0,upbit,2026-06-28T04:34:13Z
KRW-ETH,2022-09-15T00:00:00,2022-09-15T09:00:00,2290000.0,2342000.0,2110000.0,2128000.0,176152.22708184,2128000.0,upbit,2026-06-28T04:34:13Z
KRW-ETH,2022-09-16T00:00:00,2022-09-16T09:00:00,2128000.0,2132000.0,2000000.0,2025000.0,76559.08373101,2025000.0,upbit,2026-06-28T04:34:13Z
KRW-ETH,2022-09-17T00:00:00,2022-09-17T09:00:00,2025000.0,2069000.0,1993500.0,2058000.0,46838.07809105,2058000.0,upbit,2026-06-28T04:34:13Z
KRW-ETH,2022-09-18T00:00:00,2022-09-18T09:00:00,2059000.0,2060000.0,1872000.0,1891500.0,75313.04333253,1891500.0,upbit,2026-06-28T04:34:13Z
KRW-ETH,2022-09-19T00:00:00,2022-09-19T09:00:00,1891500.0,1965000.0,1827500.0,1940500.0,94088.49472047,1940500.0,upbit,2026-06-28T04:34:13Z
KRW-ETH,2022-09-20T00:00:00,2022-09-20T09:00:00,1941000.0,1955000.0,1862000.0,1876000.0,46218.56556958,1876000.0,upbit,2026-06-28T04:34:13Z
KRW-ETH,2022-09-21T00:00:00,2022-09-21T09:00:00,1877000.0,1977000.0,1758000.0,1792000.0,92873.63134318,1792000.0,upbit,2026-06-28T04:34:13Z
KRW-ETH,2022-09-22T00:00:00,2022-09-22T09:00:00,1791000.0,1916500.0,1781500.0,1884500.0,77566.50325844,1884500.0,upbit,2026-06-28T04:34:13Z
KRW-ETH,2022-09-23T00:00:00,2022-09-23T09:00:00,1885000.0,1936000.0,1817500.0,1899500.0,76845.60696966,1899500.0,upbit,2026-06-28T04:34:13Z
KRW-ETH,2022-09-24T00:00:00,2022-09-24T09:00:00,1899000.0,1936500.0,1880000.0,1898500.0,35926.22204513,1898500.0,upbit,2026-06-28T04:34:13Z
KRW-ETH,2022-09-25T00:00:00,2022-09-25T09:00:00,1899500.0,1917000.0,1835000.0,1864000.0,31052.69584987,1864000.0,upbit,2026-06-28T04:34:13Z
KRW-ETH,2022-09-26T00:00:00,2022-09-26T09:00:00,1862000.0,1920000.0,1848000.0,1916000.0,47431.3927679,1916000.0,upbit,2026-06-28T04:34:13Z
KRW-ETH,2022-09-27T00:00:00,2022-09-27T09:00:00,1916000.0,1995000.0,1880500.0,1914000.0,73822.0026406,1914000.0,upbit,2026-06-28T04:34:13Z
KRW-ETH,2022-09-28T00:00:00,2022-09-28T09:00:00,1915500.0,1948000.0,1830000.0,1924000.0,64703.99805668,1924000.0,upbit,2026-06-28T04:34:13Z
KRW-ETH,2022-09-29T00:00:00,2022-09-29T09:00:00,1923000.0,1948000.0,1864500.0,1910500.0,51168.69648733,1910500.0,upbit,2026-06-28T04:34:13Z
KRW-ETH,2022-09-30T00:00:00,2022-09-30T09:00:00,1910000.0,1964000.0,1892500.0,1911000.0,43457.25421101,1911000.0,upbit,2026-06-28T04:34:13Z
KRW-ETH,2022-10-01T00:00:00,2022-10-01T09:00:00,1909000.0,1920000.0,1884500.0,1896500.0,16267.92768355,1896500.0,upbit,2026-06-28T04:34:13Z
KRW-ETH,2022-10-02T00:00:00,2022-10-02T09:00:00,1896500.0,1901500.0,1850000.0,1858500.0,20412.14703543,1858500.0,upbit,2026-06-28T04:34:13Z
KRW-ETH,2022-10-03T00:00:00,2022-10-03T09:00:00,1858500.0,1917500.0,1842500.0,1906000.0,26808.03074008,1906000.0,upbit,2026-06-28T04:34:13Z
KRW-ETH,2022-10-04T00:00:00,2022-10-04T09:00:00,1904500.0,1950000.0,1901500.0,1940000.0,33773.94138755,1940000.0,upbit,2026-06-28T04:34:13Z
KRW-ETH,2022-10-05T00:00:00,2022-10-05T09:00:00,1941000.0,1944500.0,1890000.0,1926000.0,32019.5797596,1926000.0,upbit,2026-06-28T04:34:13Z
KRW-ETH,2022-10-06T00:00:00,2022-10-06T09:00:00,1926000.0,1956500.0,1916000.0,1924500.0,34152.03550581,1924500.0,upbit,2026-06-28T04:34:13Z
KRW-ETH,2022-10-07T00:00:00,2022-10-07T09:00:00,1922500.0,1937500.0,1881500.0,1895500.0,30949.93175791,1895500.0,upbit,2026-06-28T04:34:13Z
KRW-ETH,2022-10-08T00:00:00,2022-10-08T09:00:00,1895000.0,1904000.0,1870000.0,1880000.0,13556.55780948,1880000.0,upbit,2026-06-28T04:34:13Z
KRW-ETH,2022-10-09T00:00:00,2022-10-09T09:00:00,1879000.0,1895500.0,1870500.0,1886000.0,10945.68468209,1886000.0,upbit,2026-06-28T04:34:13Z
KRW-ETH,2022-10-10T00:00:00,2022-10-10T09:00:00,1884000.0,1905000.0,1848000.0,1849500.0,21362.50137419,1849500.0,upbit,2026-06-28T04:34:13Z
KRW-ETH,2022-10-11T00:00:00,2022-10-11T09:00:00,1848000.0,1860000.0,1821500.0,1837000.0,25606.38459016,1837000.0,upbit,2026-06-28T04:34:13Z
KRW-ETH,2022-10-12T00:00:00,2022-10-12T09:00:00,1836500.0,1871500.0,1832500.0,1855500.0,16729.52029344,1855500.0,upbit,2026-06-28T04:34:13Z
KRW-ETH,2022-10-13T00:00:00,2022-10-13T09:00:00,1854000.0,1871500.0,1730500.0,1848000.0,62168.07247711,1848000.0,upbit,2026-06-28T04:34:13Z
KRW-ETH,2022-10-14T00:00:00,2022-10-14T09:00:00,1848000.0,1922000.0,1841500.0,1869000.0,37584.03472847,1869000.0,upbit,2026-06-28T04:34:13Z
KRW-ETH,2022-10-15T00:00:00,2022-10-15T09:00:00,1868500.0,1874500.0,1828000.0,1841000.0,12730.5289991,1841000.0,upbit,2026-06-28T04:34:13Z
KRW-ETH,2022-10-16T00:00:00,2022-10-16T09:00:00,1841000.0,1891500.0,1841000.0,1875000.0,11775.96745396,1875000.0,upbit,2026-06-28T04:34:13Z
KRW-ETH,2022-10-17T00:00:00,2022-10-17T09:00:00,1875000.0,1916000.0,1861000.0,1904500.0,22658.67867432,1904500.0,upbit,2026-06-28T04:34:13Z
KRW-ETH,2022-10-18T00:00:00,2022-10-18T09:00:00,1904500.0,1920000.0,1856500.0,1884500.0,26722.47034139,1884500.0,upbit,2026-06-28T04:34:13Z
KRW-ETH,2022-10-19T00:00:00,2022-10-19T09:00:00,1884500.0,1888000.0,1851000.0,1856500.0,19567.43082187,1856500.0,upbit,2026-06-28T04:34:13Z
KRW-ETH,2022-10-20T00:00:00,2022-10-20T09:00:00,1857000.0,1883000.0,1840000.0,1852500.0,19019.0417125,1852500.0,upbit,2026-06-28T04:34:13Z
KRW-ETH,2022-10-21T00:00:00,2022-10-21T09:00:00,1850500.0,1880000.0,1820500.0,1873000.0,21268.10721478,1873000.0,upbit,2026-06-28T04:34:13Z
KRW-ETH,2022-10-22T00:00:00,2022-10-22T09:00:00,1872000.0,1896500.0,1865000.0,1887000.0,12044.13378539,1887000.0,upbit,2026-06-28T04:34:13Z
KRW-ETH,2022-10-23T00:00:00,2022-10-23T09:00:00,1888500.0,1959500.0,1875000.0,1951500.0,22786.8753008,1951500.0,upbit,2026-06-28T04:34:13Z
KRW-ETH,2022-10-24T00:00:00,2022-10-24T09:00:00,1950000.0,1963000.0,1910000.0,1931500.0,24414.14305213,1931500.0,upbit,2026-06-28T04:34:13Z
KRW-ETH,2022-10-25T00:00:00,2022-10-25T09:00:00,1932000.0,2150000.0,1918000.0,2072000.0,63350.10661563,2072000.0,upbit,2026-06-28T04:34:13Z
KRW-ETH,2022-10-26T00:00:00,2022-10-26T09:00:00,2072000.0,2234000.0,2067000.0,2193000.0,79074.25710068,2193000.0,upbit,2026-06-28T04:34:13Z
KRW-ETH,2022-10-27T00:00:00,2022-10-27T09:00:00,2194000.0,2208000.0,2120000.0,2133000.0,53601.07121186,2133000.0,upbit,2026-06-28T04:34:13Z
KRW-ETH,2022-10-28T00:00:00,2022-10-28T09:00:00,2133000.0,2211000.0,2103000.0,2186000.0,45917.62433924,2186000.0,upbit,2026-06-28T04:34:13Z
KRW-ETH,2022-10-29T00:00:00,2022-10-29T09:00:00,2184000.0,2310000.0,2177000.0,2265000.0,59175.04040145,2265000.0,upbit,2026-06-28T04:34:13Z
KRW-ETH,2022-10-30T00:00:00,2022-10-30T09:00:00,2263000.0,2300000.0,2218000.0,2231000.0,29756.86074612,2231000.0,upbit,2026-06-28T04:34:13Z
KRW-ETH,2022-10-31T00:00:00,2022-10-31T09:00:00,2234000.0,2291000.0,2184000.0,2208000.0,38155.11993488,2208000.0,upbit,2026-06-28T04:34:13Z
KRW-ETH,2022-11-01T00:00:00,2022-11-01T09:00:00,2207000.0,2250000.0,2200000.0,2218000.0,26295.8236365,2218000.0,upbit,2026-06-28T04:34:13Z
KRW-ETH,2022-11-02T00:00:00,2022-11-02T09:00:00,2215000.0,2285000.0,2136000.0,2157000.0,55494.97503566,2157000.0,upbit,2026-06-28T04:34:13Z
KRW-ETH,2022-11-03T00:00:00,2022-11-03T09:00:00,2157000.0,2207000.0,2156000.0,2176000.0,25689.20587408,2176000.0,upbit,2026-06-28T04:34:13Z
KRW-ETH,2022-11-04T00:00:00,2022-11-04T09:00:00,2175000.0,2330000.0,2173000.0,2288000.0,58125.28789819,2288000.0,upbit,2026-06-28T04:34:13Z
KRW-ETH,2022-11-05T00:00:00,2022-11-05T09:00:00,2286000.0,2319000.0,2267000.0,2276000.0,25680.01447063,2276000.0,upbit,2026-06-28T04:34:13Z
KRW-ETH,2022-11-06T00:00:00,2022-11-06T09:00:00,2276000.0,2291000.0,2207000.0,2213000.0,19443.52880578,2213000.0,upbit,2026-06-28T04:34:13Z
KRW-ETH,2022-11-07T00:00:00,2022-11-07T09:00:00,2210000.0,2250000.0,2182000.0,2209000.0,32548.57903294,2209000.0,upbit,2026-06-28T04:34:13Z
KRW-ETH,2022-11-08T00:00:00,2022-11-08T09:00:00,2206000.0,2216000.0,1860000.0,1917000.0,162725.49897791,1917000.0,upbit,2026-06-28T04:34:13Z
KRW-ETH,2022-11-09T00:00:00,2022-11-09T09:00:00,1917000.0,1930000.0,1548500.0,1588500.0,258495.89406217,1588500.0,upbit,2026-06-28T04:34:13Z
KRW-ETH,2022-11-10T00:00:00,2022-11-10T09:00:00,1589500.0,1874500.0,1573500.0,1830000.0,208222.15128443,1830000.0,upbit,2026-06-28T04:34:13Z
KRW-ETH,2022-11-11T00:00:00,2022-11-11T09:00:00,1832000.0,1854000.0,1675000.0,1788500.0,130043.0206583,1788500.0,upbit,2026-06-28T04:34:13Z
KRW-ETH,2022-11-12T00:00:00,2022-11-12T09:00:00,1788000.0,1794500.0,1714500.0,1748500.0,58148.92357943,1748500.0,upbit,2026-06-28T04:34:13Z
KRW-ETH,2022-11-13T00:00:00,2022-11-13T09:00:00,1748500.0,1765000.0,1671500.0,1684000.0,64133.016662,1684000.0,upbit,2026-06-28T04:34:13Z
KRW-ETH,2022-11-14T00:00:00,2022-11-14T09:00:00,1684500.0,1763500.0,1583000.0,1695500.0,129820.89771468,1695500.0,upbit,2026-06-28T04:34:13Z
KRW-ETH,2022-11-15T00:00:00,2022-11-15T09:00:00,1695500.0,1751000.0,1682000.0,1708500.0,59212.91692913,1708500.0,upbit,2026-06-28T04:34:13Z
KRW-ETH,2022-11-16T00:00:00,2022-11-16T09:00:00,1707000.0,1725500.0,1640000.0,1678000.0,53914.82626128,1678000.0,upbit,2026-06-28T04:34:13Z
KRW-ETH,2022-11-17T00:00:00,2022-11-17T09:00:00,1675500.0,1687500.0,1630000.0,1654500.0,38325.42284165,1654500.0,upbit,2026-06-28T04:34:13Z
KRW-ETH,2022-11-18T00:00:00,2022-11-18T09:00:00,1654000.0,1690000.0,1653500.0,1674000.0,31570.66432163,1674000.0,upbit,2026-06-28T04:34:13Z
KRW-ETH,2022-11-19T00:00:00,2022-11-19T09:00:00,1674000.0,1700000.0,1662500.0,1683500.0,19004.32067435,1683500.0,upbit,2026-06-28T04:34:13Z
KRW-ETH,2022-11-20T00:00:00,2022-11-20T09:00:00,1683500.0,1691500.0,1586500.0,1600500.0,44970.21827324,1600500.0,upbit,2026-06-28T04:34:13Z
KRW-ETH,2022-11-21T00:00:00,2022-11-21T09:00:00,1601500.0,1604500.0,1530500.0,1560000.0,58130.11222646,1560000.0,upbit,2026-06-28T04:34:13Z
KRW-ETH,2022-11-22T00:00:00,2022-11-22T09:00:00,1560000.0,1593000.0,1516500.0,1586000.0,63393.44471679,1586000.0,upbit,2026-06-28T04:34:13Z
KRW-ETH,2022-11-23T00:00:00,2022-11-23T09:00:00,1585500.0,1644500.0,1575000.0,1639000.0,49509.39394667,1639000.0,upbit,2026-06-28T04:34:13Z
KRW-ETH,2022-11-24T00:00:00,2022-11-24T09:00:00,1639500.0,1673500.0,1625500.0,1648000.0,40350.7194246,1648000.0,upbit,2026-06-28T04:34:13Z
KRW-ETH,2022-11-25T00:00:00,2022-11-25T09:00:00,1647500.0,1651500.0,1602000.0,1645000.0,27212.06336001,1645000.0,upbit,2026-06-28T04:34:13Z
KRW-ETH,2022-11-26T00:00:00,2022-11-26T09:00:00,1645000.0,1689500.0,1643500.0,1659000.0,23198.99568381,1659000.0,upbit,2026-06-28T04:34:13Z
KRW-ETH,2022-11-27T00:00:00,2022-11-27T09:00:00,1659000.0,1678500.0,1641000.0,1648000.0,15501.31519788,1648000.0,upbit,2026-06-28T04:34:13Z
KRW-ETH,2022-11-28T00:00:00,2022-11-28T09:00:00,1645500.0,1651000.0,1600000.0,1609000.0,28742.94119608,1609000.0,upbit,2026-06-28T04:34:13Z
KRW-ETH,2022-11-29T00:00:00,2022-11-29T09:00:00,1609500.0,1672000.0,1595000.0,1657000.0,33161.62513414,1657000.0,upbit,2026-06-28T04:34:13Z
KRW-ETH,2022-11-30T00:00:00,2022-11-30T09:00:00,1657000.0,1766500.0,1655000.0,1752500.0,50982.60763895,1752500.0,upbit,2026-06-28T04:34:13Z
KRW-ETH,2022-12-01T00:00:00,2022-12-01T09:00:00,1752500.0,1754500.0,1710000.0,1729000.0,29415.60567537,1729000.0,upbit,2026-06-28T04:34:13Z
KRW-ETH,2022-12-02T00:00:00,2022-12-02T09:00:00,1729000.0,1742500.0,1701000.0,1735500.0,25238.85332789,1735500.0,upbit,2026-06-28T04:34:13Z
KRW-ETH,2022-12-03T00:00:00,2022-12-03T09:00:00,1735500.0,1747000.0,1675000.0,1679000.0,18346.12178334,1679000.0,upbit,2026-06-28T04:34:13Z
KRW-ETH,2022-12-04T00:00:00,2022-12-04T09:00:00,1679000.0,1722500.0,1677500.0,1713500.0,19206.2947805,1713500.0,upbit,2026-06-28T04:34:13Z
KRW-ETH,2022-12-05T00:00:00,2022-12-05T09:00:00,1712500.0,1736000.0,1678000.0,1688000.0,27626.89059598,1688000.0,upbit,2026-06-28T04:34:13Z
KRW-ETH,2022-12-06T00:00:00,2022-12-06T09:00:00,1688000.0,1702500.0,1668500.0,1699000.0,18723.2152135,1699000.0,upbit,2026-06-28T04:34:13Z
KRW-ETH,2022-12-07T00:00:00,2022-12-07T09:00:00,1699000.0,1706000.0,1634500.0,1651000.0,26828.18280443,1651000.0,upbit,2026-06-28T04:34:13Z
KRW-ETH,2022-12-08T00:00:00,2022-12-08T09:00:00,1651000.0,1720000.0,1640000.0,1703500.0,23448.70305849,1703500.0,upbit,2026-06-28T04:34:13Z
KRW-ETH,2022-12-09T00:00:00,2022-12-09T09:00:00,1703500.0,1722500.0,1680000.0,1685000.0,23495.11937177,1685000.0,upbit,2026-06-28T04:34:13Z
KRW-ETH,2022-12-10T00:00:00,2022-12-10T09:00:00,1685000.0,1707500.0,1681500.0,1687500.0,12815.65008258,1687500.0,upbit,2026-06-28T04:34:13Z
KRW-ETH,2022-12-11T00:00:00,2022-12-11T09:00:00,1687500.0,1704000.0,1675500.0,1683500.0,9875.75455867,1683500.0,upbit,2026-06-28T04:34:13Z
KRW-ETH,2022-12-12T00:00:00,2022-12-12T09:00:00,1682000.0,1696500.0,1652500.0,1694500.0,20297.26232075,1694500.0,upbit,2026-06-28T04:34:13Z
KRW-ETH,2022-12-13T00:00:00,2022-12-13T09:00:00,1693000.0,1762500.0,1658000.0,1721500.0,57381.66818205,1721500.0,upbit,2026-06-28T04:34:13Z
KRW-ETH,2022-12-14T00:00:00,2022-12-14T09:00:00,1721500.0,1761000.0,1706500.0,1707500.0,32061.15570552,1707500.0,upbit,2026-06-28T04:34:13Z
KRW-ETH,2022-12-15T00:00:00,2022-12-15T09:00:00,1708000.0,1717000.0,1666500.0,1674000.0,26876.15691993,1674000.0,upbit,2026-06-28T04:34:13Z
KRW-ETH,2022-12-16T00:00:00,2022-12-16T09:00:00,1674000.0,1682500.0,1547500.0,1563500.0,57734.68015563,1563500.0,upbit,2026-06-28T04:34:13Z
KRW-ETH,2022-12-17T00:00:00,2022-12-17T09:00:00,1563000.0,1575500.0,1538500.0,1575000.0,26096.69784848,1575000.0,upbit,2026-06-28T04:34:13Z
KRW-ETH,2022-12-18T00:00:00,2022-12-18T09:00:00,1574500.0,1584000.0,1557500.0,1571000.0,13864.55169752,1571000.0,upbit,2026-06-28T04:34:13Z
KRW-ETH,2022-12-19T00:00:00,2022-12-19T09:00:00,1570500.0,1580000.0,1518500.0,1537000.0,22686.95713957,1537000.0,upbit,2026-06-28T04:34:13Z
KRW-ETH,2022-12-20T00:00:00,2022-12-20T09:00:00,1537000.0,1603000.0,1531500.0,1586000.0,38125.49864738,1586000.0,upbit,2026-06-28T04:34:13Z
KRW-ETH,2022-12-21T00:00:00,2022-12-21T09:00:00,1584000.0,1595000.0,1569500.0,1582500.0,21225.55903531,1582500.0,upbit,2026-06-28T04:34:13Z
KRW-ETH,2022-12-22T00:00:00,2022-12-22T09:00:00,1582500.0,1609000.0,1546500.0,1583000.0,24386.49342984,1583000.0,upbit,2026-06-28T04:34:13Z
KRW-ETH,2022-12-23T00:00:00,2022-12-23T09:00:00,1583000.0,1600000.0,1575500.0,1588500.0,19943.34580122,1588500.0,upbit,2026-06-28T04:34:13Z
KRW-ETH,2022-12-24T00:00:00,2022-12-24T09:00:00,1588500.0,1599000.0,1584000.0,1590500.0,7103.47327831,1590500.0,upbit,2026-06-28T04:34:13Z
KRW-ETH,2022-12-25T00:00:00,2022-12-25T09:00:00,1590500.0,1596500.0,1560000.0,1580500.0,11979.05613206,1580500.0,upbit,2026-06-28T04:34:13Z
KRW-ETH,2022-12-26T00:00:00,2022-12-26T09:00:00,1580500.0,1582500.0,1557500.0,1573500.0,13217.72941708,1573500.0,upbit,2026-06-28T04:34:13Z
KRW-ETH,2022-12-27T00:00:00,2022-12-27T09:00:00,1573000.0,1580000.0,1538500.0,1547000.0,14958.7106907,1547000.0,upbit,2026-06-28T04:34:13Z
KRW-ETH,2022-12-28T00:00:00,2022-12-28T09:00:00,1547000.0,1549500.0,1506000.0,1514500.0,30225.1559503,1514500.0,upbit,2026-06-28T04:34:13Z
KRW-ETH,2022-12-29T00:00:00,2022-12-29T09:00:00,1514500.0,1541000.0,1503000.0,1531500.0,20298.10904091,1531500.0,upbit,2026-06-28T04:34:13Z
KRW-ETH,2022-12-30T00:00:00,2022-12-30T09:00:00,1530000.0,1532000.0,1500000.0,1524000.0,19483.61525262,1524000.0,upbit,2026-06-28T04:34:13Z
KRW-ETH,2022-12-31T00:00:00,2022-12-31T09:00:00,1524000.0,1537000.0,1514000.0,1525000.0,10909.81178105,1525000.0,upbit,2026-06-28T04:34:13Z
KRW-ETH,2023-01-01T00:00:00,2023-01-01T09:00:00,1524000.0,1535500.0,1519000.0,1528000.0,6939.24978598,1528000.0,upbit,2026-06-28T04:34:13Z
KRW-ETH,2023-01-02T00:00:00,2023-01-02T09:00:00,1526500.0,1559500.0,1517500.0,1543500.0,15985.15740468,1543500.0,upbit,2026-06-28T04:34:13Z
KRW-ETH,2023-01-03T00:00:00,2023-01-03T09:00:00,1542500.0,1561000.0,1541500.0,1554500.0,13129.52565995,1554500.0,upbit,2026-06-28T04:34:13Z
KRW-ETH,2023-01-04T00:00:00,2023-01-04T09:00:00,1554500.0,1622500.0,1553500.0,1610000.0,24454.26040321,1610000.0,upbit,2026-06-28T04:34:13Z
KRW-ETH,2023-01-05T00:00:00,2023-01-05T09:00:00,1610000.0,1614000.0,1589000.0,1602500.0,15009.41414501,1602500.0,upbit,2026-06-28T04:34:13Z
KRW-ETH,2023-01-06T00:00:00,2023-01-06T09:00:00,1602500.0,1619500.0,1575500.0,1610000.0,17944.20535514,1610000.0,upbit,2026-06-28T04:34:13Z
KRW-ETH,2023-01-07T00:00:00,2023-01-07T09:00:00,1609500.0,1615500.0,1603500.0,1609000.0,8188.42654967,1609000.0,upbit,2026-06-28T04:34:13Z
KRW-ETH,2023-01-08T00:00:00,2023-01-08T09:00:00,1608000.0,1639500.0,1600000.0,1634500.0,9740.45544412,1634500.0,upbit,2026-06-28T04:34:13Z
KRW-ETH,2023-01-09T00:00:00,2023-01-09T09:00:00,1633500.0,1688000.0,1627000.0,1663500.0,27871.12087451,1663500.0,upbit,2026-06-28T04:34:13Z
KRW-ETH,2023-01-10T00:00:00,2023-01-10T09:00:00,1661000.0,1693000.0,1654500.0,1680500.0,19557.02169213,1680500.0,upbit,2026-06-28T04:34:13Z
KRW-ETH,2023-01-11T00:00:00,2023-01-11T09:00:00,1680500.0,1745000.0,1668000.0,1739500.0,20554.06036094,1739500.0,upbit,2026-06-28T04:34:13Z
KRW-ETH,2023-01-12T00:00:00,2023-01-12T09:00:00,1738000.0,1800000.0,1718500.0,1770500.0,47485.94533828,1770500.0,upbit,2026-06-28T04:34:13Z
KRW-ETH,2023-01-13T00:00:00,2023-01-13T09:00:00,1770000.0,1824000.0,1753000.0,1807000.0,34629.79180923,1807000.0,upbit,2026-06-28T04:34:13Z
KRW-ETH,2023-01-14T00:00:00,2023-01-14T09:00:00,1807000.0,1947500.0,1803500.0,1912000.0,90423.82535039,1912000.0,upbit,2026-06-28T04:34:13Z
KRW-ETH,2023-01-15T00:00:00,2023-01-15T09:00:00,1912000.0,1936000.0,1876000.0,1921000.0,24401.15547827,1921000.0,upbit,2026-06-28T04:34:13Z
KRW-ETH,2023-01-16T00:00:00,2023-01-16T09:00:00,1922000.0,1988000.0,1895000.0,1961000.0,31947.05590299,1961000.0,upbit,2026-06-28T04:34:13Z
KRW-ETH,2023-01-17T00:00:00,2023-01-17T09:00:00,1959500.0,1988000.0,1918500.0,1945000.0,25945.82345604,1945000.0,upbit,2026-06-28T04:34:13Z
KRW-ETH,2023-01-18T00:00:00,2023-01-18T09:00:00,1945000.0,1995000.0,1875000.0,1881000.0,48284.07794865,1881000.0,upbit,2026-06-28T04:34:13Z
KRW-ETH,2023-01-19T00:00:00,2023-01-19T09:00:00,1880500.0,1943500.0,1876000.0,1931500.0,20150.04124129,1931500.0,upbit,2026-06-28T04:34:13Z
KRW-ETH,2023-01-20T00:00:00,2023-01-20T09:00:00,1929000.0,2060000.0,1926000.0,2050000.0,30816.94716617,2050000.0,upbit,2026-06-28T04:34:13Z
KRW-ETH,2023-01-21T00:00:00,2023-01-21T09:00:00,2049000.0,2091000.0,2020000.0,2025000.0,37878.83663199,2025000.0,upbit,2026-06-28T04:34:13Z
KRW-ETH,2023-01-22T00:00:00,2023-01-22T09:00:00,2025000.0,2065000.0,2011000.0,2036000.0,20565.76734139,2036000.0,upbit,2026-06-28T04:34:13Z
KRW-ETH,2023-01-23T00:00:00,2023-01-23T09:00:00,2033000.0,2055000.0,1995000.0,2032000.0,22976.03736418,2032000.0,upbit,2026-06-28T04:34:13Z
KRW-ETH,2023-01-24T00:00:00,2023-01-24T09:00:00,2032000.0,2053000.0,1926000.0,1951500.0,30171.07216408,1951500.0,upbit,2026-06-28T04:34:13Z
KRW-ETH,2023-01-25T00:00:00,2023-01-25T09:00:00,1950500.0,2036000.0,1904000.0,2008000.0,38782.30756307,2008000.0,upbit,2026-06-28T04:34:13Z
KRW-ETH,2023-01-26T00:00:00,2023-01-26T09:00:00,2008000.0,2034000.0,1990000.0,2014000.0,23814.51888877,2014000.0,upbit,2026-06-28T04:34:13Z
KRW-ETH,2023-01-27T00:00:00,2023-01-27T09:00:00,2014000.0,2025000.0,1960500.0,2005000.0,24645.68520936,2005000.0,upbit,2026-06-28T04:34:13Z
KRW-ETH,2023-01-28T00:00:00,2023-01-28T09:00:00,2006000.0,2016000.0,1970000.0,1987000.0,15830.04379059,1987000.0,upbit,2026-06-28T04:34:13Z
KRW-ETH,2023-01-29T00:00:00,2023-01-29T09:00:00,1987000.0,2073000.0,1980500.0,2055000.0,28137.01155837,2055000.0,upbit,2026-06-28T04:34:13Z
KRW-ETH,2023-01-30T00:00:00,2023-01-30T09:00:00,2054000.0,2060000.0,1938000.0,1969500.0,34622.60834159,1969500.0,upbit,2026-06-28T04:34:13Z
KRW-ETH,2023-01-31T00:00:00,2023-01-31T09:00:00,1969500.0,2011000.0,1952000.0,1992500.0,21724.12665767,1992500.0,upbit,2026-06-28T04:34:13Z
KRW-ETH,2023-02-01T00:00:00,2023-02-01T09:00:00,1992500.0,2060000.0,1957500.0,2048000.0,32184.49044106,2048000.0,upbit,2026-06-28T04:34:13Z
KRW-ETH,2023-02-02T00:00:00,2023-02-02T09:00:00,2046000.0,2138000.0,2046000.0,2072000.0,39206.03462398,2072000.0,upbit,2026-06-28T04:34:13Z
KRW-ETH,2023-02-03T00:00:00,2023-02-03T09:00:00,2068000.0,2101000.0,2047000.0,2091000.0,28141.30390457,2091000.0,upbit,2026-06-28T04:34:13Z
KRW-ETH,2023-02-04T00:00:00,2023-02-04T09:00:00,2089000.0,2130000.0,2080000.0,2098000.0,17423.07542741,2098000.0,upbit,2026-06-28T04:34:13Z
KRW-ETH,2023-02-05T00:00:00,2023-02-05T09:00:00,2098000.0,2110000.0,2040000.0,2058000.0,22748.59299063,2058000.0,upbit,2026-06-28T04:34:13Z
KRW-ETH,2023-02-06T00:00:00,2023-02-06T09:00:00,2058000.0,2106000.0,2035000.0,2070000.0,23958.11129238,2070000.0,upbit,2026-06-28T04:34:13Z
KRW-ETH,2023-02-07T00:00:00,2023-02-07T09:00:00,2070000.0,2121000.0,2067000.0,2116000.0,26775.07269888,2116000.0,upbit,2026-06-28T04:34:13Z
KRW-ETH,2023-02-08T00:00:00,2023-02-08T09:00:00,2116000.0,2141000.0,2083000.0,2105000.0,24319.28089463,2105000.0,upbit,2026-06-28T04:34:13Z
KRW-ETH,2023-02-09T00:00:00,2023-02-09T09:00:00,2105000.0,2113000.0,1987000.0,1997500.0,38116.9182666,1997500.0,upbit,2026-06-28T04:34:13Z
KRW-ETH,2023-02-10T00:00:00,2023-02-10T09:00:00,1997500.0,2007000.0,1942500.0,1968500.0,30826.68228942,1968500.0,upbit,2026-06-28T04:34:13Z
KRW-ETH,2023-02-11T00:00:00,2023-02-11T09:00:00,1969000.0,1998500.0,1962000.0,1996500.0,11283.77242243,1996500.0,upbit,2026-06-28T04:34:13Z
KRW-ETH,2023-02-12T00:00:00,2023-02-12T09:00:00,1996500.0,1999000.0,1947000.0,1965500.0,12255.51122468,1965500.0,upbit,2026-06-28T04:34:13Z
KRW-ETH,2023-02-13T00:00:00,2023-02-13T09:00:00,1965500.0,1977000.0,1908000.0,1957500.0,24013.81481564,1957500.0,upbit,2026-06-28T04:34:13Z
KRW-ETH,2023-02-14T00:00:00,2023-02-14T09:00:00,1958500.0,2022000.0,1926500.0,2016000.0,30715.37434156,2016000.0,upbit,2026-06-28T04:34:13Z
KRW-ETH,2023-02-15T00:00:00,2023-02-15T09:00:00,2015000.0,2161000.0,2002000.0,2148000.0,40171.95514925,2148000.0,upbit,2026-06-28T04:34:13Z
KRW-ETH,2023-02-16T00:00:00,2023-02-16T09:00:00,2148000.0,2238000.0,2109000.0,2119000.0,46336.61980939,2119000.0,upbit,2026-06-28T04:34:13Z
KRW-ETH,2023-02-17T00:00:00,2023-02-17T09:00:00,2119000.0,2211000.0,2110000.0,2182000.0,28593.91282163,2182000.0,upbit,2026-06-28T04:34:13Z
KRW-ETH,2023-02-18T00:00:00,2023-02-18T09:00:00,2182000.0,2203000.0,2171000.0,2183000.0,12752.74176602,2183000.0,upbit,2026-06-28T04:34:13Z
KRW-ETH,2023-02-19T00:00:00,2023-02-19T09:00:00,2183000.0,2215000.0,2165000.0,2176000.0,17396.48168394,2176000.0,upbit,2026-06-28T04:34:13Z
KRW-ETH,2023-02-20T00:00:00,2023-02-20T09:00:00,2173000.0,2211000.0,2144000.0,2187000.0,23634.93365643,2187000.0,upbit,2026-06-28T04:34:13Z
KRW-ETH,2023-02-21T00:00:00,2023-02-21T09:00:00,2185000.0,2213000.0,2134000.0,2153000.0,25780.5372663,2153000.0,upbit,2026-06-28T04:34:13Z
KRW-ETH,2023-02-22T00:00:00,2023-02-22T09:00:00,2153000.0,2166000.0,2095000.0,2151000.0,21781.47976324,2151000.0,upbit,2026-06-28T04:34:13Z
KRW-ETH,2023-02-23T00:00:00,2023-02-23T09:00:00,2151000.0,2182000.0,2132000.0,2164000.0,19451.10183339,2164000.0,upbit,2026-06-28T04:34:13Z
KRW-ETH,2023-02-24T00:00:00,2023-02-24T09:00:00,2161000.0,2173000.0,2101000.0,2142000.0,20676.0305149,2142000.0,upbit,2026-06-28T04:34:13Z
KRW-ETH,2023-02-25T00:00:00,2023-02-25T09:00:00,2138000.0,2142000.0,2090000.0,2132000.0,10833.04554015,2132000.0,upbit,2026-06-28T04:34:13Z
KRW-ETH,2023-02-26T00:00:00,2023-02-26T09:00:00,2132000.0,2184000.0,2113000.0,2178000.0,12162.92540296,2178000.0,upbit,2026-06-28T04:34:13Z
KRW-ETH,2023-02-27T00:00:00,2023-02-27T09:00:00,2178000.0,2210000.0,2150000.0,2174000.0,20636.19825638,2174000.0,upbit,2026-06-28T04:34:13Z
KRW-ETH,2023-02-28T00:00:00,2023-02-28T09:00:00,2175000.0,2188000.0,2145000.0,2150000.0,15149.45803341,2150000.0,upbit,2026-06-28T04:34:13Z
KRW-ETH,2023-03-01T00:00:00,2023-03-01T09:00:00,2153000.0,2200000.0,2135000.0,2194000.0,17948.88144113,2194000.0,upbit,2026-06-28T04:34:13Z
KRW-ETH,2023-03-02T00:00:00,2023-03-02T09:00:00,2194000.0,2205000.0,2151000.0,2183000.0,17265.46065718,2183000.0,upbit,2026-06-28T04:34:13Z
KRW-ETH,2023-03-03T00:00:00,2023-03-03T09:00:00,2182000.0,2187000.0,2061000.0,2084000.0,31622.52544171,2084000.0,upbit,2026-06-28T04:34:13Z
KRW-ETH,2023-03-04T00:00:00,2023-03-04T09:00:00,2085000.0,2104000.0,2082000.0,2092000.0,9649.95960847,2092000.0,upbit,2026-06-28T04:34:13Z
KRW-ETH,2023-03-05T00:00:00,2023-03-05T09:00:00,2091000.0,2110000.0,2072000.0,2092000.0,10317.26137593,2092000.0,upbit,2026-06-28T04:34:13Z
KRW-ETH,2023-03-06T00:00:00,2023-03-06T09:00:00,2092000.0,2105000.0,2066000.0,2080000.0,10036.33871283,2080000.0,upbit,2026-06-28T04:34:13Z
KRW-ETH,2023-03-07T00:00:00,2023-03-07T09:00:00,2080000.0,2106000.0,2049000.0,2077000.0,17959.0162593,2077000.0,upbit,2026-06-28T04:34:13Z
KRW-ETH,2023-03-08T00:00:00,2023-03-08T09:00:00,2077000.0,2089000.0,2045000.0,2050000.0,14602.47360275,2050000.0,upbit,2026-06-28T04:34:13Z
KRW-ETH,2023-03-09T00:00:00,2023-03-09T09:00:00,2052000.0,2069000.0,1930000.0,1948000.0,26425.69235116,1948000.0,upbit,2026-06-28T04:34:13Z
KRW-ETH,2023-03-10T00:00:00,2023-03-10T09:00:00,1948500.0,1949000.0,1870000.0,1936000.0,36619.65255686,1936000.0,upbit,2026-06-28T04:34:13Z
KRW-ETH,2023-03-11T00:00:00,2023-03-11T09:00:00,1937000.0,1999500.0,1914500.0,1993500.0,33283.89089861,1993500.0,upbit,2026-06-28T04:34:13Z
KRW-ETH,2023-03-12T00:00:00,2023-03-12T09:00:00,1992000.0,2109000.0,1947500.0,2098000.0,31187.49325864,2098000.0,upbit,2026-06-28T04:34:13Z
KRW-ETH,2023-03-13T00:00:00,2023-03-13T09:00:00,2096000.0,2218000.0,2070000.0,2200000.0,56367.30900385,2200000.0,upbit,2026-06-28T04:34:13Z
KRW-ETH,2023-03-14T00:00:00,2023-03-14T09:00:00,2200000.0,2319000.0,2169000.0,2235000.0,65616.34345179,2235000.0,upbit,2026-06-28T04:34:13Z
KRW-ETH,2023-03-15T00:00:00,2023-03-15T09:00:00,2236000.0,2264000.0,2165000.0,2209000.0,36147.4991288,2209000.0,upbit,2026-06-28T04:34:13Z
KRW-ETH,2023-03-16T00:00:00,2023-03-16T09:00:00,2209000.0,2250000.0,2185000.0,2230000.0,17760.27360209,2230000.0,upbit,2026-06-28T04:34:13Z
KRW-ETH,2023-03-17T00:00:00,2023-03-17T09:00:00,2229000.0,2374000.0,2222000.0,2361000.0,44140.65590116,2361000.0,upbit,2026-06-28T04:34:13Z
KRW-ETH,2023-03-18T00:00:00,2023-03-18T09:00:00,2361000.0,2427000.0,2333000.0,2338000.0,34753.80351268,2338000.0,upbit,2026-06-28T04:34:13Z
KRW-ETH,2023-03-19T00:00:00,2023-03-19T09:00:00,2336000.0,2429000.0,2335000.0,2371000.0,20426.02416302,2371000.0,upbit,2026-06-28T04:34:13Z
KRW-ETH,2023-03-20T00:00:00,2023-03-20T09:00:00,2371000.0,2393000.0,2317000.0,2328000.0,25048.21222605,2328000.0,upbit,2026-06-28T04:34:13Z
KRW-ETH,2023-03-21T00:00:00,2023-03-21T09:00:00,2328000.0,2436000.0,2295000.0,2385000.0,34771.89706446,2385000.0,upbit,2026-06-28T04:34:13Z
KRW-ETH,2023-03-22T00:00:00,2023-03-22T09:00:00,2385000.0,2414000.0,2281000.0,2312000.0,32597.51391096,2312000.0,upbit,2026-06-28T04:34:13Z
KRW-ETH,2023-03-23T00:00:00,2023-03-23T09:00:00,2312000.0,2427000.0,2280000.0,2390000.0,31298.49369139,2390000.0,upbit,2026-06-28T04:34:13Z
KRW-ETH,2023-03-24T00:00:00,2023-03-24T09:00:00,2392000.0,2403000.0,2322000.0,2344000.0,28578.75911508,2344000.0,upbit,2026-06-28T04:34:13Z
KRW-ETH,2023-03-25T00:00:00,2023-03-25T09:00:00,2344000.0,2351000.0,2305000.0,2328000.0,10121.52559915,2328000.0,upbit,2026-06-28T04:34:13Z
KRW-ETH,2023-03-26T00:00:00,2023-03-26T09:00:00,2332000.0,2388000.0,2323000.0,2354000.0,11780.23911254,2354000.0,upbit,2026-06-28T04:34:13Z
KRW-ETH,2023-03-27T00:00:00,2023-03-27T09:00:00,2356000.0,2374000.0,2256000.0,2287000.0,21506.02939894,2287000.0,upbit,2026-06-28T04:34:13Z
KRW-ETH,2023-03-28T00:00:00,2023-03-28T09:00:00,2284000.0,2363000.0,2260000.0,2340000.0,20430.38688311,2340000.0,upbit,2026-06-28T04:34:13Z
KRW-ETH,2023-03-29T00:00:00,2023-03-29T09:00:00,2340000.0,2408000.0,2340000.0,2369000.0,28879.9968053,2369000.0,upbit,2026-06-28T04:34:13Z
KRW-ETH,2023-03-30T00:00:00,2023-03-30T09:00:00,2367000.0,2406000.0,2345000.0,2377000.0,24965.03109193,2377000.0,upbit,2026-06-28T04:34:13Z
KRW-ETH,2023-03-31T00:00:00,2023-03-31T09:00:00,2377000.0,2436000.0,2361000.0,2402000.0,26968.73809818,2402000.0,upbit,2026-06-28T04:34:13Z
KRW-ETH,2023-04-01T00:00:00,2023-04-01T09:00:00,2402000.0,2426000.0,2398000.0,2406000.0,10847.76909492,2406000.0,upbit,2026-06-28T04:34:13Z
KRW-ETH,2023-04-02T00:00:00,2023-04-02T09:00:00,2406000.0,2409000.0,2355000.0,2375000.0,12746.09523314,2375000.0,upbit,2026-06-28T04:34:13Z
KRW-ETH,2023-04-03T00:00:00,2023-04-03T09:00:00,2378000.0,2424000.0,2352000.0,2395000.0,19475.72390999,2395000.0,upbit,2026-06-28T04:34:13Z
KRW-ETH,2023-04-04T00:00:00,2023-04-04T09:00:00,2395000.0,2494000.0,2389000.0,2471000.0,28876.66058731,2471000.0,upbit,2026-06-28T04:34:13Z
KRW-ETH,2023-04-05T00:00:00,2023-04-05T09:00:00,2471000.0,2550000.0,2461000.0,2516000.0,30301.7991432,2516000.0,upbit,2026-06-28T04:34:13Z
KRW-ETH,2023-04-06T00:00:00,2023-04-06T09:00:00,2516000.0,2521000.0,2458000.0,2475000.0,20632.75137047,2475000.0,upbit,2026-06-28T04:34:13Z
KRW-ETH,2023-04-07T00:00:00,2023-04-07T09:00:00,2477000.0,2494000.0,2446000.0,2471000.0,12034.72253608,2471000.0,upbit,2026-06-28T04:34:13Z
KRW-ETH,2023-04-08T00:00:00,2023-04-08T09:00:00,2471000.0,2484000.0,2452000.0,2454000.0,7057.81692957,2454000.0,upbit,2026-06-28T04:34:13Z
KRW-ETH,2023-04-09T00:00:00,2023-04-09T09:00:00,2454000.0,2472000.0,2421000.0,2450000.0,12129.28557316,2450000.0,upbit,2026-06-28T04:34:13Z
KRW-ETH,2023-04-10T00:00:00,2023-04-10T09:00:00,2450000.0,2520000.0,2441000.0,2511000.0,17427.94384456,2511000.0,upbit,2026-06-28T04:34:13Z
KRW-ETH,2023-04-11T00:00:00,2023-04-11T09:00:00,2509000.0,2545000.0,2495000.0,2505000.0,24009.28116064,2505000.0,upbit,2026-06-28T04:34:13Z
KRW-ETH,2023-04-12T00:00:00,2023-04-12T09:00:00,2506000.0,2560000.0,2460000.0,2537000.0,31521.72874403,2537000.0,upbit,2026-06-28T04:34:13Z
KRW-ETH,2023-04-13T00:00:00,2023-04-13T09:00:00,2537000.0,2656000.0,2516000.0,2641000.0,35824.11464467,2641000.0,upbit,2026-06-28T04:34:13Z
KRW-ETH,2023-04-14T00:00:00,2023-04-14T09:00:00,2642000.0,2780000.0,2638000.0,2745000.0,45288.73775493,2745000.0,upbit,2026-06-28T04:34:13Z
KRW-ETH,2023-04-15T00:00:00,2023-04-15T09:00:00,2745000.0,2773000.0,2720000.0,2750000.0,12806.38762872,2750000.0,upbit,2026-06-28T04:34:13Z
KRW-ETH,2023-04-16T00:00:00,2023-04-16T09:00:00,2750000.0,2795000.0,2732000.0,2765000.0,12624.6706927,2765000.0,upbit,2026-06-28T04:34:13Z
KRW-ETH,2023-04-17T00:00:00,2023-04-17T09:00:00,2765000.0,2769000.0,2706000.0,2727000.0,18527.94558241,2727000.0,upbit,2026-06-28T04:34:13Z
KRW-ETH,2023-04-18T00:00:00,2023-04-18T09:00:00,2727000.0,2778000.0,2696000.0,2744000.0,17399.51990878,2744000.0,upbit,2026-06-28T04:34:13Z
KRW-ETH,2023-04-19T00:00:00,2023-04-19T09:00:00,2744000.0,2749000.0,2560000.0,2576000.0,33266.47616791,2576000.0,upbit,2026-06-28T04:34:13Z
KRW-ETH,2023-04-20T00:00:00,2023-04-20T09:00:00,2574000.0,2627000.0,2553000.0,2588000.0,26018.33757155,2588000.0,upbit,2026-06-28T04:34:13Z
KRW-ETH,2023-04-21T00:00:00,2023-04-21T09:00:00,2588000.0,2601000.0,2440000.0,2464000.0,28112.65765096,2464000.0,upbit,2026-06-28T04:34:13Z
KRW-ETH,2023-04-22T00:00:00,2023-04-22T09:00:00,2464000.0,2521000.0,2450000.0,2509000.0,14383.17251671,2509000.0,upbit,2026-06-28T04:34:13Z
KRW-ETH,2023-04-23T00:00:00,2023-04-23T09:00:00,2508000.0,2510000.0,2469000.0,2487000.0,8445.29357528,2487000.0,upbit,2026-06-28T04:34:13Z
KRW-ETH,2023-04-24T00:00:00,2023-04-24T09:00:00,2487000.0,2515000.0,2425000.0,2460000.0,15285.39474523,2460000.0,upbit,2026-06-28T04:34:13Z
KRW-ETH,2023-04-25T00:00:00,2023-04-25T09:00:00,2460000.0,2517000.0,2416000.0,2499000.0,15944.07589604,2499000.0,upbit,2026-06-28T04:34:13Z
KRW-ETH,2023-04-26T00:00:00,2023-04-26T09:00:00,2498000.0,2610000.0,2406000.0,2498000.0,36057.5956763,2498000.0,upbit,2026-06-28T04:34:13Z
KRW-ETH,2023-04-27T00:00:00,2023-04-27T09:00:00,2494000.0,2588000.0,2491000.0,2544000.0,20899.40978255,2544000.0,upbit,2026-06-28T04:34:13Z
KRW-ETH,2023-04-28T00:00:00,2023-04-28T09:00:00,2544000.0,2563000.0,2511000.0,2523000.0,11671.39567975,2523000.0,upbit,2026-06-28T04:34:13Z
KRW-ETH,2023-04-29T00:00:00,2023-04-29T09:00:00,2524000.0,2554000.0,2515000.0,2541000.0,6967.72424274,2541000.0,upbit,2026-06-28T04:34:13Z
KRW-ETH,2023-04-30T00:00:00,2023-04-30T09:00:00,2541000.0,2580000.0,2505000.0,2506000.0,11586.19455054,2506000.0,upbit,2026-06-28T04:34:13Z
KRW-ETH,2023-05-01T00:00:00,2023-05-01T09:00:00,2506000.0,2529000.0,2437000.0,2461000.0,15709.55278897,2461000.0,upbit,2026-06-28T04:34:13Z
KRW-ETH,2023-05-02T00:00:00,2023-05-02T09:00:00,2462000.0,2522000.0,2443000.0,2504000.0,11158.90118877,2504000.0,upbit,2026-06-28T04:34:13Z
KRW-ETH,2023-05-03T00:00:00,2023-05-03T09:00:00,2502000.0,2561000.0,2475000.0,2542000.0,14557.35902083,2542000.0,upbit,2026-06-28T04:34:13Z
KRW-ETH,2023-05-04T00:00:00,2023-05-04T09:00:00,2540000.0,2556000.0,2503000.0,2509000.0,11725.09750625,2509000.0,upbit,2026-06-28T04:34:13Z
KRW-ETH,2023-05-05T00:00:00,2023-05-05T09:00:00,2509000.0,2655000.0,2507000.0,2639000.0,25859.92550711,2639000.0,upbit,2026-06-28T04:34:13Z
KRW-ETH,2023-05-06T00:00:00,2023-05-06T09:00:00,2638000.0,2674000.0,2501000.0,2540000.0,27430.42628511,2540000.0,upbit,2026-06-28T04:34:13Z
KRW-ETH,2023-05-07T00:00:00,2023-05-07T09:00:00,2541000.0,2576000.0,2509000.0,2510000.0,14244.18122268,2510000.0,upbit,2026-06-28T04:34:13Z
KRW-ETH,2023-05-08T00:00:00,2023-05-08T09:00:00,2510000.0,2527000.0,2455000.0,2486000.0,22088.99092266,2486000.0,upbit,2026-06-28T04:34:13Z
KRW-ETH,2023-05-09T00:00:00,2023-05-09T09:00:00,2486000.0,2504000.0,2457000.0,2483000.0,13839.66285181,2483000.0,upbit,2026-06-28T04:34:13Z
KRW-ETH,2023-05-10T00:00:00,2023-05-10T09:00:00,2483000.0,2531000.0,2439000.0,2469000.0,19391.12775649,2469000.0,upbit,2026-06-28T04:34:13Z
KRW-ETH,2023-05-11T00:00:00,2023-05-11T09:00:00,2469000.0,2477000.0,2410000.0,2421000.0,13047.85646707,2421000.0,upbit,2026-06-28T04:34:13Z
KRW-ETH,2023-05-12T00:00:00,2023-05-12T09:00:00,2421000.0,2465000.0,2350000.0,2452000.0,17564.99947666,2452000.0,upbit,2026-06-28T04:34:13Z
KRW-ETH,2023-05-13T00:00:00,2023-05-13T09:00:00,2450000.0,2465000.0,2426000.0,2441000.0,7265.30463506,2441000.0,upbit,2026-06-28T04:34:13Z
KRW-ETH,2023-05-14T00:00:00,2023-05-14T09:00:00,2441000.0,2465000.0,2434000.0,2436000.0,7164.85102746,2436000.0,upbit,2026-06-28T04:34:13Z
KRW-ETH,2023-05-15T00:00:00,2023-05-15T09:00:00,2435000.0,2487000.0,2418000.0,2448000.0,12176.26025979,2448000.0,upbit,2026-06-28T04:34:13Z
KRW-ETH,2023-05-16T00:00:00,2023-05-16T09:00:00,2448000.0,2473000.0,2430000.0,2455000.0,8888.33191864,2455000.0,upbit,2026-06-28T04:34:13Z
KRW-ETH,2023-05-17T00:00:00,2023-05-17T09:00:00,2455000.0,2472000.0,2416000.0,2442000.0,11156.72231935,2442000.0,upbit,2026-06-28T04:34:13Z
KRW-ETH,2023-05-18T00:00:00,2023-05-18T09:00:00,2442000.0,2460000.0,2405000.0,2432000.0,8501.05575966,2432000.0,upbit,2026-06-28T04:34:13Z
KRW-ETH,2023-05-19T00:00:00,2023-05-19T09:00:00,2433000.0,2455000.0,2418000.0,2435000.0,6455.63854209,2435000.0,upbit,2026-06-28T04:34:13Z
KRW-ETH,2023-05-20T00:00:00,2023-05-20T09:00:00,2435000.0,2458000.0,2433000.0,2444000.0,3593.67667048,2444000.0,upbit,2026-06-28T04:34:13Z
KRW-ETH,2023-05-21T00:00:00,2023-05-21T09:00:00,2444000.0,2455000.0,2428000.0,2430000.0,4559.65227999,2430000.0,upbit,2026-06-28T04:34:13Z
KRW-ETH,2023-05-22T00:00:00,2023-05-22T09:00:00,2432000.0,2446000.0,2410000.0,2431000.0,8934.95873873,2431000.0,upbit,2026-06-28T04:34:13Z
KRW-ETH,2023-05-23T00:00:00,2023-05-23T09:00:00,2431000.0,2490000.0,2425000.0,2478000.0,11718.46251175,2478000.0,upbit,2026-06-28T04:34:13Z
KRW-ETH,2023-05-24T00:00:00,2023-05-24T09:00:00,2477000.0,2481000.0,2395000.0,2420000.0,13895.1467431,2420000.0,upbit,2026-06-28T04:34:13Z
KRW-ETH,2023-05-25T00:00:00,2023-05-25T09:00:00,2420000.0,2439000.0,2380000.0,2424000.0,10107.51919019,2424000.0,upbit,2026-06-28T04:34:13Z
KRW-ETH,2023-05-26T00:00:00,2023-05-26T09:00:00,2423000.0,2464000.0,2411000.0,2448000.0,8267.90111888,2448000.0,upbit,2026-06-28T04:34:13Z
KRW-ETH,2023-05-27T00:00:00,2023-05-27T09:00:00,2445000.0,2458000.0,2432000.0,2444000.0,5144.13257379,2444000.0,upbit,2026-06-28T04:34:13Z
KRW-ETH,2023-05-28T00:00:00,2023-05-28T09:00:00,2445000.0,2550000.0,2439000.0,2542000.0,14274.730884,2542000.0,upbit,2026-06-28T04:34:13Z
KRW-ETH,2023-05-29T00:00:00,2023-05-29T09:00:00,2540000.0,2566000.0,2508000.0,2523000.0,11183.74734608,2523000.0,upbit,2026-06-28T04:34:13Z
KRW-ETH,2023-05-30T00:00:00,2023-05-30T09:00:00,2522000.0,2558000.0,2509000.0,2528000.0,9231.34999814,2528000.0,upbit,2026-06-28T04:34:13Z
KRW-ETH,2023-05-31T00:00:00,2023-05-31T09:00:00,2529000.0,2541000.0,2480000.0,2504000.0,11020.11830343,2504000.0,upbit,2026-06-28T04:34:13Z
KRW-ETH,2023-06-01T00:00:00,2023-06-01T09:00:00,2504000.0,2523000.0,2467000.0,2485000.0,8684.99495383,2485000.0,upbit,2026-06-28T04:34:13Z
KRW-ETH,2023-06-02T00:00:00,2023-06-02T09:00:00,2487000.0,2531000.0,2470000.0,2524000.0,9085.26449827,2524000.0,upbit,2026-06-28T04:34:13Z
KRW-ETH,2023-06-03T00:00:00,2023-06-03T09:00:00,2524000.0,2528000.0,2501000.0,2507000.0,4347.15329853,2507000.0,upbit,2026-06-28T04:34:13Z
KRW-ETH,2023-06-04T00:00:00,2023-06-04T09:00:00,2507000.0,2525000.0,2496000.0,2502000.0,4729.98669462,2502000.0,upbit,2026-06-28T04:34:13Z
KRW-ETH,2023-06-05T00:00:00,2023-06-05T09:00:00,2503000.0,2503000.0,2390000.0,2414000.0,18452.67523129,2414000.0,upbit,2026-06-28T04:34:13Z
KRW-ETH,2023-06-06T00:00:00,2023-06-06T09:00:00,2413000.0,2502000.0,2380000.0,2482000.0,16219.34920318,2482000.0,upbit,2026-06-28T04:34:13Z
KRW-ETH,2023-06-07T00:00:00,2023-06-07T09:00:00,2480000.0,2494000.0,2422000.0,2430000.0,12951.97681952,2430000.0,upbit,2026-06-28T04:34:13Z
KRW-ETH,2023-06-08T00:00:00,2023-06-08T09:00:00,2431000.0,2457000.0,2425000.0,2438000.0,6313.34425442,2438000.0,upbit,2026-06-28T04:34:13Z
KRW-ETH,2023-06-09T00:00:00,2023-06-09T09:00:00,2437000.0,2441000.0,2415000.0,2421000.0,6264.20782221,2421000.0,upbit,2026-06-28T04:34:13Z
KRW-ETH,2023-06-10T00:00:00,2023-06-10T09:00:00,2421000.0,2429000.0,2290000.0,2329000.0,27377.42686564,2329000.0,upbit,2026-06-28T04:34:13Z
KRW-ETH,2023-06-11T00:00:00,2023-06-11T09:00:00,2329000.0,2351000.0,2311000.0,2324000.0,8239.54132731,2324000.0,upbit,2026-06-28T04:34:13Z
KRW-ETH,2023-06-12T00:00:00,2023-06-12T09:00:00,2324000.0,2327000.0,2277000.0,2293000.0,9786.06395133,2293000.0,upbit,2026-06-28T04:34:13Z
KRW-ETH,2023-06-13T00:00:00,2023-06-13T09:00:00,2293000.0,2309000.0,2270000.0,2273000.0,15133.86526636,2273000.0,upbit,2026-06-28T04:34:13Z
KRW-ETH,2023-06-14T00:00:00,2023-06-14T09:00:00,2274000.0,2289000.0,2154000.0,2168000.0,19326.2334054,2168000.0,upbit,2026-06-28T04:34:13Z
KRW-ETH,2023-06-15T00:00:00,2023-06-15T09:00:00,2169000.0,2192000.0,2130000.0,2179000.0,17144.63501461,2179000.0,upbit,2026-06-28T04:34:13Z
KRW-ETH,2023-06-16T00:00:00,2023-06-16T09:00:00,2178000.0,2265000.0,2168000.0,2253000.0,12652.51697208,2253000.0,upbit,2026-06-28T04:34:13Z
KRW-ETH,2023-06-17T00:00:00,2023-06-17T09:00:00,2251000.0,2310000.0,2246000.0,2267000.0,9451.17782492,2267000.0,upbit,2026-06-28T04:34:13Z
KRW-ETH,2023-06-18T00:00:00,2023-06-18T09:00:00,2265000.0,2287000.0,2248000.0,2253000.0,5981.68886874,2253000.0,upbit,2026-06-28T04:34:13Z
KRW-ETH,2023-06-19T00:00:00,2023-06-19T09:00:00,2253000.0,2289000.0,2233000.0,2269000.0,8624.03796608,2269000.0,upbit,2026-06-28T04:34:13Z
KRW-ETH,2023-06-20T00:00:00,2023-06-20T09:00:00,2270000.0,2345000.0,2259000.0,2339000.0,16805.33253345,2339000.0,upbit,2026-06-28T04:34:13Z
KRW-ETH,2023-06-21T00:00:00,2023-06-21T09:00:00,2340000.0,2481000.0,2333000.0,2469000.0,29533.91520298,2469000.0,upbit,2026-06-28T04:34:13Z
KRW-ETH,2023-06-22T00:00:00,2023-06-22T09:00:00,2468000.0,2524000.0,2446000.0,2451000.0,22519.5367668,2451000.0,upbit,2026-06-28T04:34:13Z
KRW-ETH,2023-06-23T00:00:00,2023-06-23T09:00:00,2450000.0,2549000.0,2450000.0,2509000.0,22720.87360738,2509000.0,upbit,2026-06-28T04:34:13Z
KRW-ETH,2023-06-24T00:00:00,2023-06-24T09:00:00,2509000.0,2527000.0,2487000.0,2499000.0,12464.75026181,2499000.0,upbit,2026-06-28T04:34:13Z
KRW-ETH,2023-06-25T00:00:00,2023-06-25T09:00:00,2500000.0,2571000.0,2489000.0,2514000.0,17601.44824111,2514000.0,upbit,2026-06-28T04:34:13Z
KRW-ETH,2023-06-26T00:00:00,2023-06-26T09:00:00,2513000.0,2526000.0,2439000.0,2466000.0,16937.66977875,2466000.0,upbit,2026-06-28T04:34:13Z
KRW-ETH,2023-06-27T00:00:00,2023-06-27T09:00:00,2465000.0,2527000.0,2461000.0,2498000.0,12190.3560018,2498000.0,upbit,2026-06-28T04:34:13Z
KRW-ETH,2023-06-28T00:00:00,2023-06-28T09:00:00,2498000.0,2502000.0,2430000.0,2431000.0,11483.37444699,2431000.0,upbit,2026-06-28T04:34:13Z
KRW-ETH,2023-06-29T00:00:00,2023-06-29T09:00:00,2431000.0,2500000.0,2428000.0,2469000.0,10760.74349905,2469000.0,upbit,2026-06-28T04:34:13Z
KRW-ETH,2023-06-30T00:00:00,2023-06-30T09:00:00,2469000.0,2586000.0,2431000.0,2574000.0,37417.47737274,2574000.0,upbit,2026-06-28T04:34:13Z
KRW-ETH,2023-07-01T00:00:00,2023-07-01T09:00:00,2574000.0,2591000.0,2540000.0,2563000.0,14579.46659515,2563000.0,upbit,2026-06-28T04:34:13Z
KRW-ETH,2023-07-02T00:00:00,2023-07-02T09:00:00,2563000.0,2600000.0,2519000.0,2572000.0,10435.2565061,2572000.0,upbit,2026-06-28T04:34:13Z
KRW-ETH,2023-07-03T00:00:00,2023-07-03T09:00:00,2572000.0,2616000.0,2567000.0,2582000.0,13983.4896511,2582000.0,upbit,2026-06-28T04:34:13Z
KRW-ETH,2023-07-04T00:00:00,2023-07-04T09:00:00,2582000.0,2599000.0,2552000.0,2557000.0,8905.38686615,2557000.0,upbit,2026-06-28T04:34:13Z
KRW-ETH,2023-07-05T00:00:00,2023-07-05T09:00:00,2557000.0,2567000.0,2495000.0,2531000.0,12811.91101646,2531000.0,upbit,2026-06-28T04:34:13Z
KRW-ETH,2023-07-06T00:00:00,2023-07-06T09:00:00,2531000.0,2583000.0,2465000.0,2465000.0,16636.13653825,2465000.0,upbit,2026-06-28T04:34:13Z
KRW-ETH,2023-07-07T00:00:00,2023-07-07T09:00:00,2465000.0,2489000.0,2442000.0,2481000.0,9222.60652251,2481000.0,upbit,2026-06-28T04:34:13Z
KRW-ETH,2023-07-08T00:00:00,2023-07-08T09:00:00,2480000.0,2484000.0,2451000.0,2474000.0,3906.75761279,2474000.0,upbit,2026-06-28T04:34:13Z
KRW-ETH,2023-07-09T00:00:00,2023-07-09T09:00:00,2474000.0,2484000.0,2455000.0,2460000.0,4170.14853444,2460000.0,upbit,2026-06-28T04:34:13Z
KRW-ETH,2023-07-10T00:00:00,2023-07-10T09:00:00,2460000.0,2504000.0,2445000.0,2475000.0,7990.80717012,2475000.0,upbit,2026-06-28T04:34:13Z
KRW-ETH,2023-07-11T00:00:00,2023-07-11T09:00:00,2475000.0,2483000.0,2453000.0,2461000.0,6766.91384544,2461000.0,upbit,2026-06-28T04:34:13Z
KRW-ETH,2023-07-12T00:00:00,2023-07-12T09:00:00,2464000.0,2489000.0,2450000.0,2450000.0,9665.69536096,2450000.0,upbit,2026-06-28T04:34:13Z
KRW-ETH,2023-07-13T00:00:00,2023-07-13T09:00:00,2453000.0,2563000.0,2424000.0,2553000.0,29360.39864047,2553000.0,upbit,2026-06-28T04:34:13Z
KRW-ETH,2023-07-14T00:00:00,2023-07-14T09:00:00,2553000.0,2580000.0,2456000.0,2499000.0,20635.81285221,2499000.0,upbit,2026-06-28T04:34:13Z
KRW-ETH,2023-07-15T00:00:00,2023-07-15T09:00:00,2499000.0,2500000.0,2471000.0,2479000.0,7464.71148614,2479000.0,upbit,2026-06-28T04:34:13Z
KRW-ETH,2023-07-16T00:00:00,2023-07-16T09:00:00,2480000.0,2498000.0,2465000.0,2476000.0,6250.04660511,2476000.0,upbit,2026-06-28T04:34:13Z
KRW-ETH,2023-07-17T00:00:00,2023-07-17T09:00:00,2477000.0,2486000.0,2422000.0,2455000.0,11899.57478072,2455000.0,upbit,2026-06-28T04:34:13Z
KRW-ETH,2023-07-18T00:00:00,2023-07-18T09:00:00,2455000.0,2462000.0,2421000.0,2441000.0,7965.48694257,2441000.0,upbit,2026-06-28T04:34:13Z
KRW-ETH,2023-07-19T00:00:00,2023-07-19T09:00:00,2441000.0,2468000.0,2420000.0,2423000.0,9679.56338381,2423000.0,upbit,2026-06-28T04:34:13Z
KRW-ETH,2023-07-20T00:00:00,2023-07-20T09:00:00,2422000.0,2473000.0,2419000.0,2447000.0,9790.13083834,2447000.0,upbit,2026-06-28T04:34:13Z
KRW-ETH,2023-07-21T00:00:00,2023-07-21T09:00:00,2447000.0,2469000.0,2442000.0,2456000.0,5000.53776901,2456000.0,upbit,2026-06-28T04:34:13Z
KRW-ETH,2023-07-22T00:00:00,2023-07-22T09:00:00,2459000.0,2463000.0,2418000.0,2430000.0,5126.53499805,2430000.0,upbit,2026-06-28T04:34:13Z
KRW-ETH,2023-07-23T00:00:00,2023-07-23T09:00:00,2431000.0,2461000.0,2417000.0,2444000.0,5631.67228633,2444000.0,upbit,2026-06-28T04:34:13Z
KRW-ETH,2023-07-24T00:00:00,2023-07-24T09:00:00,2444000.0,2447000.0,2391000.0,2404000.0,10498.41860257,2404000.0,upbit,2026-06-28T04:34:13Z
KRW-ETH,2023-07-25T00:00:00,2023-07-25T09:00:00,2404000.0,2427000.0,2389000.0,2411000.0,7104.7112561,2411000.0,upbit,2026-06-28T04:34:13Z
KRW-ETH,2023-07-26T00:00:00,2023-07-26T09:00:00,2411000.0,2438000.0,2392000.0,2416000.0,7922.51466144,2416000.0,upbit,2026-06-28T04:34:13Z
KRW-ETH,2023-07-27T00:00:00,2023-07-27T09:00:00,2417000.0,2442000.0,2411000.0,2414000.0,6485.17115559,2414000.0,upbit,2026-06-28T04:34:13Z
KRW-ETH,2023-07-28T00:00:00,2023-07-28T09:00:00,2416000.0,2439000.0,2405000.0,2424000.0,6070.8203604,2424000.0,upbit,2026-06-28T04:34:13Z
KRW-ETH,2023-07-29T00:00:00,2023-07-29T09:00:00,2424000.0,2439000.0,2420000.0,2426000.0,2791.41307963,2426000.0,upbit,2026-06-28T04:34:13Z
KRW-ETH,2023-07-30T00:00:00,2023-07-30T09:00:00,2426000.0,2439000.0,2404000.0,2409000.0,5899.88309291,2409000.0,upbit,2026-06-28T04:34:13Z
KRW-ETH,2023-07-31T00:00:00,2023-07-31T09:00:00,2412000.0,2428000.0,2405000.0,2409000.0,5699.32510605,2409000.0,upbit,2026-06-28T04:34:13Z
KRW-ETH,2023-08-01T00:00:00,2023-08-01T09:00:00,2409000.0,2438000.0,2370000.0,2437000.0,9480.33228066,2437000.0,upbit,2026-06-28T04:34:13Z
KRW-ETH,2023-08-02T00:00:00,2023-08-02T09:00:00,2434000.0,2450000.0,2403000.0,2420000.0,9006.37549768,2420000.0,upbit,2026-06-28T04:34:13Z
KRW-ETH,2023-08-03T00:00:00,2023-08-03T09:00:00,2420000.0,2446000.0,2411000.0,2418000.0,5472.98632265,2418000.0,upbit,2026-06-28T04:34:13Z
KRW-ETH,2023-08-04T00:00:00,2023-08-04T09:00:00,2420000.0,2442000.0,2410000.0,2420000.0,5937.46376119,2420000.0,upbit,2026-06-28T04:34:13Z
KRW-ETH,2023-08-05T00:00:00,2023-08-05T09:00:00,2422000.0,2435000.0,2413000.0,2431000.0,3567.00492201,2431000.0,upbit,2026-06-28T04:34:13Z
KRW-ETH,2023-08-06T00:00:00,2023-08-06T09:00:00,2431000.0,2440000.0,2425000.0,2427000.0,3716.31649356,2427000.0,upbit,2026-06-28T04:34:13Z
KRW-ETH,2023-08-07T00:00:00,2023-08-07T09:00:00,2429000.0,2443000.0,2391000.0,2421000.0,8794.63221003,2421000.0,upbit,2026-06-28T04:34:13Z
KRW-ETH,2023-08-08T00:00:00,2023-08-08T09:00:00,2419000.0,2467000.0,2413000.0,2455000.0,7830.32340198,2455000.0,upbit,2026-06-28T04:34:13Z
KRW-ETH,2023-08-09T00:00:00,2023-08-09T09:00:00,2455000.0,2477000.0,2454000.0,2460000.0,6442.23903253,2460000.0,upbit,2026-06-28T04:34:13Z
KRW-ETH,2023-08-10T00:00:00,2023-08-10T09:00:00,2461000.0,2475000.0,2449000.0,2460000.0,6362.94655955,2460000.0,upbit,2026-06-28T04:34:13Z
KRW-ETH,2023-08-11T00:00:00,2023-08-11T09:00:00,2461000.0,2472000.0,2452000.0,2468000.0,4388.70160989,2468000.0,upbit,2026-06-28T04:34:13Z
KRW-ETH,2023-08-12T00:00:00,2023-08-12T09:00:00,2468000.0,2472000.0,2463000.0,2469000.0,2521.51312876,2469000.0,upbit,2026-06-28T04:34:13Z
KRW-ETH,2023-08-13T00:00:00,2023-08-13T09:00:00,2469000.0,2483000.0,2455000.0,2456000.0,3841.95806389,2456000.0,upbit,2026-06-28T04:34:13Z
KRW-ETH,2023-08-14T00:00:00,2023-08-14T09:00:00,2456000.0,2480000.0,2453000.0,2464000.0,5042.74629614,2464000.0,upbit,2026-06-28T04:34:13Z
KRW-ETH,2023-08-15T00:00:00,2023-08-15T09:00:00,2463000.0,2483000.0,2461000.0,2468000.0,7297.14740493,2468000.0,upbit,2026-06-28T04:34:13Z
KRW-ETH,2023-08-16T00:00:00,2023-08-16T09:00:00,2468000.0,2475000.0,2447000.0,2453000.0,10499.53110496,2453000.0,upbit,2026-06-28T04:34:13Z
KRW-ETH,2023-08-17T00:00:00,2023-08-17T09:00:00,2453000.0,2457000.0,2246000.0,2311000.0,31908.59296929,2311000.0,upbit,2026-06-28T04:34:13Z
KRW-ETH,2023-08-18T00:00:00,2023-08-18T09:00:00,2311000.0,2333000.0,2265000.0,2289000.0,17375.02558661,2289000.0,upbit,2026-06-28T04:34:13Z
KRW-ETH,2023-08-19T00:00:00,2023-08-19T09:00:00,2291000.0,2339000.0,2281000.0,2305000.0,6215.03085492,2305000.0,upbit,2026-06-28T04:34:13Z
KRW-ETH,2023-08-20T00:00:00,2023-08-20T09:00:00,2305000.0,2327000.0,2288000.0,2312000.0,5413.87973207,2312000.0,upbit,2026-06-28T04:34:13Z
KRW-ETH,2023-08-21T00:00:00,2023-08-21T09:00:00,2311000.0,2314000.0,2270000.0,2286000.0,6212.73072977,2286000.0,upbit,2026-06-28T04:34:13Z
KRW-ETH,2023-08-22T00:00:00,2023-08-22T09:00:00,2286000.0,2293000.0,2200000.0,2241000.0,9746.65016816,2241000.0,upbit,2026-06-28T04:34:13Z
KRW-ETH,2023-08-23T00:00:00,2023-08-23T09:00:00,2241000.0,2305000.0,2230000.0,2285000.0,9088.13226077,2285000.0,upbit,2026-06-28T04:34:13Z
KRW-ETH,2023-08-24T00:00:00,2023-08-24T09:00:00,2285000.0,2289000.0,2232000.0,2262000.0,6645.60216871,2262000.0,upbit,2026-06-28T04:34:13Z
KRW-ETH,2023-08-25T00:00:00,2023-08-25T09:00:00,2262000.0,2283000.0,2233000.0,2252000.0,6814.57636751,2252000.0,upbit,2026-06-28T04:34:13Z
KRW-ETH,2023-08-26T00:00:00,2023-08-26T09:00:00,2253000.0,2255000.0,2238000.0,2242000.0,2551.75979583,2242000.0,upbit,2026-06-28T04:34:13Z
KRW-ETH,2023-08-27T00:00:00,2023-08-27T09:00:00,2243000.0,2253000.0,2236000.0,2247000.0,3668.40285298,2247000.0,upbit,2026-06-28T04:34:13Z
KRW-ETH,2023-08-28T00:00:00,2023-08-28T09:00:00,2247000.0,2253000.0,2206000.0,2234000.0,8167.75124613,2234000.0,upbit,2026-06-28T04:34:13Z
KRW-ETH,2023-08-29T00:00:00,2023-08-29T09:00:00,2235000.0,2354000.0,2223000.0,2336000.0,16491.43112496,2336000.0,upbit,2026-06-28T04:34:13Z
KRW-ETH,2023-08-30T00:00:00,2023-08-30T09:00:00,2333000.0,2341000.0,2303000.0,2319000.0,8138.87155698,2319000.0,upbit,2026-06-28T04:34:13Z
KRW-ETH,2023-08-31T00:00:00,2023-08-31T09:00:00,2319000.0,2347000.0,2238000.0,2255000.0,11984.26800497,2255000.0,upbit,2026-06-28T04:34:13Z
KRW-ETH,2023-09-01T00:00:00,2023-09-01T09:00:00,2252000.0,2263000.0,2205000.0,2232000.0,8982.78369445,2232000.0,upbit,2026-06-28T04:34:13Z
KRW-ETH,2023-09-02T00:00:00,2023-09-02T09:00:00,2233000.0,2246000.0,2216000.0,2227000.0,6907.10929356,2227000.0,upbit,2026-06-28T04:34:13Z
KRW-ETH,2023-09-03T00:00:00,2023-09-03T09:00:00,2227000.0,2239000.0,2216000.0,2225000.0,3739.18000339,2225000.0,upbit,2026-06-28T04:34:13Z
KRW-ETH,2023-09-04T00:00:00,2023-09-04T09:00:00,2226000.0,2229000.0,2200000.0,2211000.0,5602.36360002,2211000.0,upbit,2026-06-28T04:34:13Z
KRW-ETH,2023-09-05T00:00:00,2023-09-05T09:00:00,2212000.0,2244000.0,2190000.0,2220000.0,6349.17011364,2220000.0,upbit,2026-06-28T04:34:13Z
KRW-ETH,2023-09-06T00:00:00,2023-09-06T09:00:00,2222000.0,2285000.0,2200000.0,2220000.0,5685.82639271,2220000.0,upbit,2026-06-28T04:34:13Z
KRW-ETH,2023-09-07T00:00:00,2023-09-07T09:00:00,2222000.0,2251000.0,2212000.0,2238000.0,6196.76061625,2238000.0,upbit,2026-06-28T04:34:13Z
KRW-ETH,2023-09-08T00:00:00,2023-09-08T09:00:00,2237000.0,2245000.0,2201000.0,2227000.0,5286.28240101,2227000.0,upbit,2026-06-28T04:34:13Z
KRW-ETH,2023-09-09T00:00:00,2023-09-09T09:00:00,2228000.0,2231000.0,2218000.0,2227000.0,1909.028127,2227000.0,upbit,2026-06-28T04:34:13Z
KRW-ETH,2023-09-10T00:00:00,2023-09-10T09:00:00,2228000.0,2229000.0,2192000.0,2205000.0,4430.74710411,2205000.0,upbit,2026-06-28T04:34:13Z
KRW-ETH,2023-09-11T00:00:00,2023-09-11T09:00:00,2205000.0,2205000.0,2100000.0,2117000.0,13922.14735187,2117000.0,upbit,2026-06-28T04:34:13Z
KRW-ETH,2023-09-12T00:00:00,2023-09-12T09:00:00,2117000.0,2200000.0,2113000.0,2161000.0,9429.84549733,2161000.0,upbit,2026-06-28T04:34:13Z
KRW-ETH,2023-09-13T00:00:00,2023-09-13T09:00:00,2161000.0,2190000.0,2150000.0,2177000.0,7085.961545,2177000.0,upbit,2026-06-28T04:34:13Z
KRW-ETH,2023-09-14T00:00:00,2023-09-14T09:00:00,2177000.0,2223000.0,2175000.0,2197000.0,8069.59226178,2197000.0,upbit,2026-06-28T04:34:13Z
KRW-ETH,2023-09-15T00:00:00,2023-09-15T09:00:00,2197000.0,2233000.0,2186000.0,2215000.0,7022.22991005,2215000.0,upbit,2026-06-28T04:34:13Z
KRW-ETH,2023-09-16T00:00:00,2023-09-16T09:00:00,2215000.0,2227000.0,2208000.0,2215000.0,4623.75862002,2215000.0,upbit,2026-06-28T04:34:13Z
KRW-ETH,2023-09-17T00:00:00,2023-09-17T09:00:00,2215000.0,2215000.0,2182000.0,2187000.0,3693.71801142,2187000.0,upbit,2026-06-28T04:34:13Z
KRW-ETH,2023-09-18T00:00:00,2023-09-18T09:00:00,2188000.0,2242000.0,2170000.0,2200000.0,9680.42187766,2200000.0,upbit,2026-06-28T04:34:13Z
KRW-ETH,2023-09-19T00:00:00,2023-09-19T09:00:00,2200000.0,2227000.0,2183000.0,2205000.0,7059.36743428,2205000.0,upbit,2026-06-28T04:34:13Z
KRW-ETH,2023-09-20T00:00:00,2023-09-20T09:00:00,2205000.0,2214000.0,2166000.0,2185000.0,9245.59533712,2185000.0,upbit,2026-06-28T04:34:13Z
KRW-ETH,2023-09-21T00:00:00,2023-09-21T09:00:00,2185000.0,2197000.0,2130000.0,2146000.0,9363.54786053,2146000.0,upbit,2026-06-28T04:34:13Z
KRW-ETH,2023-09-22T00:00:00,2023-09-22T09:00:00,2148000.0,2165000.0,2140000.0,2158000.0,4711.55265038,2158000.0,upbit,2026-06-28T04:34:13Z
KRW-ETH,2023-09-23T00:00:00,2023-09-23T09:00:00,2157000.0,2162000.0,2151000.0,2158000.0,2464.08351452,2158000.0,upbit,2026-06-28T04:34:13Z
KRW-ETH,2023-09-24T00:00:00,2023-09-24T09:00:00,2158000.0,2164000.0,2131000.0,2137000.0,4256.95000112,2137000.0,upbit,2026-06-28T04:34:13Z
KRW-ETH,2023-09-25T00:00:00,2023-09-25T09:00:00,2139000.0,2158000.0,2115000.0,2141000.0,7290.94258798,2141000.0,upbit,2026-06-28T04:34:13Z
KRW-ETH,2023-09-26T00:00:00,2023-09-26T09:00:00,2141000.0,2169000.0,2139000.0,2161000.0,6260.72166095,2161000.0,upbit,2026-06-28T04:34:13Z
KRW-ETH,2023-09-27T00:00:00,2023-09-27T09:00:00,2163000.0,2220000.0,2160000.0,2181000.0,9964.15053052,2181000.0,upbit,2026-06-28T04:34:13Z
KRW-ETH,2023-09-28T00:00:00,2023-09-28T09:00:00,2181000.0,2260000.0,2181000.0,2241000.0,11132.04483823,2241000.0,upbit,2026-06-28T04:34:13Z
KRW-ETH,2023-09-29T00:00:00,2023-09-29T09:00:00,2240000.0,2290000.0,2235000.0,2256000.0,10905.0472871,2256000.0,upbit,2026-06-28T04:34:13Z
KRW-ETH,2023-09-30T00:00:00,2023-09-30T09:00:00,2256000.0,2296000.0,2255000.0,2267000.0,5502.60656591,2267000.0,upbit,2026-06-28T04:34:13Z
KRW-ETH,2023-10-01T00:00:00,2023-10-01T09:00:00,2267000.0,2355000.0,2264000.0,2340000.0,8769.47725934,2340000.0,upbit,2026-06-28T04:34:13Z
KRW-ETH,2023-10-02T00:00:00,2023-10-02T09:00:00,2340000.0,2359000.0,2235000.0,2258000.0,16781.44482815,2258000.0,upbit,2026-06-28T04:34:13Z
KRW-ETH,2023-10-03T00:00:00,2023-10-03T09:00:00,2260000.0,2284000.0,2236000.0,2247000.0,9754.7788017,2247000.0,upbit,2026-06-28T04:34:13Z
KRW-ETH,2023-10-04T00:00:00,2023-10-04T09:00:00,2247000.0,2253000.0,2216000.0,2232000.0,8299.55898977,2232000.0,upbit,2026-06-28T04:34:13Z
KRW-ETH,2023-10-05T00:00:00,2023-10-05T09:00:00,2228000.0,2243000.0,2190000.0,2191000.0,9031.0849183,2191000.0,upbit,2026-06-28T04:34:13Z
KRW-ETH,2023-10-06T00:00:00,2023-10-06T09:00:00,2192000.0,2244000.0,2191000.0,2228000.0,6999.20251086,2228000.0,upbit,2026-06-28T04:34:13Z
KRW-ETH,2023-10-07T00:00:00,2023-10-07T09:00:00,2228000.0,2234000.0,2213000.0,2218000.0,3218.42453002,2218000.0,upbit,2026-06-28T04:34:13Z
KRW-ETH,2023-10-08T00:00:00,2023-10-08T09:00:00,2218000.0,2228000.0,2198000.0,2216000.0,4949.39718585,2216000.0,upbit,2026-06-28T04:34:13Z
KRW-ETH,2023-10-09T00:00:00,2023-10-09T09:00:00,2218000.0,2226000.0,2121000.0,2155000.0,10820.526698,2155000.0,upbit,2026-06-28T04:34:13Z
KRW-ETH,2023-10-10T00:00:00,2023-10-10T09:00:00,2155000.0,2174000.0,2121000.0,2138000.0,7826.16836224,2138000.0,upbit,2026-06-28T04:34:13Z
KRW-ETH,2023-10-11T00:00:00,2023-10-11T09:00:00,2138000.0,2149000.0,2113000.0,2140000.0,8038.53737358,2140000.0,upbit,2026-06-28T04:34:13Z
KRW-ETH,2023-10-12T00:00:00,2023-10-12T09:00:00,2140000.0,2140000.0,2087000.0,2115000.0,9380.70654373,2115000.0,upbit,2026-06-28T04:34:13Z
KRW-ETH,2023-10-13T00:00:00,2023-10-13T09:00:00,2115000.0,2159000.0,2111000.0,2134000.0,5640.03949515,2134000.0,upbit,2026-06-28T04:34:13Z
KRW-ETH,2023-10-14T00:00:00,2023-10-14T09:00:00,2134000.0,2143000.0,2126000.0,2131000.0,4496.12488795,2131000.0,upbit,2026-06-28T04:34:13Z
KRW-ETH,2023-10-15T00:00:00,2023-10-15T09:00:00,2130000.0,2140000.0,2120000.0,2127000.0,4487.44237392,2127000.0,upbit,2026-06-28T04:34:13Z
KRW-ETH,2023-10-16T00:00:00,2023-10-16T09:00:00,2128000.0,2223000.0,2122000.0,2172000.0,18989.86842281,2172000.0,upbit,2026-06-28T04:34:13Z
KRW-ETH,2023-10-17T00:00:00,2023-10-17T09:00:00,2172000.0,2176000.0,2121000.0,2129000.0,9961.08587977,2129000.0,upbit,2026-06-28T04:34:13Z
KRW-ETH,2023-10-18T00:00:00,2023-10-18T09:00:00,2129000.0,2160000.0,2127000.0,2138000.0,9499.66588597,2138000.0,upbit,2026-06-28T04:34:13Z
KRW-ETH,2023-10-19T00:00:00,2023-10-19T09:00:00,2138000.0,2147000.0,2112000.0,2129000.0,10174.85389173,2129000.0,upbit,2026-06-28T04:34:13Z
KRW-ETH,2023-10-20T00:00:00,2023-10-20T09:00:00,2129000.0,2200000.0,2120000.0,2176000.0,17053.87360505,2176000.0,upbit,2026-06-28T04:34:13Z
KRW-ETH,2023-10-21T00:00:00,2023-10-21T09:00:00,2176000.0,2212000.0,2159000.0,2199000.0,8301.46600465,2199000.0,upbit,2026-06-28T04:34:13Z
KRW-ETH,2023-10-22T00:00:00,2023-10-22T09:00:00,2199000.0,2244000.0,2192000.0,2236000.0,9290.55790941,2236000.0,upbit,2026-06-28T04:34:13Z
KRW-ETH,2023-10-23T00:00:00,2023-10-23T09:00:00,2235000.0,2395000.0,2234000.0,2361000.0,27468.50654502,2361000.0,upbit,2026-06-28T04:34:13Z
KRW-ETH,2023-10-24T00:00:00,2023-10-24T09:00:00,2361000.0,2484000.0,2345000.0,2399000.0,48659.14722108,2399000.0,upbit,2026-06-28T04:34:13Z
KRW-ETH,2023-10-25T00:00:00,2023-10-25T09:00:00,2399000.0,2447000.0,2383000.0,2409000.0,17865.28744952,2409000.0,upbit,2026-06-28T04:34:13Z
KRW-ETH,2023-10-26T00:00:00,2023-10-26T09:00:00,2410000.0,2516000.0,2388000.0,2435000.0,30777.2640978,2435000.0,upbit,2026-06-28T04:34:13Z
KRW-ETH,2023-10-27T00:00:00,2023-10-27T09:00:00,2436000.0,2441000.0,2373000.0,2415000.0,10774.59664338,2415000.0,upbit,2026-06-28T04:34:13Z
KRW-ETH,2023-10-28T00:00:00,2023-10-28T09:00:00,2415000.0,2446000.0,2411000.0,2418000.0,7480.99899374,2418000.0,upbit,2026-06-28T04:34:13Z
KRW-ETH,2023-10-29T00:00:00,2023-10-29T09:00:00,2417000.0,2450000.0,2406000.0,2436000.0,7430.91380487,2436000.0,upbit,2026-06-28T04:34:13Z
KRW-ETH,2023-10-30T00:00:00,2023-10-30T09:00:00,2436000.0,2477000.0,2420000.0,2450000.0,13478.32477918,2450000.0,upbit,2026-06-28T04:34:13Z
KRW-ETH,2023-10-31T00:00:00,2023-10-31T09:00:00,2450000.0,2465000.0,2420000.0,2464000.0,14574.68334448,2464000.0,upbit,2026-06-28T04:34:13Z
KRW-ETH,2023-11-01T00:00:00,2023-11-01T09:00:00,2465000.0,2515000.0,2440000.0,2504000.0,20122.66665763,2504000.0,upbit,2026-06-28T04:34:13Z
KRW-ETH,2023-11-02T00:00:00,2023-11-02T09:00:00,2503000.0,2543000.0,2431000.0,2447000.0,21396.94765181,2447000.0,upbit,2026-06-28T04:34:13Z
KRW-ETH,2023-11-03T00:00:00,2023-11-03T09:00:00,2450000.0,2466000.0,2405000.0,2465000.0,16119.05250071,2465000.0,upbit,2026-06-28T04:34:13Z
KRW-ETH,2023-11-04T00:00:00,2023-11-04T09:00:00,2465000.0,2507000.0,2454000.0,2489000.0,10745.49912624,2489000.0,upbit,2026-06-28T04:34:13Z
KRW-ETH,2023-11-05T00:00:00,2023-11-05T09:00:00,2490000.0,2564000.0,2480000.0,2541000.0,20156.45084589,2541000.0,upbit,2026-06-28T04:34:13Z
KRW-ETH,2023-11-06T00:00:00,2023-11-06T09:00:00,2541000.0,2555000.0,2499000.0,2536000.0,16088.29720154,2536000.0,upbit,2026-06-28T04:34:13Z
KRW-ETH,2023-11-07T00:00:00,2023-11-07T09:00:00,2540000.0,2545000.0,2489000.0,2524000.0,14516.09523972,2524000.0,upbit,2026-06-28T04:34:13Z
KRW-ETH,2023-11-08T00:00:00,2023-11-08T09:00:00,2524000.0,2530000.0,2502000.0,2518000.0,11367.46446311,2518000.0,upbit,2026-06-28T04:34:13Z
KRW-ETH,2023-11-09T00:00:00,2023-11-09T09:00:00,2518000.0,2868000.0,2513000.0,2855000.0,89935.54953643,2855000.0,upbit,2026-06-28T04:34:13Z
KRW-ETH,2023-11-10T00:00:00,2023-11-10T09:00:00,2855000.0,2875000.0,2781000.0,2792000.0,56254.72441588,2792000.0,upbit,2026-06-28T04:34:13Z
KRW-ETH,2023-11-11T00:00:00,2023-11-11T09:00:00,2791000.0,2799000.0,2725000.0,2748000.0,23809.43564358,2748000.0,upbit,2026-06-28T04:34:13Z
KRW-ETH,2023-11-12T00:00:00,2023-11-12T09:00:00,2748000.0,2752000.0,2702000.0,2724000.0,15305.19836546,2724000.0,upbit,2026-06-28T04:34:13Z
KRW-ETH,2023-11-13T00:00:00,2023-11-13T09:00:00,2725000.0,2841000.0,2717000.0,2767000.0,38650.4893523,2767000.0,upbit,2026-06-28T04:34:13Z
KRW-ETH,2023-11-14T00:00:00,2023-11-14T09:00:00,2765000.0,2784000.0,2653000.0,2673000.0,30538.2291856,2673000.0,upbit,2026-06-28T04:34:13Z
KRW-ETH,2023-11-15T00:00:00,2023-11-15T09:00:00,2673000.0,2749000.0,2612000.0,2746000.0,27310.33132117,2746000.0,upbit,2026-06-28T04:34:13Z
KRW-ETH,2023-11-16T00:00:00,2023-11-16T09:00:00,2745000.0,2802000.0,2620000.0,2654000.0,43574.26050616,2654000.0,upbit,2026-06-28T04:34:13Z
KRW-ETH,2023-11-17T00:00:00,2023-11-17T09:00:00,2654000.0,2677000.0,2587000.0,2650000.0,20373.50821536,2650000.0,upbit,2026-06-28T04:34:13Z
KRW-ETH,2023-11-18T00:00:00,2023-11-18T09:00:00,2650000.0,2651000.0,2588000.0,2638000.0,10428.16621738,2638000.0,upbit,2026-06-28T04:34:13Z
KRW-ETH,2023-11-19T00:00:00,2023-11-19T09:00:00,2639000.0,2688000.0,2618000.0,2680000.0,10513.86465412,2680000.0,upbit,2026-06-28T04:34:13Z
KRW-ETH,2023-11-20T00:00:00,2023-11-20T09:00:00,2680000.0,2747000.0,2661000.0,2708000.0,16939.08492044,2708000.0,upbit,2026-06-28T04:34:13Z
KRW-ETH,2023-11-21T00:00:00,2023-11-21T09:00:00,2708000.0,2720000.0,2620000.0,2620000.0,22890.56276139,2620000.0,upbit,2026-06-28T04:34:13Z
KRW-ETH,2023-11-22T00:00:00,2023-11-22T09:00:00,2621000.0,2790000.0,2618000.0,2761000.0,22918.35349663,2761000.0,upbit,2026-06-28T04:34:13Z
KRW-ETH,2023-11-23T00:00:00,2023-11-23T09:00:00,2761000.0,2790000.0,2730000.0,2761000.0,15741.35935334,2761000.0,upbit,2026-06-28T04:34:13Z
KRW-ETH,2023-11-24T00:00:00,2023-11-24T09:00:00,2762000.0,2848000.0,2756000.0,2790000.0,21099.34124927,2790000.0,upbit,2026-06-28T04:34:13Z
KRW-ETH,2023-11-25T00:00:00,2023-11-25T09:00:00,2790000.0,2807000.0,2765000.0,2785000.0,11020.3006189,2785000.0,upbit,2026-06-28T04:34:13Z
KRW-ETH,2023-11-26T00:00:00,2023-11-26T09:00:00,2785000.0,2801000.0,2746000.0,2768000.0,11851.31085043,2768000.0,upbit,2026-06-28T04:34:13Z
KRW-ETH,2023-11-27T00:00:00,2023-11-27T09:00:00,2768000.0,2780000.0,2690000.0,2738000.0,17215.119901,2738000.0,upbit,2026-06-28T04:34:13Z
KRW-ETH,2023-11-28T00:00:00,2023-11-28T09:00:00,2738000.0,2770000.0,2688000.0,2740000.0,13528.30248369,2740000.0,upbit,2026-06-28T04:34:13Z
KRW-ETH,2023-11-29T00:00:00,2023-11-29T09:00:00,2738000.0,2770000.0,2711000.0,2718000.0,12351.50622653,2718000.0,upbit,2026-06-28T04:34:13Z
KRW-ETH,2023-11-30T00:00:00,2023-11-30T09:00:00,2718000.0,2753000.0,2705000.0,2750000.0,9822.63848335,2750000.0,upbit,2026-06-28T04:34:13Z
KRW-ETH,2023-12-01T00:00:00,2023-12-01T09:00:00,2752000.0,2820000.0,2743000.0,2794000.0,19739.32963453,2794000.0,upbit,2026-06-28T04:34:13Z
KRW-ETH,2023-12-02T00:00:00,2023-12-02T09:00:00,2792000.0,2894000.0,2791000.0,2886000.0,16806.42410297,2886000.0,upbit,2026-06-28T04:34:13Z
KRW-ETH,2023-12-03T00:00:00,2023-12-03T09:00:00,2886000.0,2962000.0,2874000.0,2942000.0,16728.34967595,2942000.0,upbit,2026-06-28T04:34:13Z
KRW-ETH,2023-12-04T00:00:00,2023-12-04T09:00:00,2942000.0,3055000.0,2942000.0,3037000.0,48072.97174081,3037000.0,upbit,2026-06-28T04:34:13Z
KRW-ETH,2023-12-05T00:00:00,2023-12-05T09:00:00,3037000.0,3146000.0,2962000.0,3137000.0,38533.43281853,3137000.0,upbit,2026-06-28T04:34:13Z
KRW-ETH,2023-12-06T00:00:00,2023-12-06T09:00:00,3136000.0,3163000.0,3071000.0,3081000.0,37796.18709323,3081000.0,upbit,2026-06-28T04:34:13Z
KRW-ETH,2023-12-07T00:00:00,2023-12-07T09:00:00,3081000.0,3260000.0,3043000.0,3227000.0,43637.37366543,3227000.0,upbit,2026-06-28T04:34:13Z
KRW-ETH,2023-12-08T00:00:00,2023-12-08T09:00:00,3227000.0,3274000.0,3199000.0,3215000.0,36337.91703626,3215000.0,upbit,2026-06-28T04:34:13Z
KRW-ETH,2023-12-09T00:00:00,2023-12-09T09:00:00,3215000.0,3268000.0,3200000.0,3218000.0,24027.37073979,3218000.0,upbit,2026-06-28T04:34:13Z
KRW-ETH,2023-12-10T00:00:00,2023-12-10T09:00:00,3215000.0,3243000.0,3174000.0,3213000.0,16339.27125901,3213000.0,upbit,2026-06-28T04:34:13Z
KRW-ETH,2023-12-11T00:00:00,2023-12-11T09:00:00,3213000.0,3221000.0,2980000.0,3073000.0,42430.05486636,3073000.0,upbit,2026-06-28T04:34:13Z
KRW-ETH,2023-12-12T00:00:00,2023-12-12T09:00:00,3073000.0,3115000.0,3011000.0,3061000.0,25375.19812794,3061000.0,upbit,2026-06-28T04:34:13Z
KRW-ETH,2023-12-13T00:00:00,2023-12-13T09:00:00,3060000.0,3150000.0,2988000.0,3114000.0,22851.65969833,3114000.0,upbit,2026-06-28T04:34:13Z
KRW-ETH,2023-12-14T00:00:00,2023-12-14T09:00:00,3113000.0,3190000.0,3088000.0,3159000.0,20862.32700603,3159000.0,upbit,2026-06-28T04:34:13Z
KRW-ETH,2023-12-15T00:00:00,2023-12-15T09:00:00,3160000.0,3165000.0,3070000.0,3073000.0,16753.72629495,3073000.0,upbit,2026-06-28T04:34:13Z
KRW-ETH,2023-12-16T00:00:00,2023-12-16T09:00:00,3072000.0,3109000.0,3050000.0,3056000.0,10617.71712305,3056000.0,upbit,2026-06-28T04:34:13Z
KRW-ETH,2023-12-17T00:00:00,2023-12-17T09:00:00,3056000.0,3069000.0,3011000.0,3013000.0,11598.77484088,3013000.0,upbit,2026-06-28T04:34:13Z
KRW-ETH,2023-12-18T00:00:00,2023-12-18T09:00:00,3013000.0,3033000.0,2885000.0,3024000.0,31802.98881981,3024000.0,upbit,2026-06-28T04:34:13Z
KRW-ETH,2023-12-19T00:00:00,2023-12-19T09:00:00,3024000.0,3066000.0,2900000.0,2979000.0,22119.98963222,2979000.0,upbit,2026-06-28T04:34:13Z
KRW-ETH,2023-12-20T00:00:00,2023-12-20T09:00:00,2980000.0,3068000.0,2944000.0,2991000.0,27682.32100148,2991000.0,upbit,2026-06-28T04:34:13Z
KRW-ETH,2023-12-21T00:00:00,2023-12-21T09:00:00,2991000.0,3092000.0,2971000.0,3037000.0,26712.19581689,3037000.0,upbit,2026-06-28T04:34:13Z
KRW-ETH,2023-12-22T00:00:00,2023-12-22T09:00:00,3037000.0,3189000.0,3029000.0,3150000.0,52791.28227638,3150000.0,upbit,2026-06-28T04:34:13Z
KRW-ETH,2023-12-23T00:00:00,2023-12-23T09:00:00,3148000.0,3168000.0,3085000.0,3126000.0,17959.28784477,3126000.0,upbit,2026-06-28T04:34:13Z
KRW-ETH,2023-12-24T00:00:00,2023-12-24T09:00:00,3126000.0,3160000.0,3041000.0,3050000.0,19549.75104766,3050000.0,upbit,2026-06-28T04:34:13Z
KRW-ETH,2023-12-25T00:00:00,2023-12-25T09:00:00,3054000.0,3089000.0,3016000.0,3028000.0,24986.32832605,3028000.0,upbit,2026-06-28T04:34:13Z
KRW-ETH,2023-12-26T00:00:00,2023-12-26T09:00:00,3028000.0,3039000.0,2952000.0,2994000.0,26979.78869011,2994000.0,upbit,2026-06-28T04:34:13Z
KRW-ETH,2023-12-27T00:00:00,2023-12-27T09:00:00,2994000.0,3188000.0,2961000.0,3171000.0,34377.53265899,3171000.0,upbit,2026-06-28T04:34:13Z
KRW-ETH,2023-12-28T00:00:00,2023-12-28T09:00:00,3171000.0,3250000.0,3129000.0,3131000.0,44269.98214825,3131000.0,upbit,2026-06-28T04:34:13Z
KRW-ETH,2023-12-29T00:00:00,2023-12-29T09:00:00,3131000.0,3171000.0,3043000.0,3087000.0,30798.0442077,3087000.0,upbit,2026-06-28T04:34:13Z
KRW-ETH,2023-12-30T00:00:00,2023-12-30T09:00:00,3087000.0,3115000.0,3057000.0,3081000.0,12659.25244862,3081000.0,upbit,2026-06-28T04:34:13Z
KRW-ETH,2023-12-31T00:00:00,2023-12-31T09:00:00,3081000.0,3109000.0,3060000.0,3082000.0,12170.32394322,3082000.0,upbit,2026-06-28T04:34:13Z
KRW-ETH,2024-01-01T00:00:00,2024-01-01T09:00:00,3082000.0,3140000.0,3070000.0,3136000.0,11918.79208026,3136000.0,upbit,2026-06-28T04:34:13Z
KRW-ETH,2024-01-02T00:00:00,2024-01-02T09:00:00,3134000.0,3230000.0,3128000.0,3154000.0,29124.21085963,3154000.0,upbit,2026-06-28T04:34:13Z
KRW-ETH,2024-01-03T00:00:00,2024-01-03T09:00:00,3154000.0,3190000.0,2851000.0,3024000.0,57149.37569621,3024000.0,upbit,2026-06-28T04:34:13Z
KRW-ETH,2024-01-04T00:00:00,2024-01-04T09:00:00,3024000.0,3078000.0,2967000.0,3053000.0,24389.84136858,3053000.0,upbit,2026-06-28T04:34:13Z
KRW-ETH,2024-01-05T00:00:00,2024-01-05T09:00:00,3051000.0,3066000.0,2986000.0,3050000.0,15766.16708558,3050000.0,upbit,2026-06-28T04:34:13Z
KRW-ETH,2024-01-06T00:00:00,2024-01-06T09:00:00,3050000.0,3055000.0,2992000.0,3024000.0,10438.6928511,3024000.0,upbit,2026-06-28T04:34:13Z
KRW-ETH,2024-01-07T00:00:00,2024-01-07T09:00:00,3027000.0,3056000.0,2971000.0,2995000.0,12655.58462533,2995000.0,upbit,2026-06-28T04:34:13Z
KRW-ETH,2024-01-08T00:00:00,2024-01-08T09:00:00,2995000.0,3156000.0,2906000.0,3131000.0,38601.96158539,3131000.0,upbit,2026-06-28T04:34:13Z
KRW-ETH,2024-01-09T00:00:00,2024-01-09T09:00:00,3131000.0,3199000.0,3004000.0,3156000.0,47027.55624852,3156000.0,upbit,2026-06-28T04:34:13Z
KRW-ETH,2024-01-10T00:00:00,2024-01-10T09:00:00,3156000.0,3687000.0,3143000.0,3525000.0,159046.51357756,3525000.0,upbit,2026-06-28T04:34:13Z
KRW-ETH,2024-01-11T00:00:00,2024-01-11T09:00:00,3528000.0,3676000.0,3485000.0,3593000.0,117962.14125507,3593000.0,upbit,2026-06-28T04:34:13Z
KRW-ETH,2024-01-12T00:00:00,2024-01-12T09:00:00,3592000.0,3719000.0,3408000.0,3504000.0,95292.68830208,3504000.0,upbit,2026-06-28T04:34:13Z
KRW-ETH,2024-01-13T00:00:00,2024-01-13T09:00:00,3503000.0,3561000.0,3408000.0,3549000.0,40003.71009096,3549000.0,upbit,2026-06-28T04:34:13Z
KRW-ETH,2024-01-14T00:00:00,2024-01-14T09:00:00,3549000.0,3553000.0,3392000.0,3396000.0,24419.80382683,3396000.0,upbit,2026-06-28T04:34:13Z
KRW-ETH,2024-01-15T00:00:00,2024-01-15T09:00:00,3397000.0,3498000.0,3395000.0,3451000.0,21700.83871257,3451000.0,upbit,2026-06-28T04:34:13Z
KRW-ETH,2024-01-16T00:00:00,2024-01-16T09:00:00,3451000.0,3582000.0,3444000.0,3551000.0,24323.57335643,3551000.0,upbit,2026-06-28T04:34:13Z
KRW-ETH,2024-01-17T00:00:00,2024-01-17T09:00:00,3550000.0,3560000.0,3460000.0,3483000.0,18068.41265923,3483000.0,upbit,2026-06-28T04:34:13Z
KRW-ETH,2024-01-18T00:00:00,2024-01-18T09:00:00,3480000.0,3499000.0,3383000.0,3424000.0,21121.02028717,3424000.0,upbit,2026-06-28T04:34:13Z
KRW-ETH,2024-01-19T00:00:00,2024-01-19T09:00:00,3424000.0,3460000.0,3348000.0,3454000.0,23954.45376833,3454000.0,upbit,2026-06-28T04:34:13Z
KRW-ETH,2024-01-20T00:00:00,2024-01-20T09:00:00,3453000.0,3454000.0,3393000.0,3410000.0,6889.31878909,3410000.0,upbit,2026-06-28T04:34:13Z
KRW-ETH,2024-01-21T00:00:00,2024-01-21T09:00:00,3411000.0,3433000.0,3389000.0,3391000.0,6645.82828342,3391000.0,upbit,2026-06-28T04:34:13Z
KRW-ETH,2024-01-22T00:00:00,2024-01-22T09:00:00,3391000.0,3402000.0,3191000.0,3199000.0,30769.77623665,3199000.0,upbit,2026-06-28T04:34:13Z
KRW-ETH,2024-01-23T00:00:00,2024-01-23T09:00:00,3198000.0,3250000.0,3003000.0,3117000.0,47740.78765273,3117000.0,upbit,2026-06-28T04:34:13Z
KRW-ETH,2024-01-24T00:00:00,2024-01-24T09:00:00,3118000.0,3123000.0,3036000.0,3077000.0,20173.85360732,3077000.0,upbit,2026-06-28T04:34:13Z
KRW-ETH,2024-01-25T00:00:00,2024-01-25T09:00:00,3077000.0,3089000.0,3008000.0,3060000.0,14467.03203071,3060000.0,upbit,2026-06-28T04:34:13Z
KRW-ETH,2024-01-26T00:00:00,2024-01-26T09:00:00,3061000.0,3140000.0,3030000.0,3119000.0,23218.49666472,3119000.0,upbit,2026-06-28T04:34:13Z
KRW-ETH,2024-01-27T00:00:00,2024-01-27T09:00:00,3119000.0,3148000.0,3100000.0,3129000.0,11615.92960707,3129000.0,upbit,2026-06-28T04:34:13Z
KRW-ETH,2024-01-28T00:00:00,2024-01-28T09:00:00,3129000.0,3178000.0,3088000.0,3105000.0,12674.53321335,3105000.0,upbit,2026-06-28T04:34:13Z
KRW-ETH,2024-01-29T00:00:00,2024-01-29T09:00:00,3106000.0,3167000.0,3074000.0,3165000.0,13174.29066467,3165000.0,upbit,2026-06-28T04:34:13Z
KRW-ETH,2024-01-30T00:00:00,2024-01-30T09:00:00,3164000.0,3280000.0,3137000.0,3216000.0,26276.33572381,3216000.0,upbit,2026-06-28T04:34:13Z
KRW-ETH,2024-01-31T00:00:00,2024-01-31T09:00:00,3216000.0,3230000.0,3130000.0,3150000.0,18557.21499881,3150000.0,upbit,2026-06-28T04:34:13Z
KRW-ETH,2024-02-01T00:00:00,2024-02-01T09:00:00,3150000.0,3174000.0,3100000.0,3166000.0,11973.44886114,3166000.0,upbit,2026-06-28T04:34:13Z
KRW-ETH,2024-02-02T00:00:00,2024-02-02T09:00:00,3167000.0,3189000.0,3143000.0,3169000.0,10055.07728165,3169000.0,upbit,2026-06-28T04:34:13Z
KRW-ETH,2024-02-03T00:00:00,2024-02-03T09:00:00,3170000.0,3200000.0,3161000.0,3164000.0,6678.60460798,3164000.0,upbit,2026-06-28T04:34:13Z
KRW-ETH,2024-02-04T00:00:00,2024-02-04T09:00:00,3164000.0,3187000.0,3140000.0,3160000.0,6338.06068968,3160000.0,upbit,2026-06-28T04:34:13Z
KRW-ETH,2024-02-05T00:00:00,2024-02-05T09:00:00,3158000.0,3210000.0,3130000.0,3173000.0,10183.63136922,3173000.0,upbit,2026-06-28T04:34:13Z
KRW-ETH,2024-02-06T00:00:00,2024-02-06T09:00:00,3173000.0,3267000.0,3166000.0,3249000.0,12606.15139286,3249000.0,upbit,2026-06-28T04:34:13Z
KRW-ETH,2024-02-07T00:00:00,2024-02-07T09:00:00,3249000.0,3328000.0,3229000.0,3299000.0,16084.68938116,3299000.0,upbit,2026-06-28T04:34:13Z
KRW-ETH,2024-02-08T00:00:00,2024-02-08T09:00:00,3297000.0,3347000.0,3296000.0,3316000.0,16566.43952226,3316000.0,upbit,2026-06-28T04:34:13Z
KRW-ETH,2024-02-09T00:00:00,2024-02-09T09:00:00,3316000.0,3427000.0,3304000.0,3355000.0,26373.94877681,3355000.0,upbit,2026-06-28T04:34:13Z
KRW-ETH,2024-02-10T00:00:00,2024-02-10T09:00:00,3357000.0,3414000.0,3324000.0,3378000.0,13358.49431129,3378000.0,upbit,2026-06-28T04:34:13Z
KRW-ETH,2024-02-11T00:00:00,2024-02-11T09:00:00,3378000.0,3423000.0,3367000.0,3390000.0,11557.50199041,3390000.0,upbit,2026-06-28T04:34:13Z
KRW-ETH,2024-02-12T00:00:00,2024-02-12T09:00:00,3389000.0,3579000.0,3360000.0,3570000.0,26193.10338046,3570000.0,upbit,2026-06-28T04:34:13Z
KRW-ETH,2024-02-13T00:00:00,2024-02-13T09:00:00,3569000.0,3636000.0,3525000.0,3580000.0,37336.49801367,3580000.0,upbit,2026-06-28T04:34:13Z
KRW-ETH,2024-02-14T00:00:00,2024-02-14T09:00:00,3580000.0,3777000.0,3550000.0,3764000.0,40029.1437364,3764000.0,upbit,2026-06-28T04:34:13Z
KRW-ETH,2024-02-15T00:00:00,2024-02-15T09:00:00,3763000.0,3932000.0,3761000.0,3876000.0,52308.63752129,3876000.0,upbit,2026-06-28T04:34:13Z
KRW-ETH,2024-02-16T00:00:00,2024-02-16T09:00:00,3876000.0,3949000.0,3830000.0,3877000.0,35535.47003839,3877000.0,upbit,2026-06-28T04:34:13Z
KRW-ETH,2024-02-17T00:00:00,2024-02-17T09:00:00,3878000.0,3886000.0,3752000.0,3857000.0,27209.45962297,3857000.0,upbit,2026-06-28T04:34:13Z
KRW-ETH,2024-02-18T00:00:00,2024-02-18T09:00:00,3858000.0,3990000.0,3818000.0,3976000.0,20434.6805547,3976000.0,upbit,2026-06-28T04:34:13Z
KRW-ETH,2024-02-19T00:00:00,2024-02-19T09:00:00,3976000.0,4134000.0,3950000.0,4076000.0,35193.53130713,4076000.0,upbit,2026-06-28T04:34:13Z
KRW-ETH,2024-02-20T00:00:00,2024-02-20T09:00:00,4078000.0,4189000.0,3989000.0,4162000.0,43605.13062905,4162000.0,upbit,2026-06-28T04:34:13Z
KRW-ETH,2024-02-21T00:00:00,2024-02-21T09:00:00,4162000.0,4182000.0,4036000.0,4149000.0,37048.65536918,4149000.0,upbit,2026-06-28T04:34:13Z
KRW-ETH,2024-02-22T00:00:00,2024-02-22T09:00:00,4146000.0,4200000.0,4070000.0,4147000.0,30276.59224322,4147000.0,upbit,2026-06-28T04:34:13Z
KRW-ETH,2024-02-23T00:00:00,2024-02-23T09:00:00,4145000.0,4180000.0,4065000.0,4076000.0,21194.96635661,4076000.0,upbit,2026-06-28T04:34:13Z
KRW-ETH,2024-02-24T00:00:00,2024-02-24T09:00:00,4078000.0,4148000.0,4051000.0,4127000.0,15927.60895115,4127000.0,upbit,2026-06-28T04:34:13Z
KRW-ETH,2024-02-25T00:00:00,2024-02-25T09:00:00,4124000.0,4299000.0,4111000.0,4291000.0,29245.39803966,4291000.0,upbit,2026-06-28T04:34:13Z
KRW-ETH,2024-02-26T00:00:00,2024-02-26T09:00:00,4291000.0,4376000.0,4167000.0,4358000.0,50651.82084915,4358000.0,upbit,2026-06-28T04:34:13Z
KRW-ETH,2024-02-27T00:00:00,2024-02-27T09:00:00,4357000.0,4537000.0,4336000.0,4469000.0,57585.74517797,4469000.0,upbit,2026-06-28T04:34:13Z
KRW-ETH,2024-02-28T00:00:00,2024-02-28T09:00:00,4472000.0,4820000.0,4440000.0,4751000.0,102959.80227533,4751000.0,upbit,2026-06-28T04:34:13Z
KRW-ETH,2024-02-29T00:00:00,2024-02-29T09:00:00,4752000.0,4945000.0,4670000.0,4697000.0,97515.20306275,4697000.0,upbit,2026-06-28T04:34:13Z
KRW-ETH,2024-03-01T00:00:00,2024-03-01T09:00:00,4697000.0,4868000.0,4695000.0,4807000.0,33198.16474571,4807000.0,upbit,2026-06-28T04:34:13Z
KRW-ETH,2024-03-02T00:00:00,2024-03-02T09:00:00,4807000.0,4863000.0,4751000.0,4761000.0,31343.7988341,4761000.0,upbit,2026-06-28T04:34:13Z
KRW-ETH,2024-03-03T00:00:00,2024-03-03T09:00:00,4761000.0,4871000.0,4650000.0,4869000.0,37547.09990831,4869000.0,upbit,2026-06-28T04:34:13Z
KRW-ETH,2024-03-04T00:00:00,2024-03-04T09:00:00,4864000.0,5095000.0,4824000.0,5077000.0,71535.56779796,5077000.0,upbit,2026-06-28T04:34:13Z
KRW-ETH,2024-03-05T00:00:00,2024-03-05T09:00:00,5076000.0,5399000.0,4783000.0,5085000.0,143847.21218308,5085000.0,upbit,2026-06-28T04:34:13Z
KRW-ETH,2024-03-06T00:00:00,2024-03-06T09:00:00,5081000.0,5480000.0,4910000.0,5406000.0,106971.46342862,5406000.0,upbit,2026-06-28T04:34:13Z
KRW-ETH,2024-03-07T00:00:00,2024-03-07T09:00:00,5406000.0,5500000.0,5283000.0,5446000.0,53150.5506066,5446000.0,upbit,2026-06-28T04:34:13Z
KRW-ETH,2024-03-08T00:00:00,2024-03-08T09:00:00,5445000.0,5624000.0,5425000.0,5496000.0,54953.07236597,5496000.0,upbit,2026-06-28T04:34:13Z
KRW-ETH,2024-03-09T00:00:00,2024-03-09T09:00:00,5496000.0,5545000.0,5420000.0,5480000.0,26266.51563385,5480000.0,upbit,2026-06-28T04:34:13Z
KRW-ETH,2024-03-10T00:00:00,2024-03-10T09:00:00,5480000.0,5546000.0,5400000.0,5488000.0,27671.81222527,5488000.0,upbit,2026-06-28T04:34:13Z
KRW-ETH,2024-03-11T00:00:00,2024-03-11T09:00:00,5488000.0,5694000.0,5291000.0,5659000.0,64958.17916841,5659000.0,upbit,2026-06-28T04:34:13Z
KRW-ETH,2024-03-12T00:00:00,2024-03-12T09:00:00,5659000.0,5730000.0,5510000.0,5646000.0,45609.43829937,5646000.0,upbit,2026-06-28T04:34:13Z
KRW-ETH,2024-03-13T00:00:00,2024-03-13T09:00:00,5646000.0,5783000.0,5620000.0,5711000.0,45007.0728902,5711000.0,upbit,2026-06-28T04:34:13Z
KRW-ETH,2024-03-14T00:00:00,2024-03-14T09:00:00,5711000.0,5738000.0,5366000.0,5580000.0,66306.17755256,5580000.0,upbit,2026-06-28T04:34:13Z
KRW-ETH,2024-03-15T00:00:00,2024-03-15T09:00:00,5580000.0,5653000.0,5192000.0,5436000.0,88349.17875259,5436000.0,upbit,2026-06-28T04:34:13Z
KRW-ETH,2024-03-16T00:00:00,2024-03-16T09:00:00,5437000.0,5506000.0,5101000.0,5210000.0,39986.20454682,5210000.0,upbit,2026-06-28T04:34:13Z
KRW-ETH,2024-03-17T00:00:00,2024-03-17T09:00:00,5210000.0,5364000.0,4979000.0,5326000.0,52592.63850199,5326000.0,upbit,2026-06-28T04:34:13Z
KRW-ETH,2024-03-18T00:00:00,2024-03-18T09:00:00,5324000.0,5330000.0,5124000.0,5156000.0,27564.23718391,5156000.0,upbit,2026-06-28T04:34:13Z
KRW-ETH,2024-03-19T00:00:00,2024-03-19T09:00:00,5155000.0,5195000.0,4705000.0,4719000.0,75346.75713799,4719000.0,upbit,2026-06-28T04:34:13Z
KRW-ETH,2024-03-20T00:00:00,2024-03-20T09:00:00,4719000.0,5211000.0,4518000.0,5173000.0,88974.95615277,5173000.0,upbit,2026-06-28T04:34:13Z
KRW-ETH,2024-03-21T00:00:00,2024-03-21T09:00:00,5172000.0,5249000.0,5000000.0,5087000.0,41218.04719797,5087000.0,upbit,2026-06-28T04:34:13Z
KRW-ETH,2024-03-22T00:00:00,2024-03-22T09:00:00,5087000.0,5123000.0,4812000.0,4913000.0,35643.35409561,4913000.0,upbit,2026-06-28T04:34:13Z
KRW-ETH,2024-03-23T00:00:00,2024-03-23T09:00:00,4910000.0,4980000.0,4807000.0,4855000.0,22091.29662814,4855000.0,upbit,2026-06-28T04:34:13Z
KRW-ETH,2024-03-24T00:00:00,2024-03-24T09:00:00,4854000.0,4999000.0,4811000.0,4964000.0,21252.24543321,4964000.0,upbit,2026-06-28T04:34:13Z
KRW-ETH,2024-03-25T00:00:00,2024-03-25T09:00:00,4963000.0,5170000.0,4916000.0,5096000.0,30427.85527757,5096000.0,upbit,2026-06-28T04:34:13Z
KRW-ETH,2024-03-26T00:00:00,2024-03-26T09:00:00,5096000.0,5188000.0,5067000.0,5126000.0,25157.79873622,5126000.0,upbit,2026-06-28T04:34:13Z
KRW-ETH,2024-03-27T00:00:00,2024-03-27T09:00:00,5131000.0,5200000.0,5002000.0,5040000.0,27531.91485484,5040000.0,upbit,2026-06-28T04:34:13Z
KRW-ETH,2024-03-28T00:00:00,2024-03-28T09:00:00,5040000.0,5134000.0,5000000.0,5076000.0,20318.47143343,5076000.0,upbit,2026-06-28T04:34:13Z
KRW-ETH,2024-03-29T00:00:00,2024-03-29T09:00:00,5076000.0,5097000.0,4980000.0,5020000.0,17798.13887258,5020000.0,upbit,2026-06-28T04:34:13Z
KRW-ETH,2024-03-30T00:00:00,2024-03-30T09:00:00,5020000.0,5083000.0,4996000.0,5033000.0,11479.34811219,5033000.0,upbit,2026-06-28T04:34:13Z
KRW-ETH,2024-03-31T00:00:00,2024-03-31T09:00:00,5029000.0,5176000.0,5026000.0,5161000.0,16263.00537524,5161000.0,upbit,2026-06-28T04:34:13Z
KRW-ETH,2024-04-01T00:00:00,2024-04-01T09:00:00,5161000.0,5175000.0,4951000.0,5040000.0,24685.96464989,5040000.0,upbit,2026-06-28T04:34:13Z
KRW-ETH,2024-04-02T00:00:00,2024-04-02T09:00:00,5040000.0,5041000.0,4747000.0,4812000.0,35092.27163147,4812000.0,upbit,2026-06-28T04:34:13Z
KRW-ETH,2024-04-03T00:00:00,2024-04-03T09:00:00,4809000.0,4899000.0,4701000.0,4842000.0,20384.31783526,4842000.0,upbit,2026-06-28T04:34:13Z
KRW-ETH,2024-04-04T00:00:00,2024-04-04T09:00:00,4837000.0,4966000.0,4769000.0,4838000.0,22541.06744322,4838000.0,upbit,2026-06-28T04:34:13Z
KRW-ETH,2024-04-05T00:00:00,2024-04-05T09:00:00,4838000.0,4845000.0,4710000.0,4815000.0,20664.28797197,4815000.0,upbit,2026-06-28T04:34:13Z
KRW-ETH,2024-04-06T00:00:00,2024-04-06T09:00:00,4811000.0,4880000.0,4789000.0,4823000.0,8380.56851987,4823000.0,upbit,2026-06-28T04:34:13Z
KRW-ETH,2024-04-07T00:00:00,2024-04-07T09:00:00,4823000.0,4960000.0,4817000.0,4947000.0,12120.39640254,4947000.0,upbit,2026-06-28T04:34:13Z
KRW-ETH,2024-04-08T00:00:00,2024-04-08T09:00:00,4947000.0,5300000.0,4886000.0,5260000.0,42092.70767985,5260000.0,upbit,2026-06-28T04:34:13Z
KRW-ETH,2024-04-09T00:00:00,2024-04-09T09:00:00,5260000.0,5301000.0,4980000.0,5042000.0,38933.33364928,5042000.0,upbit,2026-06-28T04:34:13Z
KRW-ETH,2024-04-10T00:00:00,2024-04-10T09:00:00,5042000.0,5099000.0,4920000.0,5059000.0,26415.17289302,5059000.0,upbit,2026-06-28T04:34:13Z
KRW-ETH,2024-04-11T00:00:00,2024-04-11T09:00:00,5060000.0,5146000.0,5007000.0,5023000.0,18630.31987467,5023000.0,upbit,2026-06-28T04:34:13Z
KRW-ETH,2024-04-12T00:00:00,2024-04-12T09:00:00,5023000.0,5066000.0,4757000.0,4822000.0,35983.52127968,4822000.0,upbit,2026-06-28T04:34:13Z
KRW-ETH,2024-04-13T00:00:00,2024-04-13T09:00:00,4822000.0,4860000.0,4400000.0,4570000.0,60042.61564863,4570000.0,upbit,2026-06-28T04:34:13Z
KRW-ETH,2024-04-14T00:00:00,2024-04-14T09:00:00,4570000.0,4794000.0,4450000.0,4752000.0,40038.72296705,4752000.0,upbit,2026-06-28T04:34:13Z
KRW-ETH,2024-04-15T00:00:00,2024-04-15T09:00:00,4752000.0,4912000.0,4624000.0,4719000.0,45456.53181041,4719000.0,upbit,2026-06-28T04:34:13Z
KRW-ETH,2024-04-16T00:00:00,2024-04-16T09:00:00,4720000.0,4738000.0,4520000.0,4623000.0,28364.32097481,4623000.0,upbit,2026-06-28T04:34:13Z
KRW-ETH,2024-04-17T00:00:00,2024-04-17T09:00:00,4625000.0,4680000.0,4402000.0,4451000.0,26879.70134692,4451000.0,upbit,2026-06-28T04:34:13Z
KRW-ETH,2024-04-18T00:00:00,2024-04-18T09:00:00,4451000.0,4554000.0,4367000.0,4506000.0,23606.9354781,4506000.0,upbit,2026-06-28T04:34:13Z
KRW-ETH,2024-04-19T00:00:00,2024-04-19T09:00:00,4507000.0,4575000.0,4257000.0,4475000.0,33555.54628173,4475000.0,upbit,2026-06-28T04:34:13Z
KRW-ETH,2024-04-20T00:00:00,2024-04-20T09:00:00,4475000.0,4622000.0,4431000.0,4610000.0,14667.50567125,4610000.0,upbit,2026-06-28T04:34:13Z
KRW-ETH,2024-04-21T00:00:00,2024-04-21T09:00:00,4610000.0,4673000.0,4568000.0,4600000.0,12888.54993046,4600000.0,upbit,2026-06-28T04:34:13Z
KRW-ETH,2024-04-22T00:00:00,2024-04-22T09:00:00,4600000.0,4695000.0,4586000.0,4652000.0,15860.25660111,4652000.0,upbit,2026-06-28T04:34:13Z
KRW-ETH,2024-04-23T00:00:00,2024-04-23T09:00:00,4653000.0,4718000.0,4563000.0,4661000.0,17663.50298925,4661000.0,upbit,2026-06-28T04:34:13Z
KRW-ETH,2024-04-24T00:00:00,2024-04-24T09:00:00,4662000.0,4736000.0,4519000.0,4567000.0,20594.06731367,4567000.0,upbit,2026-06-28T04:34:13Z
KRW-ETH,2024-04-25T00:00:00,2024-04-25T09:00:00,4569000.0,4621000.0,4444000.0,4535000.0,17799.5080669,4535000.0,upbit,2026-06-28T04:34:13Z
KRW-ETH,2024-04-26T00:00:00,2024-04-26T09:00:00,4539000.0,4554000.0,4470000.0,4512000.0,9453.45597913,4512000.0,upbit,2026-06-28T04:34:13Z
KRW-ETH,2024-04-27T00:00:00,2024-04-27T09:00:00,4512000.0,4721000.0,4453000.0,4689000.0,14248.38595476,4689000.0,upbit,2026-06-28T04:34:13Z
KRW-ETH,2024-04-28T00:00:00,2024-04-28T09:00:00,4689000.0,4795000.0,4660000.0,4679000.0,19459.29548227,4679000.0,upbit,2026-06-28T04:34:13Z
KRW-ETH,2024-04-29T00:00:00,2024-04-29T09:00:00,4679000.0,4713000.0,4459000.0,4604000.0,26475.49144265,4604000.0,upbit,2026-06-28T04:34:13Z
KRW-ETH,2024-04-30T00:00:00,2024-04-30T09:00:00,4604000.0,4653000.0,4221000.0,4327000.0,37466.78977518,4327000.0,upbit,2026-06-28T04:34:13Z
KRW-ETH,2024-05-01T00:00:00,2024-05-01T09:00:00,4327000.0,4351000.0,3980000.0,4252000.0,51845.88467646,4252000.0,upbit,2026-06-28T04:34:13Z
KRW-ETH,2024-05-02T00:00:00,2024-05-02T09:00:00,4252000.0,4280000.0,4076000.0,4201000.0,21713.65119788,4201000.0,upbit,2026-06-28T04:34:13Z
KRW-ETH,2024-05-03T00:00:00,2024-05-03T09:00:00,4201000.0,4434000.0,4187000.0,4400000.0,30242.38832656,4400000.0,upbit,2026-06-28T04:34:13Z
KRW-ETH,2024-05-04T00:00:00,2024-05-04T09:00:00,4401000.0,4470000.0,4352000.0,4410000.0,14527.76629291,4410000.0,upbit,2026-06-28T04:34:13Z
KRW-ETH,2024-05-05T00:00:00,2024-05-05T09:00:00,4408000.0,4465000.0,4314000.0,4410000.0,11299.23551254,4410000.0,upbit,2026-06-28T04:34:13Z
KRW-ETH,2024-05-06T00:00:00,2024-05-06T09:00:00,4409000.0,4500000.0,4300000.0,4308000.0,17631.6953589,4308000.0,upbit,2026-06-28T04:34:13Z
KRW-ETH,2024-05-07T00:00:00,2024-05-07T09:00:00,4308000.0,4379000.0,4220000.0,4229000.0,15313.59926725,4229000.0,upbit,2026-06-28T04:34:13Z
KRW-ETH,2024-05-08T00:00:00,2024-05-08T09:00:00,4229000.0,4273000.0,4137000.0,4169000.0,17129.43001809,4169000.0,upbit,2026-06-28T04:34:13Z
KRW-ETH,2024-05-09T00:00:00,2024-05-09T09:00:00,4169000.0,4269000.0,4130000.0,4243000.0,10698.70620335,4243000.0,upbit,2026-06-28T04:34:13Z
KRW-ETH,2024-05-10T00:00:00,2024-05-10T09:00:00,4240000.0,4250000.0,4073000.0,4108000.0,13965.70859863,4108000.0,upbit,2026-06-28T04:34:13Z
KRW-ETH,2024-05-11T00:00:00,2024-05-11T09:00:00,4109000.0,4143000.0,4070000.0,4111000.0,6260.73117421,4111000.0,upbit,2026-06-28T04:34:13Z
KRW-ETH,2024-05-12T00:00:00,2024-05-12T09:00:00,4111000.0,4160000.0,4094000.0,4125000.0,4943.89919655,4125000.0,upbit,2026-06-28T04:34:13Z
KRW-ETH,2024-05-13T00:00:00,2024-05-13T09:00:00,4125000.0,4189000.0,4030000.0,4125000.0,13954.28928201,4125000.0,upbit,2026-06-28T04:34:13Z
KRW-ETH,2024-05-14T00:00:00,2024-05-14T09:00:00,4125000.0,4139000.0,4021000.0,4053000.0,11590.18759865,4053000.0,upbit,2026-06-28T04:34:13Z
KRW-ETH,2024-05-15T00:00:00,2024-05-15T09:00:00,4053000.0,4228000.0,4027000.0,4220000.0,21486.28715644,4220000.0,upbit,2026-06-28T04:34:13Z
KRW-ETH,2024-05-16T00:00:00,2024-05-16T09:00:00,4219000.0,4237000.0,4079000.0,4096000.0,18486.0052916,4096000.0,upbit,2026-06-28T04:34:13Z
KRW-ETH,2024-05-17T00:00:00,2024-05-17T09:00:00,4096000.0,4305000.0,4084000.0,4278000.0,19464.37439518,4278000.0,upbit,2026-06-28T04:34:13Z
KRW-ETH,2024-05-18T00:00:00,2024-05-18T09:00:00,4278000.0,4369000.0,4270000.0,4343000.0,12033.72639043,4343000.0,upbit,2026-06-28T04:34:13Z
KRW-ETH,2024-05-19T00:00:00,2024-05-19T09:00:00,4341000.0,4351000.0,4246000.0,4268000.0,11075.12487303,4268000.0,upbit,2026-06-28T04:34:13Z
KRW-ETH,2024-05-20T00:00:00,2024-05-20T09:00:00,4270000.0,5028000.0,4236000.0,4992000.0,55370.88344543,4992000.0,upbit,2026-06-28T04:34:13Z
KRW-ETH,2024-05-21T00:00:00,2024-05-21T09:00:00,4992000.0,5283000.0,4941000.0,5231000.0,88166.45238357,5231000.0,upbit,2026-06-28T04:34:13Z
KRW-ETH,2024-05-22T00:00:00,2024-05-22T09:00:00,5231000.0,5250000.0,5008000.0,5152000.0,48070.40246033,5152000.0,upbit,2026-06-28T04:34:13Z
KRW-ETH,2024-05-23T00:00:00,2024-05-23T09:00:00,5152000.0,5449000.0,4936000.0,5288000.0,130842.61414347,5288000.0,upbit,2026-06-28T04:34:13Z
KRW-ETH,2024-05-24T00:00:00,2024-05-24T09:00:00,5288000.0,5350000.0,5080000.0,5177000.0,41377.02372914,5177000.0,upbit,2026-06-28T04:34:13Z
KRW-ETH,2024-05-25T00:00:00,2024-05-25T09:00:00,5177000.0,5262000.0,5154000.0,5206000.0,15213.74909172,5206000.0,upbit,2026-06-28T04:34:13Z
KRW-ETH,2024-05-26T00:00:00,2024-05-26T09:00:00,5206000.0,5420000.0,5193000.0,5342000.0,30017.81080353,5342000.0,upbit,2026-06-28T04:34:13Z
KRW-ETH,2024-05-27T00:00:00,2024-05-27T09:00:00,5342000.0,5495000.0,5338000.0,5390000.0,43131.29067968,5390000.0,upbit,2026-06-28T04:34:13Z
KRW-ETH,2024-05-28T00:00:00,2024-05-28T09:00:00,5390000.0,5450000.0,5262000.0,5325000.0,30074.07167826,5325000.0,upbit,2026-06-28T04:34:13Z
KRW-ETH,2024-05-29T00:00:00,2024-05-29T09:00:00,5324000.0,5360000.0,5207000.0,5234000.0,20567.85268384,5234000.0,upbit,2026-06-28T04:34:13Z
KRW-ETH,2024-05-30T00:00:00,2024-05-30T09:00:00,5235000.0,5300000.0,5160000.0,5212000.0,19948.1542936,5212000.0,upbit,2026-06-28T04:34:13Z
KRW-ETH,2024-05-31T00:00:00,2024-05-31T09:00:00,5213000.0,5362000.0,5188000.0,5269000.0,22302.82686802,5269000.0,upbit,2026-06-28T04:34:13Z
KRW-ETH,2024-06-01T00:00:00,2024-06-01T09:00:00,5270000.0,5350000.0,5253000.0,5341000.0,7810.23704078,5341000.0,upbit,2026-06-28T04:34:13Z
KRW-ETH,2024-06-02T00:00:00,2024-06-02T09:00:00,5341000.0,5372000.0,5279000.0,5300000.0,10137.32908139,5300000.0,upbit,2026-06-28T04:34:13Z
KRW-ETH,2024-06-03T00:00:00,2024-06-03T09:00:00,5302000.0,5345000.0,5240000.0,5259000.0,16241.96489053,5259000.0,upbit,2026-06-28T04:34:13Z
KRW-ETH,2024-06-04T00:00:00,2024-06-04T09:00:00,5259000.0,5286000.0,5215000.0,5273000.0,11937.42614555,5273000.0,upbit,2026-06-28T04:34:13Z
KRW-ETH,2024-06-05T00:00:00,2024-06-05T09:00:00,5274000.0,5364000.0,5235000.0,5345000.0,19036.86062537,5345000.0,upbit,2026-06-28T04:34:13Z
KRW-ETH,2024-06-06T00:00:00,2024-06-06T09:00:00,5348000.0,5358000.0,5256000.0,5296000.0,14232.05197492,5296000.0,upbit,2026-06-28T04:34:13Z
KRW-ETH,2024-06-07T00:00:00,2024-06-07T09:00:00,5297000.0,5328000.0,5168000.0,5199000.0,20758.68202929,5199000.0,upbit,2026-06-28T04:34:13Z
KRW-ETH,2024-06-08T00:00:00,2024-06-08T09:00:00,5199000.0,5228000.0,5187000.0,5212000.0,7977.14504652,5212000.0,upbit,2026-06-28T04:34:13Z
KRW-ETH,2024-06-09T00:00:00,2024-06-09T09:00:00,5214000.0,5240000.0,5185000.0,5208000.0,4505.91341029,5208000.0,upbit,2026-06-28T04:34:13Z
KRW-ETH,2024-06-10T00:00:00,2024-06-10T09:00:00,5208000.0,5216000.0,5105000.0,5135000.0,10482.50687807,5135000.0,upbit,2026-06-28T04:34:13Z
KRW-ETH,2024-06-11T00:00:00,2024-06-11T09:00:00,5135000.0,5140000.0,4868000.0,4959000.0,24054.27510469,4959000.0,upbit,2026-06-28T04:34:13Z
KRW-ETH,2024-06-12T00:00:00,2024-06-12T09:00:00,4959000.0,5143000.0,4891000.0,5006000.0,20001.23554614,5006000.0,upbit,2026-06-28T04:34:13Z
KRW-ETH,2024-06-13T00:00:00,2024-06-13T09:00:00,5006000.0,5010000.0,4870000.0,4915000.0,12941.49944375,4915000.0,upbit,2026-06-28T04:34:13Z
KRW-ETH,2024-06-14T00:00:00,2024-06-14T09:00:00,4914000.0,5016000.0,4805000.0,4957000.0,14240.54467667,4957000.0,upbit,2026-06-28T04:34:13Z
KRW-ETH,2024-06-15T00:00:00,2024-06-15T09:00:00,4957000.0,5085000.0,4931000.0,5062000.0,10578.38989324,5062000.0,upbit,2026-06-28T04:34:13Z
KRW-ETH,2024-06-16T00:00:00,2024-06-16T09:00:00,5062000.0,5159000.0,5015000.0,5121000.0,8296.87748129,5121000.0,upbit,2026-06-28T04:34:13Z
KRW-ETH,2024-06-17T00:00:00,2024-06-17T09:00:00,5120000.0,5138000.0,4891000.0,4946000.0,21811.28892214,4946000.0,upbit,2026-06-28T04:34:13Z
KRW-ETH,2024-06-18T00:00:00,2024-06-18T09:00:00,4946000.0,4957000.0,4765000.0,4900000.0,22981.77375906,4900000.0,upbit,2026-06-28T04:34:13Z
KRW-ETH,2024-06-19T00:00:00,2024-06-19T09:00:00,4900000.0,5058000.0,4872000.0,5020000.0,17294.02573891,5020000.0,upbit,2026-06-28T04:34:13Z
KRW-ETH,2024-06-20T00:00:00,2024-06-20T09:00:00,5020000.0,5102000.0,4935000.0,4973000.0,18943.70045827,4973000.0,upbit,2026-06-28T04:34:13Z
KRW-ETH,2024-06-21T00:00:00,2024-06-21T09:00:00,4973000.0,5000000.0,4867000.0,4955000.0,12049.94048423,4955000.0,upbit,2026-06-28T04:34:13Z
KRW-ETH,2024-06-22T00:00:00,2024-06-22T09:00:00,4955000.0,4964000.0,4913000.0,4945000.0,4621.11187892,4945000.0,upbit,2026-06-28T04:34:13Z
KRW-ETH,2024-06-23T00:00:00,2024-06-23T09:00:00,4945000.0,4976000.0,4820000.0,4820000.0,7251.01882151,4820000.0,upbit,2026-06-28T04:34:13Z
KRW-ETH,2024-06-24T00:00:00,2024-06-24T09:00:00,4821000.0,4850000.0,4590000.0,4753000.0,30684.13103684,4753000.0,upbit,2026-06-28T04:34:13Z
KRW-ETH,2024-06-25T00:00:00,2024-06-25T09:00:00,4753000.0,4838000.0,4706000.0,4803000.0,16011.6925981,4803000.0,upbit,2026-06-28T04:34:13Z
KRW-ETH,2024-06-26T00:00:00,2024-06-26T09:00:00,4803000.0,4844000.0,4707000.0,4766000.0,10684.96639011,4766000.0,upbit,2026-06-28T04:34:13Z
KRW-ETH,2024-06-27T00:00:00,2024-06-27T09:00:00,4767000.0,4902000.0,4743000.0,4863000.0,14258.70561148,4863000.0,upbit,2026-06-28T04:34:13Z
KRW-ETH,2024-06-28T00:00:00,2024-06-28T09:00:00,4863000.0,4908000.0,4744000.0,4761000.0,12469.9668292,4761000.0,upbit,2026-06-28T04:34:13Z
KRW-ETH,2024-06-29T00:00:00,2024-06-29T09:00:00,4766000.0,4791000.0,4750000.0,4754000.0,4807.29740895,4754000.0,upbit,2026-06-28T04:34:13Z
KRW-ETH,2024-06-30T00:00:00,2024-06-30T09:00:00,4755000.0,4852000.0,4712000.0,4821000.0,7303.2091009,4821000.0,upbit,2026-06-28T04:34:13Z
KRW-ETH,2024-07-01T00:00:00,2024-07-01T09:00:00,4821000.0,4948000.0,4808000.0,4835000.0,13062.43303048,4835000.0,upbit,2026-06-28T04:34:13Z
KRW-ETH,2024-07-02T00:00:00,2024-07-02T09:00:00,4835000.0,4867000.0,4777000.0,4811000.0,8116.49859659,4811000.0,upbit,2026-06-28T04:34:13Z
KRW-ETH,2024-07-03T00:00:00,2024-07-03T09:00:00,4811000.0,4826000.0,4627000.0,4672000.0,15381.79799769,4672000.0,upbit,2026-06-28T04:34:13Z
KRW-ETH,2024-07-04T00:00:00,2024-07-04T09:00:00,4673000.0,4696000.0,4370000.0,4379000.0,27350.47368514,4379000.0,upbit,2026-06-28T04:34:13Z
KRW-ETH,2024-07-05T00:00:00,2024-07-05T09:00:00,4379000.0,4470000.0,4058000.0,4266000.0,54320.25098026,4266000.0,upbit,2026-06-28T04:34:13Z
KRW-ETH,2024-07-06T00:00:00,2024-07-06T09:00:00,4270000.0,4384000.0,4205000.0,4365000.0,16840.01916105,4365000.0,upbit,2026-06-28T04:34:13Z
KRW-ETH,2024-07-07T00:00:00,2024-07-07T09:00:00,4367000.0,4373000.0,4151000.0,4164000.0,14286.49375127,4164000.0,upbit,2026-06-28T04:34:13Z
KRW-ETH,2024-07-08T00:00:00,2024-07-08T09:00:00,4167000.0,4397000.0,4050000.0,4290000.0,29118.59168736,4290000.0,upbit,2026-06-28T04:34:13Z
KRW-ETH,2024-07-09T00:00:00,2024-07-09T09:00:00,4290000.0,4401000.0,4267000.0,4336000.0,17246.36563577,4336000.0,upbit,2026-06-28T04:34:13Z
KRW-ETH,2024-07-10T00:00:00,2024-07-10T09:00:00,4335000.0,4461000.0,4297000.0,4397000.0,15470.04317181,4397000.0,upbit,2026-06-28T04:34:13Z
KRW-ETH,2024-07-11T00:00:00,2024-07-11T09:00:00,4397000.0,4530000.0,4336000.0,4381000.0,18453.49877196,4381000.0,upbit,2026-06-28T04:34:13Z
KRW-ETH,2024-07-12T00:00:00,2024-07-12T09:00:00,4382000.0,4444000.0,4318000.0,4413000.0,13081.55017339,4413000.0,upbit,2026-06-28T04:34:13Z
KRW-ETH,2024-07-13T00:00:00,2024-07-13T09:00:00,4414000.0,4485000.0,4383000.0,4450000.0,9560.11424826,4450000.0,upbit,2026-06-28T04:34:13Z
KRW-ETH,2024-07-14T00:00:00,2024-07-14T09:00:00,4450000.0,4595000.0,4440000.0,4557000.0,14424.35579172,4557000.0,upbit,2026-06-28T04:34:13Z
KRW-ETH,2024-07-15T00:00:00,2024-07-15T09:00:00,4557000.0,4911000.0,4548000.0,4900000.0,25924.20998981,4900000.0,upbit,2026-06-28T04:34:13Z
KRW-ETH,2024-07-16T00:00:00,2024-07-16T09:00:00,4900000.0,4927000.0,4681000.0,4809000.0,36014.81626314,4809000.0,upbit,2026-06-28T04:34:13Z
KRW-ETH,2024-07-17T00:00:00,2024-07-17T09:00:00,4810000.0,4900000.0,4719000.0,4730000.0,23618.60327732,4730000.0,upbit,2026-06-28T04:34:13Z
KRW-ETH,2024-07-18T00:00:00,2024-07-18T09:00:00,4730000.0,4890000.0,4720000.0,4811000.0,19001.4084744,4811000.0,upbit,2026-06-28T04:34:13Z
KRW-ETH,2024-07-19T00:00:00,2024-07-19T09:00:00,4811000.0,4939000.0,4737000.0,4888000.0,26682.94953578,4888000.0,upbit,2026-06-28T04:34:13Z
KRW-ETH,2024-07-20T00:00:00,2024-07-20T09:00:00,4888000.0,4954000.0,4864000.0,4928000.0,13048.62329511,4928000.0,upbit,2026-06-28T04:34:13Z
KRW-ETH,2024-07-21T00:00:00,2024-07-21T09:00:00,4928000.0,4943000.0,4800000.0,4932000.0,17578.67977648,4932000.0,upbit,2026-06-28T04:34:13Z
KRW-ETH,2024-07-22T00:00:00,2024-07-22T09:00:00,4932000.0,4968000.0,4790000.0,4808000.0,20954.67495221,4808000.0,upbit,2026-06-28T04:34:13Z
KRW-ETH,2024-07-23T00:00:00,2024-07-23T09:00:00,4808000.0,4960000.0,4770000.0,4870000.0,36754.29343537,4870000.0,upbit,2026-06-28T04:34:13Z
KRW-ETH,2024-07-24T00:00:00,2024-07-24T09:00:00,4870000.0,4883000.0,4632000.0,4674000.0,25375.65302735,4674000.0,upbit,2026-06-28T04:34:13Z
KRW-ETH,2024-07-25T00:00:00,2024-07-25T09:00:00,4675000.0,4679000.0,4350000.0,4463000.0,48005.1759814,4463000.0,upbit,2026-06-28T04:34:13Z
KRW-ETH,2024-07-26T00:00:00,2024-07-26T09:00:00,4464000.0,4587000.0,4458000.0,4571000.0,23329.72368025,4571000.0,upbit,2026-06-28T04:34:13Z
KRW-ETH,2024-07-27T00:00:00,2024-07-27T09:00:00,4571000.0,4645000.0,4466000.0,4515000.0,24830.19541085,4515000.0,upbit,2026-06-28T04:34:13Z
KRW-ETH,2024-07-28T00:00:00,2024-07-28T09:00:00,4515000.0,4587000.0,4471000.0,4569000.0,12324.30551991,4569000.0,upbit,2026-06-28T04:34:13Z
KRW-ETH,2024-07-29T00:00:00,2024-07-29T09:00:00,4569000.0,4723000.0,4559000.0,4641000.0,25974.61606615,4641000.0,upbit,2026-06-28T04:34:13Z
KRW-ETH,2024-07-30T00:00:00,2024-07-30T09:00:00,4642000.0,4697000.0,4544000.0,4597000.0,16872.56665312,4597000.0,upbit,2026-06-28T04:34:13Z
KRW-ETH,2024-07-31T00:00:00,2024-07-31T09:00:00,4597000.0,4669000.0,4514000.0,4518000.0,16139.98745664,4518000.0,upbit,2026-06-28T04:34:13Z
KRW-ETH,2024-08-01T00:00:00,2024-08-01T09:00:00,4517000.0,4537000.0,4351000.0,4500000.0,22863.74612233,4500000.0,upbit,2026-06-28T04:34:13Z
KRW-ETH,2024-08-02T00:00:00,2024-08-02T09:00:00,4500000.0,4521000.0,4192000.0,4213000.0,25758.2783992,4213000.0,upbit,2026-06-28T04:34:13Z
KRW-ETH,2024-08-03T00:00:00,2024-08-03T09:00:00,4213000.0,4248000.0,4060000.0,4110000.0,24088.61427559,4110000.0,upbit,2026-06-28T04:34:13Z
KRW-ETH,2024-08-04T00:00:00,2024-08-04T09:00:00,4111000.0,4140000.0,3781000.0,3790000.0,35345.57199199,3790000.0,upbit,2026-06-28T04:34:13Z
KRW-ETH,2024-08-05T00:00:00,2024-08-05T09:00:00,3790000.0,3812000.0,3162000.0,3483000.0,209059.78437835,3483000.0,upbit,2026-06-28T04:34:13Z
KRW-ETH,2024-08-06T00:00:00,2024-08-06T09:00:00,3485000.0,3719000.0,3450000.0,3526000.0,63843.90206178,3526000.0,upbit,2026-06-28T04:34:13Z
KRW-ETH,2024-08-07T00:00:00,2024-08-07T09:00:00,3525000.0,3620000.0,3300000.0,3338000.0,62637.5096902,3338000.0,upbit,2026-06-28T04:34:13Z
KRW-ETH,2024-08-08T00:00:00,2024-08-08T09:00:00,3338000.0,3818000.0,3301000.0,3757000.0,66896.54790791,3757000.0,upbit,2026-06-28T04:34:13Z
KRW-ETH,2024-08-09T00:00:00,2024-08-09T09:00:00,3757000.0,3803000.0,3600000.0,3654000.0,45674.66493233,3654000.0,upbit,2026-06-28T04:34:13Z
KRW-ETH,2024-08-10T00:00:00,2024-08-10T09:00:00,3655000.0,3721000.0,3634000.0,3669000.0,14996.39495676,3669000.0,upbit,2026-06-28T04:34:13Z
KRW-ETH,2024-08-11T00:00:00,2024-08-11T09:00:00,3670000.0,3802000.0,3578000.0,3601000.0,27693.30377307,3601000.0,upbit,2026-06-28T04:34:13Z
KRW-ETH,2024-08-12T00:00:00,2024-08-12T09:00:00,3601000.0,3851000.0,3526000.0,3817000.0,47047.06375201,3817000.0,upbit,2026-06-28T04:34:13Z
KRW-ETH,2024-08-13T00:00:00,2024-08-13T09:00:00,3817000.0,3833000.0,3665000.0,3774000.0,31402.59148145,3774000.0,upbit,2026-06-28T04:34:13Z
KRW-ETH,2024-08-14T00:00:00,2024-08-14T09:00:00,3776000.0,3880000.0,3687000.0,3732000.0,31024.18634867,3732000.0,upbit,2026-06-28T04:34:13Z
KRW-ETH,2024-08-15T00:00:00,2024-08-15T09:00:00,3732000.0,3748000.0,3554000.0,3616000.0,26660.40354577,3616000.0,upbit,2026-06-28T04:34:13Z
KRW-ETH,2024-08-16T00:00:00,2024-08-16T09:00:00,3616000.0,3674000.0,3583000.0,3623000.0,16427.07077551,3623000.0,upbit,2026-06-28T04:34:13Z
KRW-ETH,2024-08-17T00:00:00,2024-08-17T09:00:00,3624000.0,3659000.0,3612000.0,3638000.0,6040.62477411,3638000.0,upbit,2026-06-28T04:34:13Z
KRW-ETH,2024-08-18T00:00:00,2024-08-18T09:00:00,3638000.0,3730000.0,3618000.0,3640000.0,11637.14391624,3640000.0,upbit,2026-06-28T04:34:13Z
KRW-ETH,2024-08-19T00:00:00,2024-08-19T09:00:00,3638000.0,3672000.0,3537000.0,3620000.0,19155.47885333,3620000.0,upbit,2026-06-28T04:34:13Z
KRW-ETH,2024-08-20T00:00:00,2024-08-20T09:00:00,3620000.0,3664000.0,3502000.0,3522000.0,24665.63748092,3522000.0,upbit,2026-06-28T04:34:13Z
KRW-ETH,2024-08-21T00:00:00,2024-08-21T09:00:00,3522000.0,3606000.0,3475000.0,3564000.0,17055.74817855,3564000.0,upbit,2026-06-28T04:34:13Z
KRW-ETH,2024-08-22T00:00:00,2024-08-22T09:00:00,3564000.0,3579000.0,3515000.0,3557000.0,11272.60438165,3557000.0,upbit,2026-06-28T04:34:13Z
KRW-ETH,2024-08-23T00:00:00,2024-08-23T09:00:00,3558000.0,3739000.0,3554000.0,3690000.0,23079.4896545,3690000.0,upbit,2026-06-28T04:34:13Z
KRW-ETH,2024-08-24T00:00:00,2024-08-24T09:00:00,3690000.0,3758000.0,3667000.0,3701000.0,19509.04801722,3701000.0,upbit,2026-06-28T04:34:13Z
KRW-ETH,2024-08-25T00:00:00,2024-08-25T09:00:00,3701000.0,3735000.0,3662000.0,3689000.0,13184.09937805,3689000.0,upbit,2026-06-28T04:34:13Z
KRW-ETH,2024-08-26T00:00:00,2024-08-26T09:00:00,3690000.0,3701000.0,3590000.0,3605000.0,14360.43533042,3605000.0,upbit,2026-06-28T04:34:13Z
KRW-ETH,2024-08-27T00:00:00,2024-08-27T09:00:00,3606000.0,3619000.0,3312000.0,3346000.0,40415.42698563,3346000.0,upbit,2026-06-28T04:34:13Z
KRW-ETH,2024-08-28T00:00:00,2024-08-28T09:00:00,3347000.0,3485000.0,3300000.0,3445000.0,33287.94799445,3445000.0,upbit,2026-06-28T04:34:13Z
KRW-ETH,2024-08-29T00:00:00,2024-08-29T09:00:00,3444000.0,3511000.0,3411000.0,3437000.0,15008.10389037,3437000.0,upbit,2026-06-28T04:34:13Z
KRW-ETH,2024-08-30T00:00:00,2024-08-30T09:00:00,3437000.0,3465000.0,3334000.0,3435000.0,14911.40895858,3435000.0,upbit,2026-06-28T04:34:13Z
KRW-ETH,2024-08-31T00:00:00,2024-08-31T09:00:00,3437000.0,3447000.0,3389000.0,3419000.0,5024.24239219,3419000.0,upbit,2026-06-28T04:34:13Z
KRW-ETH,2024-09-01T00:00:00,2024-09-01T09:00:00,3420000.0,3425000.0,3295000.0,3317000.0,14201.47534825,3317000.0,upbit,2026-06-28T04:34:13Z
KRW-ETH,2024-09-02T00:00:00,2024-09-02T09:00:00,3317000.0,3480000.0,3315000.0,3442000.0,14145.6070705,3442000.0,upbit,2026-06-28T04:34:13Z
KRW-ETH,2024-09-03T00:00:00,2024-09-03T09:00:00,3443000.0,3464000.0,3297000.0,3304000.0,14343.18800238,3304000.0,upbit,2026-06-28T04:34:13Z
KRW-ETH,2024-09-04T00:00:00,2024-09-04T09:00:00,3306000.0,3373000.0,3170000.0,3323000.0,23444.67416023,3323000.0,upbit,2026-06-28T04:34:13Z
KRW-ETH,2024-09-05T00:00:00,2024-09-05T09:00:00,3323000.0,3340000.0,3201000.0,3220000.0,14573.90468953,3220000.0,upbit,2026-06-28T04:34:13Z
KRW-ETH,2024-09-06T00:00:00,2024-09-06T09:00:00,3221000.0,3256000.0,2955000.0,3039000.0,44219.82937118,3039000.0,upbit,2026-06-28T04:34:13Z
KRW-ETH,2024-09-07T00:00:00,2024-09-07T09:00:00,3040000.0,3143000.0,3021000.0,3088000.0,14017.5280694,3088000.0,upbit,2026-06-28T04:34:13Z
KRW-ETH,2024-09-08T00:00:00,2024-09-08T09:00:00,3090000.0,3157000.0,3043000.0,3118000.0,10300.35731911,3118000.0,upbit,2026-06-28T04:34:13Z
KRW-ETH,2024-09-09T00:00:00,2024-09-09T09:00:00,3118000.0,3222000.0,3090000.0,3196000.0,17744.35623605,3196000.0,upbit,2026-06-28T04:34:13Z
KRW-ETH,2024-09-10T00:00:00,2024-09-10T09:00:00,3196000.0,3247000.0,3153000.0,3232000.0,13695.61356941,3232000.0,upbit,2026-06-28T04:34:13Z
KRW-ETH,2024-09-11T00:00:00,2024-09-11T09:00:00,3232000.0,3237000.0,3092000.0,3158000.0,15786.03025654,3158000.0,upbit,2026-06-28T04:34:13Z
KRW-ETH,2024-09-12T00:00:00,2024-09-12T09:00:00,3160000.0,3220000.0,3126000.0,3179000.0,16569.10444639,3179000.0,upbit,2026-06-28T04:34:13Z
KRW-ETH,2024-09-13T00:00:00,2024-09-13T09:00:00,3179000.0,3302000.0,3143000.0,3267000.0,15560.59420983,3267000.0,upbit,2026-06-28T04:34:13Z
KRW-ETH,2024-09-14T00:00:00,2024-09-14T09:00:00,3267000.0,3270000.0,3202000.0,3244000.0,6996.08817392,3244000.0,upbit,2026-06-28T04:34:13Z
KRW-ETH,2024-09-15T00:00:00,2024-09-15T09:00:00,3244000.0,3262000.0,3070000.0,3125000.0,10529.51033891,3125000.0,upbit,2026-06-28T04:34:13Z
KRW-ETH,2024-09-16T00:00:00,2024-09-16T09:00:00,3124000.0,3138000.0,3039000.0,3094000.0,18468.29411243,3094000.0,upbit,2026-06-28T04:34:13Z
KRW-ETH,2024-09-17T00:00:00,2024-09-17T09:00:00,3095000.0,3210000.0,3053000.0,3147000.0,17377.03669075,3147000.0,upbit,2026-06-28T04:34:13Z
KRW-ETH,2024-09-18T00:00:00,2024-09-18T09:00:00,3145000.0,3182000.0,3073000.0,3179000.0,15046.97637117,3179000.0,upbit,2026-06-28T04:34:13Z
KRW-ETH,2024-09-19T00:00:00,2024-09-19T09:00:00,3179000.0,3325000.0,3170000.0,3286000.0,24509.45725456,3286000.0,upbit,2026-06-28T04:34:13Z
KRW-ETH,2024-09-20T00:00:00,2024-09-20T09:00:00,3285000.0,3432000.0,3250000.0,3423000.0,25952.85970737,3423000.0,upbit,2026-06-28T04:34:13Z
KRW-ETH,2024-09-21T00:00:00,2024-09-21T09:00:00,3423000.0,3492000.0,3385000.0,3482000.0,13053.29599215,3482000.0,upbit,2026-06-28T04:34:13Z
KRW-ETH,2024-09-22T00:00:00,2024-09-22T09:00:00,3480000.0,3507000.0,3383000.0,3451000.0,12506.05384614,3451000.0,upbit,2026-06-28T04:34:13Z
KRW-ETH,2024-09-23T00:00:00,2024-09-23T09:00:00,3451000.0,3612000.0,3397000.0,3538000.0,17569.94623681,3538000.0,upbit,2026-06-28T04:34:13Z
KRW-ETH,2024-09-24T00:00:00,2024-09-24T09:00:00,3538000.0,3562000.0,3470000.0,3519000.0,15919.473443,3519000.0,upbit,2026-06-28T04:34:13Z
KRW-ETH,2024-09-25T00:00:00,2024-09-25T09:00:00,3520000.0,3545000.0,3420000.0,3449000.0,15003.13740572,3449000.0,upbit,2026-06-28T04:34:13Z
KRW-ETH,2024-09-26T00:00:00,2024-09-26T09:00:00,3450000.0,3512000.0,3417000.0,3478000.0,18412.42990809,3478000.0,upbit,2026-06-28T04:34:13Z
KRW-ETH,2024-09-27T00:00:00,2024-09-27T09:00:00,3477000.0,3595000.0,3467000.0,3560000.0,17593.35999966,3560000.0,upbit,2026-06-28T04:34:13Z
KRW-ETH,2024-09-28T00:00:00,2024-09-28T09:00:00,3560000.0,3573000.0,3490000.0,3519000.0,12179.05077833,3519000.0,upbit,2026-06-28T04:34:13Z
KRW-ETH,2024-09-29T00:00:00,2024-09-29T09:00:00,3523000.0,3535000.0,3471000.0,3480000.0,10060.76287732,3480000.0,upbit,2026-06-28T04:34:13Z
KRW-ETH,2024-09-30T00:00:00,2024-09-30T09:00:00,3480000.0,3484000.0,3400000.0,3440000.0,14482.46668055,3440000.0,upbit,2026-06-28T04:34:13Z
KRW-ETH,2024-10-01T00:00:00,2024-10-01T09:00:00,3440000.0,3512000.0,3244000.0,3281000.0,22924.6552267,3281000.0,upbit,2026-06-28T04:34:13Z
KRW-ETH,2024-10-02T00:00:00,2024-10-02T09:00:00,3281000.0,3339000.0,3169000.0,3188000.0,19143.68117348,3188000.0,upbit,2026-06-28T04:34:13Z
KRW-ETH,2024-10-03T00:00:00,2024-10-03T09:00:00,3189000.0,3237000.0,3141000.0,3189000.0,15632.61506716,3189000.0,upbit,2026-06-28T04:34:13Z
KRW-ETH,2024-10-04T00:00:00,2024-10-04T09:00:00,3190000.0,3299000.0,3170000.0,3261000.0,13531.92475097,3261000.0,upbit,2026-06-28T04:34:13Z
KRW-ETH,2024-10-05T00:00:00,2024-10-05T09:00:00,3259000.0,3284000.0,3233000.0,3271000.0,5747.72595945,3271000.0,upbit,2026-06-28T04:34:13Z
KRW-ETH,2024-10-06T00:00:00,2024-10-06T09:00:00,3271000.0,3308000.0,3257000.0,3282000.0,5778.18274717,3282000.0,upbit,2026-06-28T04:34:13Z
KRW-ETH,2024-10-07T00:00:00,2024-10-07T09:00:00,3282000.0,3380000.0,3245000.0,3269000.0,15285.2476685,3269000.0,upbit,2026-06-28T04:34:13Z
KRW-ETH,2024-10-08T00:00:00,2024-10-08T09:00:00,3267000.0,3330000.0,3254000.0,3305000.0,8264.23032122,3305000.0,upbit,2026-06-28T04:34:13Z
KRW-ETH,2024-10-09T00:00:00,2024-10-09T09:00:00,3304000.0,3346000.0,3202000.0,3219000.0,9195.7597896,3219000.0,upbit,2026-06-28T04:34:13Z
KRW-ETH,2024-10-10T00:00:00,2024-10-10T09:00:00,3219000.0,3285000.0,3190000.0,3246000.0,10039.6379945,3246000.0,upbit,2026-06-28T04:34:13Z
KRW-ETH,2024-10-11T00:00:00,2024-10-11T09:00:00,3245000.0,3335000.0,3237000.0,3292000.0,8708.92039959,3292000.0,upbit,2026-06-28T04:34:13Z
KRW-ETH,2024-10-12T00:00:00,2024-10-12T09:00:00,3292000.0,3348000.0,3285000.0,3330000.0,5913.80851485,3330000.0,upbit,2026-06-28T04:34:13Z
KRW-ETH,2024-10-13T00:00:00,2024-10-13T09:00:00,3329000.0,3341000.0,3292000.0,3329000.0,5784.48896088,3329000.0,upbit,2026-06-28T04:34:13Z
KRW-ETH,2024-10-14T00:00:00,2024-10-14T09:00:00,3329000.0,3551000.0,3302000.0,3528000.0,23396.05091579,3528000.0,upbit,2026-06-28T04:34:13Z
KRW-ETH,2024-10-15T00:00:00,2024-10-15T09:00:00,3528000.0,3623000.0,3442000.0,3524000.0,26297.17721469,3524000.0,upbit,2026-06-28T04:34:13Z
KRW-ETH,2024-10-16T00:00:00,2024-10-16T09:00:00,3524000.0,3575000.0,3504000.0,3541000.0,14774.89568611,3541000.0,upbit,2026-06-28T04:34:13Z
KRW-ETH,2024-10-17T00:00:00,2024-10-17T09:00:00,3540000.0,3591000.0,3526000.0,3550000.0,12369.72789713,3550000.0,upbit,2026-06-28T04:34:13Z
KRW-ETH,2024-10-18T00:00:00,2024-10-18T09:00:00,3550000.0,3630000.0,3533000.0,3601000.0,14707.16418733,3601000.0,upbit,2026-06-28T04:34:13Z
KRW-ETH,2024-10-19T00:00:00,2024-10-19T09:00:00,3602000.0,3624000.0,3589000.0,3615000.0,8535.60151237,3615000.0,upbit,2026-06-28T04:34:13Z
KRW-ETH,2024-10-20T00:00:00,2024-10-20T09:00:00,3615000.0,3749000.0,3596000.0,3738000.0,13950.7309814,3738000.0,upbit,2026-06-28T04:34:13Z
KRW-ETH,2024-10-21T00:00:00,2024-10-21T09:00:00,3738000.0,3766000.0,3630000.0,3651000.0,20139.64890469,3651000.0,upbit,2026-06-28T04:34:13Z
KRW-ETH,2024-10-22T00:00:00,2024-10-22T09:00:00,3654000.0,3665000.0,3579000.0,3612000.0,16457.63092853,3612000.0,upbit,2026-06-28T04:34:13Z
KRW-ETH,2024-10-23T00:00:00,2024-10-23T09:00:00,3613000.0,3622000.0,3421000.0,3499000.0,18442.7799884,3499000.0,upbit,2026-06-28T04:34:13Z
KRW-ETH,2024-10-24T00:00:00,2024-10-24T09:00:00,3500000.0,3549000.0,3468000.0,3500000.0,19747.27755035,3500000.0,upbit,2026-06-28T04:34:13Z
KRW-ETH,2024-10-25T00:00:00,2024-10-25T09:00:00,3501000.0,3555000.0,3365000.0,3433000.0,26843.95353763,3433000.0,upbit,2026-06-28T04:34:13Z
KRW-ETH,2024-10-26T00:00:00,2024-10-26T09:00:00,3433000.0,3509000.0,3415000.0,3475000.0,8581.39273147,3475000.0,upbit,2026-06-28T04:34:13Z
KRW-ETH,2024-10-27T00:00:00,2024-10-27T09:00:00,3475000.0,3522000.0,3450000.0,3496000.0,8852.66124091,3496000.0,upbit,2026-06-28T04:34:13Z
KRW-ETH,2024-10-28T00:00:00,2024-10-28T09:00:00,3496000.0,3600000.0,3450000.0,3579000.0,20957.24113424,3579000.0,upbit,2026-06-28T04:34:13Z
KRW-ETH,2024-10-29T00:00:00,2024-10-29T09:00:00,3577000.0,3718000.0,3566000.0,3674000.0,30553.94623926,3674000.0,upbit,2026-06-28T04:34:13Z
KRW-ETH,2024-10-30T00:00:00,2024-10-30T09:00:00,3672000.0,3784000.0,3611000.0,3695000.0,34506.64298788,3695000.0,upbit,2026-06-28T04:34:13Z
KRW-ETH,2024-10-31T00:00:00,2024-10-31T09:00:00,3695000.0,3711000.0,3490000.0,3514000.0,28120.4176214,3514000.0,upbit,2026-06-28T04:34:13Z
KRW-ETH,2024-11-01T00:00:00,2024-11-01T09:00:00,3514000.0,3604000.0,3430000.0,3516000.0,22234.71357426,3516000.0,upbit,2026-06-28T04:34:13Z
KRW-ETH,2024-11-02T00:00:00,2024-11-02T09:00:00,3516000.0,3535000.0,3460000.0,3496000.0,8879.04296817,3496000.0,upbit,2026-06-28T04:34:13Z
KRW-ETH,2024-11-03T00:00:00,2024-11-03T09:00:00,3493000.0,3500000.0,3366000.0,3426000.0,16360.67448075,3426000.0,upbit,2026-06-28T04:34:13Z
KRW-ETH,2024-11-04T00:00:00,2024-11-04T09:00:00,3426000.0,3469000.0,3290000.0,3335000.0,17474.44070891,3335000.0,upbit,2026-06-28T04:34:13Z
KRW-ETH,2024-11-05T00:00:00,2024-11-05T09:00:00,3335000.0,3456000.0,3316000.0,3364000.0,18545.11863348,3364000.0,upbit,2026-06-28T04:34:13Z
KRW-ETH,2024-11-06T00:00:00,2024-11-06T09:00:00,3364000.0,3767000.0,3359000.0,3755000.0,67605.64742831,3755000.0,upbit,2026-06-28T04:34:13Z
KRW-ETH,2024-11-07T00:00:00,2024-11-07T09:00:00,3755000.0,3996000.0,3701000.0,3981000.0,77549.45915897,3981000.0,upbit,2026-06-28T04:34:13Z
KRW-ETH,2024-11-08T00:00:00,2024-11-08T09:00:00,3981000.0,4150000.0,3980000.0,4136000.0,56303.17740095,4136000.0,upbit,2026-06-28T04:34:13Z
KRW-ETH,2024-11-09T00:00:00,2024-11-09T09:00:00,4136000.0,4370000.0,4111000.0,4332000.0,51487.66492851,4332000.0,upbit,2026-06-28T04:34:13Z
KRW-ETH,2024-11-10T00:00:00,2024-11-10T09:00:00,4332000.0,4480000.0,4239000.0,4411000.0,79667.42987071,4411000.0,upbit,2026-06-28T04:34:13Z
KRW-ETH,2024-11-11T00:00:00,2024-11-11T09:00:00,4411000.0,4744000.0,4304000.0,4725000.0,94436.67599839,4725000.0,upbit,2026-06-28T04:34:13Z
KRW-ETH,2024-11-12T00:00:00,2024-11-12T09:00:00,4725000.0,4894000.0,4500000.0,4614000.0,114399.58980313,4614000.0,upbit,2026-06-28T04:34:13Z
KRW-ETH,2024-11-13T00:00:00,2024-11-13T09:00:00,4617000.0,4720000.0,4443000.0,4524000.0,78624.55264031,4524000.0,upbit,2026-06-28T04:34:13Z
KRW-ETH,2024-11-14T00:00:00,2024-11-14T09:00:00,4523000.0,4609000.0,4250000.0,4331000.0,60396.76445997,4331000.0,upbit,2026-06-28T04:34:13Z
KRW-ETH,2024-11-15T00:00:00,2024-11-15T09:00:00,4332000.0,4437000.0,4281000.0,4359000.0,55055.53538293,4359000.0,upbit,2026-06-28T04:34:13Z
KRW-ETH,2024-11-16T00:00:00,2024-11-16T09:00:00,4358000.0,4600000.0,4326000.0,4402000.0,93673.91828829,4402000.0,upbit,2026-06-28T04:34:13Z
KRW-ETH,2024-11-17T00:00:00,2024-11-17T09:00:00,4403000.0,4441000.0,4260000.0,4329000.0,55854.27740223,4329000.0,upbit,2026-06-28T04:34:13Z
KRW-ETH,2024-11-18T00:00:00,2024-11-18T09:00:00,4330000.0,4545000.0,4298000.0,4511000.0,65533.18964987,4511000.0,upbit,2026-06-28T04:34:13Z
KRW-ETH,2024-11-19T00:00:00,2024-11-19T09:00:00,4511000.0,4540000.0,4328000.0,4372000.0,59172.97943945,4372000.0,upbit,2026-06-28T04:34:13Z
KRW-ETH,2024-11-20T00:00:00,2024-11-20T09:00:00,4373000.0,4426000.0,4300000.0,4338000.0,50466.16391361,4338000.0,upbit,2026-06-28T04:34:13Z
KRW-ETH,2024-11-21T00:00:00,2024-11-21T09:00:00,4338000.0,4733000.0,4309000.0,4685000.0,171843.33892139,4685000.0,upbit,2026-06-28T04:34:13Z
KRW-ETH,2024-11-22T00:00:00,2024-11-22T09:00:00,4684000.0,4789000.0,4350000.0,4614000.0,146127.28769417,4614000.0,upbit,2026-06-28T04:34:13Z
KRW-ETH,2024-11-23T00:00:00,2024-11-23T09:00:00,4613000.0,4821000.0,4572000.0,4727000.0,143847.9807842,4727000.0,upbit,2026-06-28T04:34:13Z
KRW-ETH,2024-11-24T00:00:00,2024-11-24T09:00:00,4725000.0,4805000.0,4492000.0,4672000.0,97500.64238663,4672000.0,upbit,2026-06-28T04:34:13Z
KRW-ETH,2024-11-25T00:00:00,2024-11-25T09:00:00,4672000.0,4932000.0,4555000.0,4759000.0,148214.90666338,4759000.0,upbit,2026-06-28T04:34:13Z
KRW-ETH,2024-11-26T00:00:00,2024-11-26T09:00:00,4759000.0,4826000.0,4572000.0,4654000.0,76285.74332921,4654000.0,upbit,2026-06-28T04:34:13Z
KRW-ETH,2024-11-27T00:00:00,2024-11-27T09:00:00,4653000.0,5130000.0,4605000.0,5070000.0,110089.52819386,5070000.0,upbit,2026-06-28T04:34:13Z
KRW-ETH,2024-11-28T00:00:00,2024-11-28T09:00:00,5071000.0,5106000.0,4944000.0,4988000.0,69262.01043321,4988000.0,upbit,2026-06-28T04:34:13Z
KRW-ETH,2024-11-29T00:00:00,2024-11-29T09:00:00,4988000.0,5031000.0,4909000.0,4966000.0,53466.12119607,4966000.0,upbit,2026-06-28T04:34:13Z
KRW-ETH,2024-11-30T00:00:00,2024-11-30T09:00:00,4966000.0,5180000.0,4941000.0,5133000.0,74323.20634377,5133000.0,upbit,2026-06-28T04:34:13Z
KRW-ETH,2024-12-01T00:00:00,2024-12-01T09:00:00,5132000.0,5197000.0,5090000.0,5105000.0,57600.32815629,5105000.0,upbit,2026-06-28T04:34:13Z
KRW-ETH,2024-12-02T00:00:00,2024-12-02T09:00:00,5104000.0,5215000.0,4995000.0,5085000.0,92668.98148974,5085000.0,upbit,2026-06-28T04:34:13Z
KRW-ETH,2024-12-03T00:00:00,2024-12-03T09:00:00,5085000.0,5113000.0,3120000.0,5051000.0,194378.38958533,5051000.0,upbit,2026-06-28T04:34:13Z
KRW-ETH,2024-12-04T00:00:00,2024-12-04T09:00:00,5051000.0,5456000.0,5049000.0,5402000.0,144258.1324972,5402000.0,upbit,2026-06-28T04:34:13Z
KRW-ETH,2024-12-05T00:00:00,2024-12-05T09:00:00,5403000.0,5541000.0,5250000.0,5364000.0,109634.89808137,5364000.0,upbit,2026-06-28T04:34:13Z
KRW-ETH,2024-12-06T00:00:00,2024-12-06T09:00:00,5365000.0,5700000.0,5314000.0,5581000.0,100687.57495466,5581000.0,upbit,2026-06-28T04:34:13Z
KRW-ETH,2024-12-07T00:00:00,2024-12-07T09:00:00,5580000.0,5619000.0,5500000.0,5562000.0,40010.31325566,5562000.0,upbit,2026-06-28T04:34:13Z
KRW-ETH,2024-12-08T00:00:00,2024-12-08T09:00:00,5563000.0,5618000.0,5503000.0,5591000.0,31185.08927395,5591000.0,upbit,2026-06-28T04:34:13Z
KRW-ETH,2024-12-09T00:00:00,2024-12-09T09:00:00,5591000.0,5601000.0,5030000.0,5300000.0,100138.49608584,5300000.0,upbit,2026-06-28T04:34:13Z
KRW-ETH,2024-12-10T00:00:00,2024-12-10T09:00:00,5306000.0,5398000.0,5084000.0,5194000.0,86983.17685599,5194000.0,upbit,2026-06-28T04:34:13Z
KRW-ETH,2024-12-11T00:00:00,2024-12-11T09:00:00,5195000.0,5463000.0,5056000.0,5423000.0,58403.24536639,5423000.0,upbit,2026-06-28T04:34:13Z
KRW-ETH,2024-12-12T00:00:00,2024-12-12T09:00:00,5423000.0,5656000.0,5382000.0,5544000.0,66453.10443169,5544000.0,upbit,2026-06-28T04:34:13Z
KRW-ETH,2024-12-13T00:00:00,2024-12-13T09:00:00,5544000.0,5636000.0,5500000.0,5567000.0,39779.35859923,5567000.0,upbit,2026-06-28T04:34:13Z
KRW-ETH,2024-12-14T00:00:00,2024-12-14T09:00:00,5567000.0,5616000.0,5459000.0,5567000.0,36733.36984228,5567000.0,upbit,2026-06-28T04:34:13Z
KRW-ETH,2024-12-15T00:00:00,2024-12-15T09:00:00,5568000.0,5678000.0,5524000.0,5651000.0,34257.59594488,5651000.0,upbit,2026-06-28T04:34:13Z
KRW-ETH,2024-12-16T00:00:00,2024-12-16T09:00:00,5651000.0,5900000.0,5627000.0,5774000.0,72832.00733754,5774000.0,upbit,2026-06-28T04:34:13Z
KRW-ETH,2024-12-17T00:00:00,2024-12-17T09:00:00,5774000.0,5870000.0,5606000.0,5701000.0,74340.6396922,5701000.0,upbit,2026-06-28T04:34:13Z
KRW-ETH,2024-12-18T00:00:00,2024-12-18T09:00:00,5701000.0,5750000.0,5325000.0,5351000.0,76232.47968916,5351000.0,upbit,2026-06-28T04:34:13Z
KRW-ETH,2024-12-19T00:00:00,2024-12-19T09:00:00,5351000.0,5557000.0,5063000.0,5170000.0,92729.86100951,5170000.0,upbit,2026-06-28T04:34:13Z
KRW-ETH,2024-12-20T00:00:00,2024-12-20T09:00:00,5171000.0,5298000.0,4685000.0,5256000.0,146072.66128234,5256000.0,upbit,2026-06-28T04:34:13Z
KRW-ETH,2024-12-21T00:00:00,2024-12-21T09:00:00,5256000.0,5342000.0,5020000.0,5078000.0,51213.78404086,5078000.0,upbit,2026-06-28T04:34:13Z
KRW-ETH,2024-12-22T00:00:00,2024-12-22T09:00:00,5079000.0,5147000.0,4928000.0,4989000.0,34304.09259124,4989000.0,upbit,2026-06-28T04:34:13Z
KRW-ETH,2024-12-23T00:00:00,2024-12-23T09:00:00,4989000.0,5228000.0,4882000.0,5154000.0,46638.63886925,5154000.0,upbit,2026-06-28T04:34:13Z
KRW-ETH,2024-12-24T00:00:00,2024-12-24T09:00:00,5154000.0,5271000.0,5050000.0,5195000.0,39126.33015294,5195000.0,upbit,2026-06-28T04:34:13Z
KRW-ETH,2024-12-25T00:00:00,2024-12-25T09:00:00,5193000.0,5300000.0,5142000.0,5207000.0,30448.87062105,5207000.0,upbit,2026-06-28T04:34:13Z
KRW-ETH,2024-12-26T00:00:00,2024-12-26T09:00:00,5210000.0,5237000.0,5000000.0,5013000.0,30793.74467593,5013000.0,upbit,2026-06-28T04:34:13Z
KRW-ETH,2024-12-27T00:00:00,2024-12-27T09:00:00,5016000.0,5161000.0,4973000.0,5019000.0,32824.60710768,5019000.0,upbit,2026-06-28T04:34:13Z
KRW-ETH,2024-12-28T00:00:00,2024-12-28T09:00:00,5019000.0,5120000.0,4992000.0,5083000.0,16383.32552449,5083000.0,upbit,2026-06-28T04:34:13Z
KRW-ETH,2024-12-29T00:00:00,2024-12-29T09:00:00,5083000.0,5093000.0,4952000.0,5004000.0,17479.72125233,5004000.0,upbit,2026-06-28T04:34:13Z
KRW-ETH,2024-12-30T00:00:00,2024-12-30T09:00:00,5005000.0,5099000.0,4901000.0,4994000.0,36488.01921003,4994000.0,upbit,2026-06-28T04:34:13Z
KRW-ETH,2024-12-31T00:00:00,2024-12-31T09:00:00,4995000.0,5129000.0,4910000.0,4978000.0,29159.80238019,4978000.0,upbit,2026-06-28T04:34:13Z
KRW-ETH,2025-01-01T00:00:00,2025-01-01T09:00:00,4981000.0,5034000.0,4960000.0,5021000.0,22855.21646766,5021000.0,upbit,2026-06-28T04:34:13Z
KRW-ETH,2025-01-02T00:00:00,2025-01-02T09:00:00,5021000.0,5194000.0,5008000.0,5132000.0,32248.60106402,5132000.0,upbit,2026-06-28T04:34:13Z
KRW-ETH,2025-01-03T00:00:00,2025-01-03T09:00:00,5132000.0,5342000.0,5080000.0,5312000.0,33499.43117214,5312000.0,upbit,2026-06-28T04:34:13Z
KRW-ETH,2025-01-04T00:00:00,2025-01-04T09:00:00,5313000.0,5408000.0,5276000.0,5382000.0,27146.70915723,5382000.0,upbit,2026-06-28T04:34:13Z
KRW-ETH,2025-01-05T00:00:00,2025-01-05T09:00:00,5382000.0,5421000.0,5295000.0,5350000.0,19994.50780744,5350000.0,upbit,2026-06-28T04:34:13Z
KRW-ETH,2025-01-06T00:00:00,2025-01-06T09:00:00,5350000.0,5472000.0,5320000.0,5413000.0,28745.06387996,5413000.0,upbit,2026-06-28T04:34:13Z
KRW-ETH,2025-01-07T00:00:00,2025-01-07T09:00:00,5413000.0,5433000.0,5023000.0,5059000.0,49827.86162171,5059000.0,upbit,2026-06-28T04:34:13Z
KRW-ETH,2025-01-08T00:00:00,2025-01-08T09:00:00,5060000.0,5114000.0,4897000.0,4985000.0,54649.32004664,4985000.0,upbit,2026-06-28T04:34:13Z
KRW-ETH,2025-01-09T00:00:00,2025-01-09T09:00:00,4986000.0,5028000.0,4810000.0,4864000.0,39961.59546364,4864000.0,upbit,2026-06-28T04:34:13Z
KRW-ETH,2025-01-10T00:00:00,2025-01-10T09:00:00,4865000.0,5009000.0,4854000.0,4915000.0,30858.62295268,4915000.0,upbit,2026-06-28T04:34:13Z
KRW-ETH,2025-01-11T00:00:00,2025-01-11T09:00:00,4914000.0,4967000.0,4862000.0,4915000.0,17682.51073335,4915000.0,upbit,2026-06-28T04:34:13Z
KRW-ETH,2025-01-12T00:00:00,2025-01-12T09:00:00,4915000.0,4950000.0,4857000.0,4909000.0,16640.31257341,4909000.0,upbit,2026-06-28T04:34:13Z
KRW-ETH,2025-01-13T00:00:00,2025-01-13T09:00:00,4910000.0,4989000.0,4550000.0,4717000.0,82269.66404162,4717000.0,upbit,2026-06-28T04:34:13Z
KRW-ETH,2025-01-14T00:00:00,2025-01-14T09:00:00,4719000.0,4850000.0,4691000.0,4791000.0,36715.55013156,4791000.0,upbit,2026-06-28T04:34:13Z
KRW-ETH,2025-01-15T00:00:00,2025-01-15T09:00:00,4793000.0,5096000.0,4716000.0,5057000.0,59689.32080063,5057000.0,upbit,2026-06-28T04:34:13Z
KRW-ETH,2025-01-16T00:00:00,2025-01-16T09:00:00,5056000.0,5069000.0,4831000.0,4858000.0,66876.4626488,4858000.0,upbit,2026-06-28T04:34:13Z
KRW-ETH,2025-01-17T00:00:00,2025-01-17T09:00:00,4858000.0,5171000.0,4853000.0,5085000.0,59111.25787492,5085000.0,upbit,2026-06-28T04:34:13Z
KRW-ETH,2025-01-18T00:00:00,2025-01-18T09:00:00,5084000.0,5150000.0,4854000.0,4929000.0,82796.72095787,4929000.0,upbit,2026-06-28T04:34:13Z
KRW-ETH,2025-01-19T00:00:00,2025-01-19T09:00:00,4930000.0,5200000.0,4789000.0,4892000.0,177220.5764157,4892000.0,upbit,2026-06-28T04:34:13Z
KRW-ETH,2025-01-20T00:00:00,2025-01-20T09:00:00,4890000.0,5150000.0,4814000.0,4923000.0,123607.25604223,4923000.0,upbit,2026-06-28T04:34:13Z
KRW-ETH,2025-01-21T00:00:00,2025-01-21T09:00:00,4923000.0,4983000.0,4835000.0,4939000.0,57265.7234037,4939000.0,upbit,2026-06-28T04:34:13Z
KRW-ETH,2025-01-22T00:00:00,2025-01-22T09:00:00,4939000.0,4986000.0,4829000.0,4846000.0,36064.7041644,4846000.0,upbit,2026-06-28T04:34:13Z
KRW-ETH,2025-01-23T00:00:00,2025-01-23T09:00:00,4847000.0,4990000.0,4780000.0,4976000.0,50947.62522375,4976000.0,upbit,2026-06-28T04:34:13Z
KRW-ETH,2025-01-24T00:00:00,2025-01-24T09:00:00,4979000.0,5093000.0,4890000.0,4968000.0,52225.07879733,4968000.0,upbit,2026-06-28T04:34:13Z
KRW-ETH,2025-01-25T00:00:00,2025-01-25T09:00:00,4969000.0,5017000.0,4920000.0,4985000.0,18641.27383917,4985000.0,upbit,2026-06-28T04:34:13Z
KRW-ETH,2025-01-26T00:00:00,2025-01-26T09:00:00,4985000.0,5033000.0,4914000.0,4923000.0,22205.55327073,4923000.0,upbit,2026-06-28T04:34:13Z
KRW-ETH,2025-01-27T00:00:00,2025-01-27T09:00:00,4924000.0,4950000.0,4700000.0,4835000.0,62266.31673199,4835000.0,upbit,2026-06-28T04:34:13Z
KRW-ETH,2025-01-28T00:00:00,2025-01-28T09:00:00,4835000.0,4879000.0,4710000.0,4741000.0,29747.18416335,4741000.0,upbit,2026-06-28T04:34:13Z
KRW-ETH,2025-01-29T00:00:00,2025-01-29T09:00:00,4742000.0,4839000.0,4732000.0,4776000.0,22500.52857446,4776000.0,upbit,2026-06-28T04:34:13Z
KRW-ETH,2025-01-30T00:00:00,2025-01-30T09:00:00,4776000.0,4962000.0,4754000.0,4898000.0,34359.52096114,4898000.0,upbit,2026-06-28T04:34:13Z
KRW-ETH,2025-01-31T00:00:00,2025-01-31T09:00:00,4898000.0,5188000.0,4886000.0,5042000.0,61921.58487457,5042000.0,upbit,2026-06-28T04:34:13Z
KRW-ETH,2025-02-01T00:00:00,2025-02-01T09:00:00,5046000.0,5099000.0,4840000.0,4877000.0,36610.6865729,4877000.0,upbit,2026-06-28T04:34:13Z
KRW-ETH,2025-02-02T00:00:00,2025-02-02T09:00:00,4878000.0,4930000.0,4451000.0,4541000.0,75379.0187667,4541000.0,upbit,2026-06-28T04:34:13Z
KRW-ETH,2025-02-03T00:00:00,2025-02-03T09:00:00,4540000.0,4616000.0,3950000.0,4501000.0,297904.15179666,4501000.0,upbit,2026-06-28T04:34:13Z
KRW-ETH,2025-02-04T00:00:00,2025-02-04T09:00:00,4502000.0,4528000.0,4130000.0,4302000.0,115830.88075495,4302000.0,upbit,2026-06-28T04:34:13Z
KRW-ETH,2025-02-05T00:00:00,2025-02-05T09:00:00,4302000.0,4402000.0,4235000.0,4366000.0,53979.5496893,4366000.0,upbit,2026-06-28T04:34:13Z
KRW-ETH,2025-02-06T00:00:00,2025-02-06T09:00:00,4366000.0,4431000.0,4165000.0,4214000.0,49024.04714407,4214000.0,upbit,2026-06-28T04:34:13Z
KRW-ETH,2025-02-07T00:00:00,2025-02-07T09:00:00,4214000.0,4311000.0,4000000.0,4068000.0,57555.36884913,4068000.0,upbit,2026-06-28T04:34:13Z
KRW-ETH,2025-02-08T00:00:00,2025-02-08T09:00:00,4068000.0,4133000.0,4004000.0,4061000.0,27440.64503176,4061000.0,upbit,2026-06-28T04:34:13Z
KRW-ETH,2025-02-09T00:00:00,2025-02-09T09:00:00,4063000.0,4149000.0,3910000.0,4022000.0,34860.88929122,4022000.0,upbit,2026-06-28T04:34:13Z
KRW-ETH,2025-02-10T00:00:00,2025-02-10T09:00:00,4022000.0,4078000.0,3921000.0,4040000.0,32637.54022819,4040000.0,upbit,2026-06-28T04:34:13Z
KRW-ETH,2025-02-11T00:00:00,2025-02-11T09:00:00,4040000.0,4121000.0,3941000.0,3970000.0,36081.56301496,3970000.0,upbit,2026-06-28T04:34:13Z
KRW-ETH,2025-02-12T00:00:00,2025-02-12T09:00:00,3970000.0,4232000.0,3895000.0,4143000.0,51230.79378974,4143000.0,upbit,2026-06-28T04:34:13Z
KRW-ETH,2025-02-13T00:00:00,2025-02-13T09:00:00,4142000.0,4166000.0,3970000.0,4037000.0,35500.90326179,4037000.0,upbit,2026-06-28T04:34:13Z
KRW-ETH,2025-02-14T00:00:00,2025-02-14T09:00:00,4037000.0,4179000.0,4012000.0,4095000.0,30344.34895779,4095000.0,upbit,2026-06-28T04:34:13Z
KRW-ETH,2025-02-15T00:00:00,2025-02-15T09:00:00,4095000.0,4119000.0,4038000.0,4069000.0,16209.78417081,4069000.0,upbit,2026-06-28T04:34:13Z
KRW-ETH,2025-02-16T00:00:00,2025-02-16T09:00:00,4071000.0,4102000.0,4015000.0,4029000.0,13404.72473619,4029000.0,upbit,2026-06-28T04:34:13Z
KRW-ETH,2025-02-17T00:00:00,2025-02-17T09:00:00,4029000.0,4288000.0,3997000.0,4134000.0,44405.63390749,4134000.0,upbit,2026-06-28T04:34:13Z
KRW-ETH,2025-02-18T00:00:00,2025-02-18T09:00:00,4134000.0,4155000.0,3941000.0,4018000.0,41219.89181871,4018000.0,upbit,2026-06-28T04:34:13Z
KRW-ETH,2025-02-19T00:00:00,2025-02-19T09:00:00,4019000.0,4087000.0,3984000.0,4055000.0,22485.33318242,4055000.0,upbit,2026-06-28T04:34:13Z
KRW-ETH,2025-02-20T00:00:00,2025-02-20T09:00:00,4055000.0,4100000.0,4025000.0,4058000.0,21774.32051158,4058000.0,upbit,2026-06-28T04:34:13Z
KRW-ETH,2025-02-21T00:00:00,2025-02-21T09:00:00,4058000.0,4188000.0,3904000.0,3954000.0,54228.55224353,3954000.0,upbit,2026-06-28T04:34:13Z
KRW-ETH,2025-02-22T00:00:00,2025-02-22T09:00:00,3955000.0,4117000.0,3938000.0,4069000.0,24281.81040519,4069000.0,upbit,2026-06-28T04:34:13Z
KRW-ETH,2025-02-23T00:00:00,2025-02-23T09:00:00,4067000.0,4180000.0,4044000.0,4136000.0,29100.77674765,4136000.0,upbit,2026-06-28T04:34:13Z
KRW-ETH,2025-02-24T00:00:00,2025-02-24T09:00:00,4135000.0,4169000.0,3601000.0,3634000.0,91391.65167115,3634000.0,upbit,2026-06-28T04:34:13Z
KRW-ETH,2025-02-25T00:00:00,2025-02-25T09:00:00,3633000.0,3696000.0,3368000.0,3643000.0,104476.40214578,3643000.0,upbit,2026-06-28T04:34:13Z
KRW-ETH,2025-02-26T00:00:00,2025-02-26T09:00:00,3643000.0,3647000.0,3310000.0,3408000.0,54240.03720454,3408000.0,upbit,2026-06-28T04:34:13Z
KRW-ETH,2025-02-27T00:00:00,2025-02-27T09:00:00,3409000.0,3487000.0,3291000.0,3384000.0,50712.57835669,3384000.0,upbit,2026-06-28T04:34:13Z
KRW-ETH,2025-02-28T00:00:00,2025-02-28T09:00:00,3385000.0,3395000.0,3102000.0,3301000.0,99995.73247429,3301000.0,upbit,2026-06-28T04:34:13Z
KRW-ETH,2025-03-01T00:00:00,2025-03-01T09:00:00,3301000.0,3392000.0,3191000.0,3302000.0,38713.41266559,3302000.0,upbit,2026-06-28T04:34:13Z
KRW-ETH,2025-03-02T00:00:00,2025-03-02T09:00:00,3303000.0,3836000.0,3251000.0,3803000.0,143493.60113926,3803000.0,upbit,2026-06-28T04:34:13Z
KRW-ETH,2025-03-03T00:00:00,2025-03-03T09:00:00,3803000.0,3816000.0,3164000.0,3242000.0,103237.41486759,3242000.0,upbit,2026-06-28T04:34:13Z
KRW-ETH,2025-03-04T00:00:00,2025-03-04T09:00:00,3243000.0,3336000.0,3028000.0,3244000.0,80459.11167763,3244000.0,upbit,2026-06-28T04:34:13Z
KRW-ETH,2025-03-05T00:00:00,2025-03-05T09:00:00,3247000.0,3404000.0,3215000.0,3340000.0,44872.78394999,3340000.0,upbit,2026-06-28T04:34:13Z
KRW-ETH,2025-03-06T00:00:00,2025-03-06T09:00:00,3340000.0,3452000.0,3253000.0,3278000.0,44271.36978156,3278000.0,upbit,2026-06-28T04:34:13Z
KRW-ETH,2025-03-07T00:00:00,2025-03-07T09:00:00,3278000.0,3350000.0,3154000.0,3196000.0,51557.59294533,3196000.0,upbit,2026-06-28T04:34:13Z
KRW-ETH,2025-03-08T00:00:00,2025-03-08T09:00:00,3197000.0,3330000.0,3150000.0,3286000.0,32841.34340225,3286000.0,upbit,2026-06-28T04:34:13Z
KRW-ETH,2025-03-09T00:00:00,2025-03-09T09:00:00,3283000.0,3296000.0,2985000.0,3031000.0,49719.64162942,3031000.0,upbit,2026-06-28T04:34:13Z
KRW-ETH,2025-03-10T00:00:00,2025-03-10T09:00:00,3031000.0,3199000.0,2725000.0,2791000.0,95529.40093701,2791000.0,upbit,2026-06-28T04:34:13Z
KRW-ETH,2025-03-11T00:00:00,2025-03-11T09:00:00,2791000.0,2910000.0,2635000.0,2855000.0,97082.41937325,2855000.0,upbit,2026-06-28T04:34:13Z
KRW-ETH,2025-03-12T00:00:00,2025-03-12T09:00:00,2855000.0,2901000.0,2732000.0,2825000.0,79771.40243888,2825000.0,upbit,2026-06-28T04:34:13Z
KRW-ETH,2025-03-13T00:00:00,2025-03-13T09:00:00,2825000.0,2847000.0,2710000.0,2762000.0,44754.0062395,2762000.0,upbit,2026-06-28T04:34:13Z
KRW-ETH,2025-03-14T00:00:00,2025-03-14T09:00:00,2765000.0,2866000.0,2756000.0,2820000.0,28614.93592062,2820000.0,upbit,2026-06-28T04:34:13Z
KRW-ETH,2025-03-15T00:00:00,2025-03-15T09:00:00,2820000.0,2882000.0,2808000.0,2848000.0,19018.34323669,2848000.0,upbit,2026-06-28T04:34:13Z
KRW-ETH,2025-03-16T00:00:00,2025-03-16T09:00:00,2848000.0,2855000.0,2746000.0,2781000.0,25573.30770589,2781000.0,upbit,2026-06-28T04:34:13Z
KRW-ETH,2025-03-17T00:00:00,2025-03-17T09:00:00,2781000.0,2848000.0,2761000.0,2818000.0,19551.12722675,2818000.0,upbit,2026-06-28T04:34:13Z
KRW-ETH,2025-03-18T00:00:00,2025-03-18T09:00:00,2817000.0,2838000.0,2758000.0,2831000.0,19218.54762982,2831000.0,upbit,2026-06-28T04:34:13Z
KRW-ETH,2025-03-19T00:00:00,2025-03-19T09:00:00,2830000.0,3039000.0,2820000.0,3013000.0,50073.76889593,3013000.0,upbit,2026-06-28T04:34:13Z
KRW-ETH,2025-03-20T00:00:00,2025-03-20T09:00:00,3013000.0,3037000.0,2887000.0,2926000.0,29318.59259867,2926000.0,upbit,2026-06-28T04:34:13Z
KRW-ETH,2025-03-21T00:00:00,2025-03-21T09:00:00,2926000.0,2944000.0,2858000.0,2910000.0,17908.661867,2910000.0,upbit,2026-06-28T04:34:13Z
KRW-ETH,2025-03-22T00:00:00,2025-03-22T09:00:00,2910000.0,2963000.0,2907000.0,2930000.0,11015.69978666,2930000.0,upbit,2026-06-28T04:34:13Z
KRW-ETH,2025-03-23T00:00:00,2025-03-23T09:00:00,2930000.0,2990000.0,2926000.0,2960000.0,12943.09164222,2960000.0,upbit,2026-06-28T04:34:13Z
KRW-ETH,2025-03-24T00:00:00,2025-03-24T09:00:00,2957000.0,3103000.0,2924000.0,3067000.0,28645.97307649,3067000.0,upbit,2026-06-28T04:34:13Z
KRW-ETH,2025-03-25T00:00:00,2025-03-25T09:00:00,3064000.0,3094000.0,3010000.0,3044000.0,22033.217464,3044000.0,upbit,2026-06-28T04:34:13Z
KRW-ETH,2025-03-26T00:00:00,2025-03-26T09:00:00,3044000.0,3061000.0,2938000.0,2972000.0,27718.32732569,2972000.0,upbit,2026-06-28T04:34:13Z
KRW-ETH,2025-03-27T00:00:00,2025-03-27T09:00:00,2972000.0,3007000.0,2942000.0,2958000.0,17949.09388996,2958000.0,upbit,2026-06-28T04:34:13Z
KRW-ETH,2025-03-28T00:00:00,2025-03-28T09:00:00,2960000.0,2974000.0,2777000.0,2828000.0,39476.7855392,2828000.0,upbit,2026-06-28T04:34:13Z
KRW-ETH,2025-03-29T00:00:00,2025-03-29T09:00:00,2829000.0,2849000.0,2691000.0,2729000.0,27360.68470704,2729000.0,upbit,2026-06-28T04:34:13Z
KRW-ETH,2025-03-30T00:00:00,2025-03-30T09:00:00,2729000.0,2763000.0,2655000.0,2702000.0,23100.41148998,2702000.0,upbit,2026-06-28T04:34:13Z
KRW-ETH,2025-03-31T00:00:00,2025-03-31T09:00:00,2703000.0,2762000.0,2652000.0,2721000.0,28030.57486973,2721000.0,upbit,2026-06-28T04:34:13Z
KRW-ETH,2025-04-01T00:00:00,2025-04-01T09:00:00,2721000.0,2857000.0,2707000.0,2829000.0,24826.98269964,2829000.0,upbit,2026-06-28T04:34:13Z
KRW-ETH,2025-04-02T00:00:00,2025-04-02T09:00:00,2829000.0,2885000.0,2653000.0,2670000.0,37700.44866082,2670000.0,upbit,2026-06-28T04:34:13Z
KRW-ETH,2025-04-03T00:00:00,2025-04-03T09:00:00,2672000.0,2738000.0,2609000.0,2693000.0,30868.97206949,2693000.0,upbit,2026-06-28T04:34:13Z
KRW-ETH,2025-04-04T00:00:00,2025-04-04T09:00:00,2694000.0,2705000.0,2607000.0,2670000.0,40892.52621536,2670000.0,upbit,2026-06-28T04:34:13Z
KRW-ETH,2025-04-05T00:00:00,2025-04-05T09:00:00,2670000.0,2689000.0,2616000.0,2665000.0,13232.8408925,2665000.0,upbit,2026-06-28T04:34:13Z
KRW-ETH,2025-04-06T00:00:00,2025-04-06T09:00:00,2666000.0,2682000.0,2312000.0,2368000.0,75605.69433852,2368000.0,upbit,2026-06-28T04:34:13Z
KRW-ETH,2025-04-07T00:00:00,2025-04-07T09:00:00,2368000.0,2444000.0,2151000.0,2315000.0,123935.53082182,2315000.0,upbit,2026-06-28T04:34:13Z
KRW-ETH,2025-04-08T00:00:00,2025-04-08T09:00:00,2318000.0,2410000.0,2174000.0,2210000.0,53874.12067469,2210000.0,upbit,2026-06-28T04:34:13Z
KRW-ETH,2025-04-09T00:00:00,2025-04-09T09:00:00,2210000.0,2485000.0,2096000.0,2454000.0,161682.41178082,2454000.0,upbit,2026-06-28T04:34:13Z
KRW-ETH,2025-04-10T00:00:00,2025-04-10T09:00:00,2454000.0,2455000.0,2193000.0,2257000.0,88093.25489361,2257000.0,upbit,2026-06-28T04:34:13Z
KRW-ETH,2025-04-11T00:00:00,2025-04-11T09:00:00,2257000.0,2320000.0,2227000.0,2282000.0,48600.18799062,2282000.0,upbit,2026-06-28T04:34:13Z
KRW-ETH,2025-04-12T00:00:00,2025-04-12T09:00:00,2282000.0,2417000.0,2257000.0,2381000.0,44374.4574551,2381000.0,upbit,2026-06-28T04:34:13Z
KRW-ETH,2025-04-13T00:00:00,2025-04-13T09:00:00,2380000.0,2390000.0,2280000.0,2320000.0,44168.40871491,2320000.0,upbit,2026-06-28T04:34:13Z
KRW-ETH,2025-04-14T00:00:00,2025-04-14T09:00:00,2320000.0,2449000.0,2316000.0,2356000.0,46078.19911727,2356000.0,upbit,2026-06-28T04:34:13Z
KRW-ETH,2025-04-15T00:00:00,2025-04-15T09:00:00,2355000.0,2405000.0,2317000.0,2322000.0,34743.00526244,2322000.0,upbit,2026-06-28T04:34:13Z
KRW-ETH,2025-04-16T00:00:00,2025-04-16T09:00:00,2325000.0,2338000.0,2240000.0,2288000.0,39803.18898401,2288000.0,upbit,2026-06-28T04:34:13Z
KRW-ETH,2025-04-17T00:00:00,2025-04-17T09:00:00,2290000.0,2335000.0,2268000.0,2287000.0,19143.96798645,2287000.0,upbit,2026-06-28T04:34:13Z
KRW-ETH,2025-04-18T00:00:00,2025-04-18T09:00:00,2288000.0,2316000.0,2280000.0,2301000.0,12865.17393557,2301000.0,upbit,2026-06-28T04:34:13Z
KRW-ETH,2025-04-19T00:00:00,2025-04-19T09:00:00,2302000.0,2355000.0,2297000.0,2327000.0,16901.43526424,2327000.0,upbit,2026-06-28T04:34:13Z
KRW-ETH,2025-04-20T00:00:00,2025-04-20T09:00:00,2325000.0,2339000.0,2269000.0,2288000.0,18319.91245859,2288000.0,upbit,2026-06-28T04:34:13Z
KRW-ETH,2025-04-21T00:00:00,2025-04-21T09:00:00,2289000.0,2374000.0,2251000.0,2278000.0,42931.79931453,2278000.0,upbit,2026-06-28T04:34:13Z
KRW-ETH,2025-04-22T00:00:00,2025-04-22T09:00:00,2278000.0,2539000.0,2226000.0,2515000.0,82581.90579624,2515000.0,upbit,2026-06-28T04:34:13Z
KRW-ETH,2025-04-23T00:00:00,2025-04-23T09:00:00,2515000.0,2625000.0,2498000.0,2575000.0,79026.39087701,2575000.0,upbit,2026-06-28T04:34:13Z
KRW-ETH,2025-04-24T00:00:00,2025-04-24T09:00:00,2576000.0,2582000.0,2480000.0,2539000.0,41740.02501896,2539000.0,upbit,2026-06-28T04:34:13Z
KRW-ETH,2025-04-25T00:00:00,2025-04-25T09:00:00,2539000.0,2635000.0,2509000.0,2577000.0,44412.45139652,2577000.0,upbit,2026-06-28T04:34:13Z
KRW-ETH,2025-04-26T00:00:00,2025-04-26T09:00:00,2577000.0,2647000.0,2566000.0,2627000.0,31039.11298091,2627000.0,upbit,2026-06-28T04:34:13Z
KRW-ETH,2025-04-27T00:00:00,2025-04-27T09:00:00,2626000.0,2679000.0,2575000.0,2582000.0,26831.13939611,2582000.0,upbit,2026-06-28T04:34:13Z
KRW-ETH,2025-04-28T00:00:00,2025-04-28T09:00:00,2581000.0,2631000.0,2521000.0,2591000.0,38027.2974503,2591000.0,upbit,2026-06-28T04:34:13Z
KRW-ETH,2025-04-29T00:00:00,2025-04-29T09:00:00,2592000.0,2657000.0,2575000.0,2600000.0,30596.56329699,2600000.0,upbit,2026-06-28T04:34:13Z
KRW-ETH,2025-04-30T00:00:00,2025-04-30T09:00:00,2600000.0,2615000.0,2505000.0,2590000.0,28417.05014029,2590000.0,upbit,2026-06-28T04:34:13Z
KRW-ETH,2025-05-01T00:00:00,2025-05-01T09:00:00,2590000.0,2692000.0,2587000.0,2651000.0,31699.34592199,2651000.0,upbit,2026-06-28T04:34:13Z
KRW-ETH,2025-05-02T00:00:00,2025-05-02T09:00:00,2650000.0,2678000.0,2595000.0,2635000.0,27938.03351499,2635000.0,upbit,2026-06-28T04:34:13Z
KRW-ETH,2025-05-03T00:00:00,2025-05-03T09:00:00,2635000.0,2651000.0,2599000.0,2629000.0,13627.21153253,2629000.0,upbit,2026-06-28T04:34:13Z
KRW-ETH,2025-05-04T00:00:00,2025-05-04T09:00:00,2630000.0,2653000.0,2594000.0,2601000.0,14900.7009202,2601000.0,upbit,2026-06-28T04:34:13Z
KRW-ETH,2025-05-05T00:00:00,2025-05-05T09:00:00,2602000.0,2613000.0,2546000.0,2593000.0,25387.90084827,2593000.0,upbit,2026-06-28T04:34:13Z
KRW-ETH,2025-05-06T00:00:00,2025-05-06T09:00:00,2591000.0,2599000.0,2496000.0,2581000.0,24819.73325829,2581000.0,upbit,2026-06-28T04:34:13Z
KRW-ETH,2025-05-07T00:00:00,2025-05-07T09:00:00,2582000.0,2620000.0,2541000.0,2573000.0,23970.61044751,2573000.0,upbit,2026-06-28T04:34:13Z
KRW-ETH,2025-05-08T00:00:00,2025-05-08T09:00:00,2573000.0,3112000.0,2565000.0,3097000.0,98048.9452723,3097000.0,upbit,2026-06-28T04:34:13Z
KRW-ETH,2025-05-09T00:00:00,2025-05-09T09:00:00,3097000.0,3483000.0,3051000.0,3273000.0,175356.79697053,3273000.0,upbit,2026-06-28T04:34:13Z
KRW-ETH,2025-05-10T00:00:00,2025-05-10T09:00:00,3274000.0,3596000.0,3241000.0,3577000.0,100113.51302626,3577000.0,upbit,2026-06-28T04:34:13Z
KRW-ETH,2025-05-11T00:00:00,2025-05-11T09:00:00,3577000.0,3600000.0,3419000.0,3517000.0,71358.23985657,3517000.0,upbit,2026-06-28T04:34:13Z
KRW-ETH,2025-05-12T00:00:00,2025-05-12T09:00:00,3518000.0,3659000.0,3400000.0,3517000.0,95407.46932095,3517000.0,upbit,2026-06-28T04:34:13Z
KRW-ETH,2025-05-13T00:00:00,2025-05-13T09:00:00,3517000.0,3819000.0,3409000.0,3750000.0,88179.5535739,3750000.0,upbit,2026-06-28T04:34:13Z
KRW-ETH,2025-05-14T00:00:00,2025-05-14T09:00:00,3750000.0,3825000.0,3601000.0,3674000.0,79814.4379215,3674000.0,upbit,2026-06-28T04:34:13Z
KRW-ETH,2025-05-15T00:00:00,2025-05-15T09:00:00,3673000.0,3727000.0,3519000.0,3587000.0,62486.83982119,3587000.0,upbit,2026-06-28T04:34:13Z
KRW-ETH,2025-05-16T00:00:00,2025-05-16T09:00:00,3588000.0,3726000.0,3564000.0,3594000.0,47530.09759806,3594000.0,upbit,2026-06-28T04:34:13Z
KRW-ETH,2025-05-17T00:00:00,2025-05-17T09:00:00,3595000.0,3598000.0,3483000.0,3521000.0,37608.41814803,3521000.0,upbit,2026-06-28T04:34:13Z
KRW-ETH,2025-05-18T00:00:00,2025-05-18T09:00:00,3521000.0,3654000.0,3362000.0,3529000.0,71157.97452855,3529000.0,upbit,2026-06-28T04:34:13Z
KRW-ETH,2025-05-19T00:00:00,2025-05-19T09:00:00,3529000.0,3594000.0,3348000.0,3558000.0,71118.27245687,3558000.0,upbit,2026-06-28T04:34:13Z
KRW-ETH,2025-05-20T00:00:00,2025-05-20T09:00:00,3558000.0,3642000.0,3463000.0,3558000.0,53754.6372125,3558000.0,upbit,2026-06-28T04:34:13Z
KRW-ETH,2025-05-21T00:00:00,2025-05-21T09:00:00,3558000.0,3660000.0,3440000.0,3549000.0,80269.26115218,3549000.0,upbit,2026-06-28T04:34:13Z
KRW-ETH,2025-05-22T00:00:00,2025-05-22T09:00:00,3550000.0,3738000.0,3541000.0,3693000.0,83489.64128097,3693000.0,upbit,2026-06-28T04:34:13Z
KRW-ETH,2025-05-23T00:00:00,2025-05-23T09:00:00,3695000.0,3776000.0,3500000.0,3536000.0,105682.44742343,3536000.0,upbit,2026-06-28T04:34:13Z
KRW-ETH,2025-05-24T00:00:00,2025-05-24T09:00:00,3536000.0,3589000.0,3518000.0,3540000.0,26620.68492953,3540000.0,upbit,2026-06-28T04:34:13Z
KRW-ETH,2025-05-25T00:00:00,2025-05-25T09:00:00,3540000.0,3574000.0,3461000.0,3558000.0,29647.76264445,3558000.0,upbit,2026-06-28T04:34:13Z
KRW-ETH,2025-05-26T00:00:00,2025-05-26T09:00:00,3558000.0,3596000.0,3516000.0,3562000.0,24967.56152832,3562000.0,upbit,2026-06-28T04:34:13Z
KRW-ETH,2025-05-27T00:00:00,2025-05-27T09:00:00,3563000.0,3750000.0,3500000.0,3694000.0,65742.73168594,3694000.0,upbit,2026-06-28T04:34:13Z
KRW-ETH,2025-05-28T00:00:00,2025-05-28T09:00:00,3694000.0,3743000.0,3629000.0,3742000.0,48121.47030788,3742000.0,upbit,2026-06-28T04:34:13Z
KRW-ETH,2025-05-29T00:00:00,2025-05-29T09:00:00,3741000.0,3880000.0,3658000.0,3673000.0,76855.86903846,3673000.0,upbit,2026-06-28T04:34:13Z
KRW-ETH,2025-05-30T00:00:00,2025-05-30T09:00:00,3673000.0,3704000.0,3550000.0,3584000.0,60879.69990872,3584000.0,upbit,2026-06-28T04:34:13Z
KRW-ETH,2025-05-31T00:00:00,2025-05-31T09:00:00,3583000.0,3618000.0,3519000.0,3577000.0,30227.3916508,3577000.0,upbit,2026-06-28T04:34:13Z
KRW-ETH,2025-06-01T00:00:00,2025-06-01T09:00:00,3577000.0,3598000.0,3502000.0,3581000.0,21542.46723257,3581000.0,upbit,2026-06-28T04:34:13Z
KRW-ETH,2025-06-02T00:00:00,2025-06-02T09:00:00,3582000.0,3662000.0,3483000.0,3647000.0,35487.43181135,3647000.0,upbit,2026-06-28T04:34:13Z
KRW-ETH,2025-06-03T00:00:00,2025-06-03T09:00:00,3647000.0,3707000.0,3603000.0,3624000.0,38778.9411032,3624000.0,upbit,2026-06-28T04:34:13Z
KRW-ETH,2025-06-04T00:00:00,2025-06-04T09:00:00,3621000.0,3717000.0,3606000.0,3622000.0,32518.23825679,3622000.0,upbit,2026-06-28T04:34:13Z
KRW-ETH,2025-06-05T00:00:00,2025-06-05T09:00:00,3621000.0,3650000.0,3350000.0,3373000.0,62094.05107909,3373000.0,upbit,2026-06-28T04:34:13Z
KRW-ETH,2025-06-06T00:00:00,2025-06-06T09:00:00,3372000.0,3509000.0,3321000.0,3444000.0,44634.60394987,3444000.0,upbit,2026-06-28T04:34:13Z
KRW-ETH,2025-06-07T00:00:00,2025-06-07T09:00:00,3444000.0,3530000.0,3418000.0,3504000.0,17642.58302933,3504000.0,upbit,2026-06-28T04:34:13Z
KRW-ETH,2025-06-08T00:00:00,2025-06-08T09:00:00,3503000.0,3509000.0,3446000.0,3462000.0,18830.18929292,3462000.0,upbit,2026-06-28T04:34:13Z
KRW-ETH,2025-06-09T00:00:00,2025-06-09T09:00:00,3462000.0,3671000.0,3412000.0,3655000.0,43166.60003909,3655000.0,upbit,2026-06-28T04:34:13Z
KRW-ETH,2025-06-10T00:00:00,2025-06-10T09:00:00,3655000.0,3862000.0,3646000.0,3848000.0,83653.54332485,3848000.0,upbit,2026-06-28T04:34:13Z
KRW-ETH,2025-06-11T00:00:00,2025-06-11T09:00:00,3847000.0,3953000.0,3786000.0,3820000.0,73476.35988792,3820000.0,upbit,2026-06-28T04:34:13Z
KRW-ETH,2025-06-12T00:00:00,2025-06-12T09:00:00,3819000.0,3837000.0,3620000.0,3642000.0,57958.52256286,3642000.0,upbit,2026-06-28T04:34:13Z
KRW-ETH,2025-06-13T00:00:00,2025-06-13T09:00:00,3642000.0,3648000.0,3410000.0,3584000.0,106046.61593284,3584000.0,upbit,2026-06-28T04:34:13Z
KRW-ETH,2025-06-14T00:00:00,2025-06-14T09:00:00,3583000.0,3584000.0,3463000.0,3515000.0,24507.54996395,3515000.0,upbit,2026-06-28T04:34:13Z
KRW-ETH,2025-06-15T00:00:00,2025-06-15T09:00:00,3514000.0,3543000.0,3463000.0,3520000.0,23345.99917818,3520000.0,upbit,2026-06-28T04:34:13Z
KRW-ETH,2025-06-16T00:00:00,2025-06-16T09:00:00,3522000.0,3673000.0,3480000.0,3495000.0,57719.93636451,3495000.0,upbit,2026-06-28T04:34:13Z
KRW-ETH,2025-06-17T00:00:00,2025-06-17T09:00:00,3496000.0,3599000.0,3415000.0,3490000.0,50458.43391275,3490000.0,upbit,2026-06-28T04:34:13Z
KRW-ETH,2025-06-18T00:00:00,2025-06-18T09:00:00,3490000.0,3527000.0,3430000.0,3498000.0,39623.49871762,3498000.0,upbit,2026-06-28T04:34:13Z
KRW-ETH,2025-06-19T00:00:00,2025-06-19T09:00:00,3497000.0,3527000.0,3457000.0,3492000.0,21490.5816418,3492000.0,upbit,2026-06-28T04:34:13Z
KRW-ETH,2025-06-20T00:00:00,2025-06-20T09:00:00,3493000.0,3548000.0,3322000.0,3358000.0,51279.93731536,3358000.0,upbit,2026-06-28T04:34:13Z
KRW-ETH,2025-06-21T00:00:00,2025-06-21T09:00:00,3357000.0,3404000.0,3112000.0,3212000.0,54301.06805478,3212000.0,upbit,2026-06-28T04:34:13Z
KRW-ETH,2025-06-22T00:00:00,2025-06-22T09:00:00,3213000.0,3246000.0,2956000.0,3110000.0,114601.50620576,3110000.0,upbit,2026-06-28T04:34:13Z
KRW-ETH,2025-06-23T00:00:00,2025-06-23T09:00:00,3110000.0,3376000.0,3070000.0,3347000.0,83577.90694849,3347000.0,upbit,2026-06-28T04:34:13Z
KRW-ETH,2025-06-24T00:00:00,2025-06-24T09:00:00,3348000.0,3413000.0,3275000.0,3362000.0,49807.6674652,3362000.0,upbit,2026-06-28T04:34:13Z
KRW-ETH,2025-06-25T00:00:00,2025-06-25T09:00:00,3362000.0,3389000.0,3300000.0,3321000.0,39041.59807298,3321000.0,upbit,2026-06-28T04:34:13Z
KRW-ETH,2025-06-26T00:00:00,2025-06-26T09:00:00,3322000.0,3450000.0,3300000.0,3321000.0,48140.99995826,3321000.0,upbit,2026-06-28T04:34:13Z
KRW-ETH,2025-06-27T00:00:00,2025-06-27T09:00:00,3320000.0,3378000.0,3271000.0,3325000.0,29152.49619118,3325000.0,upbit,2026-06-28T04:34:13Z
KRW-ETH,2025-06-28T00:00:00,2025-06-28T09:00:00,3327000.0,3353000.0,3310000.0,3340000.0,12097.6289359,3340000.0,upbit,2026-06-28T04:34:13Z
KRW-ETH,2025-06-29T00:00:00,2025-06-29T09:00:00,3340000.0,3444000.0,3315000.0,3411000.0,24508.02634798,3411000.0,upbit,2026-06-28T04:34:13Z
KRW-ETH,2025-06-30T00:00:00,2025-06-30T09:00:00,3411000.0,3445000.0,3332000.0,3377000.0,29625.23213664,3377000.0,upbit,2026-06-28T04:34:13Z
KRW-ETH,2025-07-01T00:00:00,2025-07-01T09:00:00,3377000.0,3394000.0,3281000.0,3303000.0,25648.37288865,3303000.0,upbit,2026-06-28T04:34:13Z
KRW-ETH,2025-07-02T00:00:00,2025-07-02T09:00:00,3304000.0,3535000.0,3258000.0,3477000.0,44087.20920643,3477000.0,upbit,2026-06-28T04:34:13Z
KRW-ETH,2025-07-03T00:00:00,2025-07-03T09:00:00,3477000.0,3576000.0,3471000.0,3517000.0,33519.97559885,3517000.0,upbit,2026-06-28T04:34:13Z
KRW-ETH,2025-07-04T00:00:00,2025-07-04T09:00:00,3518000.0,3542000.0,3390000.0,3429000.0,29822.03862684,3429000.0,upbit,2026-06-28T04:34:13Z
KRW-ETH,2025-07-05T00:00:00,2025-07-05T09:00:00,3433000.0,3458000.0,3410000.0,3445000.0,10682.73914723,3445000.0,upbit,2026-06-28T04:34:13Z
KRW-ETH,2025-07-06T00:00:00,2025-07-06T09:00:00,3445000.0,3538000.0,3422000.0,3501000.0,20764.72767841,3501000.0,upbit,2026-06-28T04:34:13Z
KRW-ETH,2025-07-07T00:00:00,2025-07-07T09:00:00,3500000.0,3525000.0,3432000.0,3481000.0,25685.20338168,3481000.0,upbit,2026-06-28T04:34:13Z
KRW-ETH,2025-07-08T00:00:00,2025-07-08T09:00:00,3481000.0,3575000.0,3456000.0,3557000.0,26039.74798854,3557000.0,upbit,2026-06-28T04:34:13Z
KRW-ETH,2025-07-09T00:00:00,2025-07-09T09:00:00,3557000.0,3780000.0,3536000.0,3751000.0,52891.1321597,3751000.0,upbit,2026-06-28T04:34:13Z
KRW-ETH,2025-07-10T00:00:00,2025-07-10T09:00:00,3751000.0,4029000.0,3729000.0,3983000.0,83555.03840207,3983000.0,upbit,2026-06-28T04:34:13Z
KRW-ETH,2025-07-11T00:00:00,2025-07-11T09:00:00,3982000.0,4108000.0,3904000.0,3981000.0,91579.98960883,3981000.0,upbit,2026-06-28T04:34:13Z
KRW-ETH,2025-07-12T00:00:00,2025-07-12T09:00:00,3981000.0,4030000.0,3937000.0,4001000.0,30051.39228611,4001000.0,upbit,2026-06-28T04:34:13Z
KRW-ETH,2025-07-13T00:00:00,2025-07-13T09:00:00,4001000.0,4077000.0,3993000.0,4036000.0,27051.21998627,4036000.0,upbit,2026-06-28T04:34:13Z
KRW-ETH,2025-07-14T00:00:00,2025-07-14T09:00:00,4038000.0,4176000.0,4027000.0,4123000.0,63449.4092868,4123000.0,upbit,2026-06-28T04:34:13Z
KRW-ETH,2025-07-15T00:00:00,2025-07-15T09:00:00,4123000.0,4293000.0,3998000.0,4289000.0,82456.44465665,4289000.0,upbit,2026-06-28T04:34:13Z
KRW-ETH,2025-07-16T00:00:00,2025-07-16T09:00:00,4289000.0,4649000.0,4247000.0,4581000.0,101462.90989585,4581000.0,upbit,2026-06-28T04:34:13Z
KRW-ETH,2025-07-17T00:00:00,2025-07-17T09:00:00,4580000.0,4778000.0,4523000.0,4728000.0,125862.09864227,4728000.0,upbit,2026-06-28T04:34:13Z
KRW-ETH,2025-07-18T00:00:00,2025-07-18T09:00:00,4728000.0,4997000.0,4715000.0,4847000.0,140714.96074459,4847000.0,upbit,2026-06-28T04:34:13Z
KRW-ETH,2025-07-19T00:00:00,2025-07-19T09:00:00,4846000.0,4940000.0,4793000.0,4917000.0,39792.17579076,4917000.0,upbit,2026-06-28T04:34:13Z
KRW-ETH,2025-07-20T00:00:00,2025-07-20T09:00:00,4918000.0,5191000.0,4898000.0,5124000.0,85427.71218161,5124000.0,upbit,2026-06-28T04:34:13Z
KRW-ETH,2025-07-21T00:00:00,2025-07-21T09:00:00,5127000.0,5214000.0,5051000.0,5130000.0,74152.21009852,5130000.0,upbit,2026-06-28T04:34:13Z
KRW-ETH,2025-07-22T00:00:00,2025-07-22T09:00:00,5130000.0,5180000.0,4940000.0,5078000.0,95383.74702664,5078000.0,upbit,2026-06-28T04:34:13Z
KRW-ETH,2025-07-23T00:00:00,2025-07-23T09:00:00,5078000.0,5125000.0,4801000.0,4951000.0,93328.53889487,4951000.0,upbit,2026-06-28T04:34:13Z
KRW-ETH,2025-07-24T00:00:00,2025-07-24T09:00:00,4952000.0,5128000.0,4745000.0,5041000.0,99291.99486731,5041000.0,upbit,2026-06-28T04:34:13Z
KRW-ETH,2025-07-25T00:00:00,2025-07-25T09:00:00,5036000.0,5115000.0,4900000.0,5078000.0,68357.34688314,5078000.0,upbit,2026-06-28T04:34:13Z
KRW-ETH,2025-07-26T00:00:00,2025-07-26T09:00:00,5078000.0,5160000.0,5045000.0,5107000.0,37715.1554141,5107000.0,upbit,2026-06-28T04:34:13Z
KRW-ETH,2025-07-27T00:00:00,2025-07-27T09:00:00,5107000.0,5281000.0,5100000.0,5279000.0,57091.54483571,5279000.0,upbit,2026-06-28T04:34:13Z
KRW-ETH,2025-07-28T00:00:00,2025-07-28T09:00:00,5279000.0,5349000.0,5161000.0,5224000.0,73058.50648448,5224000.0,upbit,2026-06-28T04:34:13Z
KRW-ETH,2025-07-29T00:00:00,2025-07-29T09:00:00,5224000.0,5335000.0,5155000.0,5252000.0,61304.24816335,5252000.0,upbit,2026-06-28T04:34:13Z
KRW-ETH,2025-07-30T00:00:00,2025-07-30T09:00:00,5252000.0,5286000.0,5155000.0,5268000.0,45533.4105138,5268000.0,upbit,2026-06-28T04:34:13Z
KRW-ETH,2025-07-31T00:00:00,2025-07-31T09:00:00,5269000.0,5335000.0,5147000.0,5153000.0,54031.58867476,5153000.0,upbit,2026-06-28T04:34:13Z
KRW-ETH,2025-08-01T00:00:00,2025-08-01T09:00:00,5153000.0,5193000.0,4819000.0,4861000.0,117132.02386593,4861000.0,upbit,2026-06-28T04:34:13Z
KRW-ETH,2025-08-02T00:00:00,2025-08-02T09:00:00,4861000.0,4941000.0,4722000.0,4748000.0,70793.35755627,4748000.0,upbit,2026-06-28T04:34:13Z
KRW-ETH,2025-08-03T00:00:00,2025-08-03T09:00:00,4748000.0,4934000.0,4696000.0,4910000.0,51567.14783802,4910000.0,upbit,2026-06-28T04:34:13Z
KRW-ETH,2025-08-04T00:00:00,2025-08-04T09:00:00,4910000.0,5206000.0,4888000.0,5177000.0,70452.40803355,5177000.0,upbit,2026-06-28T04:34:13Z
KRW-ETH,2025-08-05T00:00:00,2025-08-05T09:00:00,5178000.0,5188000.0,4980000.0,5061000.0,69705.13507662,5061000.0,upbit,2026-06-28T04:34:13Z
KRW-ETH,2025-08-06T00:00:00,2025-08-06T09:00:00,5065000.0,5145000.0,4993000.0,5120000.0,43296.04151622,5120000.0,upbit,2026-06-28T04:34:13Z
KRW-ETH,2025-08-07T00:00:00,2025-08-07T09:00:00,5120000.0,5400000.0,5087000.0,5382000.0,88097.18548477,5382000.0,upbit,2026-06-28T04:34:13Z
KRW-ETH,2025-08-08T00:00:00,2025-08-08T09:00:00,5383000.0,5578000.0,5333000.0,5492000.0,94836.89661808,5492000.0,upbit,2026-06-28T04:34:13Z
KRW-ETH,2025-08-09T00:00:00,2025-08-09T09:00:00,5492000.0,5926000.0,5486000.0,5861000.0,131955.77452722,5861000.0,upbit,2026-06-28T04:34:13Z
KRW-ETH,2025-08-10T00:00:00,2025-08-10T09:00:00,5861000.0,5971000.0,5692000.0,5846000.0,112987.74415936,5846000.0,upbit,2026-06-28T04:34:13Z
KRW-ETH,2025-08-11T00:00:00,2025-08-11T09:00:00,5845000.0,5978000.0,5727000.0,5844000.0,112946.73888881,5844000.0,upbit,2026-06-28T04:34:13Z
KRW-ETH,2025-08-12T00:00:00,2025-08-12T09:00:00,5844000.0,6325000.0,5837000.0,6282000.0,147825.2867161,6282000.0,upbit,2026-06-28T04:34:13Z
KRW-ETH,2025-08-13T00:00:00,2025-08-13T09:00:00,6281000.0,6500000.0,6248000.0,6479000.0,144373.54412265,6479000.0,upbit,2026-06-28T04:34:13Z
KRW-ETH,2025-08-14T00:00:00,2025-08-14T09:00:00,6480000.0,6542000.0,6101000.0,6335000.0,209603.13106914,6335000.0,upbit,2026-06-28T04:34:13Z
KRW-ETH,2025-08-15T00:00:00,2025-08-15T09:00:00,6337000.0,6477000.0,6114000.0,6215000.0,109561.23275784,6215000.0,upbit,2026-06-28T04:34:13Z
KRW-ETH,2025-08-16T00:00:00,2025-08-16T09:00:00,6215000.0,6257000.0,6063000.0,6146000.0,51853.30137427,6146000.0,upbit,2026-06-28T04:34:13Z
KRW-ETH,2025-08-17T00:00:00,2025-08-17T09:00:00,6146000.0,6342000.0,6107000.0,6219000.0,63107.49862696,6219000.0,upbit,2026-06-28T04:34:13Z
KRW-ETH,2025-08-18T00:00:00,2025-08-18T09:00:00,6219000.0,6240000.0,5901000.0,5999000.0,128999.19045748,5999000.0,upbit,2026-06-28T04:34:13Z
KRW-ETH,2025-08-19T00:00:00,2025-08-19T09:00:00,6000000.0,6055000.0,5672000.0,5682000.0,112939.66623754,5682000.0,upbit,2026-06-28T04:34:13Z
KRW-ETH,2025-08-20T00:00:00,2025-08-20T09:00:00,5683000.0,6087000.0,5681000.0,6041000.0,125763.77831649,6041000.0,upbit,2026-06-28T04:34:13Z
KRW-ETH,2025-08-21T00:00:00,2025-08-21T09:00:00,6042000.0,6053000.0,5901000.0,5930000.0,59310.34210238,5930000.0,upbit,2026-06-28T04:34:13Z
KRW-ETH,2025-08-22T00:00:00,2025-08-22T09:00:00,5930000.0,6742000.0,5896000.0,6664000.0,257077.61025997,6664000.0,upbit,2026-06-28T04:34:13Z
KRW-ETH,2025-08-23T00:00:00,2025-08-23T09:00:00,6664000.0,6668000.0,6431000.0,6614000.0,92371.36499211,6614000.0,upbit,2026-06-28T04:34:13Z
KRW-ETH,2025-08-24T00:00:00,2025-08-24T09:00:00,6617000.0,6845000.0,6550000.0,6634000.0,106471.57981683,6634000.0,upbit,2026-06-28T04:34:13Z
KRW-ETH,2025-08-25T00:00:00,2025-08-25T09:00:00,6634000.0,6671000.0,6160000.0,6197000.0,141498.38833224,6197000.0,upbit,2026-06-28T04:34:13Z
KRW-ETH,2025-08-26T00:00:00,2025-08-26T09:00:00,6197000.0,6481000.0,6091000.0,6444000.0,109464.41595673,6444000.0,upbit,2026-06-28T04:34:13Z
KRW-ETH,2025-08-27T00:00:00,2025-08-27T09:00:00,6443000.0,6500000.0,6268000.0,6308000.0,75105.36384434,6308000.0,upbit,2026-06-28T04:34:13Z
KRW-ETH,2025-08-28T00:00:00,2025-08-28T09:00:00,6309000.0,6440000.0,6200000.0,6286000.0,60487.64577139,6286000.0,upbit,2026-06-28T04:34:13Z
KRW-ETH,2025-08-29T00:00:00,2025-08-29T09:00:00,6286000.0,6294000.0,5991000.0,6121000.0,106820.73215115,6121000.0,upbit,2026-06-28T04:34:13Z
KRW-ETH,2025-08-30T00:00:00,2025-08-30T09:00:00,6122000.0,6164000.0,5934000.0,6100000.0,49998.27028477,6100000.0,upbit,2026-06-28T04:34:13Z
KRW-ETH,2025-08-31T00:00:00,2025-08-31T09:00:00,6101000.0,6250000.0,6097000.0,6114000.0,50204.37322369,6114000.0,upbit,2026-06-28T04:34:13Z
KRW-ETH,2025-09-01T00:00:00,2025-09-01T09:00:00,6114000.0,6250000.0,5923000.0,6025000.0,79154.97480709,6025000.0,upbit,2026-06-28T04:34:13Z
KRW-ETH,2025-09-02T00:00:00,2025-09-02T09:00:00,6026000.0,6135000.0,5951000.0,6027000.0,72085.90045342,6027000.0,upbit,2026-06-28T04:34:13Z
KRW-ETH,2025-09-03T00:00:00,2025-09-03T09:00:00,6030000.0,6213000.0,5974000.0,6164000.0,60822.31430829,6164000.0,upbit,2026-06-28T04:34:13Z
KRW-ETH,2025-09-04T00:00:00,2025-09-04T09:00:00,6164000.0,6213000.0,6000000.0,6039000.0,52040.89940365,6039000.0,upbit,2026-06-28T04:34:13Z
KRW-ETH,2025-09-05T00:00:00,2025-09-05T09:00:00,6040000.0,6258000.0,5983000.0,6030000.0,86642.86725439,6030000.0,upbit,2026-06-28T04:34:13Z
KRW-ETH,2025-09-06T00:00:00,2025-09-06T09:00:00,6029000.0,6054000.0,5970000.0,5990000.0,22968.03918758,5990000.0,upbit,2026-06-28T04:34:13Z
KRW-ETH,2025-09-07T00:00:00,2025-09-07T09:00:00,5990000.0,6037000.0,5982000.0,6014000.0,24522.71363204,6014000.0,upbit,2026-06-28T04:34:13Z
KRW-ETH,2025-09-08T00:00:00,2025-09-08T09:00:00,6015000.0,6087000.0,5980000.0,6000000.0,54099.54166782,6000000.0,upbit,2026-06-28T04:34:13Z
KRW-ETH,2025-09-09T00:00:00,2025-09-09T09:00:00,6000000.0,6072000.0,5965000.0,6002000.0,51768.32690444,6002000.0,upbit,2026-06-28T04:34:13Z
KRW-ETH,2025-09-10T00:00:00,2025-09-10T09:00:00,6001000.0,6178000.0,5985000.0,6056000.0,65932.28270406,6056000.0,upbit,2026-06-28T04:34:13Z
KRW-ETH,2025-09-11T00:00:00,2025-09-11T09:00:00,6056000.0,6230000.0,6042000.0,6196000.0,74294.77526974,6196000.0,upbit,2026-06-28T04:34:13Z
KRW-ETH,2025-09-12T00:00:00,2025-09-12T09:00:00,6196000.0,6557000.0,6190000.0,6539000.0,72127.65275987,6539000.0,upbit,2026-06-28T04:34:13Z
KRW-ETH,2025-09-13T00:00:00,2025-09-13T09:00:00,6538000.0,6609000.0,6377000.0,6471000.0,60212.46658856,6471000.0,upbit,2026-06-28T04:34:13Z
KRW-ETH,2025-09-14T00:00:00,2025-09-14T09:00:00,6472000.0,6500000.0,6355000.0,6403000.0,32037.71407899,6403000.0,upbit,2026-06-28T04:34:13Z
KRW-ETH,2025-09-15T00:00:00,2025-09-15T09:00:00,6403000.0,6474000.0,6237000.0,6304000.0,47023.77058418,6304000.0,upbit,2026-06-28T04:34:13Z
KRW-ETH,2025-09-16T00:00:00,2025-09-16T09:00:00,6304000.0,6325000.0,6184000.0,6261000.0,45638.98319997,6261000.0,upbit,2026-06-28T04:34:13Z
KRW-ETH,2025-09-17T00:00:00,2025-09-17T09:00:00,6261000.0,6419000.0,6180000.0,6358000.0,54263.66483327,6358000.0,upbit,2026-06-28T04:34:13Z
KRW-ETH,2025-09-18T00:00:00,2025-09-18T09:00:00,6358000.0,6440000.0,6323000.0,6365000.0,42744.80594295,6365000.0,upbit,2026-06-28T04:34:13Z
KRW-ETH,2025-09-19T00:00:00,2025-09-19T09:00:00,6365000.0,6411000.0,6221000.0,6272000.0,37913.99193469,6272000.0,upbit,2026-06-28T04:34:13Z
KRW-ETH,2025-09-20T00:00:00,2025-09-20T09:00:00,6272000.0,6306000.0,6252000.0,6287000.0,16379.72197412,6287000.0,upbit,2026-06-28T04:34:13Z
KRW-ETH,2025-09-21T00:00:00,2025-09-21T09:00:00,6286000.0,6293000.0,6230000.0,6231000.0,16291.22173221,6231000.0,upbit,2026-06-28T04:34:13Z
KRW-ETH,2025-09-22T00:00:00,2025-09-22T09:00:00,6231000.0,6245000.0,5897000.0,5994000.0,117483.51164217,5994000.0,upbit,2026-06-28T04:34:13Z
KRW-ETH,2025-09-23T00:00:00,2025-09-23T09:00:00,5994000.0,6019000.0,5854000.0,5932000.0,40871.39605637,5932000.0,upbit,2026-06-28T04:34:13Z
KRW-ETH,2025-09-24T00:00:00,2025-09-24T09:00:00,5933000.0,5977000.0,5831000.0,5889000.0,35715.9768436,5889000.0,upbit,2026-06-28T04:34:13Z
KRW-ETH,2025-09-25T00:00:00,2025-09-25T09:00:00,5890000.0,5903000.0,5565000.0,5619000.0,95599.57021992,5619000.0,upbit,2026-06-28T04:34:13Z
KRW-ETH,2025-09-26T00:00:00,2025-09-26T09:00:00,5619000.0,5840000.0,5618000.0,5817000.0,61358.28520663,5817000.0,upbit,2026-06-28T04:34:13Z
KRW-ETH,2025-09-27T00:00:00,2025-09-27T09:00:00,5817000.0,5818000.0,5716000.0,5781000.0,14940.42185502,5781000.0,upbit,2026-06-28T04:34:13Z
KRW-ETH,2025-09-28T00:00:00,2025-09-28T09:00:00,5782000.0,5932000.0,5727000.0,5931000.0,23795.46652588,5931000.0,upbit,2026-06-28T04:34:13Z
KRW-ETH,2025-09-29T00:00:00,2025-09-29T09:00:00,5931000.0,6038000.0,5842000.0,6009000.0,36958.91141701,6009000.0,upbit,2026-06-28T04:34:13Z
KRW-ETH,2025-09-30T00:00:00,2025-09-30T09:00:00,6009000.0,6048000.0,5880000.0,5918000.0,29411.48413252,5918000.0,upbit,2026-06-28T04:34:13Z
KRW-ETH,2025-10-01T00:00:00,2025-10-01T09:00:00,5919000.0,6180000.0,5900000.0,6176000.0,48978.72914199,6176000.0,upbit,2026-06-28T04:34:13Z
KRW-ETH,2025-10-02T00:00:00,2025-10-02T09:00:00,6173000.0,6377000.0,6139000.0,6349000.0,52875.26710706,6349000.0,upbit,2026-06-28T04:34:13Z
KRW-ETH,2025-10-03T00:00:00,2025-10-03T09:00:00,6349000.0,6480000.0,6276000.0,6396000.0,53562.29392409,6396000.0,upbit,2026-06-28T04:34:13Z
KRW-ETH,2025-10-04T00:00:00,2025-10-04T09:00:00,6396000.0,6433000.0,6340000.0,6411000.0,26288.29447501,6411000.0,upbit,2026-06-28T04:34:13Z
KRW-ETH,2025-10-05T00:00:00,2025-10-05T09:00:00,6411000.0,6550000.0,6381000.0,6473000.0,44662.79097685,6473000.0,upbit,2026-06-28T04:34:13Z
KRW-ETH,2025-10-06T00:00:00,2025-10-06T09:00:00,6471000.0,6709000.0,6455000.0,6672000.0,48927.13818115,6672000.0,upbit,2026-06-28T04:34:13Z
KRW-ETH,2025-10-07T00:00:00,2025-10-07T09:00:00,6672000.0,6793000.0,6426000.0,6432000.0,95851.94132575,6432000.0,upbit,2026-06-28T04:34:13Z
KRW-ETH,2025-10-08T00:00:00,2025-10-08T09:00:00,6433000.0,6553000.0,6426000.0,6530000.0,45114.32455106,6530000.0,upbit,2026-06-28T04:34:13Z
KRW-ETH,2025-10-09T00:00:00,2025-10-09T09:00:00,6525000.0,6542000.0,6292000.0,6375000.0,64589.22955365,6375000.0,upbit,2026-06-28T04:34:13Z
KRW-ETH,2025-10-10T00:00:00,2025-10-10T09:00:00,6376000.0,6415000.0,5565000.0,5900000.0,195889.51556067,5900000.0,upbit,2026-06-28T04:34:13Z
KRW-ETH,2025-10-11T00:00:00,2025-10-11T09:00:00,5900000.0,5983000.0,5634000.0,5777000.0,106966.5970071,5777000.0,upbit,2026-06-28T04:34:13Z
KRW-ETH,2025-10-12T00:00:00,2025-10-12T09:00:00,5777000.0,6287000.0,5677000.0,6275000.0,118717.34080711,6275000.0,upbit,2026-06-28T04:34:13Z
KRW-ETH,2025-10-13T00:00:00,2025-10-13T09:00:00,6275000.0,6370000.0,6085000.0,6314000.0,68277.45701991,6314000.0,upbit,2026-06-28T04:34:13Z
KRW-ETH,2025-10-14T00:00:00,2025-10-14T09:00:00,6315000.0,6355000.0,5930000.0,6197000.0,104741.29268243,6197000.0,upbit,2026-06-28T04:34:13Z
KRW-ETH,2025-10-15T00:00:00,2025-10-15T09:00:00,6199000.0,6300000.0,6007000.0,6061000.0,52498.17303908,6061000.0,upbit,2026-06-28T04:34:13Z
KRW-ETH,2025-10-16T00:00:00,2025-10-16T09:00:00,6066000.0,6178000.0,5889000.0,5955000.0,53288.36809392,5955000.0,upbit,2026-06-28T04:34:13Z
KRW-ETH,2025-10-17T00:00:00,2025-10-17T09:00:00,5957000.0,6030000.0,5680000.0,5889000.0,91033.99740922,5889000.0,upbit,2026-06-28T04:34:13Z
KRW-ETH,2025-10-18T00:00:00,2025-10-18T09:00:00,5891000.0,5982000.0,5867000.0,5937000.0,20394.0983391,5937000.0,upbit,2026-06-28T04:34:13Z
KRW-ETH,2025-10-19T00:00:00,2025-10-19T09:00:00,5939000.0,6110000.0,5835000.0,6040000.0,37285.62765462,6040000.0,upbit,2026-06-28T04:34:13Z
KRW-ETH,2025-10-20T00:00:00,2025-10-20T09:00:00,6040000.0,6136000.0,5906000.0,5973000.0,47795.02502884,5973000.0,upbit,2026-06-28T04:34:13Z
KRW-ETH,2025-10-21T00:00:00,2025-10-21T09:00:00,5974000.0,6100000.0,5801000.0,5837000.0,64045.9147134,5837000.0,upbit,2026-06-28T04:34:13Z
KRW-ETH,2025-10-22T00:00:00,2025-10-22T09:00:00,5838000.0,5862000.0,5691000.0,5768000.0,48950.92214083,5768000.0,upbit,2026-06-28T04:34:13Z
KRW-ETH,2025-10-23T00:00:00,2025-10-23T09:00:00,5768000.0,5895000.0,5746000.0,5804000.0,35561.42477091,5804000.0,upbit,2026-06-28T04:34:13Z
KRW-ETH,2025-10-24T00:00:00,2025-10-24T09:00:00,5806000.0,6000000.0,5790000.0,5869000.0,48986.53196054,5869000.0,upbit,2026-06-28T04:34:13Z
KRW-ETH,2025-10-25T00:00:00,2025-10-25T09:00:00,5869000.0,5900000.0,5845000.0,5891000.0,16231.99731658,5891000.0,upbit,2026-06-28T04:34:13Z
KRW-ETH,2025-10-26T00:00:00,2025-10-26T09:00:00,5891000.0,6173000.0,5857000.0,6149000.0,45239.47008143,6149000.0,upbit,2026-06-28T04:34:13Z
KRW-ETH,2025-10-27T00:00:00,2025-10-27T09:00:00,6150000.0,6272000.0,6070000.0,6096000.0,55503.68803342,6096000.0,upbit,2026-06-28T04:34:13Z
KRW-ETH,2025-10-28T00:00:00,2025-10-28T09:00:00,6097000.0,6148000.0,5900000.0,5940000.0,45713.43765398,5940000.0,upbit,2026-06-28T04:34:13Z
KRW-ETH,2025-10-29T00:00:00,2025-10-29T09:00:00,5940000.0,5992000.0,5800000.0,5839000.0,43747.1097889,5839000.0,upbit,2026-06-28T04:34:13Z
KRW-ETH,2025-10-30T00:00:00,2025-10-30T09:00:00,5839000.0,5900000.0,5610000.0,5769000.0,58241.20624073,5769000.0,upbit,2026-06-28T04:34:13Z
KRW-ETH,2025-10-31T00:00:00,2025-10-31T09:00:00,5770000.0,5843000.0,5715000.0,5768000.0,25536.92310258,5768000.0,upbit,2026-06-28T04:34:13Z
KRW-ETH,2025-11-01T00:00:00,2025-11-01T09:00:00,5768000.0,5816000.0,5742000.0,5770000.0,11196.52480004,5770000.0,upbit,2026-06-28T04:34:13Z
KRW-ETH,2025-11-02T00:00:00,2025-11-02T09:00:00,5771000.0,5814000.0,5720000.0,5798000.0,14722.82312102,5798000.0,upbit,2026-06-28T04:34:13Z
KRW-ETH,2025-11-03T00:00:00,2025-11-03T09:00:00,5792000.0,5800000.0,5305000.0,5363000.0,93796.31764493,5363000.0,upbit,2026-06-28T04:34:13Z
KRW-ETH,2025-11-04T00:00:00,2025-11-04T09:00:00,5368000.0,5485000.0,4582000.0,4954000.0,189633.41346489,4954000.0,upbit,2026-06-28T04:34:13Z
KRW-ETH,2025-11-05T00:00:00,2025-11-05T09:00:00,4954000.0,5199000.0,4693000.0,5135000.0,115891.14339255,5135000.0,upbit,2026-06-28T04:34:13Z
KRW-ETH,2025-11-06T00:00:00,2025-11-06T09:00:00,5136000.0,5160000.0,4862000.0,4957000.0,48704.2918419,4957000.0,upbit,2026-06-28T04:34:13Z
KRW-ETH,2025-11-07T00:00:00,2025-11-07T09:00:00,4957000.0,5174000.0,4800000.0,5112000.0,65075.33970918,5112000.0,upbit,2026-06-28T04:34:13Z
KRW-ETH,2025-11-08T00:00:00,2025-11-08T09:00:00,5111000.0,5195000.0,5010000.0,5070000.0,28333.50989455,5070000.0,upbit,2026-06-28T04:34:13Z
KRW-ETH,2025-11-09T00:00:00,2025-11-09T09:00:00,5070000.0,5360000.0,5006000.0,5320000.0,37507.35742626,5320000.0,upbit,2026-06-28T04:34:13Z
KRW-ETH,2025-11-10T00:00:00,2025-11-10T09:00:00,5320000.0,5430000.0,5203000.0,5283000.0,59004.66212691,5283000.0,upbit,2026-06-28T04:34:13Z
KRW-ETH,2025-11-11T00:00:00,2025-11-11T09:00:00,5284000.0,5401000.0,5092000.0,5120000.0,42734.85704364,5120000.0,upbit,2026-06-28T04:34:13Z
KRW-ETH,2025-11-12T00:00:00,2025-11-12T09:00:00,5120000.0,5350000.0,5067000.0,5148000.0,42734.38639637,5148000.0,upbit,2026-06-28T04:34:13Z
KRW-ETH,2025-11-13T00:00:00,2025-11-13T09:00:00,5148000.0,5319000.0,4812000.0,4907000.0,84429.34948088,4907000.0,upbit,2026-06-28T04:34:13Z
KRW-ETH,2025-11-14T00:00:00,2025-11-14T09:00:00,4907000.0,4935000.0,4640000.0,4728000.0,106773.19096437,4728000.0,upbit,2026-06-28T04:34:13Z
KRW-ETH,2025-11-15T00:00:00,2025-11-15T09:00:00,4728000.0,4869000.0,4727000.0,4786000.0,30136.03025587,4786000.0,upbit,2026-06-28T04:34:13Z
KRW-ETH,2025-11-16T00:00:00,2025-11-16T09:00:00,4786000.0,4876000.0,4500000.0,4613000.0,57987.78953557,4613000.0,upbit,2026-06-28T04:34:13Z
KRW-ETH,2025-11-17T00:00:00,2025-11-17T09:00:00,4613000.0,4799000.0,4461000.0,4528000.0,76494.83051268,4528000.0,upbit,2026-06-28T04:34:13Z
KRW-ETH,2025-11-18T00:00:00,2025-11-18T09:00:00,4528000.0,4695000.0,4386000.0,4627000.0,88826.65628278,4627000.0,upbit,2026-06-28T04:34:13Z
KRW-ETH,2025-11-19T00:00:00,2025-11-19T09:00:00,4629000.0,4635000.0,4301000.0,4510000.0,83485.68975644,4510000.0,upbit,2026-06-28T04:34:13Z
KRW-ETH,2025-11-20T00:00:00,2025-11-20T09:00:00,4510000.0,4561000.0,4212000.0,4243000.0,87088.76132241,4243000.0,upbit,2026-06-28T04:34:13Z
KRW-ETH,2025-11-21T00:00:00,2025-11-21T09:00:00,4247000.0,4310000.0,3950000.0,4163000.0,144780.73785541,4163000.0,upbit,2026-06-28T04:34:13Z
KRW-ETH,2025-11-22T00:00:00,2025-11-22T09:00:00,4162000.0,4200000.0,4062000.0,4166000.0,29044.72818138,4166000.0,upbit,2026-06-28T04:34:13Z
KRW-ETH,2025-11-23T00:00:00,2025-11-23T09:00:00,4165000.0,4322000.0,4157000.0,4262000.0,51732.82062775,4262000.0,upbit,2026-06-28T04:34:13Z
KRW-ETH,2025-11-24T00:00:00,2025-11-24T09:00:00,4259000.0,4472000.0,4184000.0,4431000.0,61906.1251503,4431000.0,upbit,2026-06-28T04:34:13Z
KRW-ETH,2025-11-25T00:00:00,2025-11-25T09:00:00,4431000.0,4455000.0,4292000.0,4429000.0,46575.07391865,4429000.0,upbit,2026-06-28T04:34:13Z
KRW-ETH,2025-11-26T00:00:00,2025-11-26T09:00:00,4429000.0,4531000.0,4333000.0,4521000.0,44275.58669725,4521000.0,upbit,2026-06-28T04:34:13Z
KRW-ETH,2025-11-27T00:00:00,2025-11-27T09:00:00,4520000.0,4596000.0,4469000.0,4511000.0,36409.00506721,4511000.0,upbit,2026-06-28T04:34:13Z
KRW-ETH,2025-11-28T00:00:00,2025-11-28T09:00:00,4511000.0,4627000.0,4480000.0,4541000.0,35055.00132577,4541000.0,upbit,2026-06-28T04:34:13Z
KRW-ETH,2025-11-29T00:00:00,2025-11-29T09:00:00,4539000.0,4579000.0,4445000.0,4478000.0,18018.55746893,4478000.0,upbit,2026-06-28T04:34:13Z
KRW-ETH,2025-11-30T00:00:00,2025-11-30T09:00:00,4479000.0,4568000.0,4462000.0,4486000.0,15221.83106288,4486000.0,upbit,2026-06-28T04:34:13Z
KRW-ETH,2025-12-01T00:00:00,2025-12-01T09:00:00,4487000.0,4500000.0,4079000.0,4193000.0,88080.84539986,4193000.0,upbit,2026-06-28T04:34:13Z
KRW-ETH,2025-12-02T00:00:00,2025-12-02T09:00:00,4192000.0,4518000.0,4156000.0,4452000.0,53907.98161619,4452000.0,upbit,2026-06-28T04:34:13Z
KRW-ETH,2025-12-03T00:00:00,2025-12-03T09:00:00,4453000.0,4770000.0,4436000.0,4737000.0,64214.47998486,4737000.0,upbit,2026-06-28T04:34:13Z
KRW-ETH,2025-12-04T00:00:00,2025-12-04T09:00:00,4736000.0,4813000.0,4583000.0,4676000.0,55285.80788927,4676000.0,upbit,2026-06-28T04:34:13Z
KRW-ETH,2025-12-05T00:00:00,2025-12-05T09:00:00,4672000.0,4761000.0,4470000.0,4525000.0,55323.89877067,4525000.0,upbit,2026-06-28T04:34:13Z
KRW-ETH,2025-12-06T00:00:00,2025-12-06T09:00:00,4528000.0,4593000.0,4507000.0,4551000.0,17049.67124255,4551000.0,upbit,2026-06-28T04:34:13Z
KRW-ETH,2025-12-07T00:00:00,2025-12-07T09:00:00,4552000.0,4699000.0,4362000.0,4582000.0,40781.52093433,4582000.0,upbit,2026-06-28T04:34:13Z
KRW-ETH,2025-12-08T00:00:00,2025-12-08T09:00:00,4582000.0,4730000.0,4550000.0,4655000.0,42032.1288929,4655000.0,upbit,2026-06-28T04:34:13Z
KRW-ETH,2025-12-09T00:00:00,2025-12-09T09:00:00,4652000.0,5026000.0,4602000.0,4912000.0,61117.13714345,4912000.0,upbit,2026-06-28T04:34:13Z
KRW-ETH,2025-12-10T00:00:00,2025-12-10T09:00:00,4912000.0,5108000.0,4873000.0,4938000.0,60790.58570185,4938000.0,upbit,2026-06-28T04:34:13Z
KRW-ETH,2025-12-11T00:00:00,2025-12-11T09:00:00,4939000.0,4945000.0,4693000.0,4813000.0,63958.92879298,4813000.0,upbit,2026-06-28T04:34:13Z
KRW-ETH,2025-12-12T00:00:00,2025-12-12T09:00:00,4813000.0,4856000.0,4565000.0,4611000.0,56322.61840414,4611000.0,upbit,2026-06-28T04:34:13Z
KRW-ETH,2025-12-13T00:00:00,2025-12-13T09:00:00,4611000.0,4674000.0,4591000.0,4651000.0,17527.5821689,4651000.0,upbit,2026-06-28T04:34:13Z
KRW-ETH,2025-12-14T00:00:00,2025-12-14T09:00:00,4650000.0,4670000.0,4531000.0,4576000.0,24844.33029317,4576000.0,upbit,2026-06-28T04:34:13Z
KRW-ETH,2025-12-15T00:00:00,2025-12-15T09:00:00,4576000.0,4720000.0,4337000.0,4434000.0,63184.9073986,4434000.0,upbit,2026-06-28T04:34:13Z
KRW-ETH,2025-12-16T00:00:00,2025-12-16T09:00:00,4434000.0,4442000.0,4285000.0,4406000.0,49512.59962866,4406000.0,upbit,2026-06-28T04:34:13Z
KRW-ETH,2025-12-17T00:00:00,2025-12-17T09:00:00,4406000.0,4500000.0,4179000.0,4229000.0,51180.78507876,4229000.0,upbit,2026-06-28T04:34:13Z
KRW-ETH,2025-12-18T00:00:00,2025-12-18T09:00:00,4229000.0,4449000.0,4150000.0,4211000.0,64415.05572016,4211000.0,upbit,2026-06-28T04:34:13Z
KRW-ETH,2025-12-19T00:00:00,2025-12-19T09:00:00,4211000.0,4486000.0,4180000.0,4440000.0,61063.65179977,4440000.0,upbit,2026-06-28T04:34:13Z
KRW-ETH,2025-12-20T00:00:00,2025-12-20T09:00:00,4441000.0,4470000.0,4416000.0,4432000.0,15073.69619179,4432000.0,upbit,2026-06-28T04:34:13Z
KRW-ETH,2025-12-21T00:00:00,2025-12-21T09:00:00,4433000.0,4480000.0,4383000.0,4465000.0,19977.98445876,4465000.0,upbit,2026-06-28T04:34:13Z
KRW-ETH,2025-12-22T00:00:00,2025-12-22T09:00:00,4468000.0,4578000.0,4422000.0,4490000.0,43848.7189658,4490000.0,upbit,2026-06-28T04:34:13Z
KRW-ETH,2025-12-23T00:00:00,2025-12-23T09:00:00,4488000.0,4524000.0,4330000.0,4422000.0,37247.15183936,4422000.0,upbit,2026-06-28T04:34:13Z
KRW-ETH,2025-12-24T00:00:00,2025-12-24T09:00:00,4422000.0,4424000.0,4271000.0,4346000.0,26115.2036845,4346000.0,upbit,2026-06-28T04:34:13Z
KRW-ETH,2025-12-25T00:00:00,2025-12-25T09:00:00,4346000.0,4370000.0,4254000.0,4275000.0,20006.79703828,4275000.0,upbit,2026-06-28T04:34:13Z
KRW-ETH,2025-12-26T00:00:00,2025-12-26T09:00:00,4275000.0,4382000.0,4252000.0,4290000.0,29138.21540955,4290000.0,upbit,2026-06-28T04:34:13Z
KRW-ETH,2025-12-27T00:00:00,2025-12-27T09:00:00,4290000.0,4321000.0,4267000.0,4307000.0,7703.59132645,4307000.0,upbit,2026-06-28T04:34:13Z
KRW-ETH,2025-12-28T00:00:00,2025-12-28T09:00:00,4307000.0,4310000.0,4266000.0,4294000.0,7304.45083913,4294000.0,upbit,2026-06-28T04:34:13Z
KRW-ETH,2025-12-29T00:00:00,2025-12-29T09:00:00,4293000.0,4416000.0,4238000.0,4278000.0,37417.62330324,4278000.0,upbit,2026-06-28T04:34:13Z
KRW-ETH,2025-12-30T00:00:00,2025-12-30T09:00:00,4278000.0,4371000.0,4244000.0,4316000.0,23063.56391036,4316000.0,upbit,2026-06-28T04:34:13Z
KRW-ETH,2025-12-31T00:00:00,2025-12-31T09:00:00,4317000.0,4384000.0,4305000.0,4335000.0,13533.55349717,4335000.0,upbit,2026-06-28T04:34:13Z
KRW-ETH,2026-01-01T00:00:00,2026-01-01T09:00:00,4335000.0,4369000.0,4333000.0,4360000.0,9061.10451074,4360000.0,upbit,2026-06-28T04:34:13Z
KRW-ETH,2026-01-02T00:00:00,2026-01-02T09:00:00,4360000.0,4551000.0,4344000.0,4515000.0,32578.5337904,4515000.0,upbit,2026-06-28T04:34:13Z
KRW-ETH,2026-01-03T00:00:00,2026-01-03T09:00:00,4515000.0,4547000.0,4444000.0,4523000.0,22071.89202347,4523000.0,upbit,2026-06-28T04:34:13Z
KRW-ETH,2026-01-04T00:00:00,2026-01-04T09:00:00,4523000.0,4576000.0,4516000.0,4548000.0,22579.25398754,4548000.0,upbit,2026-06-28T04:34:13Z
KRW-ETH,2026-01-05T00:00:00,2026-01-05T09:00:00,4545000.0,4711000.0,4543000.0,4675000.0,47255.40244554,4675000.0,upbit,2026-06-28T04:34:13Z
KRW-ETH,2026-01-06T00:00:00,2026-01-06T09:00:00,4674000.0,4796000.0,4628000.0,4795000.0,46064.80088092,4795000.0,upbit,2026-06-28T04:34:13Z
KRW-ETH,2026-01-07T00:00:00,2026-01-07T09:00:00,4795000.0,4796000.0,4563000.0,4612000.0,44970.10745765,4612000.0,upbit,2026-06-28T04:34:13Z
KRW-ETH,2026-01-08T00:00:00,2026-01-08T09:00:00,4615000.0,4647000.0,4472000.0,4548000.0,33425.26674591,4548000.0,upbit,2026-06-28T04:34:13Z
KRW-ETH,2026-01-09T00:00:00,2026-01-09T09:00:00,4548000.0,4609000.0,4502000.0,4546000.0,20622.74109506,4546000.0,upbit,2026-06-28T04:34:13Z
KRW-ETH,2026-01-10T00:00:00,2026-01-10T09:00:00,4550000.0,4581000.0,4536000.0,4554000.0,7755.18981326,4554000.0,upbit,2026-06-28T04:34:13Z
KRW-ETH,2026-01-11T00:00:00,2026-01-11T09:00:00,4555000.0,4627000.0,4547000.0,4592000.0,11519.36878324,4592000.0,upbit,2026-06-28T04:34:13Z
KRW-ETH,2026-01-12T00:00:00,2026-01-12T09:00:00,4593000.0,4664000.0,4532000.0,4567000.0,29251.00028257,4567000.0,upbit,2026-06-28T04:34:13Z
KRW-ETH,2026-01-13T00:00:00,2026-01-13T09:00:00,4567000.0,4900000.0,4563000.0,4870000.0,39246.20899111,4870000.0,upbit,2026-06-28T04:34:13Z
KRW-ETH,2026-01-14T00:00:00,2026-01-14T09:00:00,4871000.0,4970000.0,4815000.0,4917000.0,52063.60771253,4917000.0,upbit,2026-06-28T04:34:13Z
KRW-ETH,2026-01-15T00:00:00,2026-01-15T09:00:00,4917000.0,4968000.0,4812000.0,4891000.0,35143.9937308,4891000.0,upbit,2026-06-28T04:34:13Z
KRW-ETH,2026-01-16T00:00:00,2026-01-16T09:00:00,4891000.0,4907000.0,4821000.0,4867000.0,17431.25629016,4867000.0,upbit,2026-06-28T04:34:13Z
KRW-ETH,2026-01-17T00:00:00,2026-01-17T09:00:00,4870000.0,4914000.0,4850000.0,4886000.0,10611.05824176,4886000.0,upbit,2026-06-28T04:34:13Z
KRW-ETH,2026-01-18T00:00:00,2026-01-18T09:00:00,4886000.0,4979000.0,4862000.0,4868000.0,19304.91186247,4868000.0,upbit,2026-06-28T04:34:13Z
KRW-ETH,2026-01-19T00:00:00,2026-01-19T09:00:00,4868000.0,4870000.0,4696000.0,4723000.0,38712.86348242,4723000.0,upbit,2026-06-28T04:34:13Z
KRW-ETH,2026-01-20T00:00:00,2026-01-20T09:00:00,4723000.0,4744000.0,4375000.0,4387000.0,62336.92023561,4387000.0,upbit,2026-06-28T04:34:13Z
KRW-ETH,2026-01-21T00:00:00,2026-01-21T09:00:00,4390000.0,4545000.0,4268000.0,4416000.0,69850.75874437,4416000.0,upbit,2026-06-28T04:34:13Z
KRW-ETH,2026-01-22T00:00:00,2026-01-22T09:00:00,4419000.0,4497000.0,4326000.0,4381000.0,26832.37083642,4381000.0,upbit,2026-06-28T04:34:13Z
KRW-ETH,2026-01-23T00:00:00,2026-01-23T09:00:00,4383000.0,4459000.0,4310000.0,4356000.0,27125.86615731,4356000.0,upbit,2026-06-28T04:34:13Z
KRW-ETH,2026-01-24T00:00:00,2026-01-24T09:00:00,4356000.0,4381000.0,4346000.0,4355000.0,8263.19769241,4355000.0,upbit,2026-06-28T04:34:13Z
KRW-ETH,2026-01-25T00:00:00,2026-01-25T09:00:00,4356000.0,4371000.0,4139000.0,4182000.0,34987.64989031,4182000.0,upbit,2026-06-28T04:34:13Z
KRW-ETH,2026-01-26T00:00:00,2026-01-26T09:00:00,4182000.0,4312000.0,4170000.0,4295000.0,33268.3484593,4295000.0,upbit,2026-06-28T04:34:13Z
KRW-ETH,2026-01-27T00:00:00,2026-01-27T09:00:00,4295000.0,4414000.0,4244000.0,4397000.0,25437.71933792,4397000.0,upbit,2026-06-28T04:34:13Z
KRW-ETH,2026-01-28T00:00:00,2026-01-28T09:00:00,4399000.0,4408000.0,4319000.0,4352000.0,22732.95585265,4352000.0,upbit,2026-06-28T04:34:13Z
KRW-ETH,2026-01-29T00:00:00,2026-01-29T09:00:00,4352000.0,4355000.0,4056000.0,4144000.0,56215.57179576,4144000.0,upbit,2026-06-28T04:34:13Z
KRW-ETH,2026-01-30T00:00:00,2026-01-30T09:00:00,4144000.0,4151000.0,3919000.0,4025000.0,83633.87793744,4025000.0,upbit,2026-06-28T04:34:13Z
KRW-ETH,2026-01-31T00:00:00,2026-01-31T09:00:00,4027000.0,4030000.0,3500000.0,3664000.0,118288.52662476,3664000.0,upbit,2026-06-28T04:34:13Z
KRW-ETH,2026-02-01T00:00:00,2026-02-01T09:00:00,3664000.0,3699000.0,3290000.0,3349000.0,116989.62450597,3349000.0,upbit,2026-06-28T04:34:13Z
KRW-ETH,2026-02-02T00:00:00,2026-02-02T09:00:00,3349000.0,3544000.0,3205000.0,3481000.0,127622.60947699,3481000.0,upbit,2026-06-28T04:34:13Z
KRW-ETH,2026-02-03T00:00:00,2026-02-03T09:00:00,3481000.0,3499000.0,3150000.0,3303000.0,99845.04939402,3303000.0,upbit,2026-06-28T04:34:13Z
KRW-ETH,2026-02-04T00:00:00,2026-02-04T09:00:00,3303000.0,3386000.0,3089000.0,3170000.0,87977.90198151,3170000.0,upbit,2026-06-28T04:34:13Z
KRW-ETH,2026-02-05T00:00:00,2026-02-05T09:00:00,3170000.0,3205000.0,2680000.0,2703000.0,205776.04808864,2703000.0,upbit,2026-06-28T04:34:13Z
KRW-ETH,2026-02-06T00:00:00,2026-02-06T09:00:00,2703000.0,3100000.0,2590000.0,3067000.0,223294.93746732,3067000.0,upbit,2026-06-28T04:34:13Z
KRW-ETH,2026-02-07T00:00:00,2026-02-07T09:00:00,3068000.0,3147000.0,2945000.0,3089000.0,121667.73593451,3089000.0,upbit,2026-06-28T04:34:13Z
KRW-ETH,2026-02-08T00:00:00,2026-02-08T09:00:00,3090000.0,3187000.0,3059000.0,3106000.0,61448.20525081,3106000.0,upbit,2026-06-28T04:34:13Z
KRW-ETH,2026-02-09T00:00:00,2026-02-09T09:00:00,3108000.0,3165000.0,2979000.0,3105000.0,60727.05832644,3105000.0,upbit,2026-06-28T04:34:13Z
KRW-ETH,2026-02-10T00:00:00,2026-02-10T09:00:00,3104000.0,3138000.0,2963000.0,2999000.0,67073.95303163,2999000.0,upbit,2026-06-28T04:34:13Z
KRW-ETH,2026-02-11T00:00:00,2026-02-11T09:00:00,2999000.0,3010000.0,2828000.0,2873000.0,79227.2214987,2873000.0,upbit,2026-06-28T04:34:13Z
KRW-ETH,2026-02-12T00:00:00,2026-02-12T09:00:00,2871000.0,2931000.0,2796000.0,2859000.0,51483.24772594,2859000.0,upbit,2026-06-28T04:34:13Z
KRW-ETH,2026-02-13T00:00:00,2026-02-13T09:00:00,2859000.0,3031000.0,2827000.0,2997000.0,49014.48956743,2997000.0,upbit,2026-06-28T04:34:13Z
KRW-ETH,2026-02-14T00:00:00,2026-02-14T09:00:00,2998000.0,3104000.0,2989000.0,3071000.0,42483.34086575,3071000.0,upbit,2026-06-28T04:34:13Z
KRW-ETH,2026-02-15T00:00:00,2026-02-15T09:00:00,3071000.0,3107000.0,2860000.0,2922000.0,102943.02585795,2922000.0,upbit,2026-06-28T04:34:13Z
KRW-ETH,2026-02-16T00:00:00,2026-02-16T09:00:00,2922000.0,2995000.0,2880000.0,2958000.0,43075.96009305,2958000.0,upbit,2026-06-28T04:34:13Z
KRW-ETH,2026-02-17T00:00:00,2026-02-17T09:00:00,2958000.0,2978000.0,2886000.0,2947000.0,32908.48764714,2947000.0,upbit,2026-06-28T04:34:13Z
KRW-ETH,2026-02-18T00:00:00,2026-02-18T09:00:00,2948000.0,3006000.0,2867000.0,2902000.0,37092.76967477,2902000.0,upbit,2026-06-28T04:34:13Z
KRW-ETH,2026-02-19T00:00:00,2026-02-19T09:00:00,2903000.0,2933000.0,2820000.0,2875000.0,38969.36956998,2875000.0,upbit,2026-06-28T04:34:13Z
KRW-ETH,2026-02-20T00:00:00,2026-02-20T09:00:00,2875000.0,2919000.0,2842000.0,2899000.0,38985.28018233,2899000.0,upbit,2026-06-28T04:34:13Z
KRW-ETH,2026-02-21T00:00:00,2026-02-21T09:00:00,2899000.0,2930000.0,2880000.0,2900000.0,18671.83081008,2900000.0,upbit,2026-06-28T04:34:13Z
KRW-ETH,2026-02-22T00:00:00,2026-02-22T09:00:00,2902000.0,2916000.0,2850000.0,2881000.0,17009.28033876,2881000.0,upbit,2026-06-28T04:34:13Z
KRW-ETH,2026-02-23T00:00:00,2026-02-23T09:00:00,2883000.0,2883000.0,2710000.0,2739000.0,68805.00729721,2739000.0,upbit,2026-06-28T04:34:13Z
KRW-ETH,2026-02-24T00:00:00,2026-02-24T09:00:00,2739000.0,2752000.0,2650000.0,2712000.0,53900.69905151,2712000.0,upbit,2026-06-28T04:34:13Z
KRW-ETH,2026-02-25T00:00:00,2026-02-25T09:00:00,2713000.0,3080000.0,2698000.0,2962000.0,89954.3916629,2962000.0,upbit,2026-06-28T04:34:13Z
KRW-ETH,2026-02-26T00:00:00,2026-02-26T09:00:00,2961000.0,3002000.0,2863000.0,2931000.0,54047.87935671,2931000.0,upbit,2026-06-28T04:34:13Z
KRW-ETH,2026-02-27T00:00:00,2026-02-27T09:00:00,2931000.0,2978000.0,2765000.0,2820000.0,52744.2728459,2820000.0,upbit,2026-06-28T04:34:13Z
KRW-ETH,2026-02-28T00:00:00,2026-02-28T09:00:00,2821000.0,2892000.0,2700000.0,2863000.0,65936.76819097,2863000.0,upbit,2026-06-28T04:34:13Z
KRW-ETH,2026-03-01T00:00:00,2026-03-01T09:00:00,2862000.0,2985000.0,2788000.0,2829000.0,57100.14796515,2829000.0,upbit,2026-06-28T04:34:13Z
KRW-ETH,2026-03-02T00:00:00,2026-03-02T09:00:00,2830000.0,3045000.0,2813000.0,2961000.0,69215.57496035,2961000.0,upbit,2026-06-28T04:34:13Z
KRW-ETH,2026-03-03T00:00:00,2026-03-03T09:00:00,2962000.0,2994000.0,2851000.0,2913000.0,60552.9241504,2913000.0,upbit,2026-06-28T04:34:13Z
KRW-ETH,2026-03-04T00:00:00,2026-03-04T09:00:00,2913000.0,3185000.0,2851000.0,3084000.0,91010.23513684,3084000.0,upbit,2026-06-28T04:34:13Z
KRW-ETH,2026-03-05T00:00:00,2026-03-05T09:00:00,3084000.0,3165000.0,3021000.0,3038000.0,56332.08717948,3038000.0,upbit,2026-06-28T04:34:13Z
KRW-ETH,2026-03-06T00:00:00,2026-03-06T09:00:00,3038000.0,3072000.0,2898000.0,2928000.0,47912.23571802,2928000.0,upbit,2026-06-28T04:34:13Z
KRW-ETH,2026-03-07T00:00:00,2026-03-07T09:00:00,2928000.0,2947000.0,2886000.0,2912000.0,21006.58718816,2912000.0,upbit,2026-06-28T04:34:13Z
KRW-ETH,2026-03-08T00:00:00,2026-03-08T09:00:00,2912000.0,2930000.0,2847000.0,2869000.0,34016.66708372,2869000.0,upbit,2026-06-28T04:34:13Z
KRW-ETH,2026-03-09T00:00:00,2026-03-09T09:00:00,2869000.0,3008000.0,2861000.0,2927000.0,46543.3188903,2927000.0,upbit,2026-06-28T04:34:13Z
KRW-ETH,2026-03-10T00:00:00,2026-03-10T09:00:00,2928000.0,3036000.0,2924000.0,2981000.0,42766.20473859,2981000.0,upbit,2026-06-28T04:34:13Z
KRW-ETH,2026-03-11T00:00:00,2026-03-11T09:00:00,2982000.0,3045000.0,2938000.0,3001000.0,36855.00499571,3001000.0,upbit,2026-06-28T04:34:13Z
KRW-ETH,2026-03-12T00:00:00,2026-03-12T09:00:00,3001000.0,3064000.0,2964000.0,3033000.0,37062.20001227,3033000.0,upbit,2026-06-28T04:34:13Z
KRW-ETH,2026-03-13T00:00:00,2026-03-13T09:00:00,3033000.0,3227000.0,3030000.0,3083000.0,80743.28025199,3083000.0,upbit,2026-06-28T04:34:13Z
KRW-ETH,2026-03-14T00:00:00,2026-03-14T09:00:00,3080000.0,3106000.0,3045000.0,3097000.0,21054.58500979,3097000.0,upbit,2026-06-28T04:34:13Z
KRW-ETH,2026-03-15T00:00:00,2026-03-15T09:00:00,3097000.0,3229000.0,3075000.0,3200000.0,34936.43977356,3200000.0,upbit,2026-06-28T04:34:13Z
KRW-ETH,2026-03-16T00:00:00,2026-03-16T09:00:00,3200000.0,3503000.0,3174000.0,3461000.0,96532.98814544,3461000.0,upbit,2026-06-28T04:34:13Z
KRW-ETH,2026-03-17T00:00:00,2026-03-17T09:00:00,3462000.0,3512000.0,3380000.0,3420000.0,72992.40509961,3420000.0,upbit,2026-06-28T04:34:13Z
KRW-ETH,2026-03-18T00:00:00,2026-03-18T09:00:00,3420000.0,3465000.0,3206000.0,3278000.0,75015.77519522,3278000.0,upbit,2026-06-28T04:34:13Z
KRW-ETH,2026-03-19T00:00:00,2026-03-19T09:00:00,3280000.0,3322000.0,3131000.0,3182000.0,60500.63953258,3182000.0,upbit,2026-06-28T04:34:13Z
KRW-ETH,2026-03-20T00:00:00,2026-03-20T09:00:00,3182000.0,3240000.0,3166000.0,3207000.0,37001.40425396,3207000.0,upbit,2026-06-28T04:34:13Z
KRW-ETH,2026-03-21T00:00:00,2026-03-21T09:00:00,3208000.0,3248000.0,3122000.0,3142000.0,19776.73814716,3142000.0,upbit,2026-06-28T04:34:13Z
KRW-ETH,2026-03-22T00:00:00,2026-03-22T09:00:00,3142000.0,3191000.0,3057000.0,3083000.0,40948.87145433,3083000.0,upbit,2026-06-28T04:34:13Z
KRW-ETH,2026-03-23T00:00:00,2026-03-23T09:00:00,3084000.0,3280000.0,3051000.0,3199000.0,77805.75898316,3199000.0,upbit,2026-06-28T04:34:13Z
KRW-ETH,2026-03-24T00:00:00,2026-03-24T09:00:00,3200000.0,3240000.0,3151000.0,3215000.0,33524.1570198,3215000.0,upbit,2026-06-28T04:34:13Z
KRW-ETH,2026-03-25T00:00:00,2026-03-25T09:00:00,3215000.0,3279000.0,3200000.0,3240000.0,33892.99375731,3240000.0,upbit,2026-06-28T04:34:13Z
KRW-ETH,2026-03-26T00:00:00,2026-03-26T09:00:00,3241000.0,3246000.0,3083000.0,3112000.0,39448.1672792,3112000.0,upbit,2026-06-28T04:34:13Z
KRW-ETH,2026-03-27T00:00:00,2026-03-27T09:00:00,3112000.0,3133000.0,2995000.0,3035000.0,41808.07092294,3035000.0,upbit,2026-06-28T04:34:13Z
KRW-ETH,2026-03-28T00:00:00,2026-03-28T09:00:00,3035000.0,3097000.0,3011000.0,3031000.0,16985.46507577,3031000.0,upbit,2026-06-28T04:34:13Z
KRW-ETH,2026-03-29T00:00:00,2026-03-29T09:00:00,3032000.0,3062000.0,2961000.0,3016000.0,19586.05095688,3016000.0,upbit,2026-06-28T04:34:13Z
KRW-ETH,2026-03-30T00:00:00,2026-03-30T09:00:00,3017000.0,3155000.0,3013000.0,3080000.0,35529.74967985,3080000.0,upbit,2026-06-28T04:34:13Z
KRW-ETH,2026-03-31T00:00:00,2026-03-31T09:00:00,3080000.0,3215000.0,3067000.0,3182000.0,43665.29325238,3182000.0,upbit,2026-06-28T04:34:13Z
KRW-ETH,2026-04-01T00:00:00,2026-04-01T09:00:00,3185000.0,3269000.0,3154000.0,3239000.0,38129.11155127,3239000.0,upbit,2026-06-28T04:34:13Z
KRW-ETH,2026-04-02T00:00:00,2026-04-02T09:00:00,3242000.0,3268000.0,3080000.0,3129000.0,49811.49276898,3129000.0,upbit,2026-06-28T04:34:13Z
KRW-ETH,2026-04-03T00:00:00,2026-04-03T09:00:00,3130000.0,3151000.0,3099000.0,3120000.0,17986.43329208,3120000.0,upbit,2026-06-28T04:34:13Z
KRW-ETH,2026-04-04T00:00:00,2026-04-04T09:00:00,3120000.0,3170000.0,3106000.0,3133000.0,9255.1448548,3133000.0,upbit,2026-06-28T04:34:13Z
KRW-ETH,2026-04-05T00:00:00,2026-04-05T09:00:00,3133000.0,3206000.0,3081000.0,3187000.0,19097.36768528,3187000.0,upbit,2026-06-28T04:34:13Z
KRW-ETH,2026-04-06T00:00:00,2026-04-06T09:00:00,3187000.0,3260000.0,3154000.0,3182000.0,41811.89518925,3182000.0,upbit,2026-06-28T04:34:13Z
KRW-ETH,2026-04-07T00:00:00,2026-04-07T09:00:00,3184000.0,3385000.0,3107000.0,3341000.0,53569.03059254,3341000.0,upbit,2026-06-28T04:34:13Z
KRW-ETH,2026-04-08T00:00:00,2026-04-08T09:00:00,3341000.0,3365000.0,3247000.0,3262000.0,47885.08781984,3262000.0,upbit,2026-06-28T04:34:13Z
KRW-ETH,2026-04-09T00:00:00,2026-04-09T09:00:00,3262000.0,3323000.0,3221000.0,3254000.0,31215.45217019,3254000.0,upbit,2026-06-28T04:34:13Z
KRW-ETH,2026-04-10T00:00:00,2026-04-10T09:00:00,3255000.0,3349000.0,3243000.0,3335000.0,32733.93677958,3335000.0,upbit,2026-06-28T04:34:13Z
KRW-ETH,2026-04-11T00:00:00,2026-04-11T09:00:00,3335000.0,3451000.0,3316000.0,3392000.0,27562.33783847,3392000.0,upbit,2026-06-28T04:34:13Z
KRW-ETH,2026-04-12T00:00:00,2026-04-12T09:00:00,3395000.0,3402000.0,3250000.0,3276000.0,37538.20654559,3276000.0,upbit,2026-06-28T04:34:13Z
KRW-ETH,2026-04-13T00:00:00,2026-04-13T09:00:00,3276000.0,3521000.0,3251000.0,3493000.0,55083.85979276,3493000.0,upbit,2026-06-28T04:34:13Z
KRW-ETH,2026-04-14T00:00:00,2026-04-14T09:00:00,3491000.0,3557000.0,3414000.0,3438000.0,63223.89503459,3438000.0,upbit,2026-06-28T04:34:13Z
KRW-ETH,2026-04-15T00:00:00,2026-04-15T09:00:00,3441000.0,3517000.0,3425000.0,3485000.0,31422.544272,3485000.0,upbit,2026-06-28T04:34:13Z
KRW-ETH,2026-04-16T00:00:00,2026-04-16T09:00:00,3485000.0,3494000.0,3388000.0,3467000.0,47031.3946645,3467000.0,upbit,2026-06-28T04:34:13Z
KRW-ETH,2026-04-17T00:00:00,2026-04-17T09:00:00,3467000.0,3614000.0,3425000.0,3568000.0,66353.57979208,3568000.0,upbit,2026-06-28T04:34:13Z
KRW-ETH,2026-04-18T00:00:00,2026-04-18T09:00:00,3568000.0,3585000.0,3465000.0,3489000.0,36491.91962419,3489000.0,upbit,2026-06-28T04:34:13Z
KRW-ETH,2026-04-19T00:00:00,2026-04-19T09:00:00,3490000.0,3497000.0,3364000.0,3374000.0,38631.79393647,3374000.0,upbit,2026-06-28T04:34:13Z
KRW-ETH,2026-04-20T00:00:00,2026-04-20T09:00:00,3374000.0,3468000.0,3366000.0,3431000.0,31935.77379257,3431000.0,upbit,2026-06-28T04:34:13Z
KRW-ETH,2026-04-21T00:00:00,2026-04-21T09:00:00,3431000.0,3456000.0,3398000.0,3449000.0,29156.33188765,3449000.0,upbit,2026-06-28T04:34:13Z
KRW-ETH,2026-04-22T00:00:00,2026-04-22T09:00:00,3450000.0,3581000.0,3429000.0,3519000.0,45888.50430477,3519000.0,upbit,2026-06-28T04:34:13Z
KRW-ETH,2026-04-23T00:00:00,2026-04-23T09:00:00,3519000.0,3534000.0,3409000.0,3469000.0,44088.78910566,3469000.0,upbit,2026-06-28T04:34:13Z
KRW-ETH,2026-04-24T00:00:00,2026-04-24T09:00:00,3470000.0,3479000.0,3432000.0,3449000.0,26817.78711207,3449000.0,upbit,2026-06-28T04:34:13Z
KRW-ETH,2026-04-25T00:00:00,2026-04-25T09:00:00,3449000.0,3460000.0,3435000.0,3455000.0,10973.61710906,3455000.0,upbit,2026-06-28T04:34:13Z
KRW-ETH,2026-04-26T00:00:00,2026-04-26T09:00:00,3455000.0,3528000.0,3439000.0,3515000.0,19113.49230247,3515000.0,upbit,2026-06-28T04:34:13Z
KRW-ETH,2026-04-27T00:00:00,2026-04-27T09:00:00,3515000.0,3559000.0,3389000.0,3434000.0,46376.21636899,3434000.0,upbit,2026-06-28T04:34:13Z
KRW-ETH,2026-04-28T00:00:00,2026-04-28T09:00:00,3435000.0,3437000.0,3361000.0,3400000.0,23290.1703495,3400000.0,upbit,2026-06-28T04:34:13Z
KRW-ETH,2026-04-29T00:00:00,2026-04-29T09:00:00,3401000.0,3482000.0,3328000.0,3372000.0,34560.623677,3372000.0,upbit,2026-06-28T04:34:13Z
KRW-ETH,2026-04-30T00:00:00,2026-04-30T09:00:00,3372000.0,3402000.0,3333000.0,3368000.0,17627.69425342,3368000.0,upbit,2026-06-28T04:34:13Z
KRW-ETH,2026-05-01T00:00:00,2026-05-01T09:00:00,3368000.0,3441000.0,3364000.0,3405000.0,16716.23136039,3405000.0,upbit,2026-06-28T04:34:13Z
KRW-ETH,2026-05-02T00:00:00,2026-05-02T09:00:00,3406000.0,3470000.0,3402000.0,3432000.0,14586.01869124,3432000.0,upbit,2026-06-28T04:34:13Z
KRW-ETH,2026-05-03T00:00:00,2026-05-03T09:00:00,3433000.0,3481000.0,3414000.0,3444000.0,15856.09564861,3444000.0,upbit,2026-06-28T04:34:13Z
KRW-ETH,2026-05-04T00:00:00,2026-05-04T09:00:00,3445000.0,3535000.0,3425000.0,3485000.0,47794.03706658,3485000.0,upbit,2026-06-28T04:34:13Z
KRW-ETH,2026-05-05T00:00:00,2026-05-05T09:00:00,3487000.0,3544000.0,3482000.0,3493000.0,39005.27141889,3493000.0,upbit,2026-06-28T04:34:13Z
KRW-ETH,2026-05-06T00:00:00,2026-05-06T09:00:00,3493000.0,3535000.0,3440000.0,3452000.0,47298.05463017,3452000.0,upbit,2026-06-28T04:34:13Z
KRW-ETH,2026-05-07T00:00:00,2026-05-07T09:00:00,3452000.0,3452000.0,3362000.0,3377000.0,36261.85221697,3377000.0,upbit,2026-06-28T04:34:13Z
KRW-ETH,2026-05-08T00:00:00,2026-05-08T09:00:00,3377000.0,3421000.0,3351000.0,3398000.0,24265.64875142,3398000.0,upbit,2026-06-28T04:34:13Z
KRW-ETH,2026-05-09T00:00:00,2026-05-09T09:00:00,3399000.0,3441000.0,3392000.0,3428000.0,12992.18322006,3428000.0,upbit,2026-06-28T04:34:13Z
KRW-ETH,2026-05-10T00:00:00,2026-05-10T09:00:00,3429000.0,3478000.0,3395000.0,3474000.0,25972.07665367,3474000.0,upbit,2026-06-28T04:34:13Z
KRW-ETH,2026-05-11T00:00:00,2026-05-11T09:00:00,3475000.0,3480000.0,3401000.0,3439000.0,26826.92205453,3439000.0,upbit,2026-06-28T04:34:13Z
KRW-ETH,2026-05-12T00:00:00,2026-05-12T09:00:00,3439000.0,3443000.0,3351000.0,3373000.0,32539.03240941,3373000.0,upbit,2026-06-28T04:34:13Z
KRW-ETH,2026-05-13T00:00:00,2026-05-13T09:00:00,3374000.0,3429000.0,3331000.0,3355000.0,29400.75579338,3355000.0,upbit,2026-06-28T04:34:13Z
KRW-ETH,2026-05-14T00:00:00,2026-05-14T09:00:00,3355000.0,3420000.0,3328000.0,3373000.0,28209.1113976,3373000.0,upbit,2026-06-28T04:34:13Z
KRW-ETH,2026-05-15T00:00:00,2026-05-15T09:00:00,3375000.0,3399000.0,3283000.0,3309000.0,32648.34693746,3309000.0,upbit,2026-06-28T04:34:13Z
KRW-ETH,2026-05-16T00:00:00,2026-05-16T09:00:00,3309000.0,3323000.0,3224000.0,3256000.0,21913.53366258,3256000.0,upbit,2026-06-28T04:34:13Z
KRW-ETH,2026-05-17T00:00:00,2026-05-17T09:00:00,3257000.0,3277000.0,3134000.0,3178000.0,18408.37254586,3178000.0,upbit,2026-06-28T04:34:13Z
KRW-ETH,2026-05-18T00:00:00,2026-05-18T09:00:00,3178000.0,3209000.0,3096000.0,3161000.0,32399.64871852,3161000.0,upbit,2026-06-28T04:34:13Z
KRW-ETH,2026-05-19T00:00:00,2026-05-19T09:00:00,3162000.0,3192000.0,3125000.0,3144000.0,15421.69263422,3144000.0,upbit,2026-06-28T04:34:13Z
KRW-ETH,2026-05-20T00:00:00,2026-05-20T09:00:00,3145000.0,3186000.0,3131000.0,3155000.0,18055.94526303,3155000.0,upbit,2026-06-28T04:34:13Z
KRW-ETH,2026-05-21T00:00:00,2026-05-21T09:00:00,3156000.0,3195000.0,3134000.0,3164000.0,20135.22763871,3164000.0,upbit,2026-06-28T04:34:13Z
KRW-ETH,2026-05-22T00:00:00,2026-05-22T09:00:00,3166000.0,3182000.0,3085000.0,3100000.0,19001.48907496,3100000.0,upbit,2026-06-28T04:34:13Z
KRW-ETH,2026-05-23T00:00:00,2026-05-23T09:00:00,3099000.0,3206000.0,3027000.0,3167000.0,30209.05122837,3167000.0,upbit,2026-06-28T04:34:13Z
KRW-ETH,2026-05-24T00:00:00,2026-05-24T09:00:00,3169000.0,3184000.0,3091000.0,3143000.0,14580.0141096,3143000.0,upbit,2026-06-28T04:34:13Z
KRW-ETH,2026-05-25T00:00:00,2026-05-25T09:00:00,3143000.0,3183000.0,3126000.0,3139000.0,12506.6526354,3139000.0,upbit,2026-06-28T04:34:13Z
KRW-ETH,2026-05-26T00:00:00,2026-05-26T09:00:00,3140000.0,3163000.0,3060000.0,3071000.0,23922.81208416,3071000.0,upbit,2026-06-28T04:34:13Z
KRW-ETH,2026-05-27T00:00:00,2026-05-27T09:00:00,3071000.0,3092000.0,2970000.0,2980000.0,32770.38418281,2980000.0,upbit,2026-06-28T04:34:13Z
KRW-ETH,2026-05-28T00:00:00,2026-05-28T09:00:00,2980000.0,2995000.0,2904000.0,2963000.0,37589.60776701,2963000.0,upbit,2026-06-28T04:34:13Z
KRW-ETH,2026-05-29T00:00:00,2026-05-29T09:00:00,2962000.0,3025000.0,2931000.0,2984000.0,20618.87851998,2984000.0,upbit,2026-06-28T04:34:13Z
KRW-ETH,2026-05-30T00:00:00,2026-05-30T09:00:00,2984000.0,3010000.0,2969000.0,2995000.0,10865.21074986,2995000.0,upbit,2026-06-28T04:34:13Z
KRW-ETH,2026-05-31T00:00:00,2026-05-31T09:00:00,2995000.0,3016000.0,2945000.0,2953000.0,11368.35660528,2953000.0,upbit,2026-06-28T04:34:13Z
KRW-ETH,2026-06-01T00:00:00,2026-06-01T09:00:00,2953000.0,2974000.0,2871000.0,2927000.0,35234.12847749,2927000.0,upbit,2026-06-28T04:34:13Z
KRW-ETH,2026-06-02T00:00:00,2026-06-02T09:00:00,2927000.0,2927000.0,2727000.0,2751000.0,49679.14606157,2751000.0,upbit,2026-06-28T04:34:13Z
KRW-ETH,2026-06-03T00:00:00,2026-06-03T09:00:00,2752000.0,2802000.0,2635000.0,2687000.0,46842.82230341,2687000.0,upbit,2026-06-28T04:34:13Z
KRW-ETH,2026-06-04T00:00:00,2026-06-04T09:00:00,2687000.0,2709000.0,2560000.0,2649000.0,54600.98822059,2649000.0,upbit,2026-06-28T04:34:13Z
KRW-ETH,2026-06-05T00:00:00,2026-06-05T09:00:00,2649000.0,2649000.0,2357000.0,2414000.0,109440.16911927,2414000.0,upbit,2026-06-28T04:34:13Z
KRW-ETH,2026-06-06T00:00:00,2026-06-06T09:00:00,2414000.0,2437000.0,2300000.0,2386000.0,43759.71489432,2386000.0,upbit,2026-06-28T04:34:13Z
KRW-ETH,2026-06-07T00:00:00,2026-06-07T09:00:00,2386000.0,2598000.0,2377000.0,2549000.0,40114.29528608,2549000.0,upbit,2026-06-28T04:34:13Z
KRW-ETH,2026-06-08T00:00:00,2026-06-08T09:00:00,2548000.0,2582000.0,2474000.0,2536000.0,31251.47629716,2536000.0,upbit,2026-06-28T04:34:13Z
KRW-ETH,2026-06-09T00:00:00,2026-06-09T09:00:00,2537000.0,2547000.0,2431000.0,2459000.0,24292.22517452,2459000.0,upbit,2026-06-28T04:34:13Z
KRW-ETH,2026-06-10T00:00:00,2026-06-10T09:00:00,2459000.0,2507000.0,2416000.0,2440000.0,25704.09966041,2440000.0,upbit,2026-06-28T04:34:13Z
KRW-ETH,2026-06-11T00:00:00,2026-06-11T09:00:00,2441000.0,2541000.0,2440000.0,2517000.0,19705.02974671,2517000.0,upbit,2026-06-28T04:34:13Z
KRW-ETH,2026-06-12T00:00:00,2026-06-12T09:00:00,2517000.0,2548000.0,2488000.0,2514000.0,19026.42460406,2514000.0,upbit,2026-06-28T04:34:13Z
KRW-ETH,2026-06-13T00:00:00,2026-06-13T09:00:00,2514000.0,2564000.0,2510000.0,2543000.0,13558.40894677,2543000.0,upbit,2026-06-28T04:34:13Z
KRW-ETH,2026-06-14T00:00:00,2026-06-14T09:00:00,2544000.0,2607000.0,2495000.0,2605000.0,21179.2708881,2605000.0,upbit,2026-06-28T04:34:13Z
KRW-ETH,2026-06-15T00:00:00,2026-06-15T09:00:00,2605000.0,2780000.0,2565000.0,2697000.0,43432.43343615,2697000.0,upbit,2026-06-28T04:34:13Z
KRW-ETH,2026-06-16T00:00:00,2026-06-16T09:00:00,2697000.0,2764000.0,2643000.0,2693000.0,32532.49123244,2693000.0,upbit,2026-06-28T04:34:13Z
KRW-ETH,2026-06-17T00:00:00,2026-06-17T09:00:00,2693000.0,2720000.0,2605000.0,2638000.0,25380.20777854,2638000.0,upbit,2026-06-28T04:34:13Z
KRW-ETH,2026-06-18T00:00:00,2026-06-18T09:00:00,2638000.0,2653000.0,2532000.0,2582000.0,25902.30403544,2582000.0,upbit,2026-06-28T04:34:13Z
KRW-ETH,2026-06-19T00:00:00,2026-06-19T09:00:00,2582000.0,2593000.0,2539000.0,2588000.0,16186.97752013,2588000.0,upbit,2026-06-28T04:34:13Z
KRW-ETH,2026-06-20T00:00:00,2026-06-20T09:00:00,2588000.0,2643000.0,2579000.0,2635000.0,12416.73742565,2635000.0,upbit,2026-06-28T04:34:13Z
KRW-ETH,2026-06-21T00:00:00,2026-06-21T09:00:00,2635000.0,2636000.0,2569000.0,2572000.0,11335.40408297,2572000.0,upbit,2026-06-28T04:34:13Z
KRW-ETH,2026-06-22T00:00:00,2026-06-22T09:00:00,2572000.0,2677000.0,2571000.0,2609000.0,21114.09021132,2609000.0,upbit,2026-06-28T04:34:13Z
KRW-ETH,2026-06-23T00:00:00,2026-06-23T09:00:00,2610000.0,2620000.0,2470000.0,2514000.0,28285.54736488,2514000.0,upbit,2026-06-28T04:34:13Z
KRW-ETH,2026-06-24T00:00:00,2026-06-24T09:00:00,2513000.0,2556000.0,2377000.0,2460000.0,32909.23956451,2460000.0,upbit,2026-06-28T04:34:13Z
KRW-ETH,2026-06-25T00:00:00,2026-06-25T09:00:00,2460000.0,2512000.0,2347000.0,2383000.0,37864.44282068,2383000.0,upbit,2026-06-28T04:34:13Z
KRW-ETH,2026-06-26T00:00:00,2026-06-26T09:00:00,2384000.0,2413000.0,2303000.0,2393000.0,36817.70931453,2393000.0,upbit,2026-06-28T04:34:13Z
KRW-ETH,2026-06-27T00:00:00,2026-06-27T09:00:00,2393000.0,2440000.0,2376000.0,2388000.0,11084.3676259,2388000.0,upbit,2026-06-28T04:34:13Z
KRW-ETH,2026-06-28T00:00:00,2026-06-28T09:00:00,2389000.0,2399000.0,2382000.0,2388000.0,1718.42695845,2388000.0,upbit,2026-06-28T04:34:13Z
KRW-XRP,2020-06-20T00:00:00,2020-06-20T09:00:00,228.0,229.0,225.0,228.0,24091256.03111168,228.0,upbit,2026-06-28T04:34:13Z
KRW-XRP,2020-06-21T00:00:00,2020-06-21T09:00:00,228.0,228.0,224.0,224.0,19683232.93448118,224.0,upbit,2026-06-28T04:34:13Z
KRW-XRP,2020-06-22T00:00:00,2020-06-22T09:00:00,224.0,228.0,224.0,227.0,40211095.14570767,227.0,upbit,2026-06-28T04:34:13Z
KRW-XRP,2020-06-23T00:00:00,2020-06-23T09:00:00,227.0,229.0,225.0,226.0,30132556.74698457,226.0,upbit,2026-06-28T04:34:13Z
KRW-XRP,2020-06-24T00:00:00,2020-06-24T09:00:00,226.0,227.0,219.0,222.0,58867456.79882452,222.0,upbit,2026-06-28T04:34:13Z
KRW-XRP,2020-06-25T00:00:00,2020-06-25T09:00:00,222.0,222.0,215.0,219.0,44724088.99157477,219.0,upbit,2026-06-28T04:34:13Z
KRW-XRP,2020-06-26T00:00:00,2020-06-26T09:00:00,218.0,226.0,214.0,220.0,62927693.41569459,220.0,upbit,2026-06-28T04:34:13Z
KRW-XRP,2020-06-27T00:00:00,2020-06-27T09:00:00,219.0,221.0,208.0,213.0,39028822.6565494,213.0,upbit,2026-06-28T04:34:13Z
KRW-XRP,2020-06-28T00:00:00,2020-06-28T09:00:00,212.0,217.0,208.0,213.0,42364805.55624844,213.0,upbit,2026-06-28T04:34:13Z
KRW-XRP,2020-06-29T00:00:00,2020-06-29T09:00:00,214.0,215.0,210.0,212.0,41642943.89164725,212.0,upbit,2026-06-28T04:34:13Z
KRW-XRP,2020-06-30T00:00:00,2020-06-30T09:00:00,212.0,213.0,209.0,210.0,34144914.71783967,210.0,upbit,2026-06-28T04:34:13Z
KRW-XRP,2020-07-01T00:00:00,2020-07-01T09:00:00,210.0,214.0,208.0,212.0,52112629.6501241,212.0,upbit,2026-06-28T04:34:13Z
KRW-XRP,2020-07-02T00:00:00,2020-07-02T09:00:00,212.0,213.0,207.0,209.0,49179309.17047187,209.0,upbit,2026-06-28T04:34:13Z
KRW-XRP,2020-07-03T00:00:00,2020-07-03T09:00:00,209.0,214.0,209.0,211.0,39616656.50288396,211.0,upbit,2026-06-28T04:34:13Z
KRW-XRP,2020-07-04T00:00:00,2020-07-04T09:00:00,211.0,215.0,210.0,212.0,29663539.54130645,212.0,upbit,2026-06-28T04:34:13Z
KRW-XRP,2020-07-05T00:00:00,2020-07-05T09:00:00,213.0,213.0,208.0,211.0,29089592.03681129,211.0,upbit,2026-06-28T04:34:13Z
KRW-XRP,2020-07-06T00:00:00,2020-07-06T09:00:00,211.0,225.0,210.0,224.0,91214424.7219067,224.0,upbit,2026-06-28T04:34:13Z
KRW-XRP,2020-07-07T00:00:00,2020-07-07T09:00:00,224.0,224.0,218.0,219.0,52713431.10429391,219.0,upbit,2026-06-28T04:34:13Z
KRW-XRP,2020-07-08T00:00:00,2020-07-08T09:00:00,219.0,244.0,218.0,243.0,175839025.6971067,243.0,upbit,2026-06-28T04:34:13Z
KRW-XRP,2020-07-09T00:00:00,2020-07-09T09:00:00,242.0,251.0,234.0,241.0,156393215.201513,241.0,upbit,2026-06-28T04:34:13Z
KRW-XRP,2020-07-10T00:00:00,2020-07-10T09:00:00,241.0,241.0,230.0,237.0,70327573.79155044,237.0,upbit,2026-06-28T04:34:13Z
KRW-XRP,2020-07-11T00:00:00,2020-07-11T09:00:00,237.0,243.0,235.0,239.0,54789093.93565473,239.0,upbit,2026-06-28T04:34:13Z
KRW-XRP,2020-07-12T00:00:00,2020-07-12T09:00:00,239.0,241.0,235.0,239.0,41062330.8972702,239.0,upbit,2026-06-28T04:34:13Z
KRW-XRP,2020-07-13T00:00:00,2020-07-13T09:00:00,239.0,245.0,233.0,237.0,81375161.53739917,237.0,upbit,2026-06-28T04:34:13Z
KRW-XRP,2020-07-14T00:00:00,2020-07-14T09:00:00,237.0,239.0,233.0,237.0,56739151.32363262,237.0,upbit,2026-06-28T04:34:13Z
KRW-XRP,2020-07-15T00:00:00,2020-07-15T09:00:00,237.0,238.0,234.0,236.0,35542725.98627865,236.0,upbit,2026-06-28T04:34:13Z
KRW-XRP,2020-07-16T00:00:00,2020-07-16T09:00:00,236.0,236.0,226.0,233.0,66152451.36604428,233.0,upbit,2026-06-28T04:34:13Z
KRW-XRP,2020-07-17T00:00:00,2020-07-17T09:00:00,232.0,237.0,229.0,232.0,61704034.84101754,232.0,upbit,2026-06-28T04:34:13Z
KRW-XRP,2020-07-18T00:00:00,2020-07-18T09:00:00,232.0,240.0,231.0,238.0,45630228.08079285,238.0,upbit,2026-06-28T04:34:13Z
KRW-XRP,2020-07-19T00:00:00,2020-07-19T09:00:00,238.0,241.0,233.0,237.0,45615003.43388414,237.0,upbit,2026-06-28T04:34:13Z
KRW-XRP,2020-07-20T00:00:00,2020-07-20T09:00:00,237.0,238.0,231.0,233.0,44416411.16978282,233.0,upbit,2026-06-28T04:34:13Z
KRW-XRP,2020-07-21T00:00:00,2020-07-21T09:00:00,233.0,240.0,232.0,236.0,54586719.30817173,236.0,upbit,2026-06-28T04:34:13Z
KRW-XRP,2020-07-22T00:00:00,2020-07-22T09:00:00,236.0,242.0,234.0,241.0,37307810.23410694,241.0,upbit,2026-06-28T04:34:13Z
KRW-XRP,2020-07-23T00:00:00,2020-07-23T09:00:00,241.0,248.0,238.0,247.0,89382129.76221377,247.0,upbit,2026-06-28T04:34:13Z
KRW-XRP,2020-07-24T00:00:00,2020-07-24T09:00:00,247.0,247.0,240.0,243.0,57138146.85313458,243.0,upbit,2026-06-28T04:34:13Z
KRW-XRP,2020-07-25T00:00:00,2020-07-25T09:00:00,243.0,257.0,242.0,253.0,75213680.10773484,253.0,upbit,2026-06-28T04:34:13Z
KRW-XRP,2020-07-26T00:00:00,2020-07-26T09:00:00,253.0,266.0,251.0,254.0,152296760.62157184,254.0,upbit,2026-06-28T04:34:13Z
KRW-XRP,2020-07-27T00:00:00,2020-07-27T09:00:00,254.0,268.0,249.0,263.0,160062781.66981974,263.0,upbit,2026-06-28T04:34:13Z
KRW-XRP,2020-07-28T00:00:00,2020-07-28T09:00:00,263.0,275.0,256.0,270.0,146779208.72222242,270.0,upbit,2026-06-28T04:34:13Z
KRW-XRP,2020-07-29T00:00:00,2020-07-29T09:00:00,269.0,295.0,268.0,287.0,201049187.7072249,287.0,upbit,2026-06-28T04:34:13Z
KRW-XRP,2020-07-30T00:00:00,2020-07-30T09:00:00,287.0,295.0,280.0,288.0,136403514.35517234,288.0,upbit,2026-06-28T04:34:13Z
KRW-XRP,2020-07-31T00:00:00,2020-07-31T09:00:00,289.0,309.0,285.0,307.0,123623918.48477098,307.0,upbit,2026-06-28T04:34:13Z
KRW-XRP,2020-08-01T00:00:00,2020-08-01T09:00:00,307.0,350.0,302.0,344.0,265852041.85397747,344.0,upbit,2026-06-28T04:34:13Z
KRW-XRP,2020-08-02T00:00:00,2020-08-02T09:00:00,344.0,384.0,320.0,340.0,918142802.44751,340.0,upbit,2026-06-28T04:34:13Z
KRW-XRP,2020-08-03T00:00:00,2020-08-03T09:00:00,340.0,378.0,336.0,367.0,377130464.0502525,367.0,upbit,2026-06-28T04:34:13Z
KRW-XRP,2020-08-04T00:00:00,2020-08-04T09:00:00,366.0,378.0,348.0,359.0,279545212.4281396,359.0,upbit,2026-06-28T04:34:13Z
KRW-XRP,2020-08-05T00:00:00,2020-08-05T09:00:00,359.0,364.0,346.0,358.0,150694468.26380116,358.0,upbit,2026-06-28T04:34:13Z
KRW-XRP,2020-08-06T00:00:00,2020-08-06T09:00:00,357.0,367.0,351.0,358.0,127765440.00465582,358.0,upbit,2026-06-28T04:34:13Z
KRW-XRP,2020-08-07T00:00:00,2020-08-07T09:00:00,358.0,366.0,338.0,350.0,143940098.28361633,350.0,upbit,2026-06-28T04:34:13Z
KRW-XRP,2020-08-08T00:00:00,2020-08-08T09:00:00,349.0,354.0,344.0,348.0,88491510.99023363,348.0,upbit,2026-06-28T04:34:13Z
KRW-XRP,2020-08-09T00:00:00,2020-08-09T09:00:00,348.0,351.0,334.0,340.0,102708395.06862883,340.0,upbit,2026-06-28T04:34:13Z
KRW-XRP,2020-08-10T00:00:00,2020-08-10T09:00:00,340.0,353.0,340.0,347.0,107014674.70160127,347.0,upbit,2026-06-28T04:34:13Z
KRW-XRP,2020-08-11T00:00:00,2020-08-11T09:00:00,347.0,361.0,327.0,338.0,190101401.61405164,338.0,upbit,2026-06-28T04:34:13Z
KRW-XRP,2020-08-12T00:00:00,2020-08-12T09:00:00,338.0,341.0,323.0,335.0,154329381.10895905,335.0,upbit,2026-06-28T04:34:13Z
KRW-XRP,2020-08-13T00:00:00,2020-08-13T09:00:00,335.0,348.0,323.0,345.0,149550039.3826829,345.0,upbit,2026-06-28T04:34:13Z
KRW-XRP,2020-08-14T00:00:00,2020-08-14T09:00:00,346.0,360.0,343.0,353.0,177911296.7777776,353.0,upbit,2026-06-28T04:34:13Z
KRW-XRP,2020-08-15T00:00:00,2020-08-15T09:00:00,353.0,358.0,345.0,351.0,101596362.17175476,351.0,upbit,2026-06-28T04:34:13Z
KRW-XRP,2020-08-16T00:00:00,2020-08-16T09:00:00,351.0,356.0,343.0,355.0,99285334.29581088,355.0,upbit,2026-06-28T04:34:13Z
KRW-XRP,2020-08-17T00:00:00,2020-08-17T09:00:00,356.0,374.0,349.0,366.0,286573962.9987525,366.0,upbit,2026-06-28T04:34:13Z
KRW-XRP,2020-08-18T00:00:00,2020-08-18T09:00:00,365.0,372.0,349.0,355.0,177240846.4815867,355.0,upbit,2026-06-28T04:34:13Z
KRW-XRP,2020-08-19T00:00:00,2020-08-19T09:00:00,355.0,357.0,333.0,342.0,170176639.98758152,342.0,upbit,2026-06-28T04:34:13Z
KRW-XRP,2020-08-20T00:00:00,2020-08-20T09:00:00,341.0,346.0,335.0,344.0,93831613.21254306,344.0,upbit,2026-06-28T04:34:13Z
KRW-XRP,2020-08-21T00:00:00,2020-08-21T09:00:00,344.0,350.0,333.0,334.0,130314865.02262399,334.0,upbit,2026-06-28T04:34:13Z
KRW-XRP,2020-08-22T00:00:00,2020-08-22T09:00:00,334.0,341.0,325.0,339.0,82562295.25310025,339.0,upbit,2026-06-28T04:34:13Z
KRW-XRP,2020-08-23T00:00:00,2020-08-23T09:00:00,339.0,341.0,330.0,339.0,54721103.81484242,339.0,upbit,2026-06-28T04:34:13Z
KRW-XRP,2020-08-24T00:00:00,2020-08-24T09:00:00,338.0,345.0,334.0,341.0,59478620.53945199,341.0,upbit,2026-06-28T04:34:13Z
KRW-XRP,2020-08-25T00:00:00,2020-08-25T09:00:00,340.0,342.0,323.0,330.0,88224522.00936355,330.0,upbit,2026-06-28T04:34:13Z
KRW-XRP,2020-08-26T00:00:00,2020-08-26T09:00:00,329.0,332.0,325.0,327.0,62690092.80914893,327.0,upbit,2026-06-28T04:34:13Z
KRW-XRP,2020-08-27T00:00:00,2020-08-27T09:00:00,327.0,330.0,305.0,314.0,141756221.0916934,314.0,upbit,2026-06-28T04:34:13Z
KRW-XRP,2020-08-28T00:00:00,2020-08-28T09:00:00,314.0,321.0,307.0,320.0,72661163.48585276,320.0,upbit,2026-06-28T04:34:13Z
KRW-XRP,2020-08-29T00:00:00,2020-08-29T09:00:00,319.0,326.0,315.0,322.0,59634441.16269127,322.0,upbit,2026-06-28T04:34:13Z
KRW-XRP,2020-08-30T00:00:00,2020-08-30T09:00:00,321.0,332.0,321.0,331.0,54900890.7975777,331.0,upbit,2026-06-28T04:34:13Z
KRW-XRP,2020-08-31T00:00:00,2020-08-31T09:00:00,331.0,335.0,326.0,331.0,58946500.53860399,331.0,upbit,2026-06-28T04:34:13Z
KRW-XRP,2020-09-01T00:00:00,2020-09-01T09:00:00,332.0,350.0,327.0,346.0,129075502.47787707,346.0,upbit,2026-06-28T04:34:13Z
KRW-XRP,2020-09-02T00:00:00,2020-09-02T09:00:00,346.0,356.0,317.0,329.0,209261884.44344118,329.0,upbit,2026-06-28T04:34:13Z
KRW-XRP,2020-09-03T00:00:00,2020-09-03T09:00:00,329.0,330.0,295.0,296.0,204764506.0523748,296.0,upbit,2026-06-28T04:34:13Z
KRW-XRP,2020-09-04T00:00:00,2020-09-04T09:00:00,296.0,321.0,292.0,307.0,248544709.13999456,307.0,upbit,2026-06-28T04:34:13Z
KRW-XRP,2020-09-05T00:00:00,2020-09-05T09:00:00,306.0,314.0,282.0,288.0,195850511.94738078,288.0,upbit,2026-06-28T04:34:13Z
KRW-XRP,2020-09-06T00:00:00,2020-09-06T09:00:00,289.0,294.0,276.0,289.0,149000280.2707932,289.0,upbit,2026-06-28T04:34:13Z
KRW-XRP,2020-09-07T00:00:00,2020-09-07T09:00:00,289.0,293.0,276.0,289.0,125556087.90638423,289.0,upbit,2026-06-28T04:34:13Z
KRW-XRP,2020-09-08T00:00:00,2020-09-08T09:00:00,289.0,291.0,278.0,284.0,93704105.68889734,284.0,upbit,2026-06-28T04:34:13Z
KRW-XRP,2020-09-09T00:00:00,2020-09-09T09:00:00,284.0,289.0,279.0,285.0,72456702.22089115,285.0,upbit,2026-06-28T04:34:13Z
KRW-XRP,2020-09-10T00:00:00,2020-09-10T09:00:00,285.0,296.0,284.0,290.0,94052677.80342627,290.0,upbit,2026-06-28T04:34:13Z
KRW-XRP,2020-09-11T00:00:00,2020-09-11T09:00:00,290.0,292.0,283.0,289.0,57408141.01542294,289.0,upbit,2026-06-28T04:34:13Z
KRW-XRP,2020-09-12T00:00:00,2020-09-12T09:00:00,289.0,295.0,286.0,294.0,35447900.57989867,294.0,upbit,2026-06-28T04:34:13Z
KRW-XRP,2020-09-13T00:00:00,2020-09-13T09:00:00,294.0,302.0,285.0,290.0,79568620.10184292,290.0,upbit,2026-06-28T04:34:13Z
KRW-XRP,2020-09-14T00:00:00,2020-09-14T09:00:00,290.0,296.0,286.0,292.0,59553637.30787851,292.0,upbit,2026-06-28T04:34:13Z
KRW-XRP,2020-09-15T00:00:00,2020-09-15T09:00:00,292.0,295.0,287.0,289.0,57729516.98264381,289.0,upbit,2026-06-28T04:34:13Z
KRW-XRP,2020-09-16T00:00:00,2020-09-16T09:00:00,289.0,295.0,279.0,291.0,71709826.85136878,291.0,upbit,2026-06-28T04:34:13Z
KRW-XRP,2020-09-17T00:00:00,2020-09-17T09:00:00,290.0,305.0,290.0,296.0,103884742.86666708,296.0,upbit,2026-06-28T04:34:13Z
KRW-XRP,2020-09-18T00:00:00,2020-09-18T09:00:00,296.0,298.0,289.0,293.0,54898174.67360571,293.0,upbit,2026-06-28T04:34:13Z
KRW-XRP,2020-09-19T00:00:00,2020-09-19T09:00:00,292.0,298.0,290.0,294.0,34920646.25191387,294.0,upbit,2026-06-28T04:34:13Z
KRW-XRP,2020-09-20T00:00:00,2020-09-20T09:00:00,293.0,294.0,285.0,288.0,32746972.71504657,288.0,upbit,2026-06-28T04:34:13Z
KRW-XRP,2020-09-21T00:00:00,2020-09-21T09:00:00,289.0,290.0,270.0,272.0,89905549.74335065,272.0,upbit,2026-06-28T04:34:13Z
KRW-XRP,2020-09-22T00:00:00,2020-09-22T09:00:00,273.0,276.0,267.0,273.0,58279844.74135007,273.0,upbit,2026-06-28T04:34:13Z
KRW-XRP,2020-09-23T00:00:00,2020-09-23T09:00:00,273.0,275.0,256.0,259.0,73102533.06821303,259.0,upbit,2026-06-28T04:34:13Z
KRW-XRP,2020-09-24T00:00:00,2020-09-24T09:00:00,258.0,273.0,256.0,272.0,72701805.17093202,272.0,upbit,2026-06-28T04:34:13Z
KRW-XRP,2020-09-25T00:00:00,2020-09-25T09:00:00,272.0,285.0,268.0,280.0,80419845.96449962,280.0,upbit,2026-06-28T04:34:13Z
KRW-XRP,2020-09-26T00:00:00,2020-09-26T09:00:00,280.0,286.0,277.0,282.0,39017054.58933975,282.0,upbit,2026-06-28T04:34:13Z
KRW-XRP,2020-09-27T00:00:00,2020-09-27T09:00:00,282.0,285.0,277.0,283.0,41536659.42434656,283.0,upbit,2026-06-28T04:34:13Z
KRW-XRP,2020-09-28T00:00:00,2020-09-28T09:00:00,283.0,289.0,280.0,281.0,48222431.9969124,281.0,upbit,2026-06-28T04:34:13Z
KRW-XRP,2020-09-29T00:00:00,2020-09-29T09:00:00,281.0,286.0,278.0,283.0,46654704.51510271,283.0,upbit,2026-06-28T04:34:13Z
KRW-XRP,2020-09-30T00:00:00,2020-09-30T09:00:00,282.0,283.0,278.0,282.0,28133173.85878242,282.0,upbit,2026-06-28T04:34:13Z
KRW-XRP,2020-10-01T00:00:00,2020-10-01T09:00:00,282.0,284.0,274.0,278.0,36897106.06628018,278.0,upbit,2026-06-28T04:34:13Z
KRW-XRP,2020-10-02T00:00:00,2020-10-02T09:00:00,278.0,280.0,269.0,275.0,51688484.67456988,275.0,upbit,2026-06-28T04:34:13Z
KRW-XRP,2020-10-03T00:00:00,2020-10-03T09:00:00,275.0,277.0,273.0,274.0,21406841.60434301,274.0,upbit,2026-06-28T04:34:13Z
KRW-XRP,2020-10-04T00:00:00,2020-10-04T09:00:00,273.0,293.0,272.0,290.0,69608401.21815474,290.0,upbit,2026-06-28T04:34:13Z
KRW-XRP,2020-10-05T00:00:00,2020-10-05T09:00:00,289.0,298.0,287.0,291.0,78871483.91798878,291.0,upbit,2026-06-28T04:34:13Z
KRW-XRP,2020-10-06T00:00:00,2020-10-06T09:00:00,291.0,301.0,282.0,288.0,122030066.3557563,288.0,upbit,2026-06-28T04:34:13Z
KRW-XRP,2020-10-07T00:00:00,2020-10-07T09:00:00,287.0,293.0,281.0,290.0,49456415.97653922,290.0,upbit,2026-06-28T04:34:13Z
KRW-XRP,2020-10-08T00:00:00,2020-10-08T09:00:00,290.0,292.0,281.0,290.0,69019451.09934339,290.0,upbit,2026-06-28T04:34:13Z
KRW-XRP,2020-10-09T00:00:00,2020-10-09T09:00:00,290.0,295.0,286.0,289.0,71879580.9882353,289.0,upbit,2026-06-28T04:34:13Z
KRW-XRP,2020-10-10T00:00:00,2020-10-10T09:00:00,289.0,297.0,288.0,290.0,74822099.64458676,290.0,upbit,2026-06-28T04:34:13Z
KRW-XRP,2020-10-11T00:00:00,2020-10-11T09:00:00,289.0,294.0,288.0,291.0,42345839.81274522,291.0,upbit,2026-06-28T04:34:13Z
KRW-XRP,2020-10-12T00:00:00,2020-10-12T09:00:00,290.0,295.0,286.0,292.0,69259698.78912891,292.0,upbit,2026-06-28T04:34:13Z
KRW-XRP,2020-10-13T00:00:00,2020-10-13T09:00:00,292.0,298.0,290.0,295.0,62629913.91878451,295.0,upbit,2026-06-28T04:34:13Z
KRW-XRP,2020-10-14T00:00:00,2020-10-14T09:00:00,294.0,297.0,284.0,287.0,77524933.66839601,287.0,upbit,2026-06-28T04:34:13Z
KRW-XRP,2020-10-15T00:00:00,2020-10-15T09:00:00,287.0,288.0,280.0,283.0,59039544.5819393,283.0,upbit,2026-06-28T04:34:13Z
KRW-XRP,2020-10-16T00:00:00,2020-10-16T09:00:00,283.0,285.0,274.0,277.0,62597144.56358185,277.0,upbit,2026-06-28T04:34:13Z
KRW-XRP,2020-10-17T00:00:00,2020-10-17T09:00:00,277.0,280.0,275.0,278.0,29678859.90891287,278.0,upbit,2026-06-28T04:34:13Z
KRW-XRP,2020-10-18T00:00:00,2020-10-18T09:00:00,278.0,279.0,276.0,278.0,21521371.34807842,278.0,upbit,2026-06-28T04:34:13Z
KRW-XRP,2020-10-19T00:00:00,2020-10-19T09:00:00,278.0,285.0,275.0,281.0,46308645.46296362,281.0,upbit,2026-06-28T04:34:13Z
KRW-XRP,2020-10-20T00:00:00,2020-10-20T09:00:00,281.0,285.0,277.0,279.0,45155194.86544992,279.0,upbit,2026-06-28T04:34:13Z
KRW-XRP,2020-10-21T00:00:00,2020-10-21T09:00:00,278.0,288.0,278.0,283.0,68397776.55299205,283.0,upbit,2026-06-28T04:34:13Z
KRW-XRP,2020-10-22T00:00:00,2020-10-22T09:00:00,283.0,296.0,283.0,289.0,87672144.58178613,289.0,upbit,2026-06-28T04:34:13Z
KRW-XRP,2020-10-23T00:00:00,2020-10-23T09:00:00,289.0,292.0,284.0,287.0,57218692.94375582,287.0,upbit,2026-06-28T04:34:13Z
KRW-XRP,2020-10-24T00:00:00,2020-10-24T09:00:00,287.0,290.0,285.0,289.0,27425851.06008247,289.0,upbit,2026-06-28T04:34:13Z
KRW-XRP,2020-10-25T00:00:00,2020-10-25T09:00:00,288.0,290.0,284.0,286.0,33534922.90513634,286.0,upbit,2026-06-28T04:34:13Z
KRW-XRP,2020-10-26T00:00:00,2020-10-26T09:00:00,285.0,291.0,277.0,282.0,57224509.58134078,282.0,upbit,2026-06-28T04:34:13Z
KRW-XRP,2020-10-27T00:00:00,2020-10-27T09:00:00,281.0,285.0,279.0,284.0,43890996.77316761,284.0,upbit,2026-06-28T04:34:13Z
KRW-XRP,2020-10-28T00:00:00,2020-10-28T09:00:00,283.0,288.0,277.0,280.0,71188579.36025374,280.0,upbit,2026-06-28T04:34:13Z
KRW-XRP,2020-10-29T00:00:00,2020-10-29T09:00:00,279.0,280.0,272.0,274.0,46825111.068214,274.0,upbit,2026-06-28T04:34:13Z
KRW-XRP,2020-10-30T00:00:00,2020-10-30T09:00:00,275.0,276.0,263.0,270.0,62823421.0284382,270.0,upbit,2026-06-28T04:34:13Z
KRW-XRP,2020-10-31T00:00:00,2020-10-31T09:00:00,270.0,276.0,269.0,272.0,28300885.24070128,272.0,upbit,2026-06-28T04:34:13Z
KRW-XRP,2020-11-01T00:00:00,2020-11-01T09:00:00,271.0,273.0,269.0,271.0,21746789.98560572,271.0,upbit,2026-06-28T04:34:13Z
KRW-XRP,2020-11-02T00:00:00,2020-11-02T09:00:00,272.0,276.0,265.0,267.0,47272754.00046283,267.0,upbit,2026-06-28T04:34:13Z
KRW-XRP,2020-11-03T00:00:00,2020-11-03T09:00:00,267.0,277.0,260.0,271.0,84141545.54905055,271.0,upbit,2026-06-28T04:34:13Z
KRW-XRP,2020-11-04T00:00:00,2020-11-04T09:00:00,272.0,273.0,264.0,268.0,49200984.69095993,268.0,upbit,2026-06-28T04:34:13Z
KRW-XRP,2020-11-05T00:00:00,2020-11-05T09:00:00,269.0,276.0,267.0,274.0,71948710.13819855,274.0,upbit,2026-06-28T04:34:13Z
KRW-XRP,2020-11-06T00:00:00,2020-11-06T09:00:00,273.0,291.0,272.0,289.0,111382986.883304,289.0,upbit,2026-06-28T04:34:13Z
KRW-XRP,2020-11-07T00:00:00,2020-11-07T09:00:00,289.0,299.0,277.0,280.0,129278774.02733532,280.0,upbit,2026-06-28T04:34:13Z
KRW-XRP,2020-11-08T00:00:00,2020-11-08T09:00:00,280.0,287.0,278.0,284.0,56956900.93826745,284.0,upbit,2026-06-28T04:34:13Z
KRW-XRP,2020-11-09T00:00:00,2020-11-09T09:00:00,284.0,286.0,276.0,279.0,66529587.65482037,279.0,upbit,2026-06-28T04:34:13Z
KRW-XRP,2020-11-10T00:00:00,2020-11-10T09:00:00,279.0,295.0,277.0,283.0,114930766.84869638,283.0,upbit,2026-06-28T04:34:13Z
KRW-XRP,2020-11-11T00:00:00,2020-11-11T09:00:00,283.0,288.0,281.0,285.0,71337744.89262849,285.0,upbit,2026-06-28T04:34:13Z
KRW-XRP,2020-11-12T00:00:00,2020-11-12T09:00:00,285.0,286.0,280.0,282.0,49222596.83624766,282.0,upbit,2026-06-28T04:34:13Z
KRW-XRP,2020-11-13T00:00:00,2020-11-13T09:00:00,282.0,293.0,281.0,293.0,70907640.69432221,293.0,upbit,2026-06-28T04:34:13Z
KRW-XRP,2020-11-14T00:00:00,2020-11-14T09:00:00,292.0,305.0,290.0,297.0,144260259.05044514,297.0,upbit,2026-06-28T04:34:13Z
KRW-XRP,2020-11-15T00:00:00,2020-11-15T09:00:00,297.0,307.0,294.0,299.0,103642661.4714493,299.0,upbit,2026-06-28T04:34:13Z
KRW-XRP,2020-11-16T00:00:00,2020-11-16T09:00:00,299.0,317.0,295.0,314.0,135235846.3300969,314.0,upbit,2026-06-28T04:34:13Z
KRW-XRP,2020-11-17T00:00:00,2020-11-17T09:00:00,315.0,334.0,314.0,331.0,215998074.93060437,331.0,upbit,2026-06-28T04:34:13Z
KRW-XRP,2020-11-18T00:00:00,2020-11-18T09:00:00,331.0,339.0,311.0,326.0,234915017.34779632,326.0,upbit,2026-06-28T04:34:13Z
KRW-XRP,2020-11-19T00:00:00,2020-11-19T09:00:00,325.0,339.0,317.0,338.0,171845137.5170558,338.0,upbit,2026-06-28T04:34:13Z
KRW-XRP,2020-11-20T00:00:00,2020-11-20T09:00:00,337.0,366.0,331.0,364.0,239905434.4585714,364.0,upbit,2026-06-28T04:34:13Z
KRW-XRP,2020-11-21T00:00:00,2020-11-21T09:00:00,365.0,508.0,363.0,500.0,1178772839.0977652,500.0,upbit,2026-06-28T04:34:13Z
KRW-XRP,2020-11-22T00:00:00,2020-11-22T09:00:00,501.0,543.0,440.0,494.0,1326960760.328895,494.0,upbit,2026-06-28T04:34:13Z
KRW-XRP,2020-11-23T00:00:00,2020-11-23T09:00:00,494.0,677.0,478.0,673.0,1243531291.8741434,673.0,upbit,2026-06-28T04:34:13Z
KRW-XRP,2020-11-24T00:00:00,2020-11-24T09:00:00,673.0,859.0,633.0,758.0,1883666726.103591,758.0,upbit,2026-06-28T04:34:13Z
KRW-XRP,2020-11-25T00:00:00,2020-11-25T09:00:00,758.0,786.0,670.0,702.0,823209480.7185785,702.0,upbit,2026-06-28T04:34:13Z
KRW-XRP,2020-11-26T00:00:00,2020-11-26T09:00:00,702.0,723.0,524.0,600.0,1706453366.2209356,600.0,upbit,2026-06-28T04:34:13Z
KRW-XRP,2020-11-27T00:00:00,2020-11-27T09:00:00,600.0,657.0,562.0,627.0,1029245284.9622416,627.0,upbit,2026-06-28T04:34:13Z
KRW-XRP,2020-11-28T00:00:00,2020-11-28T09:00:00,627.0,710.0,606.0,688.0,812470601.8230383,688.0,upbit,2026-06-28T04:34:13Z
KRW-XRP,2020-11-29T00:00:00,2020-11-29T09:00:00,688.0,700.0,647.0,665.0,495092680.3983105,665.0,upbit,2026-06-28T04:34:13Z
KRW-XRP,2020-11-30T00:00:00,2020-11-30T09:00:00,666.0,730.0,658.0,720.0,632951349.7899145,720.0,upbit,2026-06-28T04:34:13Z
KRW-XRP,2020-12-01T00:00:00,2020-12-01T09:00:00,720.0,742.0,662.0,681.0,683947632.6428695,681.0,upbit,2026-06-28T04:34:13Z
KRW-XRP,2020-12-02T00:00:00,2020-12-02T09:00:00,681.0,697.0,661.0,691.0,266777247.22407642,691.0,upbit,2026-06-28T04:34:13Z
KRW-XRP,2020-12-03T00:00:00,2020-12-03T09:00:00,691.0,699.0,675.0,687.0,169194576.4917351,687.0,upbit,2026-06-28T04:34:13Z
KRW-XRP,2020-12-04T00:00:00,2020-12-04T09:00:00,687.0,691.0,597.0,612.0,391777275.40654534,612.0,upbit,2026-06-28T04:34:13Z
KRW-XRP,2020-12-05T00:00:00,2020-12-05T09:00:00,612.0,653.0,603.0,635.0,265793473.76510662,635.0,upbit,2026-06-28T04:34:13Z
KRW-XRP,2020-12-06T00:00:00,2020-12-06T09:00:00,635.0,681.0,632.0,673.0,369768900.9478307,673.0,upbit,2026-06-28T04:34:13Z
KRW-XRP,2020-12-07T00:00:00,2020-12-07T09:00:00,674.0,676.0,648.0,661.0,152042725.41287836,661.0,upbit,2026-06-28T04:34:13Z
KRW-XRP,2020-12-08T00:00:00,2020-12-08T09:00:00,662.0,667.0,601.0,612.0,264933493.41686818,612.0,upbit,2026-06-28T04:34:13Z
KRW-XRP,2020-12-09T00:00:00,2020-12-09T09:00:00,612.0,655.0,552.0,637.0,720299524.9973058,637.0,upbit,2026-06-28T04:34:13Z
KRW-XRP,2020-12-10T00:00:00,2020-12-10T09:00:00,638.0,644.0,609.0,626.0,377054012.17885786,626.0,upbit,2026-06-28T04:34:13Z
KRW-XRP,2020-12-11T00:00:00,2020-12-11T09:00:00,626.0,629.0,567.0,581.0,480825461.62772644,581.0,upbit,2026-06-28T04:34:13Z
KRW-XRP,2020-12-12T00:00:00,2020-12-12T09:00:00,582.0,593.0,530.0,555.0,550612538.7971232,555.0,upbit,2026-06-28T04:34:13Z
KRW-XRP,2020-12-13T00:00:00,2020-12-13T09:00:00,554.0,574.0,533.0,557.0,278501235.8181894,557.0,upbit,2026-06-28T04:34:13Z
KRW-XRP,2020-12-14T00:00:00,2020-12-14T09:00:00,557.0,563.0,535.0,540.0,143901280.39582184,540.0,upbit,2026-06-28T04:34:13Z
KRW-XRP,2020-12-15T00:00:00,2020-12-15T09:00:00,540.0,551.0,507.0,509.0,229495729.2211108,509.0,upbit,2026-06-28T04:34:13Z
KRW-XRP,2020-12-16T00:00:00,2020-12-16T09:00:00,509.0,617.0,482.0,611.0,768724349.8274014,611.0,upbit,2026-06-28T04:34:13Z
KRW-XRP,2020-12-17T00:00:00,2020-12-17T09:00:00,611.0,700.0,589.0,626.0,995588035.9106001,626.0,upbit,2026-06-28T04:34:13Z
KRW-XRP,2020-12-18T00:00:00,2020-12-18T09:00:00,625.0,665.0,598.0,634.0,465919829.35983497,634.0,upbit,2026-06-28T04:34:13Z
KRW-XRP,2020-12-19T00:00:00,2020-12-19T09:00:00,634.0,660.0,620.0,634.0,256351134.47089252,634.0,upbit,2026-06-28T04:34:13Z
KRW-XRP,2020-12-20T00:00:00,2020-12-20T09:00:00,634.0,647.0,600.0,614.0,199701257.81734967,614.0,upbit,2026-06-28T04:34:13Z
KRW-XRP,2020-12-21T00:00:00,2020-12-21T09:00:00,614.0,629.0,559.0,574.0,432321418.05832356,574.0,upbit,2026-06-28T04:34:13Z
KRW-XRP,2020-12-22T00:00:00,2020-12-22T09:00:00,574.0,582.0,472.0,503.0,941187846.0691341,503.0,upbit,2026-06-28T04:34:13Z
KRW-XRP,2020-12-23T00:00:00,2020-12-23T09:00:00,503.0,511.0,253.0,296.0,3751620778.3136725,296.0,upbit,2026-06-28T04:34:13Z
KRW-XRP,2020-12-24T00:00:00,2020-12-24T09:00:00,296.0,411.0,275.0,376.0,3118416958.411685,376.0,upbit,2026-06-28T04:34:13Z
KRW-XRP,2020-12-25T00:00:00,2020-12-25T09:00:00,375.0,423.0,310.0,349.0,3261291096.8510127,349.0,upbit,2026-06-28T04:34:13Z
KRW-XRP,2020-12-26T00:00:00,2020-12-26T09:00:00,348.0,358.0,316.0,327.0,1128730657.1320689,327.0,upbit,2026-06-28T04:34:13Z
KRW-XRP,2020-12-27T00:00:00,2020-12-27T09:00:00,328.0,342.0,297.0,317.0,1212050521.3694575,317.0,upbit,2026-06-28T04:34:13Z
KRW-XRP,2020-12-28T00:00:00,2020-12-28T09:00:00,317.0,343.0,262.0,277.0,945715098.6270112,277.0,upbit,2026-06-28T04:34:13Z
KRW-XRP,2020-12-29T00:00:00,2020-12-29T09:00:00,277.0,279.0,198.0,247.0,2919976685.685579,247.0,upbit,2026-06-28T04:34:13Z
KRW-XRP,2020-12-30T00:00:00,2020-12-30T09:00:00,247.0,262.0,214.0,233.0,1338916068.2011983,233.0,upbit,2026-06-28T04:34:13Z
KRW-XRP,2020-12-31T00:00:00,2020-12-31T09:00:00,233.0,253.0,228.0,243.0,616252351.956686,243.0,upbit,2026-06-28T04:34:13Z
KRW-XRP,2021-01-01T00:00:00,2021-01-01T09:00:00,243.0,276.0,239.0,262.0,1025934533.4954323,262.0,upbit,2026-06-28T04:34:13Z
KRW-XRP,2021-01-02T00:00:00,2021-01-02T09:00:00,262.0,263.0,237.0,245.0,510408966.53422624,245.0,upbit,2026-06-28T04:34:13Z
KRW-XRP,2021-01-03T00:00:00,2021-01-03T09:00:00,245.0,268.0,241.0,256.0,871057216.5446248,256.0,upbit,2026-06-28T04:34:13Z
KRW-XRP,2021-01-04T00:00:00,2021-01-04T09:00:00,255.0,322.0,249.0,269.0,1485322365.9360175,269.0,upbit,2026-06-28T04:34:13Z
KRW-XRP,2021-01-05T00:00:00,2021-01-05T09:00:00,268.0,278.0,247.0,253.0,765746607.6633329,253.0,upbit,2026-06-28T04:34:13Z
KRW-XRP,2021-01-06T00:00:00,2021-01-06T09:00:00,253.0,309.0,247.0,276.0,1529761478.8538747,276.0,upbit,2026-06-28T04:34:13Z
KRW-XRP,2021-01-07T00:00:00,2021-01-07T09:00:00,276.0,412.0,271.0,368.0,3848335260.904459,368.0,upbit,2026-06-28T04:34:13Z
KRW-XRP,2021-01-08T00:00:00,2021-01-08T09:00:00,368.0,394.0,330.0,374.0,1734771878.312139,374.0,upbit,2026-06-28T04:34:13Z
KRW-XRP,2021-01-09T00:00:00,2021-01-09T09:00:00,373.0,385.0,355.0,370.0,837490042.4832691,370.0,upbit,2026-06-28T04:34:13Z
KRW-XRP,2021-01-10T00:00:00,2021-01-10T09:00:00,370.0,441.0,325.0,357.0,1922495449.0303836,357.0,upbit,2026-06-28T04:34:13Z
KRW-XRP,2021-01-11T00:00:00,2021-01-11T09:00:00,358.0,360.0,288.0,326.0,1831714178.0211174,326.0,upbit,2026-06-28T04:34:13Z
KRW-XRP,2021-01-12T00:00:00,2021-01-12T09:00:00,326.0,350.0,311.0,331.0,868161482.1459674,331.0,upbit,2026-06-28T04:34:13Z
KRW-XRP,2021-01-13T00:00:00,2021-01-13T09:00:00,332.0,343.0,325.0,339.0,383137932.34825796,339.0,upbit,2026-06-28T04:34:13Z
KRW-XRP,2021-01-14T00:00:00,2021-01-14T09:00:00,338.0,343.0,311.0,323.0,515269665.45979947,323.0,upbit,2026-06-28T04:34:13Z
KRW-XRP,2021-01-15T00:00:00,2021-01-15T09:00:00,324.0,332.0,296.0,313.0,418467766.2168551,313.0,upbit,2026-06-28T04:34:13Z
KRW-XRP,2021-01-16T00:00:00,2021-01-16T09:00:00,312.0,325.0,307.0,310.0,404266795.60797304,310.0,upbit,2026-06-28T04:34:13Z
KRW-XRP,2021-01-17T00:00:00,2021-01-17T09:00:00,310.0,318.0,301.0,306.0,300748056.7086875,306.0,upbit,2026-06-28T04:34:13Z
KRW-XRP,2021-01-18T00:00:00,2021-01-18T09:00:00,307.0,319.0,301.0,312.0,294906217.8815751,312.0,upbit,2026-06-28T04:34:13Z
KRW-XRP,2021-01-19T00:00:00,2021-01-19T09:00:00,311.0,361.0,309.0,324.0,913407939.2114615,324.0,upbit,2026-06-28T04:34:13Z
KRW-XRP,2021-01-20T00:00:00,2021-01-20T09:00:00,324.0,344.0,311.0,327.0,458267632.0267203,327.0,upbit,2026-06-28T04:34:13Z
KRW-XRP,2021-01-21T00:00:00,2021-01-21T09:00:00,327.0,343.0,293.0,301.0,572491237.5256932,301.0,upbit,2026-06-28T04:34:13Z
KRW-XRP,2021-01-22T00:00:00,2021-01-22T09:00:00,301.0,309.0,267.0,301.0,710650144.5366622,301.0,upbit,2026-06-28T04:34:13Z
KRW-XRP,2021-01-23T00:00:00,2021-01-23T09:00:00,301.0,316.0,292.0,300.0,322804068.46358156,300.0,upbit,2026-06-28T04:34:13Z
KRW-XRP,2021-01-24T00:00:00,2021-01-24T09:00:00,300.0,306.0,296.0,302.0,198818436.1912127,302.0,upbit,2026-06-28T04:34:13Z
KRW-XRP,2021-01-25T00:00:00,2021-01-25T09:00:00,301.0,315.0,298.0,299.0,258782773.48213968,299.0,upbit,2026-06-28T04:34:13Z
KRW-XRP,2021-01-26T00:00:00,2021-01-26T09:00:00,298.0,303.0,291.0,297.0,187053762.13459736,297.0,upbit,2026-06-28T04:34:13Z
KRW-XRP,2021-01-27T00:00:00,2021-01-27T09:00:00,297.0,298.0,276.0,284.0,228502017.5444015,284.0,upbit,2026-06-28T04:34:13Z
KRW-XRP,2021-01-28T00:00:00,2021-01-28T09:00:00,284.0,298.0,279.0,292.0,312121198.8580245,292.0,upbit,2026-06-28T04:34:13Z
KRW-XRP,2021-01-29T00:00:00,2021-01-29T09:00:00,291.0,341.0,287.0,311.0,1029193399.1760639,311.0,upbit,2026-06-28T04:34:13Z
KRW-XRP,2021-01-30T00:00:00,2021-01-30T09:00:00,310.0,560.0,310.0,479.0,5092312051.558241,479.0,upbit,2026-06-28T04:34:13Z
KRW-XRP,2021-01-31T00:00:00,2021-01-31T09:00:00,479.0,554.0,426.0,539.0,4407893531.898772,539.0,upbit,2026-06-28T04:34:13Z
KRW-XRP,2021-02-01T00:00:00,2021-02-01T09:00:00,539.0,829.0,389.0,403.0,8160617100.764026,403.0,upbit,2026-06-28T04:34:13Z
KRW-XRP,2021-02-02T00:00:00,2021-02-02T09:00:00,403.0,438.0,372.0,398.0,2091966634.228459,398.0,upbit,2026-06-28T04:34:13Z
KRW-XRP,2021-02-03T00:00:00,2021-02-03T09:00:00,398.0,438.0,397.0,416.0,961561688.1612585,416.0,upbit,2026-06-28T04:34:13Z
KRW-XRP,2021-02-04T00:00:00,2021-02-04T09:00:00,416.0,514.0,397.0,481.0,1595473171.6320183,481.0,upbit,2026-06-28T04:34:13Z
KRW-XRP,2021-02-05T00:00:00,2021-02-05T09:00:00,481.0,508.0,454.0,477.0,1097550346.9406157,477.0,upbit,2026-06-28T04:34:13Z
KRW-XRP,2021-02-06T00:00:00,2021-02-06T09:00:00,477.0,485.0,455.0,472.0,494011697.3779997,472.0,upbit,2026-06-28T04:34:13Z
KRW-XRP,2021-02-07T00:00:00,2021-02-07T09:00:00,472.0,483.0,428.0,454.0,783560727.7389921,454.0,upbit,2026-06-28T04:34:13Z
KRW-XRP,2021-02-08T00:00:00,2021-02-08T09:00:00,454.0,499.0,449.0,476.0,841067151.1574997,476.0,upbit,2026-06-28T04:34:13Z
KRW-XRP,2021-02-09T00:00:00,2021-02-09T09:00:00,476.0,524.0,470.0,499.0,942187774.5385436,499.0,upbit,2026-06-28T04:34:13Z
KRW-XRP,2021-02-10T00:00:00,2021-02-10T09:00:00,498.0,574.0,490.0,546.0,1787428596.8692405,546.0,upbit,2026-06-28T04:34:13Z
KRW-XRP,2021-02-11T00:00:00,2021-02-11T09:00:00,546.0,578.0,537.0,566.0,881310124.4857898,566.0,upbit,2026-06-28T04:34:13Z
KRW-XRP,2021-02-12T00:00:00,2021-02-12T09:00:00,566.0,661.0,559.0,653.0,1732419758.0952275,653.0,upbit,2026-06-28T04:34:13Z
KRW-XRP,2021-02-13T00:00:00,2021-02-13T09:00:00,654.0,695.0,596.0,679.0,1612940579.1021075,679.0,upbit,2026-06-28T04:34:13Z
KRW-XRP,2021-02-14T00:00:00,2021-02-14T09:00:00,678.0,684.0,605.0,642.0,1081098371.085883,642.0,upbit,2026-06-28T04:34:13Z
KRW-XRP,2021-02-15T00:00:00,2021-02-15T09:00:00,643.0,657.0,563.0,604.0,1272989852.8163135,604.0,upbit,2026-06-28T04:34:13Z
KRW-XRP,2021-02-16T00:00:00,2021-02-16T09:00:00,603.0,634.0,548.0,578.0,1177730494.4906404,578.0,upbit,2026-06-28T04:34:13Z
KRW-XRP,2021-02-17T00:00:00,2021-02-17T09:00:00,578.0,614.0,553.0,589.0,1061713553.5590904,589.0,upbit,2026-06-28T04:34:13Z
KRW-XRP,2021-02-18T00:00:00,2021-02-18T09:00:00,589.0,625.0,582.0,595.0,713675019.4879528,595.0,upbit,2026-06-28T04:34:13Z
KRW-XRP,2021-02-19T00:00:00,2021-02-19T09:00:00,595.0,666.0,581.0,640.0,967598441.1354686,640.0,upbit,2026-06-28T04:34:13Z
KRW-XRP,2021-02-20T00:00:00,2021-02-20T09:00:00,640.0,665.0,572.0,587.0,1057171784.439864,587.0,upbit,2026-06-28T04:34:13Z
KRW-XRP,2021-02-21T00:00:00,2021-02-21T09:00:00,588.0,639.0,577.0,619.0,754803240.5697325,619.0,upbit,2026-06-28T04:34:13Z
KRW-XRP,2021-02-22T00:00:00,2021-02-22T09:00:00,620.0,777.0,590.0,645.0,3209238645.61956,645.0,upbit,2026-06-28T04:34:13Z
KRW-XRP,2021-02-23T00:00:00,2021-02-23T09:00:00,645.0,649.0,437.0,535.0,2729322060.303077,535.0,upbit,2026-06-28T04:34:13Z
KRW-XRP,2021-02-24T00:00:00,2021-02-24T09:00:00,535.0,565.0,510.0,533.0,965973208.2117872,533.0,upbit,2026-06-28T04:34:13Z
KRW-XRP,2021-02-25T00:00:00,2021-02-25T09:00:00,533.0,546.0,493.0,504.0,566481170.86434,504.0,upbit,2026-06-28T04:34:13Z
KRW-XRP,2021-02-26T00:00:00,2021-02-26T09:00:00,503.0,518.0,476.0,498.0,619865655.8539323,498.0,upbit,2026-06-28T04:34:13Z
KRW-XRP,2021-02-27T00:00:00,2021-02-27T09:00:00,498.0,530.0,495.0,506.0,547682296.324013,506.0,upbit,2026-06-28T04:34:13Z
KRW-XRP,2021-02-28T00:00:00,2021-02-28T09:00:00,505.0,509.0,456.0,477.0,469887202.0804736,477.0,upbit,2026-06-28T04:34:13Z
KRW-XRP,2021-03-01T00:00:00,2021-03-01T09:00:00,478.0,512.0,473.0,506.0,387082296.95517486,506.0,upbit,2026-06-28T04:34:13Z
KRW-XRP,2021-03-02T00:00:00,2021-03-02T09:00:00,506.0,520.0,490.0,504.0,356998388.46363515,504.0,upbit,2026-06-28T04:34:13Z
KRW-XRP,2021-03-03T00:00:00,2021-03-03T09:00:00,504.0,529.0,498.0,515.0,429247218.59238505,515.0,upbit,2026-06-28T04:34:13Z
KRW-XRP,2021-03-04T00:00:00,2021-03-04T09:00:00,515.0,570.0,504.0,561.0,743267849.4611384,561.0,upbit,2026-06-28T04:34:13Z
KRW-XRP,2021-03-05T00:00:00,2021-03-05T09:00:00,561.0,565.0,524.0,529.0,392203212.92178583,529.0,upbit,2026-06-28T04:34:13Z
KRW-XRP,2021-03-06T00:00:00,2021-03-06T09:00:00,529.0,545.0,520.0,534.0,244990533.21905166,534.0,upbit,2026-06-28T04:34:13Z
KRW-XRP,2021-03-07T00:00:00,2021-03-07T09:00:00,534.0,538.0,527.0,532.0,197647366.3689812,532.0,upbit,2026-06-28T04:34:13Z
KRW-XRP,2021-03-08T00:00:00,2021-03-08T09:00:00,532.0,576.0,527.0,542.0,507190505.17461896,542.0,upbit,2026-06-28T04:34:13Z
KRW-XRP,2021-03-09T00:00:00,2021-03-09T09:00:00,542.0,557.0,540.0,556.0,297297815.9004344,556.0,upbit,2026-06-28T04:34:13Z
KRW-XRP,2021-03-10T00:00:00,2021-03-10T09:00:00,556.0,559.0,525.0,533.0,334731144.8082956,533.0,upbit,2026-06-28T04:34:13Z
KRW-XRP,2021-03-11T00:00:00,2021-03-11T09:00:00,533.0,536.0,511.0,519.0,328653000.9712432,519.0,upbit,2026-06-28T04:34:13Z
KRW-XRP,2021-03-12T00:00:00,2021-03-12T09:00:00,519.0,536.0,503.0,510.0,409595206.21902514,510.0,upbit,2026-06-28T04:34:13Z
KRW-XRP,2021-03-13T00:00:00,2021-03-13T09:00:00,510.0,537.0,505.0,528.0,471802650.0069651,528.0,upbit,2026-06-28T04:34:13Z
KRW-XRP,2021-03-14T00:00:00,2021-03-14T09:00:00,527.0,533.0,510.0,511.0,280965927.4943928,511.0,upbit,2026-06-28T04:34:13Z
KRW-XRP,2021-03-15T00:00:00,2021-03-15T09:00:00,511.0,521.0,484.0,505.0,522383760.28980565,505.0,upbit,2026-06-28T04:34:13Z
KRW-XRP,2021-03-16T00:00:00,2021-03-16T09:00:00,505.0,639.0,496.0,534.0,1505909883.4145038,534.0,upbit,2026-06-28T04:34:13Z
KRW-XRP,2021-03-17T00:00:00,2021-03-17T09:00:00,535.0,562.0,516.0,547.0,565390823.5359105,547.0,upbit,2026-06-28T04:34:13Z
KRW-XRP,2021-03-18T00:00:00,2021-03-18T09:00:00,547.0,575.0,538.0,545.0,505361636.7602889,545.0,upbit,2026-06-28T04:34:13Z
KRW-XRP,2021-03-19T00:00:00,2021-03-19T09:00:00,545.0,558.0,534.0,545.0,334147731.82556546,545.0,upbit,2026-06-28T04:34:13Z
KRW-XRP,2021-03-20T00:00:00,2021-03-20T09:00:00,545.0,650.0,544.0,614.0,1071939875.9652922,614.0,upbit,2026-06-28T04:34:13Z
KRW-XRP,2021-03-21T00:00:00,2021-03-21T09:00:00,613.0,641.0,582.0,604.0,616555999.9322073,604.0,upbit,2026-06-28T04:34:13Z
KRW-XRP,2021-03-22T00:00:00,2021-03-22T09:00:00,603.0,708.0,588.0,650.0,1487312066.3454986,650.0,upbit,2026-06-28T04:34:13Z
KRW-XRP,2021-03-23T00:00:00,2021-03-23T09:00:00,650.0,717.0,646.0,663.0,926654670.3622696,663.0,upbit,2026-06-28T04:34:13Z
KRW-XRP,2021-03-24T00:00:00,2021-03-24T09:00:00,663.0,678.0,578.0,595.0,619903202.0598662,595.0,upbit,2026-06-28T04:34:13Z
KRW-XRP,2021-03-25T00:00:00,2021-03-25T09:00:00,595.0,639.0,564.0,630.0,702003162.7944013,630.0,upbit,2026-06-28T04:34:13Z
KRW-XRP,2021-03-26T00:00:00,2021-03-26T09:00:00,631.0,692.0,629.0,674.0,570807287.47227,674.0,upbit,2026-06-28T04:34:13Z
KRW-XRP,2021-03-27T00:00:00,2021-03-27T09:00:00,674.0,687.0,646.0,653.0,341590272.3058129,653.0,upbit,2026-06-28T04:34:13Z
KRW-XRP,2021-03-28T00:00:00,2021-03-28T09:00:00,652.0,667.0,647.0,658.0,260796596.93384007,658.0,upbit,2026-06-28T04:34:13Z
KRW-XRP,2021-03-29T00:00:00,2021-03-29T09:00:00,658.0,683.0,653.0,674.0,340853999.4862526,674.0,upbit,2026-06-28T04:34:13Z
KRW-XRP,2021-03-30T00:00:00,2021-03-30T09:00:00,674.0,703.0,670.0,678.0,390203911.4908014,678.0,upbit,2026-06-28T04:34:13Z
KRW-XRP,2021-03-31T00:00:00,2021-03-31T09:00:00,678.0,710.0,640.0,693.0,556786820.7770562,693.0,upbit,2026-06-28T04:34:13Z
KRW-XRP,2021-04-01T00:00:00,2021-04-01T09:00:00,692.0,724.0,675.0,708.0,641057027.5002974,708.0,upbit,2026-06-28T04:34:13Z
KRW-XRP,2021-04-02T00:00:00,2021-04-02T09:00:00,708.0,763.0,700.0,761.0,766801448.7611341,761.0,upbit,2026-06-28T04:34:13Z
KRW-XRP,2021-04-03T00:00:00,2021-04-03T09:00:00,762.0,826.0,724.0,733.0,919503587.8202106,733.0,upbit,2026-06-28T04:34:13Z
KRW-XRP,2021-04-04T00:00:00,2021-04-04T09:00:00,733.0,808.0,722.0,807.0,491584797.3222207,807.0,upbit,2026-06-28T04:34:13Z
KRW-XRP,2021-04-05T00:00:00,2021-04-05T09:00:00,806.0,1270.0,798.0,1240.0,3104975485.962934,1240.0,upbit,2026-06-28T04:34:13Z
KRW-XRP,2021-04-06T00:00:00,2021-04-06T09:00:00,1245.0,1495.0,1065.0,1475.0,2834473174.0371675,1475.0,upbit,2026-06-28T04:34:13Z
KRW-XRP,2021-04-07T00:00:00,2021-04-07T09:00:00,1475.0,1535.0,1035.0,1190.0,2281956290.3235226,1190.0,upbit,2026-06-28T04:34:13Z
KRW-XRP,2021-04-08T00:00:00,2021-04-08T09:00:00,1195.0,1395.0,1110.0,1370.0,1042469198.9466214,1370.0,upbit,2026-06-28T04:34:13Z
KRW-XRP,2021-04-09T00:00:00,2021-04-09T09:00:00,1375.0,1415.0,1255.0,1335.0,684351394.2875949,1335.0,upbit,2026-06-28T04:34:13Z
KRW-XRP,2021-04-10T00:00:00,2021-04-10T09:00:00,1335.0,1830.0,1315.0,1805.0,2124907999.392786,1805.0,upbit,2026-06-28T04:34:13Z
KRW-XRP,2021-04-11T00:00:00,2021-04-11T09:00:00,1805.0,1965.0,1705.0,1770.0,1647665183.9519906,1770.0,upbit,2026-06-28T04:34:13Z
KRW-XRP,2021-04-12T00:00:00,2021-04-12T09:00:00,1775.0,1935.0,1705.0,1920.0,716711786.3092784,1920.0,upbit,2026-06-28T04:34:13Z
KRW-XRP,2021-04-13T00:00:00,2021-04-13T09:00:00,1920.0,2400.0,1845.0,2275.0,1727811370.4158292,2275.0,upbit,2026-06-28T04:34:13Z
KRW-XRP,2021-04-14T00:00:00,2021-04-14T09:00:00,2270.0,2495.0,2035.0,2335.0,1622195290.1965332,2335.0,upbit,2026-06-28T04:34:13Z
KRW-XRP,2021-04-15T00:00:00,2021-04-15T09:00:00,2335.0,2390.0,2100.0,2220.0,720120367.5512401,2220.0,upbit,2026-06-28T04:34:13Z
KRW-XRP,2021-04-16T00:00:00,2021-04-16T09:00:00,2220.0,2345.0,1910.0,2025.0,1388511645.6350155,2025.0,upbit,2026-06-28T04:34:13Z
KRW-XRP,2021-04-17T00:00:00,2021-04-17T09:00:00,2030.0,2210.0,1985.0,2005.0,767052510.9625119,2005.0,upbit,2026-06-28T04:34:13Z
KRW-XRP,2021-04-18T00:00:00,2021-04-18T09:00:00,2005.0,2030.0,1565.0,1895.0,2095181011.4932141,1895.0,upbit,2026-06-28T04:34:13Z
KRW-XRP,2021-04-19T00:00:00,2021-04-19T09:00:00,1900.0,1985.0,1655.0,1690.0,1361260210.550786,1690.0,upbit,2026-06-28T04:34:13Z
KRW-XRP,2021-04-20T00:00:00,2021-04-20T09:00:00,1695.0,1800.0,1455.0,1725.0,1751175836.3148735,1725.0,upbit,2026-06-28T04:34:13Z
KRW-XRP,2021-04-21T00:00:00,2021-04-21T09:00:00,1720.0,1840.0,1615.0,1635.0,1092944310.0599005,1635.0,upbit,2026-06-28T04:34:13Z
KRW-XRP,2021-04-22T00:00:00,2021-04-22T09:00:00,1635.0,1690.0,1290.0,1335.0,1795234054.7324798,1335.0,upbit,2026-06-28T04:34:13Z
KRW-XRP,2021-04-23T00:00:00,2021-04-23T09:00:00,1340.0,1420.0,1045.0,1390.0,2987015136.146415,1390.0,upbit,2026-06-28T04:34:13Z
KRW-XRP,2021-04-24T00:00:00,2021-04-24T09:00:00,1390.0,1395.0,1240.0,1275.0,1035477987.765225,1275.0,upbit,2026-06-28T04:34:13Z
KRW-XRP,2021-04-25T00:00:00,2021-04-25T09:00:00,1280.0,1410.0,1155.0,1260.0,1105173677.4378397,1260.0,upbit,2026-06-28T04:34:13Z
KRW-XRP,2021-04-26T00:00:00,2021-04-26T09:00:00,1265.0,1630.0,1230.0,1615.0,1658184436.5899363,1615.0,upbit,2026-06-28T04:34:13Z
KRW-XRP,2021-04-27T00:00:00,2021-04-27T09:00:00,1615.0,1750.0,1575.0,1650.0,1479054320.5900414,1650.0,upbit,2026-06-28T04:34:13Z
KRW-XRP,2021-04-28T00:00:00,2021-04-28T09:00:00,1650.0,1705.0,1515.0,1590.0,1158910098.2264068,1590.0,upbit,2026-06-28T04:34:13Z
KRW-XRP,2021-04-29T00:00:00,2021-04-29T09:00:00,1585.0,1680.0,1530.0,1660.0,773172796.0092887,1660.0,upbit,2026-06-28T04:34:13Z
KRW-XRP,2021-04-30T00:00:00,2021-04-30T09:00:00,1660.0,1940.0,1640.0,1885.0,1533606883.70139,1885.0,upbit,2026-06-28T04:34:13Z
KRW-XRP,2021-05-01T00:00:00,2021-05-01T09:00:00,1885.0,1995.0,1830.0,1965.0,639319093.1192557,1965.0,upbit,2026-06-28T04:34:13Z
KRW-XRP,2021-05-02T00:00:00,2021-05-02T09:00:00,1970.0,1980.0,1820.0,1890.0,550237675.7078196,1890.0,upbit,2026-06-28T04:34:13Z
KRW-XRP,2021-05-03T00:00:00,2021-05-03T09:00:00,1885.0,1955.0,1865.0,1905.0,568930852.4657304,1905.0,upbit,2026-06-28T04:34:13Z
KRW-XRP,2021-05-04T00:00:00,2021-05-04T09:00:00,1905.0,1910.0,1675.0,1745.0,1209373098.5620968,1745.0,upbit,2026-06-28T04:34:13Z
KRW-XRP,2021-05-05T00:00:00,2021-05-05T09:00:00,1750.0,1950.0,1715.0,1925.0,1326856740.0814066,1925.0,upbit,2026-06-28T04:34:13Z
KRW-XRP,2021-05-06T00:00:00,2021-05-06T09:00:00,1920.0,2155.0,1920.0,1955.0,1380098322.0594757,1955.0,upbit,2026-06-28T04:34:13Z
KRW-XRP,2021-05-07T00:00:00,2021-05-07T09:00:00,1950.0,2060.0,1820.0,1900.0,928718322.1327266,1900.0,upbit,2026-06-28T04:34:13Z
KRW-XRP,2021-05-08T00:00:00,2021-05-08T09:00:00,1895.0,1945.0,1840.0,1905.0,433514555.8847349,1905.0,upbit,2026-06-28T04:34:13Z
KRW-XRP,2021-05-09T00:00:00,2021-05-09T09:00:00,1910.0,1935.0,1835.0,1885.0,491124657.7655396,1885.0,upbit,2026-06-28T04:34:13Z
KRW-XRP,2021-05-10T00:00:00,2021-05-10T09:00:00,1885.0,1985.0,1715.0,1775.0,875701021.4788041,1775.0,upbit,2026-06-28T04:34:13Z
KRW-XRP,2021-05-11T00:00:00,2021-05-11T09:00:00,1770.0,1840.0,1710.0,1820.0,707145007.477379,1820.0,upbit,2026-06-28T04:34:13Z
KRW-XRP,2021-05-12T00:00:00,2021-05-12T09:00:00,1820.0,1885.0,1545.0,1585.0,789040582.5661813,1585.0,upbit,2026-06-28T04:34:13Z
KRW-XRP,2021-05-13T00:00:00,2021-05-13T09:00:00,1580.0,1735.0,1520.0,1725.0,1042881308.0248629,1725.0,upbit,2026-06-28T04:34:13Z
KRW-XRP,2021-05-14T00:00:00,2021-05-14T09:00:00,1725.0,1795.0,1660.0,1725.0,618025957.0031734,1725.0,upbit,2026-06-28T04:34:13Z
KRW-XRP,2021-05-15T00:00:00,2021-05-15T09:00:00,1730.0,1935.0,1655.0,1865.0,1408076834.3105707,1865.0,upbit,2026-06-28T04:34:13Z
KRW-XRP,2021-05-16T00:00:00,2021-05-16T09:00:00,1860.0,1965.0,1705.0,1800.0,1227403089.3557642,1800.0,upbit,2026-06-28T04:34:13Z
KRW-XRP,2021-05-17T00:00:00,2021-05-17T09:00:00,1800.0,1910.0,1610.0,1860.0,2014324861.5678031,1860.0,upbit,2026-06-28T04:34:13Z
KRW-XRP,2021-05-18T00:00:00,2021-05-18T09:00:00,1855.0,2090.0,1825.0,1980.0,1740724022.1239226,1980.0,upbit,2026-06-28T04:34:13Z
KRW-XRP,2021-05-19T00:00:00,2021-05-19T09:00:00,1985.0,2035.0,1235.0,1485.0,3600537979.0959306,1485.0,upbit,2026-06-28T04:34:13Z
KRW-XRP,2021-05-20T00:00:00,2021-05-20T09:00:00,1485.0,1590.0,1335.0,1490.0,1966603857.1973987,1490.0,upbit,2026-06-28T04:34:13Z
KRW-XRP,2021-05-21T00:00:00,2021-05-21T09:00:00,1495.0,1535.0,1180.0,1325.0,1597527469.3712275,1325.0,upbit,2026-06-28T04:34:13Z
KRW-XRP,2021-05-22T00:00:00,2021-05-22T09:00:00,1320.0,1330.0,1025.0,1145.0,1425922539.902169,1145.0,upbit,2026-06-28T04:34:13Z
KRW-XRP,2021-05-23T00:00:00,2021-05-23T09:00:00,1145.0,1230.0,822.0,972.0,2882952494.296432,972.0,upbit,2026-06-28T04:34:13Z
KRW-XRP,2021-05-24T00:00:00,2021-05-24T09:00:00,972.0,1215.0,903.0,1200.0,1769542355.765533,1200.0,upbit,2026-06-28T04:34:13Z
KRW-XRP,2021-05-25T00:00:00,2021-05-25T09:00:00,1195.0,1300.0,1095.0,1195.0,1507657706.3583667,1195.0,upbit,2026-06-28T04:34:13Z
KRW-XRP,2021-05-26T00:00:00,2021-05-26T09:00:00,1200.0,1285.0,1150.0,1240.0,807573288.049844,1240.0,upbit,2026-06-28T04:34:13Z
KRW-XRP,2021-05-27T00:00:00,2021-05-27T09:00:00,1240.0,1265.0,1140.0,1180.0,658376641.7751055,1180.0,upbit,2026-06-28T04:34:13Z
KRW-XRP,2021-05-28T00:00:00,2021-05-28T09:00:00,1180.0,1195.0,1035.0,1095.0,938178106.435222,1095.0,upbit,2026-06-28T04:34:13Z
KRW-XRP,2021-05-29T00:00:00,2021-05-29T09:00:00,1100.0,1140.0,985.0,1025.0,708017734.9346966,1025.0,upbit,2026-06-28T04:34:13Z
KRW-XRP,2021-05-30T00:00:00,2021-05-30T09:00:00,1030.0,1120.0,960.0,1095.0,727298555.0524145,1095.0,upbit,2026-06-28T04:34:13Z
KRW-XRP,2021-05-31T00:00:00,2021-05-31T09:00:00,1095.0,1240.0,1060.0,1215.0,1290194536.6737278,1215.0,upbit,2026-06-28T04:34:13Z
KRW-XRP,2021-06-01T00:00:00,2021-06-01T09:00:00,1215.0,1295.0,1165.0,1190.0,1121396889.6761281,1190.0,upbit,2026-06-28T04:34:13Z
KRW-XRP,2021-06-02T00:00:00,2021-06-02T09:00:00,1195.0,1220.0,1155.0,1195.0,445946211.8849579,1195.0,upbit,2026-06-28T04:34:13Z
KRW-XRP,2021-06-03T00:00:00,2021-06-03T09:00:00,1195.0,1250.0,1170.0,1215.0,389200882.20898664,1215.0,upbit,2026-06-28T04:34:13Z
KRW-XRP,2021-06-04T00:00:00,2021-06-04T09:00:00,1210.0,1215.0,1080.0,1125.0,581601172.4692391,1125.0,upbit,2026-06-28T04:34:13Z
KRW-XRP,2021-06-05T00:00:00,2021-06-05T09:00:00,1125.0,1150.0,1065.0,1095.0,300620899.09251577,1095.0,upbit,2026-06-28T04:34:13Z
KRW-XRP,2021-06-06T00:00:00,2021-06-06T09:00:00,1095.0,1105.0,1080.0,1105.0,207889672.2488955,1105.0,upbit,2026-06-28T04:34:13Z
KRW-XRP,2021-06-07T00:00:00,2021-06-07T09:00:00,1105.0,1135.0,989.0,1005.0,434348391.9167321,1005.0,upbit,2026-06-28T04:34:13Z
KRW-XRP,2021-06-08T00:00:00,2021-06-08T09:00:00,1005.0,1030.0,924.0,1005.0,821730772.6734046,1005.0,upbit,2026-06-28T04:34:13Z
KRW-XRP,2021-06-09T00:00:00,2021-06-09T09:00:00,1005.0,1070.0,957.0,1070.0,719115580.9583291,1070.0,upbit,2026-06-28T04:34:13Z
KRW-XRP,2021-06-10T00:00:00,2021-06-10T09:00:00,1065.0,1075.0,1000.0,1015.0,370397223.4330574,1015.0,upbit,2026-06-28T04:34:13Z
KRW-XRP,2021-06-11T00:00:00,2021-06-11T09:00:00,1015.0,1020.0,980.0,990.0,297421382.43609864,990.0,upbit,2026-06-28T04:34:13Z
KRW-XRP,2021-06-12T00:00:00,2021-06-12T09:00:00,990.0,993.0,938.0,967.0,317720255.36228377,967.0,upbit,2026-06-28T04:34:13Z
KRW-XRP,2021-06-13T00:00:00,2021-06-13T09:00:00,967.0,1025.0,951.0,1010.0,231174255.83220902,1010.0,upbit,2026-06-28T04:34:13Z
KRW-XRP,2021-06-14T00:00:00,2021-06-14T09:00:00,1010.0,1075.0,996.0,1025.0,325827908.8452403,1025.0,upbit,2026-06-28T04:34:13Z
KRW-XRP,2021-06-15T00:00:00,2021-06-15T09:00:00,1025.0,1040.0,995.0,1005.0,237770119.14655378,1005.0,upbit,2026-06-28T04:34:13Z
KRW-XRP,2021-06-16T00:00:00,2021-06-16T09:00:00,1005.0,1005.0,962.0,984.0,331224560.0091613,984.0,upbit,2026-06-28T04:34:13Z
KRW-XRP,2021-06-17T00:00:00,2021-06-17T09:00:00,983.0,1010.0,977.0,990.0,216244024.78153655,990.0,upbit,2026-06-28T04:34:13Z
KRW-XRP,2021-06-18T00:00:00,2021-06-18T09:00:00,990.0,991.0,930.0,945.0,310781421.75632787,945.0,upbit,2026-06-28T04:34:13Z
KRW-XRP,2021-06-19T00:00:00,2021-06-19T09:00:00,946.0,954.0,895.0,901.0,271889308.9084881,901.0,upbit,2026-06-28T04:34:13Z
KRW-XRP,2021-06-20T00:00:00,2021-06-20T09:00:00,901.0,922.0,831.0,910.0,677793286.8824261,910.0,upbit,2026-06-28T04:34:13Z
KRW-XRP,2021-06-21T00:00:00,2021-06-21T09:00:00,910.0,918.0,712.0,718.0,1393141371.390843,718.0,upbit,2026-06-28T04:34:13Z
KRW-XRP,2021-06-22T00:00:00,2021-06-22T09:00:00,719.0,766.0,602.0,639.0,2016153295.6339006,639.0,upbit,2026-06-28T04:34:13Z
KRW-XRP,2021-06-23T00:00:00,2021-06-23T09:00:00,639.0,767.0,607.0,740.0,1512372503.2382123,740.0,upbit,2026-06-28T04:34:13Z
KRW-XRP,2021-06-24T00:00:00,2021-06-24T09:00:00,739.0,801.0,720.0,780.0,856148360.8442444,780.0,upbit,2026-06-28T04:34:13Z
KRW-XRP,2021-06-25T00:00:00,2021-06-25T09:00:00,779.0,795.0,707.0,719.0,900082314.425881,719.0,upbit,2026-06-28T04:34:13Z
KRW-XRP,2021-06-26T00:00:00,2021-06-26T09:00:00,719.0,736.0,684.0,718.0,511409133.707749,718.0,upbit,2026-06-28T04:34:13Z
KRW-XRP,2021-06-27T00:00:00,2021-06-27T09:00:00,719.0,752.0,698.0,747.0,404657499.7865013,747.0,upbit,2026-06-28T04:34:13Z
KRW-XRP,2021-06-28T00:00:00,2021-06-28T09:00:00,747.0,760.0,724.0,747.0,459444363.25823295,747.0,upbit,2026-06-28T04:34:13Z
KRW-XRP,2021-06-29T00:00:00,2021-06-29T09:00:00,748.0,847.0,744.0,816.0,820953669.0622368,816.0,upbit,2026-06-28T04:34:13Z
KRW-XRP,2021-06-30T00:00:00,2021-06-30T09:00:00,816.0,829.0,768.0,819.0,499755155.29559064,819.0,upbit,2026-06-28T04:34:13Z
KRW-XRP,2021-07-01T00:00:00,2021-07-01T09:00:00,819.0,820.0,762.0,775.0,431372437.0931904,775.0,upbit,2026-06-28T04:34:13Z
KRW-XRP,2021-07-02T00:00:00,2021-07-02T09:00:00,775.0,784.0,747.0,764.0,293453855.1318542,764.0,upbit,2026-06-28T04:34:13Z
KRW-XRP,2021-07-03T00:00:00,2021-07-03T09:00:00,764.0,795.0,753.0,783.0,278568316.0609829,783.0,upbit,2026-06-28T04:34:13Z
KRW-XRP,2021-07-04T00:00:00,2021-07-04T09:00:00,783.0,820.0,778.0,807.0,291962636.57629025,807.0,upbit,2026-06-28T04:34:13Z
KRW-XRP,2021-07-05T00:00:00,2021-07-05T09:00:00,806.0,811.0,753.0,766.0,416849260.2279556,766.0,upbit,2026-06-28T04:34:13Z
KRW-XRP,2021-07-06T00:00:00,2021-07-06T09:00:00,766.0,790.0,765.0,775.0,260876728.24845937,775.0,upbit,2026-06-28T04:34:13Z
KRW-XRP,2021-07-07T00:00:00,2021-07-07T09:00:00,775.0,784.0,763.0,765.0,217481479.11552286,765.0,upbit,2026-06-28T04:34:13Z
KRW-XRP,2021-07-08T00:00:00,2021-07-08T09:00:00,766.0,769.0,725.0,740.0,330007658.6828605,740.0,upbit,2026-06-28T04:34:13Z
KRW-XRP,2021-07-09T00:00:00,2021-07-09T09:00:00,740.0,763.0,698.0,749.0,397002009.652069,749.0,upbit,2026-06-28T04:34:13Z
KRW-XRP,2021-07-10T00:00:00,2021-07-10T09:00:00,750.0,764.0,728.0,738.0,178892293.2697188,738.0,upbit,2026-06-28T04:34:13Z
KRW-XRP,2021-07-11T00:00:00,2021-07-11T09:00:00,737.0,759.0,727.0,746.0,144286459.370957,746.0,upbit,2026-06-28T04:34:13Z
KRW-XRP,2021-07-12T00:00:00,2021-07-12T09:00:00,746.0,769.0,735.0,742.0,287803795.26717776,742.0,upbit,2026-06-28T04:34:13Z
KRW-XRP,2021-07-13T00:00:00,2021-07-13T09:00:00,743.0,756.0,725.0,733.0,233519629.39257956,733.0,upbit,2026-06-28T04:34:13Z
KRW-XRP,2021-07-14T00:00:00,2021-07-14T09:00:00,733.0,739.0,699.0,730.0,362235239.6052793,730.0,upbit,2026-06-28T04:34:13Z
KRW-XRP,2021-07-15T00:00:00,2021-07-15T09:00:00,729.0,738.0,700.0,706.0,254939063.1632397,706.0,upbit,2026-06-28T04:34:13Z
KRW-XRP,2021-07-16T00:00:00,2021-07-16T09:00:00,706.0,732.0,694.0,698.0,311732998.2435578,698.0,upbit,2026-06-28T04:34:13Z
KRW-XRP,2021-07-17T00:00:00,2021-07-17T09:00:00,698.0,706.0,676.0,689.0,256725918.53066418,689.0,upbit,2026-06-28T04:34:13Z
KRW-XRP,2021-07-18T00:00:00,2021-07-18T09:00:00,689.0,708.0,681.0,695.0,201088242.35743666,695.0,upbit,2026-06-28T04:34:13Z
KRW-XRP,2021-07-19T00:00:00,2021-07-19T09:00:00,694.0,697.0,662.0,665.0,254858296.21118027,665.0,upbit,2026-06-28T04:34:13Z
KRW-XRP,2021-07-20T00:00:00,2021-07-20T09:00:00,665.0,677.0,613.0,627.0,432675773.6607404,627.0,upbit,2026-06-28T04:34:13Z
KRW-XRP,2021-07-21T00:00:00,2021-07-21T09:00:00,627.0,685.0,615.0,676.0,425215676.32475495,676.0,upbit,2026-06-28T04:34:13Z
KRW-XRP,2021-07-22T00:00:00,2021-07-22T09:00:00,677.0,707.0,663.0,694.0,462589599.3654956,694.0,upbit,2026-06-28T04:34:13Z
KRW-XRP,2021-07-23T00:00:00,2021-07-23T09:00:00,695.0,713.0,679.0,708.0,341441563.65308994,708.0,upbit,2026-06-28T04:34:13Z
KRW-XRP,2021-07-24T00:00:00,2021-07-24T09:00:00,708.0,725.0,702.0,714.0,243835512.99543574,714.0,upbit,2026-06-28T04:34:13Z
KRW-XRP,2021-07-25T00:00:00,2021-07-25T09:00:00,713.0,716.0,691.0,704.0,181751779.85845882,704.0,upbit,2026-06-28T04:34:13Z
KRW-XRP,2021-07-26T00:00:00,2021-07-26T09:00:00,705.0,784.0,701.0,721.0,627957633.3295472,721.0,upbit,2026-06-28T04:34:13Z
KRW-XRP,2021-07-27T00:00:00,2021-07-27T09:00:00,720.0,753.0,709.0,744.0,309185128.9636187,744.0,upbit,2026-06-28T04:34:13Z
KRW-XRP,2021-07-28T00:00:00,2021-07-28T09:00:00,744.0,877.0,734.0,851.0,1592207299.5455294,851.0,upbit,2026-06-28T04:34:13Z
KRW-XRP,2021-07-29T00:00:00,2021-07-29T09:00:00,851.0,880.0,806.0,860.0,529790073.34314084,860.0,upbit,2026-06-28T04:34:13Z
KRW-XRP,2021-07-30T00:00:00,2021-07-30T09:00:00,860.0,886.0,825.0,866.0,439932852.30282223,866.0,upbit,2026-06-28T04:34:13Z
KRW-XRP,2021-07-31T00:00:00,2021-07-31T09:00:00,866.0,875.0,853.0,863.0,197909304.76408437,863.0,upbit,2026-06-28T04:34:13Z
KRW-XRP,2021-08-01T00:00:00,2021-08-01T09:00:00,863.0,904.0,830.0,841.0,302721982.2030891,841.0,upbit,2026-06-28T04:34:13Z
KRW-XRP,2021-08-02T00:00:00,2021-08-02T09:00:00,841.0,895.0,827.0,856.0,300273941.67482316,856.0,upbit,2026-06-28T04:34:13Z
KRW-XRP,2021-08-03T00:00:00,2021-08-03T09:00:00,856.0,866.0,826.0,838.0,240691124.84373292,838.0,upbit,2026-06-28T04:34:13Z
KRW-XRP,2021-08-04T00:00:00,2021-08-04T09:00:00,839.0,853.0,815.0,842.0,223530672.9891698,842.0,upbit,2026-06-28T04:34:13Z
KRW-XRP,2021-08-05T00:00:00,2021-08-05T09:00:00,842.0,854.0,822.0,845.0,201877053.34990466,845.0,upbit,2026-06-28T04:34:13Z
KRW-XRP,2021-08-06T00:00:00,2021-08-06T09:00:00,845.0,870.0,840.0,861.0,194204383.80676502,861.0,upbit,2026-06-28T04:34:13Z
KRW-XRP,2021-08-07T00:00:00,2021-08-07T09:00:00,860.0,939.0,853.0,938.0,545169540.7588952,938.0,upbit,2026-06-28T04:34:13Z
KRW-XRP,2021-08-08T00:00:00,2021-08-08T09:00:00,935.0,964.0,898.0,904.0,419843447.1678623,904.0,upbit,2026-06-28T04:34:13Z
KRW-XRP,2021-08-09T00:00:00,2021-08-09T09:00:00,905.0,947.0,881.0,935.0,368195882.44098747,935.0,upbit,2026-06-28T04:34:13Z
KRW-XRP,2021-08-10T00:00:00,2021-08-10T09:00:00,936.0,990.0,923.0,977.0,510813993.23006815,977.0,upbit,2026-06-28T04:34:13Z
KRW-XRP,2021-08-11T00:00:00,2021-08-11T09:00:00,977.0,1230.0,974.0,1165.0,713823074.4983978,1165.0,upbit,2026-06-28T04:34:13Z
KRW-XRP,2021-08-12T00:00:00,2021-08-12T09:00:00,1165.0,1210.0,1080.0,1135.0,674717195.1094636,1135.0,upbit,2026-06-28T04:34:13Z
KRW-XRP,2021-08-13T00:00:00,2021-08-13T09:00:00,1130.0,1270.0,1115.0,1255.0,507299184.51947576,1255.0,upbit,2026-06-28T04:34:13Z
KRW-XRP,2021-08-14T00:00:00,2021-08-14T09:00:00,1255.0,1525.0,1235.0,1495.0,1222062333.177041,1495.0,upbit,2026-06-28T04:34:13Z
KRW-XRP,2021-08-15T00:00:00,2021-08-15T09:00:00,1490.0,1575.0,1435.0,1490.0,995930719.7261839,1490.0,upbit,2026-06-28T04:34:13Z
KRW-XRP,2021-08-16T00:00:00,2021-08-16T09:00:00,1495.0,1540.0,1360.0,1395.0,631519309.3705709,1395.0,upbit,2026-06-28T04:34:13Z
KRW-XRP,2021-08-17T00:00:00,2021-08-17T09:00:00,1395.0,1435.0,1280.0,1300.0,719766839.5266517,1300.0,upbit,2026-06-28T04:34:13Z
KRW-XRP,2021-08-18T00:00:00,2021-08-18T09:00:00,1300.0,1390.0,1235.0,1345.0,721234227.14784,1345.0,upbit,2026-06-28T04:34:13Z
KRW-XRP,2021-08-19T00:00:00,2021-08-19T09:00:00,1345.0,1455.0,1300.0,1455.0,525162484.6854587,1455.0,upbit,2026-06-28T04:34:13Z
KRW-XRP,2021-08-20T00:00:00,2021-08-20T09:00:00,1450.0,1510.0,1405.0,1475.0,542134306.7185014,1475.0,upbit,2026-06-28T04:34:13Z
KRW-XRP,2021-08-21T00:00:00,2021-08-21T09:00:00,1480.0,1510.0,1425.0,1430.0,402523540.33824617,1430.0,upbit,2026-06-28T04:34:13Z
KRW-XRP,2021-08-22T00:00:00,2021-08-22T09:00:00,1435.0,1470.0,1395.0,1435.0,296427865.79997903,1435.0,upbit,2026-06-28T04:34:13Z
KRW-XRP,2021-08-23T00:00:00,2021-08-23T09:00:00,1435.0,1515.0,1425.0,1450.0,533321326.7232032,1450.0,upbit,2026-06-28T04:34:13Z
KRW-XRP,2021-08-24T00:00:00,2021-08-24T09:00:00,1450.0,1470.0,1335.0,1335.0,460539500.85205007,1335.0,upbit,2026-06-28T04:34:13Z
KRW-XRP,2021-08-25T00:00:00,2021-08-25T09:00:00,1340.0,1380.0,1295.0,1370.0,411886138.92921484,1370.0,upbit,2026-06-28T04:34:13Z
KRW-XRP,2021-08-26T00:00:00,2021-08-26T09:00:00,1365.0,1385.0,1260.0,1270.0,473003031.3933256,1270.0,upbit,2026-06-28T04:34:13Z
KRW-XRP,2021-08-27T00:00:00,2021-08-27T09:00:00,1270.0,1400.0,1240.0,1395.0,512993872.46157366,1395.0,upbit,2026-06-28T04:34:13Z
KRW-XRP,2021-08-28T00:00:00,2021-08-28T09:00:00,1395.0,1405.0,1330.0,1345.0,255773466.9029652,1345.0,upbit,2026-06-28T04:34:13Z
KRW-XRP,2021-08-29T00:00:00,2021-08-29T09:00:00,1345.0,1370.0,1315.0,1335.0,289327264.6311685,1335.0,upbit,2026-06-28T04:34:13Z
KRW-XRP,2021-08-30T00:00:00,2021-08-30T09:00:00,1335.0,1345.0,1300.0,1305.0,226270089.27403983,1305.0,upbit,2026-06-28T04:34:13Z
KRW-XRP,2021-08-31T00:00:00,2021-08-31T09:00:00,1310.0,1460.0,1295.0,1385.0,569118724.7185849,1385.0,upbit,2026-06-28T04:34:13Z
KRW-XRP,2021-09-01T00:00:00,2021-09-01T09:00:00,1385.0,1435.0,1355.0,1435.0,373054374.80461884,1435.0,upbit,2026-06-28T04:34:13Z
KRW-XRP,2021-09-02T00:00:00,2021-09-02T09:00:00,1430.0,1500.0,1415.0,1460.0,412716868.5916977,1460.0,upbit,2026-06-28T04:34:13Z
KRW-XRP,2021-09-03T00:00:00,2021-09-03T09:00:00,1460.0,1525.0,1430.0,1485.0,463473157.162738,1485.0,upbit,2026-06-28T04:34:13Z
KRW-XRP,2021-09-04T00:00:00,2021-09-04T09:00:00,1490.0,1500.0,1440.0,1455.0,271016154.8027851,1455.0,upbit,2026-06-28T04:34:13Z
KRW-XRP,2021-09-05T00:00:00,2021-09-05T09:00:00,1455.0,1505.0,1430.0,1495.0,318295594.8858678,1495.0,upbit,2026-06-28T04:34:13Z
KRW-XRP,2021-09-06T00:00:00,2021-09-06T09:00:00,1500.0,1630.0,1495.0,1600.0,730860786.451183,1600.0,upbit,2026-06-28T04:34:13Z
KRW-XRP,2021-09-07T00:00:00,2021-09-07T09:00:00,1605.0,1615.0,1260.0,1360.0,1333968569.0984662,1360.0,upbit,2026-06-28T04:34:13Z
KRW-XRP,2021-09-08T00:00:00,2021-09-08T09:00:00,1360.0,1390.0,1210.0,1330.0,956326752.6702911,1330.0,upbit,2026-06-28T04:34:13Z
KRW-XRP,2021-09-09T00:00:00,2021-09-09T09:00:00,1330.0,1360.0,1285.0,1315.0,485735762.34129053,1315.0,upbit,2026-06-28T04:34:13Z
KRW-XRP,2021-09-10T00:00:00,2021-09-10T09:00:00,1315.0,1510.0,1275.0,1295.0,1131988926.181387,1295.0,upbit,2026-06-28T04:34:13Z
KRW-XRP,2021-09-11T00:00:00,2021-09-11T09:00:00,1290.0,1340.0,1280.0,1310.0,290060235.71800935,1310.0,upbit,2026-06-28T04:34:13Z
KRW-XRP,2021-09-12T00:00:00,2021-09-12T09:00:00,1305.0,1350.0,1285.0,1340.0,267101803.82167938,1340.0,upbit,2026-06-28T04:34:13Z
KRW-XRP,2021-09-13T00:00:00,2021-09-13T09:00:00,1340.0,1355.0,1265.0,1285.0,402382598.2391729,1285.0,upbit,2026-06-28T04:34:13Z
KRW-XRP,2021-09-14T00:00:00,2021-09-14T09:00:00,1285.0,1320.0,1280.0,1315.0,214556436.6661937,1315.0,upbit,2026-06-28T04:34:13Z
KRW-XRP,2021-09-15T00:00:00,2021-09-15T09:00:00,1315.0,1340.0,1295.0,1330.0,185720118.30636135,1330.0,upbit,2026-06-28T04:34:13Z
KRW-XRP,2021-09-16T00:00:00,2021-09-16T09:00:00,1330.0,1345.0,1295.0,1310.0,194093690.914889,1310.0,upbit,2026-06-28T04:34:13Z
KRW-XRP,2021-09-17T00:00:00,2021-09-17T09:00:00,1310.0,1330.0,1280.0,1300.0,219360816.20328307,1300.0,upbit,2026-06-28T04:34:13Z
KRW-XRP,2021-09-18T00:00:00,2021-09-18T09:00:00,1300.0,1320.0,1290.0,1305.0,124944400.37186407,1305.0,upbit,2026-06-28T04:34:13Z
KRW-XRP,2021-09-19T00:00:00,2021-09-19T09:00:00,1310.0,1315.0,1280.0,1290.0,120572942.69792074,1290.0,upbit,2026-06-28T04:34:13Z
KRW-XRP,2021-09-20T00:00:00,2021-09-20T09:00:00,1285.0,1290.0,1110.0,1155.0,703982922.6066141,1155.0,upbit,2026-06-28T04:34:13Z
KRW-XRP,2021-09-21T00:00:00,2021-09-21T09:00:00,1155.0,1200.0,1075.0,1090.0,553189895.5501089,1090.0,upbit,2026-06-28T04:34:13Z
KRW-XRP,2021-09-22T00:00:00,2021-09-22T09:00:00,1090.0,1250.0,1065.0,1240.0,576993174.6415102,1240.0,upbit,2026-06-28T04:34:13Z
KRW-XRP,2021-09-23T00:00:00,2021-09-23T09:00:00,1240.0,1265.0,1175.0,1215.0,385811051.3290296,1215.0,upbit,2026-06-28T04:34:13Z
KRW-XRP,2021-09-24T00:00:00,2021-09-24T09:00:00,1215.0,1215.0,1110.0,1150.0,495851626.31614065,1150.0,upbit,2026-06-28T04:34:13Z
KRW-XRP,2021-09-25T00:00:00,2021-09-25T09:00:00,1155.0,1165.0,1125.0,1150.0,199181163.20697808,1150.0,upbit,2026-06-28T04:34:13Z
KRW-XRP,2021-09-26T00:00:00,2021-09-26T09:00:00,1150.0,1170.0,1105.0,1155.0,238079377.9100086,1155.0,upbit,2026-06-28T04:34:13Z
KRW-XRP,2021-09-27T00:00:00,2021-09-27T09:00:00,1150.0,1195.0,1130.0,1130.0,212055164.56052163,1130.0,upbit,2026-06-28T04:34:13Z
KRW-XRP,2021-09-28T00:00:00,2021-09-28T09:00:00,1130.0,1150.0,1090.0,1095.0,248228066.81148964,1095.0,upbit,2026-06-28T04:34:13Z
KRW-XRP,2021-09-29T00:00:00,2021-09-29T09:00:00,1095.0,1215.0,1080.0,1135.0,443463837.70617354,1135.0,upbit,2026-06-28T04:34:13Z
KRW-XRP,2021-09-30T00:00:00,2021-09-30T09:00:00,1135.0,1175.0,1125.0,1160.0,264543627.42190936,1160.0,upbit,2026-06-28T04:34:13Z
KRW-XRP,2021-10-01T00:00:00,2021-10-01T09:00:00,1160.0,1295.0,1155.0,1265.0,544189826.4508326,1265.0,upbit,2026-06-28T04:34:13Z
KRW-XRP,2021-10-02T00:00:00,2021-10-02T09:00:00,1265.0,1295.0,1230.0,1265.0,280076999.17734873,1265.0,upbit,2026-06-28T04:34:13Z
KRW-XRP,2021-10-03T00:00:00,2021-10-03T09:00:00,1265.0,1325.0,1240.0,1280.0,360349475.2690835,1280.0,upbit,2026-06-28T04:34:13Z
KRW-XRP,2021-10-04T00:00:00,2021-10-04T09:00:00,1280.0,1290.0,1235.0,1270.0,329644769.70292187,1270.0,upbit,2026-06-28T04:34:13Z
KRW-XRP,2021-10-05T00:00:00,2021-10-05T09:00:00,1270.0,1320.0,1260.0,1300.0,367126324.16691047,1300.0,upbit,2026-06-28T04:34:13Z
KRW-XRP,2021-10-06T00:00:00,2021-10-06T09:00:00,1305.0,1340.0,1235.0,1310.0,460791261.57129,1310.0,upbit,2026-06-28T04:34:13Z
KRW-XRP,2021-10-07T00:00:00,2021-10-07T09:00:00,1305.0,1330.0,1270.0,1300.0,285591609.0550216,1300.0,upbit,2026-06-28T04:34:13Z
KRW-XRP,2021-10-08T00:00:00,2021-10-08T09:00:00,1300.0,1330.0,1285.0,1295.0,244831474.59013236,1295.0,upbit,2026-06-28T04:34:13Z
KRW-XRP,2021-10-09T00:00:00,2021-10-09T09:00:00,1300.0,1475.0,1295.0,1415.0,515105595.28983796,1415.0,upbit,2026-06-28T04:34:13Z
KRW-XRP,2021-10-10T00:00:00,2021-10-10T09:00:00,1410.0,1500.0,1385.0,1405.0,474237055.28167295,1405.0,upbit,2026-06-28T04:34:13Z
KRW-XRP,2021-10-11T00:00:00,2021-10-11T09:00:00,1405.0,1450.0,1385.0,1405.0,266764930.99865922,1405.0,upbit,2026-06-28T04:34:13Z
KRW-XRP,2021-10-12T00:00:00,2021-10-12T09:00:00,1405.0,1405.0,1320.0,1355.0,368965479.7291341,1355.0,upbit,2026-06-28T04:34:13Z
KRW-XRP,2021-10-13T00:00:00,2021-10-13T09:00:00,1355.0,1395.0,1325.0,1375.0,282846783.98106366,1375.0,upbit,2026-06-28T04:34:13Z
KRW-XRP,2021-10-14T00:00:00,2021-10-14T09:00:00,1370.0,1405.0,1360.0,1375.0,217241524.34209248,1375.0,upbit,2026-06-28T04:34:13Z
KRW-XRP,2021-10-15T00:00:00,2021-10-15T09:00:00,1375.0,1450.0,1350.0,1405.0,656736640.3400394,1405.0,upbit,2026-06-28T04:34:13Z
KRW-XRP,2021-10-16T00:00:00,2021-10-16T09:00:00,1405.0,1455.0,1390.0,1395.0,318227424.5457998,1395.0,upbit,2026-06-28T04:34:13Z
KRW-XRP,2021-10-17T00:00:00,2021-10-17T09:00:00,1400.0,1400.0,1315.0,1350.0,212210154.07646435,1350.0,upbit,2026-06-28T04:34:13Z
KRW-XRP,2021-10-18T00:00:00,2021-10-18T09:00:00,1350.0,1365.0,1320.0,1340.0,232321146.19878387,1340.0,upbit,2026-06-28T04:34:13Z
KRW-XRP,2021-10-19T00:00:00,2021-10-19T09:00:00,1335.0,1355.0,1320.0,1335.0,156249882.6555773,1335.0,upbit,2026-06-28T04:34:13Z
KRW-XRP,2021-10-20T00:00:00,2021-10-20T09:00:00,1335.0,1400.0,1330.0,1385.0,292718499.90196306,1385.0,upbit,2026-06-28T04:34:13Z
KRW-XRP,2021-10-21T00:00:00,2021-10-21T09:00:00,1385.0,1420.0,1335.0,1335.0,354472955.983148,1335.0,upbit,2026-06-28T04:34:13Z
KRW-XRP,2021-10-22T00:00:00,2021-10-22T09:00:00,1335.0,1380.0,1320.0,1330.0,280331920.69008803,1330.0,upbit,2026-06-28T04:34:13Z
KRW-XRP,2021-10-23T00:00:00,2021-10-23T09:00:00,1330.0,1345.0,1320.0,1335.0,114230849.51361105,1335.0,upbit,2026-06-28T04:34:13Z
KRW-XRP,2021-10-24T00:00:00,2021-10-24T09:00:00,1340.0,1340.0,1310.0,1325.0,142457190.00945467,1325.0,upbit,2026-06-28T04:34:13Z
KRW-XRP,2021-10-25T00:00:00,2021-10-25T09:00:00,1325.0,1350.0,1320.0,1325.0,136490883.39389098,1325.0,upbit,2026-06-28T04:34:13Z
KRW-XRP,2021-10-26T00:00:00,2021-10-26T09:00:00,1325.0,1390.0,1325.0,1340.0,245387602.86612764,1340.0,upbit,2026-06-28T04:34:13Z
KRW-XRP,2021-10-27T00:00:00,2021-10-27T09:00:00,1340.0,1365.0,1220.0,1225.0,674966179.331271,1225.0,upbit,2026-06-28T04:34:13Z
KRW-XRP,2021-10-28T00:00:00,2021-10-28T09:00:00,1230.0,1305.0,1200.0,1275.0,439862075.3201782,1275.0,upbit,2026-06-28T04:34:13Z
KRW-XRP,2021-10-29T00:00:00,2021-10-29T09:00:00,1280.0,1310.0,1270.0,1300.0,226556090.71220422,1300.0,upbit,2026-06-28T04:34:13Z
KRW-XRP,2021-10-30T00:00:00,2021-10-30T09:00:00,1300.0,1340.0,1270.0,1285.0,257247039.6920318,1285.0,upbit,2026-06-28T04:34:13Z
KRW-XRP,2021-10-31T00:00:00,2021-10-31T09:00:00,1290.0,1365.0,1280.0,1315.0,397109058.97462314,1315.0,upbit,2026-06-28T04:34:13Z
KRW-XRP,2021-11-01T00:00:00,2021-11-01T09:00:00,1315.0,1340.0,1275.0,1295.0,226435679.9818518,1295.0,upbit,2026-06-28T04:34:13Z
KRW-XRP,2021-11-02T00:00:00,2021-11-02T09:00:00,1295.0,1350.0,1295.0,1330.0,272428226.027582,1330.0,upbit,2026-06-28T04:34:13Z
KRW-XRP,2021-11-03T00:00:00,2021-11-03T09:00:00,1330.0,1450.0,1320.0,1430.0,654251486.5337285,1430.0,upbit,2026-06-28T04:34:13Z
KRW-XRP,2021-11-04T00:00:00,2021-11-04T09:00:00,1430.0,1490.0,1410.0,1445.0,366063921.2596559,1445.0,upbit,2026-06-28T04:34:13Z
KRW-XRP,2021-11-05T00:00:00,2021-11-05T09:00:00,1440.0,1445.0,1390.0,1405.0,210928209.17847848,1405.0,upbit,2026-06-28T04:34:13Z
KRW-XRP,2021-11-06T00:00:00,2021-11-06T09:00:00,1410.0,1420.0,1365.0,1395.0,155876251.8422059,1395.0,upbit,2026-06-28T04:34:13Z
KRW-XRP,2021-11-07T00:00:00,2021-11-07T09:00:00,1400.0,1495.0,1390.0,1480.0,247190833.77068073,1480.0,upbit,2026-06-28T04:34:13Z
KRW-XRP,2021-11-08T00:00:00,2021-11-08T09:00:00,1475.0,1575.0,1475.0,1545.0,481447177.4605916,1545.0,upbit,2026-06-28T04:34:13Z
KRW-XRP,2021-11-09T00:00:00,2021-11-09T09:00:00,1545.0,1555.0,1465.0,1515.0,358006455.5678624,1515.0,upbit,2026-06-28T04:34:13Z
KRW-XRP,2021-11-10T00:00:00,2021-11-10T09:00:00,1515.0,1610.0,1425.0,1460.0,708584774.2910614,1460.0,upbit,2026-06-28T04:34:13Z
KRW-XRP,2021-11-11T00:00:00,2021-11-11T09:00:00,1465.0,1530.0,1440.0,1480.0,341875629.7618746,1480.0,upbit,2026-06-28T04:34:13Z
KRW-XRP,2021-11-12T00:00:00,2021-11-12T09:00:00,1475.0,1495.0,1415.0,1450.0,297170195.1561275,1450.0,upbit,2026-06-28T04:34:13Z
KRW-XRP,2021-11-13T00:00:00,2021-11-13T09:00:00,1445.0,1460.0,1420.0,1440.0,142896001.06232345,1440.0,upbit,2026-06-28T04:34:13Z
KRW-XRP,2021-11-14T00:00:00,2021-11-14T09:00:00,1440.0,1455.0,1425.0,1440.0,115623595.65678279,1440.0,upbit,2026-06-28T04:34:13Z
KRW-XRP,2021-11-15T00:00:00,2021-11-15T09:00:00,1445.0,1475.0,1425.0,1425.0,203955153.59974146,1425.0,upbit,2026-06-28T04:34:13Z
KRW-XRP,2021-11-16T00:00:00,2021-11-16T09:00:00,1430.0,1430.0,1320.0,1340.0,461462318.3943702,1340.0,upbit,2026-06-28T04:34:13Z
KRW-XRP,2021-11-17T00:00:00,2021-11-17T09:00:00,1340.0,1365.0,1305.0,1340.0,344973623.47419053,1340.0,upbit,2026-06-28T04:34:13Z
KRW-XRP,2021-11-18T00:00:00,2021-11-18T09:00:00,1345.0,1420.0,1275.0,1285.0,618724545.1963235,1285.0,upbit,2026-06-28T04:34:13Z
KRW-XRP,2021-11-19T00:00:00,2021-11-19T09:00:00,1290.0,1365.0,1265.0,1345.0,262629517.11894435,1345.0,upbit,2026-06-28T04:34:13Z
KRW-XRP,2021-11-20T00:00:00,2021-11-20T09:00:00,1350.0,1365.0,1320.0,1355.0,151313101.5528326,1355.0,upbit,2026-06-28T04:34:13Z
KRW-XRP,2021-11-21T00:00:00,2021-11-21T09:00:00,1355.0,1360.0,1320.0,1325.0,142476091.8479458,1325.0,upbit,2026-06-28T04:34:13Z
KRW-XRP,2021-11-22T00:00:00,2021-11-22T09:00:00,1320.0,1330.0,1285.0,1300.0,223607889.15862367,1300.0,upbit,2026-06-28T04:34:13Z
KRW-XRP,2021-11-23T00:00:00,2021-11-23T09:00:00,1300.0,1335.0,1285.0,1330.0,229612980.3771637,1330.0,upbit,2026-06-28T04:34:13Z
KRW-XRP,2021-11-24T00:00:00,2021-11-24T09:00:00,1325.0,1335.0,1270.0,1295.0,278039117.935551,1295.0,upbit,2026-06-28T04:34:13Z
KRW-XRP,2021-11-25T00:00:00,2021-11-25T09:00:00,1295.0,1330.0,1280.0,1295.0,339408327.8375339,1295.0,upbit,2026-06-28T04:34:13Z
KRW-XRP,2021-11-26T00:00:00,2021-11-26T09:00:00,1295.0,1300.0,1180.0,1200.0,491908361.2795684,1200.0,upbit,2026-06-28T04:34:13Z
KRW-XRP,2021-11-27T00:00:00,2021-11-27T09:00:00,1200.0,1225.0,1185.0,1215.0,164431425.9637593,1215.0,upbit,2026-06-28T04:34:13Z
KRW-XRP,2021-11-28T00:00:00,2021-11-28T09:00:00,1215.0,1230.0,1155.0,1220.0,248893244.2651719,1220.0,upbit,2026-06-28T04:34:13Z
KRW-XRP,2021-11-29T00:00:00,2021-11-29T09:00:00,1220.0,1255.0,1215.0,1235.0,219035187.28529862,1235.0,upbit,2026-06-28T04:34:13Z
KRW-XRP,2021-11-30T00:00:00,2021-11-30T09:00:00,1235.0,1280.0,1215.0,1235.0,251844498.861602,1235.0,upbit,2026-06-28T04:34:13Z
KRW-XRP,2021-12-01T00:00:00,2021-12-01T09:00:00,1235.0,1260.0,1225.0,1225.0,163672338.85973993,1225.0,upbit,2026-06-28T04:34:13Z
KRW-XRP,2021-12-02T00:00:00,2021-12-02T09:00:00,1225.0,1230.0,1200.0,1210.0,178379805.87542376,1210.0,upbit,2026-06-28T04:34:13Z
KRW-XRP,2021-12-03T00:00:00,2021-12-03T09:00:00,1205.0,1225.0,1155.0,1170.0,264158063.77363545,1170.0,upbit,2026-06-28T04:34:13Z
KRW-XRP,2021-12-04T00:00:00,2021-12-04T09:00:00,1170.0,1170.0,855.0,1070.0,1135418113.4865236,1070.0,upbit,2026-06-28T04:34:13Z
KRW-XRP,2021-12-05T00:00:00,2021-12-05T09:00:00,1065.0,1095.0,977.0,1010.0,451055844.6846784,1010.0,upbit,2026-06-28T04:34:13Z
KRW-XRP,2021-12-06T00:00:00,2021-12-06T09:00:00,1005.0,1035.0,940.0,1030.0,514580399.72254205,1030.0,upbit,2026-06-28T04:34:13Z
KRW-XRP,2021-12-07T00:00:00,2021-12-07T09:00:00,1030.0,1055.0,1005.0,1020.0,287972499.1973304,1020.0,upbit,2026-06-28T04:34:13Z
KRW-XRP,2021-12-08T00:00:00,2021-12-08T09:00:00,1020.0,1090.0,1000.0,1065.0,384438964.7431472,1065.0,upbit,2026-06-28T04:34:13Z
KRW-XRP,2021-12-09T00:00:00,2021-12-09T09:00:00,1065.0,1165.0,1025.0,1070.0,704861239.9941695,1070.0,upbit,2026-06-28T04:34:13Z
KRW-XRP,2021-12-10T00:00:00,2021-12-10T09:00:00,1070.0,1095.0,1005.0,1010.0,360406047.87126976,1010.0,upbit,2026-06-28T04:34:13Z
KRW-XRP,2021-12-11T00:00:00,2021-12-11T09:00:00,1015.0,1050.0,999.0,1040.0,173231435.68421075,1040.0,upbit,2026-06-28T04:34:13Z
KRW-XRP,2021-12-12T00:00:00,2021-12-12T09:00:00,1040.0,1065.0,1010.0,1040.0,159928146.9602282,1040.0,upbit,2026-06-28T04:34:13Z
KRW-XRP,2021-12-13T00:00:00,2021-12-13T09:00:00,1040.0,1050.0,960.0,982.0,331457108.8933288,982.0,upbit,2026-06-28T04:34:13Z
KRW-XRP,2021-12-14T00:00:00,2021-12-14T09:00:00,982.0,1025.0,956.0,1005.0,401239669.8243418,1005.0,upbit,2026-06-28T04:34:13Z
KRW-XRP,2021-12-15T00:00:00,2021-12-15T09:00:00,1000.0,1055.0,970.0,1035.0,343061717.9352579,1035.0,upbit,2026-06-28T04:34:13Z
KRW-XRP,2021-12-16T00:00:00,2021-12-16T09:00:00,1035.0,1045.0,1005.0,1005.0,193868301.04640236,1005.0,upbit,2026-06-28T04:34:13Z
KRW-XRP,2021-12-17T00:00:00,2021-12-17T09:00:00,1010.0,1035.0,981.0,1000.0,248816610.85765073,1000.0,upbit,2026-06-28T04:34:13Z
KRW-XRP,2021-12-18T00:00:00,2021-12-18T09:00:00,1000.0,1040.0,996.0,1025.0,136850297.71228787,1025.0,upbit,2026-06-28T04:34:13Z
KRW-XRP,2021-12-19T00:00:00,2021-12-19T09:00:00,1025.0,1055.0,1025.0,1040.0,146896354.09398884,1040.0,upbit,2026-06-28T04:34:13Z
KRW-XRP,2021-12-20T00:00:00,2021-12-20T09:00:00,1040.0,1135.0,1030.0,1090.0,591090178.439883,1090.0,upbit,2026-06-28T04:34:13Z
KRW-XRP,2021-12-21T00:00:00,2021-12-21T09:00:00,1090.0,1180.0,1050.0,1160.0,374388765.0634502,1160.0,upbit,2026-06-28T04:34:13Z
KRW-XRP,2021-12-22T00:00:00,2021-12-22T09:00:00,1160.0,1190.0,1135.0,1170.0,296095442.70194566,1170.0,upbit,2026-06-28T04:34:13Z
KRW-XRP,2021-12-23T00:00:00,2021-12-23T09:00:00,1170.0,1235.0,1155.0,1205.0,359613248.9812819,1205.0,upbit,2026-06-28T04:34:13Z
KRW-XRP,2021-12-24T00:00:00,2021-12-24T09:00:00,1200.0,1215.0,1080.0,1115.0,417151680.24446076,1115.0,upbit,2026-06-28T04:34:13Z
KRW-XRP,2021-12-25T00:00:00,2021-12-25T09:00:00,1110.0,1130.0,1100.0,1120.0,157291931.4077635,1120.0,upbit,2026-06-28T04:34:13Z
KRW-XRP,2021-12-26T00:00:00,2021-12-26T09:00:00,1120.0,1130.0,1105.0,1120.0,111184883.82206073,1120.0,upbit,2026-06-28T04:34:13Z
KRW-XRP,2021-12-27T00:00:00,2021-12-27T09:00:00,1120.0,1155.0,1100.0,1125.0,183893558.7841946,1125.0,upbit,2026-06-28T04:34:13Z
KRW-XRP,2021-12-28T00:00:00,2021-12-28T09:00:00,1120.0,1125.0,1035.0,1040.0,252712085.31020927,1040.0,upbit,2026-06-28T04:34:13Z
KRW-XRP,2021-12-29T00:00:00,2021-12-29T09:00:00,1045.0,1055.0,995.0,1005.0,240105151.4292118,1005.0,upbit,2026-06-28T04:34:13Z
KRW-XRP,2021-12-30T00:00:00,2021-12-30T09:00:00,1005.0,1045.0,989.0,1020.0,189027063.60312578,1020.0,upbit,2026-06-28T04:34:13Z
KRW-XRP,2021-12-31T00:00:00,2021-12-31T09:00:00,1015.0,1035.0,1000.0,1020.0,162533215.75893334,1020.0,upbit,2026-06-28T04:34:13Z
KRW-XRP,2022-01-01T00:00:00,2022-01-01T09:00:00,1020.0,1040.0,1015.0,1035.0,94545405.4424341,1035.0,upbit,2026-06-28T04:34:13Z
KRW-XRP,2022-01-02T00:00:00,2022-01-02T09:00:00,1035.0,1050.0,1025.0,1045.0,138948069.09059042,1045.0,upbit,2026-06-28T04:34:13Z
KRW-XRP,2022-01-03T00:00:00,2022-01-03T09:00:00,1045.0,1045.0,1010.0,1020.0,140316118.27807713,1020.0,upbit,2026-06-28T04:34:13Z
KRW-XRP,2022-01-04T00:00:00,2022-01-04T09:00:00,1015.0,1030.0,1000.0,1005.0,143888117.06205362,1005.0,upbit,2026-06-28T04:34:13Z
KRW-XRP,2022-01-05T00:00:00,2022-01-05T09:00:00,1010.0,1015.0,901.0,955.0,296917683.90899533,955.0,upbit,2026-06-28T04:34:13Z
KRW-XRP,2022-01-06T00:00:00,2022-01-06T09:00:00,956.0,972.0,916.0,962.0,305768406.54727876,962.0,upbit,2026-06-28T04:34:13Z
KRW-XRP,2022-01-07T00:00:00,2022-01-07T09:00:00,961.0,964.0,905.0,944.0,298021797.28362674,944.0,upbit,2026-06-28T04:34:13Z
KRW-XRP,2022-01-08T00:00:00,2022-01-08T09:00:00,944.0,956.0,911.0,932.0,167249189.4842016,932.0,upbit,2026-06-28T04:34:13Z
KRW-XRP,2022-01-09T00:00:00,2022-01-09T09:00:00,932.0,944.0,916.0,929.0,113867901.53435642,929.0,upbit,2026-06-28T04:34:13Z
KRW-XRP,2022-01-10T00:00:00,2022-01-10T09:00:00,928.0,935.0,862.0,908.0,328703220.59233314,908.0,upbit,2026-06-28T04:34:13Z
KRW-XRP,2022-01-11T00:00:00,2022-01-11T09:00:00,907.0,948.0,890.0,942.0,285579520.87914777,942.0,upbit,2026-06-28T04:34:13Z
KRW-XRP,2022-01-12T00:00:00,2022-01-12T09:00:00,942.0,980.0,927.0,969.0,243505292.02296343,969.0,upbit,2026-06-28T04:34:13Z
KRW-XRP,2022-01-13T00:00:00,2022-01-13T09:00:00,969.0,974.0,932.0,934.0,195300841.39947066,934.0,upbit,2026-06-28T04:34:13Z
KRW-XRP,2022-01-14T00:00:00,2022-01-14T09:00:00,935.0,958.0,920.0,938.0,202680671.12861854,938.0,upbit,2026-06-28T04:34:13Z
KRW-XRP,2022-01-15T00:00:00,2022-01-15T09:00:00,938.0,955.0,935.0,948.0,102156646.91773944,948.0,upbit,2026-06-28T04:34:13Z
KRW-XRP,2022-01-16T00:00:00,2022-01-16T09:00:00,947.0,951.0,936.0,941.0,83138788.13875824,941.0,upbit,2026-06-28T04:34:13Z
KRW-XRP,2022-01-17T00:00:00,2022-01-17T09:00:00,942.0,945.0,916.0,928.0,115754026.55239943,928.0,upbit,2026-06-28T04:34:13Z
KRW-XRP,2022-01-18T00:00:00,2022-01-18T09:00:00,928.0,934.0,895.0,909.0,177239031.45590118,909.0,upbit,2026-06-28T04:34:13Z
KRW-XRP,2022-01-19T00:00:00,2022-01-19T09:00:00,909.0,912.0,879.0,892.0,170935656.73640248,892.0,upbit,2026-06-28T04:34:13Z
KRW-XRP,2022-01-20T00:00:00,2022-01-20T09:00:00,891.0,918.0,875.0,878.0,174855598.2710745,878.0,upbit,2026-06-28T04:34:13Z
KRW-XRP,2022-01-21T00:00:00,2022-01-21T09:00:00,878.0,886.0,770.0,791.0,517218800.42358303,791.0,upbit,2026-06-28T04:34:13Z
KRW-XRP,2022-01-22T00:00:00,2022-01-22T09:00:00,791.0,804.0,695.0,738.0,628586412.0687461,738.0,upbit,2026-06-28T04:34:13Z
KRW-XRP,2022-01-23T00:00:00,2022-01-23T09:00:00,739.0,775.0,726.0,769.0,254387795.40478823,769.0,upbit,2026-06-28T04:34:13Z
KRW-XRP,2022-01-24T00:00:00,2022-01-24T09:00:00,768.0,769.0,688.0,748.0,464452197.1004291,748.0,upbit,2026-06-28T04:34:13Z
KRW-XRP,2022-01-25T00:00:00,2022-01-25T09:00:00,748.0,758.0,716.0,750.0,267790446.62660187,750.0,upbit,2026-06-28T04:34:13Z
KRW-XRP,2022-01-26T00:00:00,2022-01-26T09:00:00,750.0,804.0,742.0,758.0,446580040.3939347,758.0,upbit,2026-06-28T04:34:13Z
KRW-XRP,2022-01-27T00:00:00,2022-01-27T09:00:00,758.0,769.0,726.0,750.0,291404617.10902715,750.0,upbit,2026-06-28T04:34:13Z
KRW-XRP,2022-01-28T00:00:00,2022-01-28T09:00:00,749.0,760.0,737.0,757.0,225772118.98408428,757.0,upbit,2026-06-28T04:34:13Z
KRW-XRP,2022-01-29T00:00:00,2022-01-29T09:00:00,756.0,772.0,753.0,765.0,183644119.50225654,765.0,upbit,2026-06-28T04:34:13Z
KRW-XRP,2022-01-30T00:00:00,2022-01-30T09:00:00,765.0,771.0,743.0,751.0,125799885.76400474,751.0,upbit,2026-06-28T04:34:13Z
KRW-XRP,2022-01-31T00:00:00,2022-01-31T09:00:00,751.0,767.0,722.0,760.0,162334705.40502948,760.0,upbit,2026-06-28T04:34:13Z
KRW-XRP,2022-02-01T00:00:00,2022-02-01T09:00:00,760.0,777.0,752.0,776.0,144628859.83577216,776.0,upbit,2026-06-28T04:34:13Z
KRW-XRP,2022-02-02T00:00:00,2022-02-02T09:00:00,776.0,779.0,739.0,741.0,191044854.75701255,741.0,upbit,2026-06-28T04:34:13Z
KRW-XRP,2022-02-03T00:00:00,2022-02-03T09:00:00,741.0,749.0,729.0,749.0,144173345.26859048,749.0,upbit,2026-06-28T04:34:13Z
KRW-XRP,2022-02-04T00:00:00,2022-02-04T09:00:00,749.0,803.0,743.0,799.0,260841679.30174488,799.0,upbit,2026-06-28T04:34:13Z
KRW-XRP,2022-02-05T00:00:00,2022-02-05T09:00:00,799.0,846.0,791.0,817.0,376291335.51913047,817.0,upbit,2026-06-28T04:34:13Z
KRW-XRP,2022-02-06T00:00:00,2022-02-06T09:00:00,817.0,839.0,808.0,833.0,202749678.91299862,833.0,upbit,2026-06-28T04:34:13Z
KRW-XRP,2022-02-07T00:00:00,2022-02-07T09:00:00,834.0,1030.0,823.0,1020.0,893557734.4057225,1020.0,upbit,2026-06-28T04:34:13Z
KRW-XRP,2022-02-08T00:00:00,2022-02-08T09:00:00,1020.0,1115.0,985.0,1070.0,1064460809.5162013,1070.0,upbit,2026-06-28T04:34:13Z
KRW-XRP,2022-02-09T00:00:00,2022-02-09T09:00:00,1070.0,1105.0,1025.0,1055.0,446282853.5185161,1055.0,upbit,2026-06-28T04:34:13Z
KRW-XRP,2022-02-10T00:00:00,2022-02-10T09:00:00,1055.0,1085.0,1005.0,1010.0,364836636.50418085,1010.0,upbit,2026-06-28T04:34:13Z
KRW-XRP,2022-02-11T00:00:00,2022-02-11T09:00:00,1010.0,1015.0,914.0,929.0,472333586.44393015,929.0,upbit,2026-06-28T04:34:13Z
KRW-XRP,2022-02-12T00:00:00,2022-02-12T09:00:00,929.0,1040.0,910.0,1000.0,554561874.835976,1000.0,upbit,2026-06-28T04:34:13Z
KRW-XRP,2022-02-13T00:00:00,2022-02-13T09:00:00,1005.0,1040.0,981.0,988.0,264616927.44949597,988.0,upbit,2026-06-28T04:34:13Z
KRW-XRP,2022-02-14T00:00:00,2022-02-14T09:00:00,988.0,995.0,951.0,972.0,356980651.7904075,972.0,upbit,2026-06-28T04:34:13Z
KRW-XRP,2022-02-15T00:00:00,2022-02-15T09:00:00,972.0,1035.0,968.0,1030.0,288423067.2423047,1030.0,upbit,2026-06-28T04:34:13Z
KRW-XRP,2022-02-16T00:00:00,2022-02-16T09:00:00,1025.0,1030.0,987.0,1015.0,237526322.22940254,1015.0,upbit,2026-06-28T04:34:13Z
KRW-XRP,2022-02-17T00:00:00,2022-02-17T09:00:00,1015.0,1025.0,924.0,936.0,411739113.32262456,936.0,upbit,2026-06-28T04:34:13Z
KRW-XRP,2022-02-18T00:00:00,2022-02-18T09:00:00,936.0,979.0,928.0,961.0,420610643.27570045,961.0,upbit,2026-06-28T04:34:13Z
KRW-XRP,2022-02-19T00:00:00,2022-02-19T09:00:00,962.0,1035.0,939.0,1005.0,520196375.8583919,1005.0,upbit,2026-06-28T04:34:13Z
KRW-XRP,2022-02-20T00:00:00,2022-02-20T09:00:00,1000.0,1005.0,943.0,954.0,401569859.21212536,954.0,upbit,2026-06-28T04:34:13Z
KRW-XRP,2022-02-21T00:00:00,2022-02-21T09:00:00,955.0,980.0,854.0,863.0,547963292.0224426,863.0,upbit,2026-06-28T04:34:13Z
KRW-XRP,2022-02-22T00:00:00,2022-02-22T09:00:00,863.0,884.0,825.0,877.0,570839881.2862211,877.0,upbit,2026-06-28T04:34:13Z
KRW-XRP,2022-02-23T00:00:00,2022-02-23T09:00:00,877.0,904.0,845.0,853.0,429310077.2060744,853.0,upbit,2026-06-28T04:34:13Z
KRW-XRP,2022-02-24T00:00:00,2022-02-24T09:00:00,852.0,875.0,776.0,852.0,945630161.9243963,852.0,upbit,2026-06-28T04:34:13Z
KRW-XRP,2022-02-25T00:00:00,2022-02-25T09:00:00,853.0,950.0,837.0,939.0,552300006.031038,939.0,upbit,2026-06-28T04:34:13Z
KRW-XRP,2022-02-26T00:00:00,2022-02-26T09:00:00,939.0,962.0,908.0,920.0,467145288.2702258,920.0,upbit,2026-06-28T04:34:13Z
KRW-XRP,2022-02-27T00:00:00,2022-02-27T09:00:00,919.0,934.0,870.0,887.0,466042750.16181725,887.0,upbit,2026-06-28T04:34:13Z
KRW-XRP,2022-02-28T00:00:00,2022-02-28T09:00:00,887.0,955.0,872.0,947.0,514774117.11821306,947.0,upbit,2026-06-28T04:34:13Z
KRW-XRP,2022-03-01T00:00:00,2022-03-01T09:00:00,946.0,974.0,923.0,949.0,530054046.8434062,949.0,upbit,2026-06-28T04:34:13Z
KRW-XRP,2022-03-02T00:00:00,2022-03-02T09:00:00,950.0,953.0,921.0,936.0,321274915.0177106,936.0,upbit,2026-06-28T04:34:13Z
KRW-XRP,2022-03-03T00:00:00,2022-03-03T09:00:00,935.0,963.0,901.0,920.0,362337498.1019556,920.0,upbit,2026-06-28T04:34:13Z
KRW-XRP,2022-03-04T00:00:00,2022-03-04T09:00:00,919.0,923.0,870.0,883.0,349646669.1276107,883.0,upbit,2026-06-28T04:34:13Z
KRW-XRP,2022-03-05T00:00:00,2022-03-05T09:00:00,882.0,953.0,875.0,931.0,397680002.84297055,931.0,upbit,2026-06-28T04:34:13Z
KRW-XRP,2022-03-06T00:00:00,2022-03-06T09:00:00,931.0,938.0,900.0,903.0,273006770.57926244,903.0,upbit,2026-06-28T04:34:13Z
KRW-XRP,2022-03-07T00:00:00,2022-03-07T09:00:00,903.0,936.0,885.0,899.0,488073700.4784525,899.0,upbit,2026-06-28T04:34:13Z
KRW-XRP,2022-03-08T00:00:00,2022-03-08T09:00:00,899.0,908.0,891.0,898.0,235668291.57869208,898.0,upbit,2026-06-28T04:34:13Z
KRW-XRP,2022-03-09T00:00:00,2022-03-09T09:00:00,898.0,949.0,898.0,941.0,365764558.3389953,941.0,upbit,2026-06-28T04:34:13Z
KRW-XRP,2022-03-10T00:00:00,2022-03-10T09:00:00,941.0,959.0,902.0,913.0,389503321.0390508,913.0,upbit,2026-06-28T04:34:13Z
KRW-XRP,2022-03-11T00:00:00,2022-03-11T09:00:00,914.0,1010.0,907.0,1005.0,531076127.81389433,1005.0,upbit,2026-06-28T04:34:13Z
KRW-XRP,2022-03-12T00:00:00,2022-03-12T09:00:00,1005.0,1055.0,973.0,982.0,583459994.4031856,982.0,upbit,2026-06-28T04:34:13Z
KRW-XRP,2022-03-13T00:00:00,2022-03-13T09:00:00,982.0,1005.0,947.0,954.0,319789399.04136246,954.0,upbit,2026-06-28T04:34:13Z
KRW-XRP,2022-03-14T00:00:00,2022-03-14T09:00:00,954.0,966.0,937.0,961.0,287014578.1579012,961.0,upbit,2026-06-28T04:34:13Z
KRW-XRP,2022-03-15T00:00:00,2022-03-15T09:00:00,960.0,963.0,930.0,949.0,198442180.38930812,949.0,upbit,2026-06-28T04:34:13Z
KRW-XRP,2022-03-16T00:00:00,2022-03-16T09:00:00,948.0,976.0,943.0,970.0,351076684.8132137,970.0,upbit,2026-06-28T04:34:13Z
KRW-XRP,2022-03-17T00:00:00,2022-03-17T09:00:00,970.0,981.0,961.0,971.0,219014910.82718548,971.0,upbit,2026-06-28T04:34:13Z
KRW-XRP,2022-03-18T00:00:00,2022-03-18T09:00:00,971.0,979.0,956.0,970.0,223850554.79334006,970.0,upbit,2026-06-28T04:34:13Z
KRW-XRP,2022-03-19T00:00:00,2022-03-19T09:00:00,970.0,1005.0,967.0,994.0,328151590.8210749,994.0,upbit,2026-06-28T04:34:13Z
KRW-XRP,2022-03-20T00:00:00,2022-03-20T09:00:00,993.0,997.0,977.0,985.0,172883565.6799363,985.0,upbit,2026-06-28T04:34:13Z
KRW-XRP,2022-03-21T00:00:00,2022-03-21T09:00:00,985.0,1040.0,968.0,1020.0,274459521.7981639,1020.0,upbit,2026-06-28T04:34:13Z
KRW-XRP,2022-03-22T00:00:00,2022-03-22T09:00:00,1020.0,1050.0,1010.0,1025.0,251446915.8802248,1025.0,upbit,2026-06-28T04:34:13Z
KRW-XRP,2022-03-23T00:00:00,2022-03-23T09:00:00,1025.0,1035.0,1000.0,1020.0,240147567.46213588,1020.0,upbit,2026-06-28T04:34:13Z
KRW-XRP,2022-03-24T00:00:00,2022-03-24T09:00:00,1015.0,1025.0,1005.0,1015.0,209599815.16028255,1015.0,upbit,2026-06-28T04:34:13Z
KRW-XRP,2022-03-25T00:00:00,2022-03-25T09:00:00,1015.0,1020.0,1000.0,1000.0,137757871.74997914,1000.0,upbit,2026-06-28T04:34:13Z
KRW-XRP,2022-03-26T00:00:00,2022-03-26T09:00:00,1000.0,1015.0,995.0,1010.0,106307945.27333821,1010.0,upbit,2026-06-28T04:34:13Z
KRW-XRP,2022-03-27T00:00:00,2022-03-27T09:00:00,1010.0,1030.0,1000.0,1025.0,143288377.61263484,1025.0,upbit,2026-06-28T04:34:13Z
KRW-XRP,2022-03-28T00:00:00,2022-03-28T09:00:00,1030.0,1090.0,1020.0,1040.0,296197746.7601573,1040.0,upbit,2026-06-28T04:34:13Z
KRW-XRP,2022-03-29T00:00:00,2022-03-29T09:00:00,1040.0,1065.0,1015.0,1035.0,204391180.70011228,1035.0,upbit,2026-06-28T04:34:13Z
KRW-XRP,2022-03-30T00:00:00,2022-03-30T09:00:00,1035.0,1050.0,1015.0,1040.0,182944169.4726144,1040.0,upbit,2026-06-28T04:34:13Z
KRW-XRP,2022-03-31T00:00:00,2022-03-31T09:00:00,1040.0,1055.0,1000.0,1000.0,266013105.33255303,1000.0,upbit,2026-06-28T04:34:13Z
KRW-XRP,2022-04-01T00:00:00,2022-04-01T09:00:00,1005.0,1015.0,994.0,1015.0,213713595.1902618,1015.0,upbit,2026-06-28T04:34:13Z
KRW-XRP,2022-04-02T00:00:00,2022-04-02T09:00:00,1015.0,1035.0,1005.0,1005.0,149878894.49683353,1005.0,upbit,2026-06-28T04:34:13Z
KRW-XRP,2022-04-03T00:00:00,2022-04-03T09:00:00,1005.0,1035.0,1000.0,1030.0,120717160.8511472,1030.0,upbit,2026-06-28T04:34:13Z
KRW-XRP,2022-04-04T00:00:00,2022-04-04T09:00:00,1025.0,1030.0,1000.0,1015.0,181559819.22725475,1015.0,upbit,2026-06-28T04:34:13Z
KRW-XRP,2022-04-05T00:00:00,2022-04-05T09:00:00,1015.0,1035.0,1000.0,1010.0,156080017.6916917,1010.0,upbit,2026-06-28T04:34:13Z
KRW-XRP,2022-04-06T00:00:00,2022-04-06T09:00:00,1010.0,1015.0,935.0,937.0,350265849.53976375,937.0,upbit,2026-06-28T04:34:13Z
KRW-XRP,2022-04-07T00:00:00,2022-04-07T09:00:00,937.0,980.0,930.0,975.0,194599298.32691774,975.0,upbit,2026-06-28T04:34:13Z
KRW-XRP,2022-04-08T00:00:00,2022-04-08T09:00:00,975.0,985.0,941.0,947.0,178587631.0749113,947.0,upbit,2026-06-28T04:34:13Z
KRW-XRP,2022-04-09T00:00:00,2022-04-09T09:00:00,948.0,957.0,943.0,952.0,81943886.77143554,952.0,upbit,2026-06-28T04:34:13Z
KRW-XRP,2022-04-10T00:00:00,2022-04-10T09:00:00,952.0,960.0,943.0,946.0,83605434.45991512,946.0,upbit,2026-06-28T04:34:13Z
KRW-XRP,2022-04-11T00:00:00,2022-04-11T09:00:00,946.0,948.0,871.0,880.0,320918337.9857053,880.0,upbit,2026-06-28T04:34:13Z
KRW-XRP,2022-04-12T00:00:00,2022-04-12T09:00:00,880.0,915.0,876.0,901.0,249224883.003015,901.0,upbit,2026-06-28T04:34:13Z
KRW-XRP,2022-04-13T00:00:00,2022-04-13T09:00:00,901.0,912.0,886.0,907.0,162198169.01603848,907.0,upbit,2026-06-28T04:34:13Z
KRW-XRP,2022-04-14T00:00:00,2022-04-14T09:00:00,908.0,929.0,894.0,912.0,190181837.1029685,912.0,upbit,2026-06-28T04:34:13Z
KRW-XRP,2022-04-15T00:00:00,2022-04-15T09:00:00,912.0,998.0,911.0,984.0,560164442.8906823,984.0,upbit,2026-06-28T04:34:13Z
KRW-XRP,2022-04-16T00:00:00,2022-04-16T09:00:00,985.0,1000.0,962.0,977.0,182994617.28437912,977.0,upbit,2026-06-28T04:34:13Z
KRW-XRP,2022-04-17T00:00:00,2022-04-17T09:00:00,976.0,983.0,941.0,947.0,127254058.42239583,947.0,upbit,2026-06-28T04:34:13Z
KRW-XRP,2022-04-18T00:00:00,2022-04-18T09:00:00,947.0,961.0,916.0,959.0,227155375.8297372,959.0,upbit,2026-06-28T04:34:13Z
KRW-XRP,2022-04-19T00:00:00,2022-04-19T09:00:00,960.0,971.0,949.0,962.0,155075164.97142953,962.0,upbit,2026-06-28T04:34:13Z
KRW-XRP,2022-04-20T00:00:00,2022-04-20T09:00:00,962.0,963.0,929.0,936.0,158644784.61159316,936.0,upbit,2026-06-28T04:34:13Z
KRW-XRP,2022-04-21T00:00:00,2022-04-21T09:00:00,936.0,950.0,909.0,920.0,199150225.32688734,920.0,upbit,2026-06-28T04:34:13Z
KRW-XRP,2022-04-22T00:00:00,2022-04-22T09:00:00,920.0,928.0,900.0,903.0,177189134.93899426,903.0,upbit,2026-06-28T04:34:13Z
KRW-XRP,2022-04-23T00:00:00,2022-04-23T09:00:00,902.0,911.0,891.0,892.0,116462115.4947468,892.0,upbit,2026-06-28T04:34:13Z
KRW-XRP,2022-04-24T00:00:00,2022-04-24T09:00:00,891.0,896.0,878.0,880.0,124218137.56290251,880.0,upbit,2026-06-28T04:34:13Z
KRW-XRP,2022-04-25T00:00:00,2022-04-25T09:00:00,880.0,882.0,822.0,869.0,370368747.1178949,869.0,upbit,2026-06-28T04:34:13Z
KRW-XRP,2022-04-26T00:00:00,2022-04-26T09:00:00,870.0,886.0,807.0,821.0,309751827.1519376,821.0,upbit,2026-06-28T04:34:13Z
KRW-XRP,2022-04-27T00:00:00,2022-04-27T09:00:00,821.0,841.0,815.0,831.0,190901432.91781625,831.0,upbit,2026-06-28T04:34:13Z
KRW-XRP,2022-04-28T00:00:00,2022-04-28T09:00:00,832.0,836.0,810.0,819.0,163780086.80478618,819.0,upbit,2026-06-28T04:34:13Z
KRW-XRP,2022-04-29T00:00:00,2022-04-29T09:00:00,820.0,822.0,780.0,789.0,246713181.2595699,789.0,upbit,2026-06-28T04:34:13Z
KRW-XRP,2022-04-30T00:00:00,2022-04-30T09:00:00,788.0,808.0,761.0,767.0,193950470.16400763,767.0,upbit,2026-06-28T04:34:13Z
KRW-XRP,2022-05-01T00:00:00,2022-05-01T09:00:00,767.0,785.0,747.0,779.0,237038170.6036033,779.0,upbit,2026-06-28T04:34:13Z
KRW-XRP,2022-05-02T00:00:00,2022-05-02T09:00:00,780.0,808.0,771.0,789.0,190213389.03817916,789.0,upbit,2026-06-28T04:34:13Z
KRW-XRP,2022-05-03T00:00:00,2022-05-03T09:00:00,789.0,805.0,772.0,781.0,138317229.32918742,781.0,upbit,2026-06-28T04:34:13Z
KRW-XRP,2022-05-04T00:00:00,2022-05-04T09:00:00,781.0,829.0,780.0,824.0,209597018.2263902,824.0,upbit,2026-06-28T04:34:13Z
KRW-XRP,2022-05-05T00:00:00,2022-05-05T09:00:00,824.0,838.0,761.0,779.0,274004154.5918233,779.0,upbit,2026-06-28T04:34:13Z
KRW-XRP,2022-05-06T00:00:00,2022-05-06T09:00:00,779.0,797.0,770.0,785.0,213484621.42521822,785.0,upbit,2026-06-28T04:34:13Z
KRW-XRP,2022-05-07T00:00:00,2022-05-07T09:00:00,786.0,787.0,755.0,762.0,119267362.43543562,762.0,upbit,2026-06-28T04:34:13Z
KRW-XRP,2022-05-08T00:00:00,2022-05-08T09:00:00,761.0,765.0,740.0,744.0,175799266.4629666,744.0,upbit,2026-06-28T04:34:13Z
KRW-XRP,2022-05-09T00:00:00,2022-05-09T09:00:00,744.0,758.0,650.0,665.0,605674631.8441545,665.0,upbit,2026-06-28T04:34:13Z
KRW-XRP,2022-05-10T00:00:00,2022-05-10T09:00:00,665.0,706.0,639.0,678.0,628266772.566917,678.0,upbit,2026-06-28T04:34:13Z
KRW-XRP,2022-05-11T00:00:00,2022-05-11T09:00:00,680.0,696.0,528.0,578.0,1284351538.7255664,578.0,upbit,2026-06-28T04:34:13Z
KRW-XRP,2022-05-12T00:00:00,2022-05-12T09:00:00,578.0,585.0,481.0,521.0,1417779367.8490944,521.0,upbit,2026-06-28T04:34:13Z
KRW-XRP,2022-05-13T00:00:00,2022-05-13T09:00:00,521.0,610.0,513.0,566.0,865412003.2196908,566.0,upbit,2026-06-28T04:34:13Z
KRW-XRP,2022-05-14T00:00:00,2022-05-14T09:00:00,567.0,592.0,531.0,568.0,498665175.76450706,568.0,upbit,2026-06-28T04:34:13Z
KRW-XRP,2022-05-15T00:00:00,2022-05-15T09:00:00,568.0,587.0,552.0,586.0,285168888.1017832,586.0,upbit,2026-06-28T04:34:13Z
KRW-XRP,2022-05-16T00:00:00,2022-05-16T09:00:00,586.0,586.0,544.0,557.0,350552590.08330554,557.0,upbit,2026-06-28T04:34:13Z
KRW-XRP,2022-05-17T00:00:00,2022-05-17T09:00:00,557.0,569.0,544.0,564.0,297702917.133898,564.0,upbit,2026-06-28T04:34:13Z
KRW-XRP,2022-05-18T00:00:00,2022-05-18T09:00:00,564.0,569.0,522.0,523.0,311927853.54845566,523.0,upbit,2026-06-28T04:34:13Z
KRW-XRP,2022-05-19T00:00:00,2022-05-19T09:00:00,523.0,544.0,506.0,539.0,348622610.67514664,539.0,upbit,2026-06-28T04:34:13Z
KRW-XRP,2022-05-20T00:00:00,2022-05-20T09:00:00,538.0,564.0,522.0,531.0,365446037.6817148,531.0,upbit,2026-06-28T04:34:13Z
KRW-XRP,2022-05-21T00:00:00,2022-05-21T09:00:00,532.0,539.0,522.0,534.0,145056234.7529149,534.0,upbit,2026-06-28T04:34:13Z
KRW-XRP,2022-05-22T00:00:00,2022-05-22T09:00:00,534.0,547.0,531.0,543.0,152403698.80141702,543.0,upbit,2026-06-28T04:34:13Z
KRW-XRP,2022-05-23T00:00:00,2022-05-23T09:00:00,543.0,548.0,514.0,519.0,295321587.2049942,519.0,upbit,2026-06-28T04:34:13Z
KRW-XRP,2022-05-24T00:00:00,2022-05-24T09:00:00,520.0,528.0,500.0,521.0,272477128.4027701,521.0,upbit,2026-06-28T04:34:13Z
KRW-XRP,2022-05-25T00:00:00,2022-05-25T09:00:00,522.0,527.0,506.0,521.0,241129692.22476372,521.0,upbit,2026-06-28T04:34:13Z
KRW-XRP,2022-05-26T00:00:00,2022-05-26T09:00:00,522.0,525.0,488.0,507.0,366061707.7031441,507.0,upbit,2026-06-28T04:34:13Z
KRW-XRP,2022-05-27T00:00:00,2022-05-27T09:00:00,506.0,513.0,486.0,492.0,313522181.96800995,492.0,upbit,2026-06-28T04:34:13Z
KRW-XRP,2022-05-28T00:00:00,2022-05-28T09:00:00,492.0,497.0,489.0,493.0,133418713.8833256,493.0,upbit,2026-06-28T04:34:13Z
KRW-XRP,2022-05-29T00:00:00,2022-05-29T09:00:00,493.0,497.0,485.0,495.0,134902508.66076717,495.0,upbit,2026-06-28T04:34:13Z
KRW-XRP,2022-05-30T00:00:00,2022-05-30T09:00:00,494.0,527.0,492.0,522.0,317888534.51562345,522.0,upbit,2026-06-28T04:34:13Z
KRW-XRP,2022-05-31T00:00:00,2022-05-31T09:00:00,523.0,545.0,512.0,529.0,462255725.92479426,529.0,upbit,2026-06-28T04:34:13Z
KRW-XRP,2022-06-01T00:00:00,2022-06-01T09:00:00,530.0,534.0,499.0,506.0,303737722.8530376,506.0,upbit,2026-06-28T04:34:13Z
KRW-XRP,2022-06-02T00:00:00,2022-06-02T09:00:00,505.0,513.0,498.0,510.0,199038216.0288217,510.0,upbit,2026-06-28T04:34:13Z
KRW-XRP,2022-06-03T00:00:00,2022-06-03T09:00:00,511.0,515.0,492.0,498.0,220909201.17490047,498.0,upbit,2026-06-28T04:34:13Z
KRW-XRP,2022-06-04T00:00:00,2022-06-04T09:00:00,498.0,501.0,492.0,499.0,107589731.59935953,499.0,upbit,2026-06-28T04:34:13Z
KRW-XRP,2022-06-05T00:00:00,2022-06-05T09:00:00,499.0,507.0,496.0,502.0,136327634.12100285,502.0,upbit,2026-06-28T04:34:13Z
KRW-XRP,2022-06-06T00:00:00,2022-06-06T09:00:00,502.0,515.0,501.0,507.0,264830960.23437393,507.0,upbit,2026-06-28T04:34:13Z
KRW-XRP,2022-06-07T00:00:00,2022-06-07T09:00:00,508.0,526.0,492.0,516.0,328911772.550482,516.0,upbit,2026-06-28T04:34:13Z
KRW-XRP,2022-06-08T00:00:00,2022-06-08T09:00:00,515.0,519.0,503.0,511.0,188002466.41975075,511.0,upbit,2026-06-28T04:34:13Z
KRW-XRP,2022-06-09T00:00:00,2022-06-09T09:00:00,511.0,512.0,505.0,508.0,106857095.2620055,508.0,upbit,2026-06-28T04:34:13Z
KRW-XRP,2022-06-10T00:00:00,2022-06-10T09:00:00,507.0,525.0,490.0,493.0,300968539.8504521,493.0,upbit,2026-06-28T04:34:13Z
KRW-XRP,2022-06-11T00:00:00,2022-06-11T09:00:00,494.0,500.0,465.0,470.0,278789616.9482635,470.0,upbit,2026-06-28T04:34:13Z
KRW-XRP,2022-06-12T00:00:00,2022-06-12T09:00:00,471.0,473.0,442.0,448.0,354233415.2430043,448.0,upbit,2026-06-28T04:34:13Z
KRW-XRP,2022-06-13T00:00:00,2022-06-13T09:00:00,448.0,456.0,397.0,405.0,828499544.9807861,405.0,upbit,2026-06-28T04:34:13Z
KRW-XRP,2022-06-14T00:00:00,2022-06-14T09:00:00,406.0,424.0,384.0,418.0,654401103.0866469,418.0,upbit,2026-06-28T04:34:13Z
KRW-XRP,2022-06-15T00:00:00,2022-06-15T09:00:00,418.0,449.0,394.0,444.0,634304953.0951672,444.0,upbit,2026-06-28T04:34:13Z
KRW-XRP,2022-06-16T00:00:00,2022-06-16T09:00:00,444.0,448.0,405.0,412.0,396354970.2407225,412.0,upbit,2026-06-28T04:34:13Z
KRW-XRP,2022-06-17T00:00:00,2022-06-17T09:00:00,412.0,444.0,408.0,423.0,370649178.33680314,423.0,upbit,2026-06-28T04:34:13Z
KRW-XRP,2022-06-18T00:00:00,2022-06-18T09:00:00,424.0,430.0,392.0,406.0,412784514.42486215,406.0,upbit,2026-06-28T04:34:13Z
KRW-XRP,2022-06-19T00:00:00,2022-06-19T09:00:00,407.0,430.0,395.0,424.0,340121512.5612703,424.0,upbit,2026-06-28T04:34:13Z
KRW-XRP,2022-06-20T00:00:00,2022-06-20T09:00:00,424.0,427.0,409.0,418.0,338749535.60323095,418.0,upbit,2026-06-28T04:34:13Z
KRW-XRP,2022-06-21T00:00:00,2022-06-21T09:00:00,418.0,436.0,415.0,429.0,365555420.2469431,429.0,upbit,2026-06-28T04:34:13Z
KRW-XRP,2022-06-22T00:00:00,2022-06-22T09:00:00,429.0,429.0,418.0,422.0,270797583.7405692,422.0,upbit,2026-06-28T04:34:13Z
KRW-XRP,2022-06-23T00:00:00,2022-06-23T09:00:00,423.0,437.0,421.0,436.0,227840493.41190428,436.0,upbit,2026-06-28T04:34:13Z
KRW-XRP,2022-06-24T00:00:00,2022-06-24T09:00:00,436.0,503.0,434.0,479.0,836820202.8451749,479.0,upbit,2026-06-28T04:34:13Z
KRW-XRP,2022-06-25T00:00:00,2022-06-25T09:00:00,478.0,487.0,461.0,476.0,253290098.5891046,476.0,upbit,2026-06-28T04:34:13Z
KRW-XRP,2022-06-26T00:00:00,2022-06-26T09:00:00,476.0,486.0,467.0,469.0,219861211.69683978,469.0,upbit,2026-06-28T04:34:13Z
KRW-XRP,2022-06-27T00:00:00,2022-06-27T09:00:00,470.0,477.0,453.0,460.0,268665717.102395,460.0,upbit,2026-06-28T04:34:13Z
KRW-XRP,2022-06-28T00:00:00,2022-06-28T09:00:00,460.0,463.0,440.0,442.0,239540152.82284003,442.0,upbit,2026-06-28T04:34:13Z
KRW-XRP,2022-06-29T00:00:00,2022-06-29T09:00:00,442.0,445.0,423.0,435.0,257852277.66148534,435.0,upbit,2026-06-28T04:34:13Z
KRW-XRP,2022-06-30T00:00:00,2022-06-30T09:00:00,434.0,436.0,406.0,433.0,358200651.977265,433.0,upbit,2026-06-28T04:34:13Z
KRW-XRP,2022-07-01T00:00:00,2022-07-01T09:00:00,433.0,437.0,408.0,416.0,295677745.25940794,416.0,upbit,2026-06-28T04:34:13Z
KRW-XRP,2022-07-02T00:00:00,2022-07-02T09:00:00,417.0,419.0,410.0,416.0,125038376.78547107,416.0,upbit,2026-06-28T04:34:13Z
KRW-XRP,2022-07-03T00:00:00,2022-07-03T09:00:00,417.0,428.0,411.0,424.0,132953439.29892527,424.0,upbit,2026-06-28T04:34:13Z
KRW-XRP,2022-07-04T00:00:00,2022-07-04T09:00:00,424.0,431.0,415.0,429.0,204956882.80680853,429.0,upbit,2026-06-28T04:34:13Z
KRW-XRP,2022-07-05T00:00:00,2022-07-05T09:00:00,429.0,433.0,416.0,428.0,213697055.9442653,428.0,upbit,2026-06-28T04:34:13Z
KRW-XRP,2022-07-06T00:00:00,2022-07-06T09:00:00,427.0,437.0,422.0,435.0,172169012.49706084,435.0,upbit,2026-06-28T04:34:13Z
KRW-XRP,2022-07-07T00:00:00,2022-07-07T09:00:00,435.0,449.0,430.0,445.0,195745283.86057377,445.0,upbit,2026-06-28T04:34:13Z
KRW-XRP,2022-07-08T00:00:00,2022-07-08T09:00:00,446.0,466.0,440.0,446.0,358224509.43478596,446.0,upbit,2026-06-28T04:34:13Z
KRW-XRP,2022-07-09T00:00:00,2022-07-09T09:00:00,446.0,453.0,444.0,449.0,126322121.52844463,449.0,upbit,2026-06-28T04:34:13Z
KRW-XRP,2022-07-10T00:00:00,2022-07-10T09:00:00,449.0,451.0,422.0,426.0,188769445.9512255,426.0,upbit,2026-06-28T04:34:13Z
KRW-XRP,2022-07-11T00:00:00,2022-07-11T09:00:00,426.0,432.0,413.0,418.0,236905522.60940215,418.0,upbit,2026-06-28T04:34:13Z
KRW-XRP,2022-07-12T00:00:00,2022-07-12T09:00:00,418.0,421.0,410.0,414.0,191226371.4831378,414.0,upbit,2026-06-28T04:34:13Z
KRW-XRP,2022-07-13T00:00:00,2022-07-13T09:00:00,414.0,429.0,403.0,426.0,309450819.12284076,426.0,upbit,2026-06-28T04:34:13Z
KRW-XRP,2022-07-14T00:00:00,2022-07-14T09:00:00,426.0,441.0,415.0,440.0,204783751.55083445,440.0,upbit,2026-06-28T04:34:13Z
KRW-XRP,2022-07-15T00:00:00,2022-07-15T09:00:00,440.0,461.0,434.0,443.0,411240294.01214343,443.0,upbit,2026-06-28T04:34:13Z
KRW-XRP,2022-07-16T00:00:00,2022-07-16T09:00:00,441.0,469.0,438.0,460.0,276801595.4254481,460.0,upbit,2026-06-28T04:34:13Z
KRW-XRP,2022-07-17T00:00:00,2022-07-17T09:00:00,461.0,474.0,453.0,454.0,315062413.0823414,454.0,upbit,2026-06-28T04:34:13Z
KRW-XRP,2022-07-18T00:00:00,2022-07-18T09:00:00,454.0,484.0,453.0,478.0,457983291.0259596,478.0,upbit,2026-06-28T04:34:13Z
KRW-XRP,2022-07-19T00:00:00,2022-07-19T09:00:00,478.0,493.0,463.0,490.0,381899827.0147552,490.0,upbit,2026-06-28T04:34:13Z
KRW-XRP,2022-07-20T00:00:00,2022-07-20T09:00:00,490.0,502.0,469.0,477.0,373757821.4103858,477.0,upbit,2026-06-28T04:34:13Z
KRW-XRP,2022-07-21T00:00:00,2022-07-21T09:00:00,477.0,485.0,462.0,481.0,224720987.89241412,481.0,upbit,2026-06-28T04:34:13Z
KRW-XRP,2022-07-22T00:00:00,2022-07-22T09:00:00,482.0,488.0,469.0,474.0,194337862.31297073,474.0,upbit,2026-06-28T04:34:13Z
KRW-XRP,2022-07-23T00:00:00,2022-07-23T09:00:00,474.0,479.0,465.0,475.0,124830112.23530781,475.0,upbit,2026-06-28T04:34:13Z
KRW-XRP,2022-07-24T00:00:00,2022-07-24T09:00:00,476.0,482.0,472.0,473.0,125277381.72792163,473.0,upbit,2026-06-28T04:34:13Z
KRW-XRP,2022-07-25T00:00:00,2022-07-25T09:00:00,474.0,476.0,449.0,451.0,197022905.04234704,451.0,upbit,2026-06-28T04:34:13Z
KRW-XRP,2022-07-26T00:00:00,2022-07-26T09:00:00,450.0,453.0,435.0,451.0,194017923.69054696,451.0,upbit,2026-06-28T04:34:13Z
KRW-XRP,2022-07-27T00:00:00,2022-07-27T09:00:00,451.0,475.0,442.0,473.0,224517605.7945533,473.0,upbit,2026-06-28T04:34:13Z
KRW-XRP,2022-07-28T00:00:00,2022-07-28T09:00:00,473.0,495.0,461.0,490.0,320166389.2339983,490.0,upbit,2026-06-28T04:34:13Z
KRW-XRP,2022-07-29T00:00:00,2022-07-29T09:00:00,490.0,499.0,477.0,487.0,344091696.5486152,487.0,upbit,2026-06-28T04:34:13Z
KRW-XRP,2022-07-30T00:00:00,2022-07-30T09:00:00,486.0,539.0,482.0,513.0,538374319.7625854,513.0,upbit,2026-06-28T04:34:13Z
KRW-XRP,2022-07-31T00:00:00,2022-07-31T09:00:00,512.0,525.0,500.0,501.0,332042843.94014955,501.0,upbit,2026-06-28T04:34:13Z
KRW-XRP,2022-08-01T00:00:00,2022-08-01T09:00:00,500.0,510.0,494.0,503.0,241953084.91697374,503.0,upbit,2026-06-28T04:34:13Z
KRW-XRP,2022-08-02T00:00:00,2022-08-02T09:00:00,502.0,523.0,487.0,497.0,296793068.33423656,497.0,upbit,2026-06-28T04:34:13Z
KRW-XRP,2022-08-03T00:00:00,2022-08-03T09:00:00,497.0,502.0,488.0,496.0,183551337.45228022,496.0,upbit,2026-06-28T04:34:13Z
KRW-XRP,2022-08-04T00:00:00,2022-08-04T09:00:00,496.0,501.0,490.0,497.0,164472009.86716476,497.0,upbit,2026-06-28T04:34:13Z
KRW-XRP,2022-08-05T00:00:00,2022-08-05T09:00:00,496.0,501.0,491.0,497.0,213163583.46766585,497.0,upbit,2026-06-28T04:34:13Z
KRW-XRP,2022-08-06T00:00:00,2022-08-06T09:00:00,496.0,498.0,493.0,494.0,105369412.5080962,494.0,upbit,2026-06-28T04:34:13Z
KRW-XRP,2022-08-07T00:00:00,2022-08-07T09:00:00,493.0,498.0,491.0,493.0,88943281.00064658,493.0,upbit,2026-06-28T04:34:13Z
KRW-XRP,2022-08-08T00:00:00,2022-08-08T09:00:00,494.0,508.0,493.0,500.0,233106128.46402347,500.0,upbit,2026-06-28T04:34:13Z
KRW-XRP,2022-08-09T00:00:00,2022-08-09T09:00:00,500.0,503.0,483.0,491.0,222858052.90764412,491.0,upbit,2026-06-28T04:34:13Z
KRW-XRP,2022-08-10T00:00:00,2022-08-10T09:00:00,492.0,503.0,481.0,503.0,270231992.91840667,503.0,upbit,2026-06-28T04:34:13Z
KRW-XRP,2022-08-11T00:00:00,2022-08-11T09:00:00,502.0,510.0,501.0,504.0,259396886.26486206,504.0,upbit,2026-06-28T04:34:13Z
KRW-XRP,2022-08-12T00:00:00,2022-08-12T09:00:00,504.0,505.0,496.0,503.0,201336181.93744156,503.0,upbit,2026-06-28T04:34:13Z
KRW-XRP,2022-08-13T00:00:00,2022-08-13T09:00:00,504.0,513.0,502.0,504.0,195914870.13183844,504.0,upbit,2026-06-28T04:34:13Z
KRW-XRP,2022-08-14T00:00:00,2022-08-14T09:00:00,504.0,520.0,502.0,505.0,289052110.9234328,505.0,upbit,2026-06-28T04:34:13Z
KRW-XRP,2022-08-15T00:00:00,2022-08-15T09:00:00,504.0,512.0,493.0,505.0,265854009.79890326,505.0,upbit,2026-06-28T04:34:13Z
KRW-XRP,2022-08-16T00:00:00,2022-08-16T09:00:00,505.0,508.0,496.0,507.0,189154832.12207785,507.0,upbit,2026-06-28T04:34:13Z
KRW-XRP,2022-08-17T00:00:00,2022-08-17T09:00:00,508.0,527.0,497.0,512.0,488340967.5604931,512.0,upbit,2026-06-28T04:34:13Z
KRW-XRP,2022-08-18T00:00:00,2022-08-18T09:00:00,513.0,515.0,503.0,507.0,187870455.6875996,507.0,upbit,2026-06-28T04:34:13Z
KRW-XRP,2022-08-19T00:00:00,2022-08-19T09:00:00,507.0,508.0,456.0,460.0,489129700.0188954,460.0,upbit,2026-06-28T04:34:13Z
KRW-XRP,2022-08-20T00:00:00,2022-08-20T09:00:00,460.0,472.0,459.0,468.0,175925567.5334985,468.0,upbit,2026-06-28T04:34:13Z
KRW-XRP,2022-08-21T00:00:00,2022-08-21T09:00:00,468.0,476.0,462.0,473.0,150213587.6914193,473.0,upbit,2026-06-28T04:34:13Z
KRW-XRP,2022-08-22T00:00:00,2022-08-22T09:00:00,472.0,473.0,457.0,471.0,202438089.636982,471.0,upbit,2026-06-28T04:34:13Z
KRW-XRP,2022-08-23T00:00:00,2022-08-23T09:00:00,471.0,473.0,456.0,472.0,171717077.950754,472.0,upbit,2026-06-28T04:34:13Z
KRW-XRP,2022-08-24T00:00:00,2022-08-24T09:00:00,472.0,477.0,463.0,471.0,144284602.05997875,471.0,upbit,2026-06-28T04:34:13Z
KRW-XRP,2022-08-25T00:00:00,2022-08-25T09:00:00,470.0,476.0,466.0,473.0,169883914.39964944,473.0,upbit,2026-06-28T04:34:13Z
KRW-XRP,2022-08-26T00:00:00,2022-08-26T09:00:00,474.0,505.0,457.0,468.0,519515764.131076,468.0,upbit,2026-06-28T04:34:13Z
KRW-XRP,2022-08-27T00:00:00,2022-08-27T09:00:00,468.0,475.0,455.0,463.0,169873221.7319643,463.0,upbit,2026-06-28T04:34:13Z
KRW-XRP,2022-08-28T00:00:00,2022-08-28T09:00:00,464.0,465.0,445.0,447.0,140117397.92354074,447.0,upbit,2026-06-28T04:34:13Z
KRW-XRP,2022-08-29T00:00:00,2022-08-29T09:00:00,447.0,457.0,441.0,457.0,219542942.0081355,457.0,upbit,2026-06-28T04:34:13Z
KRW-XRP,2022-08-30T00:00:00,2022-08-30T09:00:00,457.0,459.0,444.0,449.0,191908375.61937252,449.0,upbit,2026-06-28T04:34:13Z
KRW-XRP,2022-08-31T00:00:00,2022-08-31T09:00:00,450.0,457.0,444.0,450.0,159600257.3024774,450.0,upbit,2026-06-28T04:34:13Z
KRW-XRP,2022-09-01T00:00:00,2022-09-01T09:00:00,449.0,458.0,444.0,456.0,157967065.3031617,456.0,upbit,2026-06-28T04:34:13Z
KRW-XRP,2022-09-02T00:00:00,2022-09-02T09:00:00,456.0,461.0,450.0,457.0,180761650.89600587,457.0,upbit,2026-06-28T04:34:13Z
KRW-XRP,2022-09-03T00:00:00,2022-09-03T09:00:00,458.0,461.0,453.0,456.0,87136006.266839,456.0,upbit,2026-06-28T04:34:13Z
KRW-XRP,2022-09-04T00:00:00,2022-09-04T09:00:00,456.0,460.0,454.0,457.0,80311133.88501541,457.0,upbit,2026-06-28T04:34:13Z
KRW-XRP,2022-09-05T00:00:00,2022-09-05T09:00:00,458.0,460.0,447.0,460.0,169387291.37836614,460.0,upbit,2026-06-28T04:34:13Z
KRW-XRP,2022-09-06T00:00:00,2022-09-06T09:00:00,459.0,472.0,447.0,450.0,319923615.5725074,450.0,upbit,2026-06-28T04:34:13Z
KRW-XRP,2022-09-07T00:00:00,2022-09-07T09:00:00,450.0,470.0,442.0,467.0,223616714.33594057,467.0,upbit,2026-06-28T04:34:13Z
KRW-XRP,2022-09-08T00:00:00,2022-09-08T09:00:00,467.0,478.0,459.0,473.0,215724934.74480203,473.0,upbit,2026-06-28T04:34:13Z
KRW-XRP,2022-09-09T00:00:00,2022-09-09T09:00:00,473.0,494.0,472.0,490.0,338592094.15250427,490.0,upbit,2026-06-28T04:34:13Z
KRW-XRP,2022-09-10T00:00:00,2022-09-10T09:00:00,490.0,498.0,484.0,491.0,184476318.13129562,491.0,upbit,2026-06-28T04:34:13Z
KRW-XRP,2022-09-11T00:00:00,2022-09-11T09:00:00,491.0,495.0,484.0,489.0,130019235.82527877,489.0,upbit,2026-06-28T04:34:13Z
KRW-XRP,2022-09-12T00:00:00,2022-09-12T09:00:00,490.0,493.0,482.0,492.0,222143633.7729408,492.0,upbit,2026-06-28T04:34:13Z
KRW-XRP,2022-09-13T00:00:00,2022-09-13T09:00:00,492.0,493.0,465.0,467.0,346634459.92771935,467.0,upbit,2026-06-28T04:34:13Z
KRW-XRP,2022-09-14T00:00:00,2022-09-14T09:00:00,468.0,483.0,466.0,479.0,199272857.91708398,479.0,upbit,2026-06-28T04:34:13Z
KRW-XRP,2022-09-15T00:00:00,2022-09-15T09:00:00,479.0,480.0,461.0,464.0,239953182.1552127,464.0,upbit,2026-06-28T04:34:13Z
KRW-XRP,2022-09-16T00:00:00,2022-09-16T09:00:00,464.0,504.0,456.0,500.0,324413816.0655519,500.0,upbit,2026-06-28T04:34:13Z
KRW-XRP,2022-09-17T00:00:00,2022-09-17T09:00:00,500.0,534.0,488.0,526.0,532291371.43826497,526.0,upbit,2026-06-28T04:34:13Z
KRW-XRP,2022-09-18T00:00:00,2022-09-18T09:00:00,526.0,559.0,503.0,506.0,813653077.3339077,506.0,upbit,2026-06-28T04:34:13Z
KRW-XRP,2022-09-19T00:00:00,2022-09-19T09:00:00,506.0,554.0,483.0,542.0,850690824.5919206,542.0,upbit,2026-06-28T04:34:13Z
KRW-XRP,2022-09-20T00:00:00,2022-09-20T09:00:00,542.0,595.0,524.0,585.0,1139343437.7244024,585.0,upbit,2026-06-28T04:34:13Z
KRW-XRP,2022-09-21T00:00:00,2022-09-21T09:00:00,584.0,613.0,545.0,565.0,974819584.9220115,565.0,upbit,2026-06-28T04:34:13Z
KRW-XRP,2022-09-22T00:00:00,2022-09-22T09:00:00,565.0,701.0,565.0,691.0,1455891936.9815476,691.0,upbit,2026-06-28T04:34:13Z
KRW-XRP,2022-09-23T00:00:00,2022-09-23T09:00:00,690.0,795.0,659.0,724.0,2749354530.1784167,724.0,upbit,2026-06-28T04:34:13Z
KRW-XRP,2022-09-24T00:00:00,2022-09-24T09:00:00,724.0,744.0,678.0,702.0,985409165.1795855,702.0,upbit,2026-06-28T04:34:13Z
KRW-XRP,2022-09-25T00:00:00,2022-09-25T09:00:00,702.0,746.0,686.0,708.0,1056394184.338291,708.0,upbit,2026-06-28T04:34:13Z
KRW-XRP,2022-09-26T00:00:00,2022-09-26T09:00:00,708.0,721.0,661.0,672.0,739036205.9018629,672.0,upbit,2026-06-28T04:34:13Z
KRW-XRP,2022-09-27T00:00:00,2022-09-27T09:00:00,672.0,695.0,631.0,644.0,736682450.2668583,644.0,upbit,2026-06-28T04:34:13Z
KRW-XRP,2022-09-28T00:00:00,2022-09-28T09:00:00,643.0,656.0,606.0,647.0,720227465.3160803,647.0,upbit,2026-06-28T04:34:13Z
KRW-XRP,2022-09-29T00:00:00,2022-09-29T09:00:00,647.0,727.0,618.0,697.0,880203482.1475946,697.0,upbit,2026-06-28T04:34:13Z
KRW-XRP,2022-09-30T00:00:00,2022-09-30T09:00:00,697.0,711.0,676.0,690.0,741322565.831493,690.0,upbit,2026-06-28T04:34:13Z
KRW-XRP,2022-10-01T00:00:00,2022-10-01T09:00:00,689.0,702.0,675.0,687.0,279168694.53238297,687.0,upbit,2026-06-28T04:34:13Z
KRW-XRP,2022-10-02T00:00:00,2022-10-02T09:00:00,685.0,691.0,650.0,652.0,324427329.63741934,652.0,upbit,2026-06-28T04:34:13Z
KRW-XRP,2022-10-03T00:00:00,2022-10-03T09:00:00,653.0,675.0,637.0,665.0,362612184.2266886,665.0,upbit,2026-06-28T04:34:13Z
KRW-XRP,2022-10-04T00:00:00,2022-10-04T09:00:00,665.0,693.0,653.0,683.0,437418694.99870205,683.0,upbit,2026-06-28T04:34:13Z
KRW-XRP,2022-10-05T00:00:00,2022-10-05T09:00:00,683.0,713.0,675.0,697.0,565229510.1586027,697.0,upbit,2026-06-28T04:34:13Z
KRW-XRP,2022-10-06T00:00:00,2022-10-06T09:00:00,696.0,714.0,695.0,701.0,356459815.15722334,701.0,upbit,2026-06-28T04:34:13Z
KRW-XRP,2022-10-07T00:00:00,2022-10-07T09:00:00,701.0,752.0,688.0,735.0,603321827.9932652,735.0,upbit,2026-06-28T04:34:13Z
KRW-XRP,2022-10-08T00:00:00,2022-10-08T09:00:00,735.0,755.0,732.0,738.0,333776254.72889745,738.0,upbit,2026-06-28T04:34:13Z
KRW-XRP,2022-10-09T00:00:00,2022-10-09T09:00:00,738.0,772.0,722.0,757.0,332825062.0268243,757.0,upbit,2026-06-28T04:34:13Z
KRW-XRP,2022-10-10T00:00:00,2022-10-10T09:00:00,757.0,767.0,707.0,708.0,431001562.16859573,708.0,upbit,2026-06-28T04:34:13Z
KRW-XRP,2022-10-11T00:00:00,2022-10-11T09:00:00,708.0,720.0,686.0,698.0,483872044.21604055,698.0,upbit,2026-06-28T04:34:13Z
KRW-XRP,2022-10-12T00:00:00,2022-10-12T09:00:00,698.0,710.0,693.0,700.0,228125362.29708087,700.0,upbit,2026-06-28T04:34:13Z
KRW-XRP,2022-10-13T00:00:00,2022-10-13T09:00:00,699.0,705.0,638.0,687.0,824790166.3198235,687.0,upbit,2026-06-28T04:34:13Z
KRW-XRP,2022-10-14T00:00:00,2022-10-14T09:00:00,687.0,732.0,685.0,704.0,566979139.6023444,704.0,upbit,2026-06-28T04:34:13Z
KRW-XRP,2022-10-15T00:00:00,2022-10-15T09:00:00,704.0,707.0,691.0,696.0,148745509.4379561,696.0,upbit,2026-06-28T04:34:13Z
KRW-XRP,2022-10-16T00:00:00,2022-10-16T09:00:00,696.0,702.0,677.0,685.0,158345090.4560143,685.0,upbit,2026-06-28T04:34:13Z
KRW-XRP,2022-10-17T00:00:00,2022-10-17T09:00:00,685.0,692.0,664.0,688.0,312159613.1318152,688.0,upbit,2026-06-28T04:34:13Z
KRW-XRP,2022-10-18T00:00:00,2022-10-18T09:00:00,687.0,694.0,661.0,669.0,227492348.8598006,669.0,upbit,2026-06-28T04:34:13Z
KRW-XRP,2022-10-19T00:00:00,2022-10-19T09:00:00,669.0,671.0,650.0,652.0,266452602.76928642,652.0,upbit,2026-06-28T04:34:13Z
KRW-XRP,2022-10-20T00:00:00,2022-10-20T09:00:00,651.0,669.0,625.0,644.0,326795312.0404147,644.0,upbit,2026-06-28T04:34:13Z
KRW-XRP,2022-10-21T00:00:00,2022-10-21T09:00:00,644.0,665.0,632.0,664.0,261710912.78220776,664.0,upbit,2026-06-28T04:34:13Z
KRW-XRP,2022-10-22T00:00:00,2022-10-22T09:00:00,665.0,676.0,657.0,669.0,161379564.63419098,669.0,upbit,2026-06-28T04:34:13Z
KRW-XRP,2022-10-23T00:00:00,2022-10-23T09:00:00,668.0,675.0,651.0,671.0,171957325.11975124,671.0,upbit,2026-06-28T04:34:13Z
KRW-XRP,2022-10-24T00:00:00,2022-10-24T09:00:00,671.0,677.0,645.0,653.0,178109516.7470979,653.0,upbit,2026-06-28T04:34:13Z
KRW-XRP,2022-10-25T00:00:00,2022-10-25T09:00:00,652.0,669.0,638.0,653.0,254623517.31883365,653.0,upbit,2026-06-28T04:34:13Z
KRW-XRP,2022-10-26T00:00:00,2022-10-26T09:00:00,654.0,662.0,649.0,657.0,212761506.66637427,657.0,upbit,2026-06-28T04:34:13Z
KRW-XRP,2022-10-27T00:00:00,2022-10-27T09:00:00,657.0,675.0,648.0,651.0,280522514.5833478,651.0,upbit,2026-06-28T04:34:13Z
KRW-XRP,2022-10-28T00:00:00,2022-10-28T09:00:00,650.0,667.0,646.0,666.0,185182440.76998657,666.0,upbit,2026-06-28T04:34:13Z
KRW-XRP,2022-10-29T00:00:00,2022-10-29T09:00:00,666.0,677.0,655.0,657.0,329676562.5930381,657.0,upbit,2026-06-28T04:34:13Z
KRW-XRP,2022-10-30T00:00:00,2022-10-30T09:00:00,657.0,662.0,642.0,643.0,202540846.69779983,643.0,upbit,2026-06-28T04:34:13Z
KRW-XRP,2022-10-31T00:00:00,2022-10-31T09:00:00,643.0,656.0,632.0,652.0,243460052.7226761,652.0,upbit,2026-06-28T04:34:13Z
KRW-XRP,2022-11-01T00:00:00,2022-11-01T09:00:00,652.0,655.0,639.0,651.0,207566069.7533396,651.0,upbit,2026-06-28T04:34:13Z
KRW-XRP,2022-11-02T00:00:00,2022-11-02T09:00:00,651.0,656.0,636.0,641.0,209357403.59697768,641.0,upbit,2026-06-28T04:34:13Z
KRW-XRP,2022-11-03T00:00:00,2022-11-03T09:00:00,641.0,652.0,640.0,646.0,145918241.86592728,646.0,upbit,2026-06-28T04:34:13Z
KRW-XRP,2022-11-04T00:00:00,2022-11-04T09:00:00,646.0,717.0,644.0,703.0,817765516.3643017,703.0,upbit,2026-06-28T04:34:13Z
KRW-XRP,2022-11-05T00:00:00,2022-11-05T09:00:00,703.0,709.0,685.0,689.0,283305399.8916882,689.0,upbit,2026-06-28T04:34:13Z
KRW-XRP,2022-11-06T00:00:00,2022-11-06T09:00:00,690.0,692.0,660.0,664.0,186257626.87206113,664.0,upbit,2026-06-28T04:34:13Z
KRW-XRP,2022-11-07T00:00:00,2022-11-07T09:00:00,663.0,673.0,648.0,654.0,251011008.81748268,654.0,upbit,2026-06-28T04:34:13Z
KRW-XRP,2022-11-08T00:00:00,2022-11-08T09:00:00,654.0,656.0,539.0,583.0,847303931.3079318,583.0,upbit,2026-06-28T04:34:13Z
KRW-XRP,2022-11-09T00:00:00,2022-11-09T09:00:00,583.0,592.0,463.0,481.0,1068425430.0492966,481.0,upbit,2026-06-28T04:34:13Z
KRW-XRP,2022-11-10T00:00:00,2022-11-10T09:00:00,480.0,559.0,474.0,556.0,995053922.6034727,556.0,upbit,2026-06-28T04:34:13Z
KRW-XRP,2022-11-11T00:00:00,2022-11-11T09:00:00,556.0,563.0,509.0,533.0,485446531.8288406,533.0,upbit,2026-06-28T04:34:13Z
KRW-XRP,2022-11-12T00:00:00,2022-11-12T09:00:00,533.0,534.0,500.0,506.0,292657557.3600038,506.0,upbit,2026-06-28T04:34:13Z
KRW-XRP,2022-11-13T00:00:00,2022-11-13T09:00:00,506.0,512.0,461.0,469.0,402238377.9528187,469.0,upbit,2026-06-28T04:34:13Z
KRW-XRP,2022-11-14T00:00:00,2022-11-14T09:00:00,468.0,520.0,438.0,515.0,1077513642.208282,515.0,upbit,2026-06-28T04:34:13Z
KRW-XRP,2022-11-15T00:00:00,2022-11-15T09:00:00,515.0,539.0,501.0,529.0,687703610.2275078,529.0,upbit,2026-06-28T04:34:13Z
KRW-XRP,2022-11-16T00:00:00,2022-11-16T09:00:00,530.0,534.0,500.0,517.0,397123568.32387716,517.0,upbit,2026-06-28T04:34:13Z
KRW-XRP,2022-11-17T00:00:00,2022-11-17T09:00:00,517.0,533.0,510.0,525.0,395494970.50638586,525.0,upbit,2026-06-28T04:34:13Z
KRW-XRP,2022-11-18T00:00:00,2022-11-18T09:00:00,525.0,531.0,518.0,529.0,233717233.33457124,529.0,upbit,2026-06-28T04:34:13Z
KRW-XRP,2022-11-19T00:00:00,2022-11-19T09:00:00,528.0,535.0,521.0,531.0,156604966.8172769,531.0,upbit,2026-06-28T04:34:13Z
KRW-XRP,2022-11-20T00:00:00,2022-11-20T09:00:00,531.0,548.0,502.0,505.0,321748045.7332203,505.0,upbit,2026-06-28T04:34:13Z
KRW-XRP,2022-11-21T00:00:00,2022-11-21T09:00:00,505.0,519.0,485.0,513.0,394320308.69465846,513.0,upbit,2026-06-28T04:34:13Z
KRW-XRP,2022-11-22T00:00:00,2022-11-22T09:00:00,514.0,526.0,496.0,522.0,311804791.16711944,522.0,upbit,2026-06-28T04:34:13Z
KRW-XRP,2022-11-23T00:00:00,2022-11-23T09:00:00,523.0,529.0,514.0,528.0,231945723.77271852,528.0,upbit,2026-06-28T04:34:13Z
KRW-XRP,2022-11-24T00:00:00,2022-11-24T09:00:00,527.0,555.0,511.0,550.0,312435228.2228848,550.0,upbit,2026-06-28T04:34:13Z
KRW-XRP,2022-11-25T00:00:00,2022-11-25T09:00:00,550.0,575.0,534.0,558.0,382287381.63349813,558.0,upbit,2026-06-28T04:34:13Z
KRW-XRP,2022-11-26T00:00:00,2022-11-26T09:00:00,558.0,568.0,543.0,545.0,173751122.32528397,545.0,upbit,2026-06-28T04:34:13Z
KRW-XRP,2022-11-27T00:00:00,2022-11-27T09:00:00,545.0,566.0,544.0,546.0,207501436.28770623,546.0,upbit,2026-06-28T04:34:13Z
KRW-XRP,2022-11-28T00:00:00,2022-11-28T09:00:00,545.0,549.0,518.0,535.0,266898565.0200296,535.0,upbit,2026-06-28T04:34:13Z
KRW-XRP,2022-11-29T00:00:00,2022-11-29T09:00:00,535.0,550.0,526.0,543.0,204202819.84828645,543.0,upbit,2026-06-28T04:34:13Z
KRW-XRP,2022-11-30T00:00:00,2022-11-30T09:00:00,542.0,555.0,535.0,552.0,210103139.25408986,552.0,upbit,2026-06-28T04:34:13Z
KRW-XRP,2022-12-01T00:00:00,2022-12-01T09:00:00,552.0,553.0,535.0,537.0,145106979.65846983,537.0,upbit,2026-06-28T04:34:13Z
KRW-XRP,2022-12-02T00:00:00,2022-12-02T09:00:00,537.0,538.0,515.0,530.0,157667672.36498266,530.0,upbit,2026-06-28T04:34:13Z
KRW-XRP,2022-12-03T00:00:00,2022-12-03T09:00:00,530.0,534.0,521.0,524.0,93647743.18876542,524.0,upbit,2026-06-28T04:34:13Z
KRW-XRP,2022-12-04T00:00:00,2022-12-04T09:00:00,524.0,528.0,520.0,523.0,97626194.57111932,523.0,upbit,2026-06-28T04:34:13Z
KRW-XRP,2022-12-05T00:00:00,2022-12-05T09:00:00,523.0,526.0,514.0,521.0,175379113.96618754,521.0,upbit,2026-06-28T04:34:13Z
KRW-XRP,2022-12-06T00:00:00,2022-12-06T09:00:00,522.0,524.0,511.0,523.0,135954923.69355544,523.0,upbit,2026-06-28T04:34:13Z
KRW-XRP,2022-12-07T00:00:00,2022-12-07T09:00:00,524.0,524.0,503.0,514.0,166692725.87679577,514.0,upbit,2026-06-28T04:34:13Z
KRW-XRP,2022-12-08T00:00:00,2022-12-08T09:00:00,514.0,527.0,513.0,524.0,149062440.69363466,524.0,upbit,2026-06-28T04:34:13Z
KRW-XRP,2022-12-09T00:00:00,2022-12-09T09:00:00,525.0,525.0,514.0,518.0,113944835.4855722,518.0,upbit,2026-06-28T04:34:13Z
KRW-XRP,2022-12-10T00:00:00,2022-12-10T09:00:00,519.0,519.0,515.0,515.0,75463769.46291678,515.0,upbit,2026-06-28T04:34:13Z
KRW-XRP,2022-12-11T00:00:00,2022-12-11T09:00:00,516.0,517.0,506.0,508.0,81968087.62508437,508.0,upbit,2026-06-28T04:34:13Z
KRW-XRP,2022-12-12T00:00:00,2022-12-12T09:00:00,507.0,518.0,495.0,514.0,184646521.26542714,514.0,upbit,2026-06-28T04:34:13Z
KRW-XRP,2022-12-13T00:00:00,2022-12-13T09:00:00,514.0,521.0,499.0,515.0,275772051.61576164,515.0,upbit,2026-06-28T04:34:13Z
KRW-XRP,2022-12-14T00:00:00,2022-12-14T09:00:00,515.0,516.0,498.0,504.0,154538888.93157563,504.0,upbit,2026-06-28T04:34:13Z
KRW-XRP,2022-12-15T00:00:00,2022-12-15T09:00:00,504.0,507.0,495.0,499.0,147801128.49631423,499.0,upbit,2026-06-28T04:34:13Z
KRW-XRP,2022-12-16T00:00:00,2022-12-16T09:00:00,500.0,500.0,462.0,470.0,279542601.612449,470.0,upbit,2026-06-28T04:34:13Z
KRW-XRP,2022-12-17T00:00:00,2022-12-17T09:00:00,470.0,475.0,461.0,470.0,177406029.923645,470.0,upbit,2026-06-28T04:34:13Z
KRW-XRP,2022-12-18T00:00:00,2022-12-18T09:00:00,471.0,472.0,462.0,465.0,89755675.07088456,465.0,upbit,2026-06-28T04:34:13Z
KRW-XRP,2022-12-19T00:00:00,2022-12-19T09:00:00,465.0,467.0,440.0,447.0,250450938.94375387,447.0,upbit,2026-06-28T04:34:13Z
KRW-XRP,2022-12-20T00:00:00,2022-12-20T09:00:00,447.0,460.0,442.0,455.0,219755900.10788321,455.0,upbit,2026-06-28T04:34:13Z
KRW-XRP,2022-12-21T00:00:00,2022-12-21T09:00:00,455.0,457.0,442.0,450.0,148526470.468809,450.0,upbit,2026-06-28T04:34:13Z
KRW-XRP,2022-12-22T00:00:00,2022-12-22T09:00:00,450.0,455.0,444.0,455.0,149078467.48304603,455.0,upbit,2026-06-28T04:34:13Z
KRW-XRP,2022-12-23T00:00:00,2022-12-23T09:00:00,455.0,462.0,450.0,461.0,112459719.20354486,461.0,upbit,2026-06-28T04:34:13Z
KRW-XRP,2022-12-24T00:00:00,2022-12-24T09:00:00,461.0,462.0,458.0,459.0,48383184.21869987,459.0,upbit,2026-06-28T04:34:13Z
KRW-XRP,2022-12-25T00:00:00,2022-12-25T09:00:00,458.0,459.0,447.0,449.0,84103695.28614455,449.0,upbit,2026-06-28T04:34:13Z
KRW-XRP,2022-12-26T00:00:00,2022-12-26T09:00:00,449.0,475.0,448.0,469.0,196471157.43539265,469.0,upbit,2026-06-28T04:34:13Z
KRW-XRP,2022-12-27T00:00:00,2022-12-27T09:00:00,469.0,479.0,457.0,468.0,243744246.40499836,468.0,upbit,2026-06-28T04:34:13Z
KRW-XRP,2022-12-28T00:00:00,2022-12-28T09:00:00,468.0,471.0,451.0,454.0,220963430.62697658,454.0,upbit,2026-06-28T04:34:13Z
KRW-XRP,2022-12-29T00:00:00,2022-12-29T09:00:00,454.0,456.0,431.0,437.0,257896111.77911106,437.0,upbit,2026-06-28T04:34:13Z
KRW-XRP,2022-12-30T00:00:00,2022-12-30T09:00:00,436.0,439.0,422.0,439.0,187847992.38415557,439.0,upbit,2026-06-28T04:34:13Z
KRW-XRP,2022-12-31T00:00:00,2022-12-31T09:00:00,438.0,441.0,431.0,432.0,97970960.81861661,432.0,upbit,2026-06-28T04:34:13Z
KRW-XRP,2023-01-01T00:00:00,2023-01-01T09:00:00,433.0,433.0,428.0,431.0,76719178.41727424,431.0,upbit,2026-06-28T04:34:13Z
KRW-XRP,2023-01-02T00:00:00,2023-01-02T09:00:00,431.0,453.0,408.0,443.0,364731883.5146406,443.0,upbit,2026-06-28T04:34:13Z
KRW-XRP,2023-01-03T00:00:00,2023-01-03T09:00:00,443.0,448.0,436.0,440.0,175599627.65962794,440.0,upbit,2026-06-28T04:34:13Z
KRW-XRP,2023-01-04T00:00:00,2023-01-04T09:00:00,440.0,450.0,438.0,445.0,180044270.5101887,445.0,upbit,2026-06-28T04:34:13Z
KRW-XRP,2023-01-05T00:00:00,2023-01-05T09:00:00,444.0,447.0,432.0,433.0,167650165.50624135,433.0,upbit,2026-06-28T04:34:13Z
KRW-XRP,2023-01-06T00:00:00,2023-01-06T09:00:00,434.0,438.0,422.0,437.0,170855288.34734738,437.0,upbit,2026-06-28T04:34:13Z
KRW-XRP,2023-01-07T00:00:00,2023-01-07T09:00:00,437.0,441.0,433.0,438.0,83791670.51170589,438.0,upbit,2026-06-28T04:34:13Z
KRW-XRP,2023-01-08T00:00:00,2023-01-08T09:00:00,438.0,439.0,431.0,439.0,120282861.77154186,439.0,upbit,2026-06-28T04:34:13Z
KRW-XRP,2023-01-09T00:00:00,2023-01-09T09:00:00,438.0,449.0,435.0,439.0,391379554.2751507,439.0,upbit,2026-06-28T04:34:13Z
KRW-XRP,2023-01-10T00:00:00,2023-01-10T09:00:00,439.0,445.0,433.0,442.0,202647342.19380584,442.0,upbit,2026-06-28T04:34:13Z
KRW-XRP,2023-01-11T00:00:00,2023-01-11T09:00:00,442.0,474.0,440.0,467.0,541515370.2837217,467.0,upbit,2026-06-28T04:34:13Z
KRW-XRP,2023-01-12T00:00:00,2023-01-12T09:00:00,467.0,476.0,458.0,469.0,357283302.0347997,469.0,upbit,2026-06-28T04:34:13Z
KRW-XRP,2023-01-13T00:00:00,2023-01-13T09:00:00,470.0,482.0,464.0,480.0,288550978.0980483,480.0,upbit,2026-06-28T04:34:13Z
KRW-XRP,2023-01-14T00:00:00,2023-01-14T09:00:00,480.0,507.0,475.0,488.0,639253922.7341664,488.0,upbit,2026-06-28T04:34:13Z
KRW-XRP,2023-01-15T00:00:00,2023-01-15T09:00:00,488.0,490.0,471.0,476.0,301117574.1765923,476.0,upbit,2026-06-28T04:34:13Z
KRW-XRP,2023-01-16T00:00:00,2023-01-16T09:00:00,477.0,503.0,472.0,481.0,456613647.6754532,481.0,upbit,2026-06-28T04:34:13Z
KRW-XRP,2023-01-17T00:00:00,2023-01-17T09:00:00,481.0,494.0,472.0,481.0,262626325.86343506,481.0,upbit,2026-06-28T04:34:13Z
KRW-XRP,2023-01-18T00:00:00,2023-01-18T09:00:00,481.0,492.0,462.0,472.0,432399265.26959324,472.0,upbit,2026-06-28T04:34:13Z
KRW-XRP,2023-01-19T00:00:00,2023-01-19T09:00:00,471.0,493.0,471.0,489.0,275817175.7811132,489.0,upbit,2026-06-28T04:34:13Z
KRW-XRP,2023-01-20T00:00:00,2023-01-20T09:00:00,489.0,511.0,482.0,511.0,278456754.3796305,511.0,upbit,2026-06-28T04:34:13Z
KRW-XRP,2023-01-21T00:00:00,2023-01-21T09:00:00,510.0,519.0,501.0,503.0,341742747.6624517,503.0,upbit,2026-06-28T04:34:13Z
KRW-XRP,2023-01-22T00:00:00,2023-01-22T09:00:00,503.0,512.0,497.0,501.0,240401905.81763887,501.0,upbit,2026-06-28T04:34:13Z
KRW-XRP,2023-01-23T00:00:00,2023-01-23T09:00:00,501.0,544.0,501.0,528.0,685327830.8713267,528.0,upbit,2026-06-28T04:34:13Z
KRW-XRP,2023-01-24T00:00:00,2023-01-24T09:00:00,528.0,538.0,503.0,512.0,366777434.4404441,512.0,upbit,2026-06-28T04:34:13Z
KRW-XRP,2023-01-25T00:00:00,2023-01-25T09:00:00,512.0,527.0,498.0,520.0,307232293.4048597,520.0,upbit,2026-06-28T04:34:13Z
KRW-XRP,2023-01-26T00:00:00,2023-01-26T09:00:00,520.0,521.0,511.0,515.0,236294341.83701602,515.0,upbit,2026-06-28T04:34:13Z
KRW-XRP,2023-01-27T00:00:00,2023-01-27T09:00:00,516.0,519.0,503.0,517.0,207105641.27316052,517.0,upbit,2026-06-28T04:34:13Z
KRW-XRP,2023-01-28T00:00:00,2023-01-28T09:00:00,518.0,523.0,511.0,516.0,158128588.01067618,516.0,upbit,2026-06-28T04:34:13Z
KRW-XRP,2023-01-29T00:00:00,2023-01-29T09:00:00,516.0,521.0,513.0,517.0,152762728.88365543,517.0,upbit,2026-06-28T04:34:13Z
KRW-XRP,2023-01-30T00:00:00,2023-01-30T09:00:00,517.0,528.0,489.0,495.0,342188911.6884643,495.0,upbit,2026-06-28T04:34:13Z
KRW-XRP,2023-01-31T00:00:00,2023-01-31T09:00:00,496.0,514.0,486.0,510.0,254389264.3336357,510.0,upbit,2026-06-28T04:34:13Z
KRW-XRP,2023-02-01T00:00:00,2023-02-01T09:00:00,511.0,519.0,498.0,516.0,252456243.49293762,516.0,upbit,2026-06-28T04:34:13Z
KRW-XRP,2023-02-02T00:00:00,2023-02-02T09:00:00,516.0,523.0,512.0,516.0,203101194.18075502,516.0,upbit,2026-06-28T04:34:13Z
KRW-XRP,2023-02-03T00:00:00,2023-02-03T09:00:00,515.0,519.0,512.0,516.0,189364987.56508404,516.0,upbit,2026-06-28T04:34:13Z
KRW-XRP,2023-02-04T00:00:00,2023-02-04T09:00:00,517.0,527.0,515.0,519.0,158313529.44405282,519.0,upbit,2026-06-28T04:34:13Z
KRW-XRP,2023-02-05T00:00:00,2023-02-05T09:00:00,518.0,520.0,501.0,504.0,222961144.9294209,504.0,upbit,2026-06-28T04:34:13Z
KRW-XRP,2023-02-06T00:00:00,2023-02-06T09:00:00,504.0,512.0,500.0,503.0,196256902.92658067,503.0,upbit,2026-06-28T04:34:13Z
KRW-XRP,2023-02-07T00:00:00,2023-02-07T09:00:00,504.0,512.0,500.0,511.0,200665989.27703816,511.0,upbit,2026-06-28T04:34:13Z
KRW-XRP,2023-02-08T00:00:00,2023-02-08T09:00:00,510.0,512.0,503.0,507.0,161151557.49031395,507.0,upbit,2026-06-28T04:34:13Z
KRW-XRP,2023-02-09T00:00:00,2023-02-09T09:00:00,508.0,520.0,490.0,493.0,403588610.26726854,493.0,upbit,2026-06-28T04:34:13Z
KRW-XRP,2023-02-10T00:00:00,2023-02-10T09:00:00,492.0,499.0,490.0,497.0,197290283.03777152,497.0,upbit,2026-06-28T04:34:13Z
KRW-XRP,2023-02-11T00:00:00,2023-02-11T09:00:00,497.0,498.0,495.0,497.0,95419805.80129653,497.0,upbit,2026-06-28T04:34:13Z
KRW-XRP,2023-02-12T00:00:00,2023-02-12T09:00:00,497.0,498.0,485.0,486.0,121033303.81499682,486.0,upbit,2026-06-28T04:34:13Z
KRW-XRP,2023-02-13T00:00:00,2023-02-13T09:00:00,487.0,490.0,471.0,481.0,242225543.43400714,481.0,upbit,2026-06-28T04:34:13Z
KRW-XRP,2023-02-14T00:00:00,2023-02-14T09:00:00,482.0,497.0,472.0,494.0,220641656.13795096,494.0,upbit,2026-06-28T04:34:13Z
KRW-XRP,2023-02-15T00:00:00,2023-02-15T09:00:00,495.0,516.0,489.0,515.0,236731254.4404291,515.0,upbit,2026-06-28T04:34:13Z
KRW-XRP,2023-02-16T00:00:00,2023-02-16T09:00:00,515.0,519.0,497.0,499.0,312085963.81490254,499.0,upbit,2026-06-28T04:34:13Z
KRW-XRP,2023-02-17T00:00:00,2023-02-17T09:00:00,499.0,514.0,495.0,508.0,212635040.06713602,508.0,upbit,2026-06-28T04:34:13Z
KRW-XRP,2023-02-18T00:00:00,2023-02-18T09:00:00,508.0,513.0,504.0,509.0,132820796.0979048,509.0,upbit,2026-06-28T04:34:13Z
KRW-XRP,2023-02-19T00:00:00,2023-02-19T09:00:00,509.0,512.0,500.0,502.0,197995815.17139423,502.0,upbit,2026-06-28T04:34:13Z
KRW-XRP,2023-02-20T00:00:00,2023-02-20T09:00:00,502.0,523.0,494.0,512.0,374922028.3861425,512.0,upbit,2026-06-28T04:34:13Z
KRW-XRP,2023-02-21T00:00:00,2023-02-21T09:00:00,512.0,519.0,505.0,509.0,284693172.3331878,509.0,upbit,2026-06-28T04:34:13Z
KRW-XRP,2023-02-22T00:00:00,2023-02-22T09:00:00,510.0,520.0,501.0,516.0,272660667.23000145,516.0,upbit,2026-06-28T04:34:13Z
KRW-XRP,2023-02-23T00:00:00,2023-02-23T09:00:00,516.0,518.0,506.0,509.0,179918678.5876553,509.0,upbit,2026-06-28T04:34:13Z
KRW-XRP,2023-02-24T00:00:00,2023-02-24T09:00:00,508.0,511.0,496.0,503.0,210817323.73700872,503.0,upbit,2026-06-28T04:34:13Z
KRW-XRP,2023-02-25T00:00:00,2023-02-25T09:00:00,504.0,505.0,496.0,504.0,127006264.721898,504.0,upbit,2026-06-28T04:34:13Z
KRW-XRP,2023-02-26T00:00:00,2023-02-26T09:00:00,505.0,505.0,500.0,502.0,89084167.3519349,502.0,upbit,2026-06-28T04:34:13Z
KRW-XRP,2023-02-27T00:00:00,2023-02-27T09:00:00,502.0,507.0,495.0,503.0,173272798.16562235,503.0,upbit,2026-06-28T04:34:13Z
KRW-XRP,2023-02-28T00:00:00,2023-02-28T09:00:00,503.0,509.0,496.0,504.0,167321848.36743826,504.0,upbit,2026-06-28T04:34:13Z
KRW-XRP,2023-03-01T00:00:00,2023-03-01T09:00:00,504.0,507.0,499.0,505.0,157911907.71786737,505.0,upbit,2026-06-28T04:34:13Z
KRW-XRP,2023-03-02T00:00:00,2023-03-02T09:00:00,506.0,506.0,497.0,500.0,143936099.34238386,500.0,upbit,2026-06-28T04:34:13Z
KRW-XRP,2023-03-03T00:00:00,2023-03-03T09:00:00,501.0,505.0,481.0,501.0,257988913.893267,501.0,upbit,2026-06-28T04:34:13Z
KRW-XRP,2023-03-04T00:00:00,2023-03-04T09:00:00,501.0,507.0,495.0,499.0,117487492.33486411,499.0,upbit,2026-06-28T04:34:13Z
KRW-XRP,2023-03-05T00:00:00,2023-03-05T09:00:00,499.0,502.0,490.0,491.0,104811167.51043728,491.0,upbit,2026-06-28T04:34:13Z
KRW-XRP,2023-03-06T00:00:00,2023-03-06T09:00:00,490.0,497.0,480.0,491.0,165481021.05000386,491.0,upbit,2026-06-28T04:34:13Z
KRW-XRP,2023-03-07T00:00:00,2023-03-07T09:00:00,491.0,512.0,489.0,505.0,329189377.90485597,505.0,upbit,2026-06-28T04:34:13Z
KRW-XRP,2023-03-08T00:00:00,2023-03-08T09:00:00,505.0,534.0,496.0,519.0,580289057.7311819,519.0,upbit,2026-06-28T04:34:13Z
KRW-XRP,2023-03-09T00:00:00,2023-03-09T09:00:00,519.0,531.0,497.0,501.0,418087492.72724164,501.0,upbit,2026-06-28T04:34:13Z
KRW-XRP,2023-03-10T00:00:00,2023-03-10T09:00:00,501.0,506.0,490.0,501.0,355715100.0707665,501.0,upbit,2026-06-28T04:34:13Z
KRW-XRP,2023-03-11T00:00:00,2023-03-11T09:00:00,502.0,507.0,489.0,493.0,212439919.1001238,493.0,upbit,2026-06-28T04:34:13Z
KRW-XRP,2023-03-12T00:00:00,2023-03-12T09:00:00,493.0,495.0,467.0,494.0,364021787.690678,494.0,upbit,2026-06-28T04:34:13Z
KRW-XRP,2023-03-13T00:00:00,2023-03-13T09:00:00,494.0,502.0,473.0,490.0,546406533.8897247,490.0,upbit,2026-06-28T04:34:13Z
KRW-XRP,2023-03-14T00:00:00,2023-03-14T09:00:00,490.0,505.0,478.0,490.0,546725881.7709333,490.0,upbit,2026-06-28T04:34:13Z
KRW-XRP,2023-03-15T00:00:00,2023-03-15T09:00:00,490.0,494.0,479.0,481.0,292860826.0690029,481.0,upbit,2026-06-28T04:34:13Z
KRW-XRP,2023-03-16T00:00:00,2023-03-16T09:00:00,482.0,488.0,477.0,485.0,157437762.58032113,485.0,upbit,2026-06-28T04:34:13Z
KRW-XRP,2023-03-17T00:00:00,2023-03-17T09:00:00,485.0,506.0,484.0,501.0,395321150.7271951,501.0,upbit,2026-06-28T04:34:13Z
KRW-XRP,2023-03-18T00:00:00,2023-03-18T09:00:00,500.0,515.0,494.0,497.0,305290946.98727876,497.0,upbit,2026-06-28T04:34:13Z
KRW-XRP,2023-03-19T00:00:00,2023-03-19T09:00:00,496.0,529.0,496.0,515.0,497785782.80644315,515.0,upbit,2026-06-28T04:34:13Z
KRW-XRP,2023-03-20T00:00:00,2023-03-20T09:00:00,514.0,519.0,501.0,502.0,275579679.49620575,502.0,upbit,2026-06-28T04:34:13Z
KRW-XRP,2023-03-21T00:00:00,2023-03-21T09:00:00,502.0,654.0,501.0,622.0,1799478616.8625052,622.0,upbit,2026-06-28T04:34:13Z
KRW-XRP,2023-03-22T00:00:00,2023-03-22T09:00:00,622.0,629.0,548.0,562.0,1141317883.626876,562.0,upbit,2026-06-28T04:34:13Z
KRW-XRP,2023-03-23T00:00:00,2023-03-23T09:00:00,561.0,602.0,546.0,585.0,798706583.1211637,585.0,upbit,2026-06-28T04:34:13Z
KRW-XRP,2023-03-24T00:00:00,2023-03-24T09:00:00,585.0,586.0,559.0,570.0,353693471.2330309,570.0,upbit,2026-06-28T04:34:13Z
KRW-XRP,2023-03-25T00:00:00,2023-03-25T09:00:00,570.0,619.0,563.0,592.0,732539369.5661103,592.0,upbit,2026-06-28T04:34:13Z
KRW-XRP,2023-03-26T00:00:00,2023-03-26T09:00:00,592.0,617.0,587.0,595.0,376647608.52696943,595.0,upbit,2026-06-28T04:34:13Z
KRW-XRP,2023-03-27T00:00:00,2023-03-27T09:00:00,596.0,649.0,591.0,638.0,1076742009.229155,638.0,upbit,2026-06-28T04:34:13Z
KRW-XRP,2023-03-28T00:00:00,2023-03-28T09:00:00,637.0,700.0,620.0,679.0,1103338689.5022175,679.0,upbit,2026-06-28T04:34:13Z
KRW-XRP,2023-03-29T00:00:00,2023-03-29T09:00:00,679.0,768.0,679.0,715.0,1388457573.732776,715.0,upbit,2026-06-28T04:34:13Z
KRW-XRP,2023-03-30T00:00:00,2023-03-30T09:00:00,715.0,740.0,690.0,706.0,835594435.2846347,706.0,upbit,2026-06-28T04:34:13Z
KRW-XRP,2023-03-31T00:00:00,2023-03-31T09:00:00,707.0,725.0,700.0,709.0,406233746.04715693,709.0,upbit,2026-06-28T04:34:13Z
KRW-XRP,2023-04-01T00:00:00,2023-04-01T09:00:00,709.0,710.0,658.0,674.0,535138554.1223811,674.0,upbit,2026-06-28T04:34:13Z
KRW-XRP,2023-04-02T00:00:00,2023-04-02T09:00:00,673.0,699.0,662.0,685.0,433892870.21072626,685.0,upbit,2026-06-28T04:34:13Z
KRW-XRP,2023-04-03T00:00:00,2023-04-03T09:00:00,685.0,695.0,643.0,656.0,376251366.0558821,656.0,upbit,2026-06-28T04:34:13Z
KRW-XRP,2023-04-04T00:00:00,2023-04-04T09:00:00,656.0,669.0,645.0,663.0,252776818.87166765,663.0,upbit,2026-06-28T04:34:13Z
KRW-XRP,2023-04-05T00:00:00,2023-04-05T09:00:00,663.0,693.0,658.0,667.0,306584245.59258634,667.0,upbit,2026-06-28T04:34:13Z
KRW-XRP,2023-04-06T00:00:00,2023-04-06T09:00:00,666.0,674.0,654.0,665.0,209325023.92126575,665.0,upbit,2026-06-28T04:34:13Z
KRW-XRP,2023-04-07T00:00:00,2023-04-07T09:00:00,665.0,683.0,660.0,679.0,208085443.15312296,679.0,upbit,2026-06-28T04:34:13Z
KRW-XRP,2023-04-08T00:00:00,2023-04-08T09:00:00,679.0,679.0,668.0,669.0,88666905.8027291,669.0,upbit,2026-06-28T04:34:13Z
KRW-XRP,2023-04-09T00:00:00,2023-04-09T09:00:00,669.0,675.0,661.0,667.0,80937793.22394957,667.0,upbit,2026-06-28T04:34:13Z
KRW-XRP,2023-04-10T00:00:00,2023-04-10T09:00:00,666.0,684.0,662.0,681.0,117138900.85890327,681.0,upbit,2026-06-28T04:34:13Z
KRW-XRP,2023-04-11T00:00:00,2023-04-11T09:00:00,680.0,694.0,675.0,685.0,172077478.32472214,685.0,upbit,2026-06-28T04:34:13Z
KRW-XRP,2023-04-12T00:00:00,2023-04-12T09:00:00,684.0,686.0,666.0,669.0,173297946.3960173,669.0,upbit,2026-06-28T04:34:13Z
KRW-XRP,2023-04-13T00:00:00,2023-04-13T09:00:00,669.0,677.0,667.0,672.0,115325310.40961593,672.0,upbit,2026-06-28T04:34:13Z
KRW-XRP,2023-04-14T00:00:00,2023-04-14T09:00:00,672.0,711.0,671.0,682.0,310158566.3671521,682.0,upbit,2026-06-28T04:34:13Z
KRW-XRP,2023-04-15T00:00:00,2023-04-15T09:00:00,682.0,691.0,678.0,684.0,102970409.76904936,684.0,upbit,2026-06-28T04:34:13Z
KRW-XRP,2023-04-16T00:00:00,2023-04-16T09:00:00,684.0,688.0,678.0,681.0,86062237.09492773,681.0,upbit,2026-06-28T04:34:13Z
KRW-XRP,2023-04-17T00:00:00,2023-04-17T09:00:00,681.0,682.0,668.0,672.0,136204037.40846208,672.0,upbit,2026-06-28T04:34:13Z
KRW-XRP,2023-04-18T00:00:00,2023-04-18T09:00:00,672.0,703.0,669.0,693.0,170351307.98623627,693.0,upbit,2026-06-28T04:34:13Z
KRW-XRP,2023-04-19T00:00:00,2023-04-19T09:00:00,693.0,700.0,646.0,653.0,390948460.54593015,653.0,upbit,2026-06-28T04:34:13Z
KRW-XRP,2023-04-20T00:00:00,2023-04-20T09:00:00,653.0,662.0,617.0,632.0,283088404.10875094,632.0,upbit,2026-06-28T04:34:13Z
KRW-XRP,2023-04-21T00:00:00,2023-04-21T09:00:00,632.0,639.0,588.0,598.0,308566655.6405961,598.0,upbit,2026-06-28T04:34:13Z
KRW-XRP,2023-04-22T00:00:00,2023-04-22T09:00:00,598.0,637.0,591.0,631.0,248771077.72495076,631.0,upbit,2026-06-28T04:34:13Z
KRW-XRP,2023-04-23T00:00:00,2023-04-23T09:00:00,631.0,631.0,612.0,620.0,110311619.8377061,620.0,upbit,2026-06-28T04:34:13Z
KRW-XRP,2023-04-24T00:00:00,2023-04-24T09:00:00,621.0,648.0,601.0,615.0,294528222.2448523,615.0,upbit,2026-06-28T04:34:13Z
KRW-XRP,2023-04-25T00:00:00,2023-04-25T09:00:00,615.0,631.0,602.0,628.0,183039196.27665946,628.0,upbit,2026-06-28T04:34:13Z
KRW-XRP,2023-04-26T00:00:00,2023-04-26T09:00:00,628.0,643.0,590.0,617.0,307821357.1587908,617.0,upbit,2026-06-28T04:34:13Z
KRW-XRP,2023-04-27T00:00:00,2023-04-27T09:00:00,617.0,627.0,611.0,622.0,183782223.1206701,622.0,upbit,2026-06-28T04:34:13Z
KRW-XRP,2023-04-28T00:00:00,2023-04-28T09:00:00,622.0,643.0,618.0,638.0,225359963.61210847,638.0,upbit,2026-06-28T04:34:13Z
KRW-XRP,2023-04-29T00:00:00,2023-04-29T09:00:00,638.0,648.0,631.0,638.0,114762656.32622172,638.0,upbit,2026-06-28T04:34:13Z
KRW-XRP,2023-04-30T00:00:00,2023-04-30T09:00:00,638.0,642.0,628.0,631.0,92193636.85597143,631.0,upbit,2026-06-28T04:34:13Z
KRW-XRP,2023-05-01T00:00:00,2023-05-01T09:00:00,630.0,634.0,613.0,625.0,141454937.3631607,625.0,upbit,2026-06-28T04:34:13Z
KRW-XRP,2023-05-02T00:00:00,2023-05-02T09:00:00,625.0,625.0,615.0,622.0,110334292.0134016,622.0,upbit,2026-06-28T04:34:13Z
KRW-XRP,2023-05-03T00:00:00,2023-05-03T09:00:00,623.0,624.0,604.0,620.0,186872175.50147608,620.0,upbit,2026-06-28T04:34:13Z
KRW-XRP,2023-05-04T00:00:00,2023-05-04T09:00:00,620.0,620.0,610.0,616.0,115600373.90215008,616.0,upbit,2026-06-28T04:34:13Z
KRW-XRP,2023-05-05T00:00:00,2023-05-05T09:00:00,616.0,624.0,611.0,619.0,115729416.31290217,619.0,upbit,2026-06-28T04:34:13Z
KRW-XRP,2023-05-06T00:00:00,2023-05-06T09:00:00,618.0,622.0,608.0,614.0,105567433.00879525,614.0,upbit,2026-06-28T04:34:13Z
KRW-XRP,2023-05-07T00:00:00,2023-05-07T09:00:00,614.0,615.0,600.0,603.0,71315474.03340761,603.0,upbit,2026-06-28T04:34:13Z
KRW-XRP,2023-05-08T00:00:00,2023-05-08T09:00:00,603.0,605.0,565.0,577.0,251437562.00670636,577.0,upbit,2026-06-28T04:34:13Z
KRW-XRP,2023-05-09T00:00:00,2023-05-09T09:00:00,577.0,579.0,565.0,577.0,164250664.9944527,577.0,upbit,2026-06-28T04:34:13Z
KRW-XRP,2023-05-10T00:00:00,2023-05-10T09:00:00,577.0,584.0,561.0,577.0,186525235.3103665,577.0,upbit,2026-06-28T04:34:13Z
KRW-XRP,2023-05-11T00:00:00,2023-05-11T09:00:00,577.0,578.0,560.0,568.0,140525520.2549773,568.0,upbit,2026-06-28T04:34:13Z
KRW-XRP,2023-05-12T00:00:00,2023-05-12T09:00:00,567.0,599.0,563.0,583.0,291835534.4871409,583.0,upbit,2026-06-28T04:34:13Z
KRW-XRP,2023-05-13T00:00:00,2023-05-13T09:00:00,583.0,584.0,575.0,577.0,68305157.42271334,577.0,upbit,2026-06-28T04:34:13Z
KRW-XRP,2023-05-14T00:00:00,2023-05-14T09:00:00,577.0,584.0,573.0,576.0,67731400.40637495,576.0,upbit,2026-06-28T04:34:13Z
KRW-XRP,2023-05-15T00:00:00,2023-05-15T09:00:00,576.0,579.0,571.0,575.0,106745004.09576567,575.0,upbit,2026-06-28T04:34:13Z
KRW-XRP,2023-05-16T00:00:00,2023-05-16T09:00:00,576.0,597.0,566.0,596.0,181416424.55703267,596.0,upbit,2026-06-28T04:34:13Z
KRW-XRP,2023-05-17T00:00:00,2023-05-17T09:00:00,596.0,620.0,591.0,601.0,340139929.0402821,601.0,upbit,2026-06-28T04:34:13Z
KRW-XRP,2023-05-18T00:00:00,2023-05-18T09:00:00,600.0,635.0,594.0,620.0,375015754.01148874,620.0,upbit,2026-06-28T04:34:13Z
KRW-XRP,2023-05-19T00:00:00,2023-05-19T09:00:00,620.0,638.0,615.0,628.0,240498673.94982326,628.0,upbit,2026-06-28T04:34:13Z
KRW-XRP,2023-05-20T00:00:00,2023-05-20T09:00:00,628.0,634.0,622.0,630.0,83554716.64271025,630.0,upbit,2026-06-28T04:34:13Z
KRW-XRP,2023-05-21T00:00:00,2023-05-21T09:00:00,629.0,633.0,614.0,616.0,96823690.62977785,616.0,upbit,2026-06-28T04:34:13Z
KRW-XRP,2023-05-22T00:00:00,2023-05-22T09:00:00,616.0,625.0,606.0,618.0,136014204.9412549,618.0,upbit,2026-06-28T04:34:13Z
KRW-XRP,2023-05-23T00:00:00,2023-05-23T09:00:00,618.0,622.0,614.0,620.0,116055325.99861944,620.0,upbit,2026-06-28T04:34:13Z
KRW-XRP,2023-05-24T00:00:00,2023-05-24T09:00:00,621.0,621.0,601.0,609.0,134763053.51850528,609.0,upbit,2026-06-28T04:34:13Z
KRW-XRP,2023-05-25T00:00:00,2023-05-25T09:00:00,609.0,610.0,599.0,609.0,110473273.94282079,609.0,upbit,2026-06-28T04:34:13Z
KRW-XRP,2023-05-26T00:00:00,2023-05-26T09:00:00,609.0,630.0,607.0,627.0,164528913.43324298,627.0,upbit,2026-06-28T04:34:13Z
KRW-XRP,2023-05-27T00:00:00,2023-05-27T09:00:00,628.0,642.0,624.0,629.0,130955732.13398926,629.0,upbit,2026-06-28T04:34:13Z
KRW-XRP,2023-05-28T00:00:00,2023-05-28T09:00:00,629.0,647.0,628.0,641.0,98924484.8646621,641.0,upbit,2026-06-28T04:34:13Z
KRW-XRP,2023-05-29T00:00:00,2023-05-29T09:00:00,642.0,659.0,635.0,658.0,167834006.92163774,658.0,upbit,2026-06-28T04:34:13Z
KRW-XRP,2023-05-30T00:00:00,2023-05-30T09:00:00,659.0,704.0,653.0,693.0,440385723.00562125,693.0,upbit,2026-06-28T04:34:13Z
KRW-XRP,2023-05-31T00:00:00,2023-05-31T09:00:00,693.0,704.0,670.0,692.0,352874033.99764365,692.0,upbit,2026-06-28T04:34:13Z
KRW-XRP,2023-06-01T00:00:00,2023-06-01T09:00:00,692.0,692.0,673.0,676.0,181604176.61081293,676.0,upbit,2026-06-28T04:34:13Z
KRW-XRP,2023-06-02T00:00:00,2023-06-02T09:00:00,676.0,698.0,673.0,695.0,164960354.80834112,695.0,upbit,2026-06-28T04:34:13Z
KRW-XRP,2023-06-03T00:00:00,2023-06-03T09:00:00,694.0,704.0,684.0,688.0,122812754.63099843,688.0,upbit,2026-06-28T04:34:13Z
KRW-XRP,2023-06-04T00:00:00,2023-06-04T09:00:00,688.0,720.0,684.0,709.0,184991167.83507812,709.0,upbit,2026-06-28T04:34:13Z
KRW-XRP,2023-06-05T00:00:00,2023-06-05T09:00:00,709.0,718.0,652.0,678.0,445619072.30102026,678.0,upbit,2026-06-28T04:34:13Z
KRW-XRP,2023-06-06T00:00:00,2023-06-06T09:00:00,679.0,702.0,656.0,697.0,349963342.64287794,697.0,upbit,2026-06-28T04:34:13Z
KRW-XRP,2023-06-07T00:00:00,2023-06-07T09:00:00,698.0,710.0,675.0,689.0,339375627.8360889,689.0,upbit,2026-06-28T04:34:13Z
KRW-XRP,2023-06-08T00:00:00,2023-06-08T09:00:00,688.0,695.0,683.0,691.0,141981629.2779526,691.0,upbit,2026-06-28T04:34:13Z
KRW-XRP,2023-06-09T00:00:00,2023-06-09T09:00:00,690.0,710.0,687.0,707.0,198122796.5274411,707.0,upbit,2026-06-28T04:34:13Z
KRW-XRP,2023-06-10T00:00:00,2023-06-10T09:00:00,707.0,708.0,638.0,674.0,580009781.7004474,674.0,upbit,2026-06-28T04:34:13Z
KRW-XRP,2023-06-11T00:00:00,2023-06-11T09:00:00,674.0,700.0,666.0,690.0,164401118.72112137,690.0,upbit,2026-06-28T04:34:13Z
KRW-XRP,2023-06-12T00:00:00,2023-06-12T09:00:00,690.0,694.0,675.0,689.0,179080447.51697773,689.0,upbit,2026-06-28T04:34:13Z
KRW-XRP,2023-06-13T00:00:00,2023-06-13T09:00:00,689.0,735.0,664.0,679.0,691040930.8078254,679.0,upbit,2026-06-28T04:34:13Z
KRW-XRP,2023-06-14T00:00:00,2023-06-14T09:00:00,678.0,681.0,609.0,631.0,399850658.1820058,631.0,upbit,2026-06-28T04:34:13Z
KRW-XRP,2023-06-15T00:00:00,2023-06-15T09:00:00,630.0,638.0,612.0,627.0,266082967.36832514,627.0,upbit,2026-06-28T04:34:13Z
KRW-XRP,2023-06-16T00:00:00,2023-06-16T09:00:00,627.0,630.0,602.0,624.0,261651532.94326836,624.0,upbit,2026-06-28T04:34:13Z
KRW-XRP,2023-06-17T00:00:00,2023-06-17T09:00:00,624.0,637.0,615.0,629.0,148045166.923679,629.0,upbit,2026-06-28T04:34:13Z
KRW-XRP,2023-06-18T00:00:00,2023-06-18T09:00:00,629.0,651.0,625.0,638.0,165246103.3360127,638.0,upbit,2026-06-28T04:34:13Z
KRW-XRP,2023-06-19T00:00:00,2023-06-19T09:00:00,637.0,650.0,632.0,644.0,136490685.59460607,644.0,upbit,2026-06-28T04:34:13Z
KRW-XRP,2023-06-20T00:00:00,2023-06-20T09:00:00,644.0,650.0,622.0,644.0,218560116.77861416,644.0,upbit,2026-06-28T04:34:13Z
KRW-XRP,2023-06-21T00:00:00,2023-06-21T09:00:00,644.0,658.0,640.0,654.0,268650336.23721206,654.0,upbit,2026-06-28T04:34:13Z
KRW-XRP,2023-06-22T00:00:00,2023-06-22T09:00:00,653.0,691.0,641.0,647.0,452855281.01073873,647.0,upbit,2026-06-28T04:34:13Z
KRW-XRP,2023-06-23T00:00:00,2023-06-23T09:00:00,647.0,663.0,643.0,656.0,273879608.04961073,656.0,upbit,2026-06-28T04:34:13Z
KRW-XRP,2023-06-24T00:00:00,2023-06-24T09:00:00,657.0,659.0,642.0,649.0,201999328.86117306,649.0,upbit,2026-06-28T04:34:13Z
KRW-XRP,2023-06-25T00:00:00,2023-06-25T09:00:00,648.0,660.0,644.0,649.0,184947577.94671357,649.0,upbit,2026-06-28T04:34:13Z
KRW-XRP,2023-06-26T00:00:00,2023-06-26T09:00:00,650.0,652.0,628.0,635.0,205266338.61948693,635.0,upbit,2026-06-28T04:34:13Z
KRW-XRP,2023-06-27T00:00:00,2023-06-27T09:00:00,635.0,641.0,631.0,639.0,155451423.94226706,639.0,upbit,2026-06-28T04:34:13Z
KRW-XRP,2023-06-28T00:00:00,2023-06-28T09:00:00,639.0,641.0,610.0,618.0,170410074.6310013,618.0,upbit,2026-06-28T04:34:13Z
KRW-XRP,2023-06-29T00:00:00,2023-06-29T09:00:00,618.0,637.0,614.0,632.0,140638690.87074044,632.0,upbit,2026-06-28T04:34:13Z
KRW-XRP,2023-06-30T00:00:00,2023-06-30T09:00:00,633.0,643.0,604.0,630.0,326094702.1374734,630.0,upbit,2026-06-28T04:34:13Z
KRW-XRP,2023-07-01T00:00:00,2023-07-01T09:00:00,630.0,634.0,620.0,630.0,204314362.72613937,630.0,upbit,2026-06-28T04:34:13Z
KRW-XRP,2023-07-02T00:00:00,2023-07-02T09:00:00,630.0,661.0,625.0,643.0,439522128.23246485,643.0,upbit,2026-06-28T04:34:13Z
KRW-XRP,2023-07-03T00:00:00,2023-07-03T09:00:00,642.0,647.0,635.0,647.0,170527829.1844872,647.0,upbit,2026-06-28T04:34:13Z
KRW-XRP,2023-07-04T00:00:00,2023-07-04T09:00:00,646.0,650.0,636.0,643.0,129794975.7522664,643.0,upbit,2026-06-28T04:34:13Z
KRW-XRP,2023-07-05T00:00:00,2023-07-05T09:00:00,644.0,649.0,621.0,632.0,181889100.54911533,632.0,upbit,2026-06-28T04:34:13Z
KRW-XRP,2023-07-06T00:00:00,2023-07-06T09:00:00,633.0,638.0,616.0,617.0,173372344.0537048,617.0,upbit,2026-06-28T04:34:13Z
KRW-XRP,2023-07-07T00:00:00,2023-07-07T09:00:00,617.0,624.0,613.0,621.0,96916922.9321265,621.0,upbit,2026-06-28T04:34:13Z
KRW-XRP,2023-07-08T00:00:00,2023-07-08T09:00:00,620.0,629.0,617.0,623.0,65625818.25610847,623.0,upbit,2026-06-28T04:34:13Z
KRW-XRP,2023-07-09T00:00:00,2023-07-09T09:00:00,622.0,624.0,617.0,618.0,48383960.8076008,618.0,upbit,2026-06-28T04:34:13Z
KRW-XRP,2023-07-10T00:00:00,2023-07-10T09:00:00,618.0,632.0,614.0,628.0,122792479.1520684,628.0,upbit,2026-06-28T04:34:13Z
KRW-XRP,2023-07-11T00:00:00,2023-07-11T09:00:00,628.0,629.0,621.0,623.0,84862446.94184925,623.0,upbit,2026-06-28T04:34:13Z
KRW-XRP,2023-07-12T00:00:00,2023-07-12T09:00:00,624.0,624.0,612.0,617.0,116032199.62940188,617.0,upbit,2026-06-28T04:34:13Z
KRW-XRP,2023-07-13T00:00:00,2023-07-13T09:00:00,617.0,1125.0,612.0,1040.0,2593243804.3059754,1040.0,upbit,2026-06-28T04:34:13Z
KRW-XRP,2023-07-14T00:00:00,2023-07-14T09:00:00,1040.0,1055.0,875.0,926.0,1646483869.0518625,926.0,upbit,2026-06-28T04:34:13Z
KRW-XRP,2023-07-15T00:00:00,2023-07-15T09:00:00,925.0,944.0,890.0,918.0,717501219.2310817,918.0,upbit,2026-06-28T04:34:13Z
KRW-XRP,2023-07-16T00:00:00,2023-07-16T09:00:00,917.0,1015.0,908.0,961.0,896272556.2075171,961.0,upbit,2026-06-28T04:34:13Z
KRW-XRP,2023-07-17T00:00:00,2023-07-17T09:00:00,961.0,983.0,923.0,947.0,459525084.60558325,947.0,upbit,2026-06-28T04:34:13Z
KRW-XRP,2023-07-18T00:00:00,2023-07-18T09:00:00,947.0,1010.0,941.0,1005.0,553614266.0032004,1005.0,upbit,2026-06-28T04:34:13Z
KRW-XRP,2023-07-19T00:00:00,2023-07-19T09:00:00,1000.0,1090.0,991.0,1050.0,592731640.2024119,1050.0,upbit,2026-06-28T04:34:13Z
KRW-XRP,2023-07-20T00:00:00,2023-07-20T09:00:00,1050.0,1090.0,1000.0,1025.0,350215821.4142158,1025.0,upbit,2026-06-28T04:34:13Z
KRW-XRP,2023-07-21T00:00:00,2023-07-21T09:00:00,1025.0,1035.0,987.0,1005.0,226123222.35506645,1005.0,upbit,2026-06-28T04:34:13Z
KRW-XRP,2023-07-22T00:00:00,2023-07-22T09:00:00,1005.0,1010.0,943.0,955.0,256378927.72482255,955.0,upbit,2026-06-28T04:34:13Z
KRW-XRP,2023-07-23T00:00:00,2023-07-23T09:00:00,955.0,971.0,930.0,956.0,312308012.71629584,956.0,upbit,2026-06-28T04:34:13Z
KRW-XRP,2023-07-24T00:00:00,2023-07-24T09:00:00,956.0,961.0,892.0,912.0,441891566.4545026,912.0,upbit,2026-06-28T04:34:13Z
KRW-XRP,2023-07-25T00:00:00,2023-07-25T09:00:00,912.0,929.0,877.0,919.0,386420500.4399387,919.0,upbit,2026-06-28T04:34:13Z
KRW-XRP,2023-07-26T00:00:00,2023-07-26T09:00:00,919.0,944.0,898.0,925.0,239631726.0735937,925.0,upbit,2026-06-28T04:34:13Z
KRW-XRP,2023-07-27T00:00:00,2023-07-27T09:00:00,924.0,948.0,916.0,925.0,178143310.05662218,925.0,upbit,2026-06-28T04:34:13Z
KRW-XRP,2023-07-28T00:00:00,2023-07-28T09:00:00,926.0,931.0,914.0,922.0,128348199.92527144,922.0,upbit,2026-06-28T04:34:13Z
KRW-XRP,2023-07-29T00:00:00,2023-07-29T09:00:00,921.0,925.0,914.0,919.0,81124728.52254608,919.0,upbit,2026-06-28T04:34:13Z
KRW-XRP,2023-07-30T00:00:00,2023-07-30T09:00:00,920.0,952.0,900.0,911.0,270435583.58825046,911.0,upbit,2026-06-28T04:34:13Z
KRW-XRP,2023-07-31T00:00:00,2023-07-31T09:00:00,911.0,933.0,895.0,906.0,152371366.72330245,906.0,upbit,2026-06-28T04:34:13Z
KRW-XRP,2023-08-01T00:00:00,2023-08-01T09:00:00,907.0,920.0,889.0,919.0,187303629.0537162,919.0,upbit,2026-06-28T04:34:13Z
KRW-XRP,2023-08-02T00:00:00,2023-08-02T09:00:00,919.0,921.0,895.0,902.0,125892574.17431618,902.0,upbit,2026-06-28T04:34:13Z
KRW-XRP,2023-08-03T00:00:00,2023-08-03T09:00:00,902.0,904.0,868.0,872.0,202386190.38939384,872.0,upbit,2026-06-28T04:34:13Z
KRW-XRP,2023-08-04T00:00:00,2023-08-04T09:00:00,873.0,882.0,832.0,842.0,216494887.677723,842.0,upbit,2026-06-28T04:34:13Z
KRW-XRP,2023-08-05T00:00:00,2023-08-05T09:00:00,842.0,842.0,807.0,832.0,211902034.16026312,832.0,upbit,2026-06-28T04:34:13Z
KRW-XRP,2023-08-06T00:00:00,2023-08-06T09:00:00,833.0,847.0,825.0,828.0,110301759.98105362,828.0,upbit,2026-06-28T04:34:13Z
KRW-XRP,2023-08-07T00:00:00,2023-08-07T09:00:00,829.0,834.0,800.0,824.0,205717425.04712346,824.0,upbit,2026-06-28T04:34:13Z
KRW-XRP,2023-08-08T00:00:00,2023-08-08T09:00:00,825.0,855.0,816.0,850.0,150876170.54551837,850.0,upbit,2026-06-28T04:34:13Z
KRW-XRP,2023-08-09T00:00:00,2023-08-09T09:00:00,849.0,884.0,841.0,851.0,263271903.93247882,851.0,upbit,2026-06-28T04:34:13Z
KRW-XRP,2023-08-10T00:00:00,2023-08-10T09:00:00,851.0,855.0,828.0,840.0,165982034.50922105,840.0,upbit,2026-06-28T04:34:13Z
KRW-XRP,2023-08-11T00:00:00,2023-08-11T09:00:00,840.0,853.0,837.0,841.0,87274471.3056483,841.0,upbit,2026-06-28T04:34:13Z
KRW-XRP,2023-08-12T00:00:00,2023-08-12T09:00:00,842.0,844.0,834.0,837.0,51228146.83904202,837.0,upbit,2026-06-28T04:34:13Z
KRW-XRP,2023-08-13T00:00:00,2023-08-13T09:00:00,838.0,850.0,835.0,837.0,51433066.22151097,837.0,upbit,2026-06-28T04:34:13Z
KRW-XRP,2023-08-14T00:00:00,2023-08-14T09:00:00,837.0,849.0,834.0,846.0,77854773.30453277,846.0,upbit,2026-06-28T04:34:13Z
KRW-XRP,2023-08-15T00:00:00,2023-08-15T09:00:00,846.0,847.0,803.0,823.0,125016455.53968526,823.0,upbit,2026-06-28T04:34:13Z
KRW-XRP,2023-08-16T00:00:00,2023-08-16T09:00:00,824.0,837.0,789.0,799.0,316375001.1223073,799.0,upbit,2026-06-28T04:34:13Z
KRW-XRP,2023-08-17T00:00:00,2023-08-17T09:00:00,799.0,808.0,673.0,697.0,546339937.4970651,697.0,upbit,2026-06-28T04:34:13Z
KRW-XRP,2023-08-18T00:00:00,2023-08-18T09:00:00,697.0,717.0,662.0,696.0,534966692.07871664,696.0,upbit,2026-06-28T04:34:13Z
KRW-XRP,2023-08-19T00:00:00,2023-08-19T09:00:00,697.0,724.0,691.0,717.0,221138239.22476986,717.0,upbit,2026-06-28T04:34:13Z
KRW-XRP,2023-08-20T00:00:00,2023-08-20T09:00:00,718.0,767.0,714.0,739.0,346882728.8836387,739.0,upbit,2026-06-28T04:34:13Z
KRW-XRP,2023-08-21T00:00:00,2023-08-21T09:00:00,739.0,741.0,698.0,717.0,229272113.71465588,717.0,upbit,2026-06-28T04:34:13Z
KRW-XRP,2023-08-22T00:00:00,2023-08-22T09:00:00,718.0,719.0,693.0,713.0,167496312.12355474,713.0,upbit,2026-06-28T04:34:13Z
KRW-XRP,2023-08-23T00:00:00,2023-08-23T09:00:00,713.0,728.0,705.0,720.0,134510248.9765976,720.0,upbit,2026-06-28T04:34:13Z
KRW-XRP,2023-08-24T00:00:00,2023-08-24T09:00:00,720.0,722.0,697.0,705.0,120311116.42002903,705.0,upbit,2026-06-28T04:34:13Z
KRW-XRP,2023-08-25T00:00:00,2023-08-25T09:00:00,706.0,723.0,691.0,715.0,196101394.92935437,715.0,upbit,2026-06-28T04:34:13Z
KRW-XRP,2023-08-26T00:00:00,2023-08-26T09:00:00,715.0,718.0,705.0,712.0,68917439.30931479,712.0,upbit,2026-06-28T04:34:13Z
KRW-XRP,2023-08-27T00:00:00,2023-08-27T09:00:00,712.0,720.0,705.0,711.0,70654639.94084077,711.0,upbit,2026-06-28T04:34:13Z
KRW-XRP,2023-08-28T00:00:00,2023-08-28T09:00:00,711.0,711.0,694.0,706.0,110582412.51708117,706.0,upbit,2026-06-28T04:34:13Z
KRW-XRP,2023-08-29T00:00:00,2023-08-29T09:00:00,707.0,743.0,696.0,728.0,286700799.4819234,728.0,upbit,2026-06-28T04:34:13Z
KRW-XRP,2023-08-30T00:00:00,2023-08-30T09:00:00,728.0,729.0,709.0,718.0,156320214.28755766,718.0,upbit,2026-06-28T04:34:13Z
KRW-XRP,2023-08-31T00:00:00,2023-08-31T09:00:00,717.0,720.0,693.0,698.0,162168156.23052934,698.0,upbit,2026-06-28T04:34:13Z
KRW-XRP,2023-09-01T00:00:00,2023-09-01T09:00:00,698.0,700.0,671.0,682.0,200990494.31568944,682.0,upbit,2026-06-28T04:34:13Z
KRW-XRP,2023-09-02T00:00:00,2023-09-02T09:00:00,682.0,685.0,674.0,679.0,122475823.12131645,679.0,upbit,2026-06-28T04:34:13Z
KRW-XRP,2023-09-03T00:00:00,2023-09-03T09:00:00,679.0,697.0,676.0,686.0,95144167.0708039,686.0,upbit,2026-06-28T04:34:13Z
KRW-XRP,2023-09-04T00:00:00,2023-09-04T09:00:00,685.0,695.0,676.0,689.0,113599871.05587184,689.0,upbit,2026-06-28T04:34:13Z
KRW-XRP,2023-09-05T00:00:00,2023-09-05T09:00:00,689.0,689.0,680.0,687.0,107378988.53809215,687.0,upbit,2026-06-28T04:34:13Z
KRW-XRP,2023-09-06T00:00:00,2023-09-06T09:00:00,687.0,688.0,672.0,683.0,95276664.4315579,683.0,upbit,2026-06-28T04:34:13Z
KRW-XRP,2023-09-07T00:00:00,2023-09-07T09:00:00,684.0,688.0,676.0,685.0,87525084.42416798,685.0,upbit,2026-06-28T04:34:13Z
KRW-XRP,2023-09-08T00:00:00,2023-09-08T09:00:00,685.0,689.0,676.0,686.0,91059646.4651177,686.0,upbit,2026-06-28T04:34:13Z
KRW-XRP,2023-09-09T00:00:00,2023-09-09T09:00:00,687.0,688.0,683.0,686.0,44198122.58567223,686.0,upbit,2026-06-28T04:34:13Z
KRW-XRP,2023-09-10T00:00:00,2023-09-10T09:00:00,686.0,686.0,675.0,677.0,77915339.7584092,677.0,upbit,2026-06-28T04:34:13Z
KRW-XRP,2023-09-11T00:00:00,2023-09-11T09:00:00,678.0,679.0,637.0,647.0,267592996.55368108,647.0,upbit,2026-06-28T04:34:13Z
KRW-XRP,2023-09-12T00:00:00,2023-09-12T09:00:00,647.0,659.0,641.0,652.0,186104972.93216535,652.0,upbit,2026-06-28T04:34:13Z
KRW-XRP,2023-09-13T00:00:00,2023-09-13T09:00:00,651.0,664.0,645.0,653.0,160702795.69604212,653.0,upbit,2026-06-28T04:34:13Z
KRW-XRP,2023-09-14T00:00:00,2023-09-14T09:00:00,654.0,668.0,651.0,661.0,143861041.64080447,661.0,upbit,2026-06-28T04:34:13Z
KRW-XRP,2023-09-15T00:00:00,2023-09-15T09:00:00,661.0,686.0,660.0,675.0,203579327.82990733,675.0,upbit,2026-06-28T04:34:13Z
KRW-XRP,2023-09-16T00:00:00,2023-09-16T09:00:00,675.0,681.0,673.0,677.0,115807604.70582247,677.0,upbit,2026-06-28T04:34:13Z
KRW-XRP,2023-09-17T00:00:00,2023-09-17T09:00:00,677.0,677.0,663.0,665.0,106092938.18764505,665.0,upbit,2026-06-28T04:34:13Z
KRW-XRP,2023-09-18T00:00:00,2023-09-18T09:00:00,664.0,681.0,659.0,675.0,138772010.1216543,675.0,upbit,2026-06-28T04:34:13Z
KRW-XRP,2023-09-19T00:00:00,2023-09-19T09:00:00,676.0,692.0,672.0,688.0,128753757.64615016,688.0,upbit,2026-06-28T04:34:13Z
KRW-XRP,2023-09-20T00:00:00,2023-09-20T09:00:00,688.0,706.0,683.0,702.0,182123393.67878544,702.0,upbit,2026-06-28T04:34:13Z
KRW-XRP,2023-09-21T00:00:00,2023-09-21T09:00:00,701.0,702.0,678.0,687.0,146074720.29828867,687.0,upbit,2026-06-28T04:34:13Z
KRW-XRP,2023-09-22T00:00:00,2023-09-22T09:00:00,687.0,699.0,683.0,693.0,91654017.01615848,693.0,upbit,2026-06-28T04:34:13Z
KRW-XRP,2023-09-23T00:00:00,2023-09-23T09:00:00,693.0,695.0,685.0,687.0,63618363.56592218,687.0,upbit,2026-06-28T04:34:13Z
KRW-XRP,2023-09-24T00:00:00,2023-09-24T09:00:00,688.0,692.0,677.0,680.0,80194967.24560156,680.0,upbit,2026-06-28T04:34:13Z
KRW-XRP,2023-09-25T00:00:00,2023-09-25T09:00:00,679.0,684.0,666.0,681.0,122654220.6100798,681.0,upbit,2026-06-28T04:34:13Z
KRW-XRP,2023-09-26T00:00:00,2023-09-26T09:00:00,682.0,688.0,676.0,681.0,103177070.07310629,681.0,upbit,2026-06-28T04:34:13Z
KRW-XRP,2023-09-27T00:00:00,2023-09-27T09:00:00,680.0,690.0,677.0,682.0,115757186.70027415,682.0,upbit,2026-06-28T04:34:13Z
KRW-XRP,2023-09-28T00:00:00,2023-09-28T09:00:00,681.0,692.0,678.0,690.0,119676344.76211151,690.0,upbit,2026-06-28T04:34:13Z
KRW-XRP,2023-09-29T00:00:00,2023-09-29T09:00:00,690.0,745.0,688.0,706.0,426961053.28278625,706.0,upbit,2026-06-28T04:34:13Z
KRW-XRP,2023-09-30T00:00:00,2023-09-30T09:00:00,705.0,707.0,697.0,699.0,112625396.33547713,699.0,upbit,2026-06-28T04:34:13Z
KRW-XRP,2023-10-01T00:00:00,2023-10-01T09:00:00,699.0,709.0,696.0,708.0,95039528.76042342,708.0,upbit,2026-06-28T04:34:13Z
KRW-XRP,2023-10-02T00:00:00,2023-10-02T09:00:00,708.0,713.0,694.0,697.0,129912166.1955958,697.0,upbit,2026-06-28T04:34:13Z
KRW-XRP,2023-10-03T00:00:00,2023-10-03T09:00:00,696.0,747.0,690.0,731.0,272470577.8450688,731.0,upbit,2026-06-28T04:34:13Z
KRW-XRP,2023-10-04T00:00:00,2023-10-04T09:00:00,732.0,737.0,707.0,721.0,300630699.66998446,721.0,upbit,2026-06-28T04:34:13Z
KRW-XRP,2023-10-05T00:00:00,2023-10-05T09:00:00,721.0,721.0,703.0,709.0,142032414.7475449,709.0,upbit,2026-06-28T04:34:13Z
KRW-XRP,2023-10-06T00:00:00,2023-10-06T09:00:00,710.0,715.0,704.0,710.0,101910740.0543414,710.0,upbit,2026-06-28T04:34:13Z
KRW-XRP,2023-10-07T00:00:00,2023-10-07T09:00:00,711.0,712.0,706.0,709.0,46822437.98509593,709.0,upbit,2026-06-28T04:34:13Z
KRW-XRP,2023-10-08T00:00:00,2023-10-08T09:00:00,708.0,711.0,702.0,703.0,59081170.12501643,703.0,upbit,2026-06-28T04:34:13Z
KRW-XRP,2023-10-09T00:00:00,2023-10-09T09:00:00,703.0,708.0,674.0,684.0,188448448.01364002,684.0,upbit,2026-06-28T04:34:13Z
KRW-XRP,2023-10-10T00:00:00,2023-10-10T09:00:00,685.0,685.0,672.0,676.0,116009709.98777302,676.0,upbit,2026-06-28T04:34:13Z
KRW-XRP,2023-10-11T00:00:00,2023-10-11T09:00:00,676.0,678.0,656.0,667.0,157503045.7467884,667.0,upbit,2026-06-28T04:34:13Z
KRW-XRP,2023-10-12T00:00:00,2023-10-12T09:00:00,666.0,667.0,649.0,662.0,151462831.39575848,662.0,upbit,2026-06-28T04:34:13Z
KRW-XRP,2023-10-13T00:00:00,2023-10-13T09:00:00,663.0,673.0,659.0,667.0,96555145.62195748,667.0,upbit,2026-06-28T04:34:13Z
KRW-XRP,2023-10-14T00:00:00,2023-10-14T09:00:00,667.0,671.0,665.0,667.0,69465472.4042181,667.0,upbit,2026-06-28T04:34:13Z
KRW-XRP,2023-10-15T00:00:00,2023-10-15T09:00:00,667.0,670.0,663.0,665.0,101613967.53356346,665.0,upbit,2026-06-28T04:34:13Z
KRW-XRP,2023-10-16T00:00:00,2023-10-16T09:00:00,665.0,695.0,663.0,676.0,220861525.5158948,676.0,upbit,2026-06-28T04:34:13Z
KRW-XRP,2023-10-17T00:00:00,2023-10-17T09:00:00,675.0,676.0,663.0,668.0,123980906.64154114,668.0,upbit,2026-06-28T04:34:13Z
KRW-XRP,2023-10-18T00:00:00,2023-10-18T09:00:00,669.0,672.0,664.0,667.0,124001598.77050138,667.0,upbit,2026-06-28T04:34:13Z
KRW-XRP,2023-10-19T00:00:00,2023-10-19T09:00:00,666.0,713.0,654.0,706.0,336386912.0724199,706.0,upbit,2026-06-28T04:34:13Z
KRW-XRP,2023-10-20T00:00:00,2023-10-20T09:00:00,706.0,723.0,689.0,699.0,355917199.0911892,699.0,upbit,2026-06-28T04:34:13Z
KRW-XRP,2023-10-21T00:00:00,2023-10-21T09:00:00,699.0,720.0,693.0,703.0,155071389.8773455,703.0,upbit,2026-06-28T04:34:13Z
KRW-XRP,2023-10-22T00:00:00,2023-10-22T09:00:00,703.0,708.0,695.0,702.0,112966000.54825957,702.0,upbit,2026-06-28T04:34:13Z
KRW-XRP,2023-10-23T00:00:00,2023-10-23T09:00:00,702.0,735.0,702.0,730.0,309618843.44325036,730.0,upbit,2026-06-28T04:34:13Z
KRW-XRP,2023-10-24T00:00:00,2023-10-24T09:00:00,730.0,790.0,715.0,752.0,658666353.6829463,752.0,upbit,2026-06-28T04:34:13Z
KRW-XRP,2023-10-25T00:00:00,2023-10-25T09:00:00,752.0,761.0,733.0,749.0,220325007.01121643,749.0,upbit,2026-06-28T04:34:13Z
KRW-XRP,2023-10-26T00:00:00,2023-10-26T09:00:00,749.0,769.0,736.0,747.0,264503730.72925586,747.0,upbit,2026-06-28T04:34:13Z
KRW-XRP,2023-10-27T00:00:00,2023-10-27T09:00:00,747.0,754.0,733.0,738.0,133202694.88775872,738.0,upbit,2026-06-28T04:34:13Z
KRW-XRP,2023-10-28T00:00:00,2023-10-28T09:00:00,738.0,747.0,736.0,741.0,92131403.34626032,741.0,upbit,2026-06-28T04:34:13Z
KRW-XRP,2023-10-29T00:00:00,2023-10-29T09:00:00,741.0,760.0,738.0,754.0,136844427.20813698,754.0,upbit,2026-06-28T04:34:13Z
KRW-XRP,2023-10-30T00:00:00,2023-10-30T09:00:00,753.0,796.0,747.0,782.0,322799610.0006803,782.0,upbit,2026-06-28T04:34:13Z
KRW-XRP,2023-10-31T00:00:00,2023-10-31T09:00:00,783.0,847.0,766.0,814.0,573169115.9203569,814.0,upbit,2026-06-28T04:34:13Z
KRW-XRP,2023-11-01T00:00:00,2023-11-01T09:00:00,814.0,834.0,792.0,825.0,303663147.88977253,825.0,upbit,2026-06-28T04:34:13Z
KRW-XRP,2023-11-02T00:00:00,2023-11-02T09:00:00,825.0,845.0,802.0,824.0,330909064.9066735,824.0,upbit,2026-06-28T04:34:13Z
KRW-XRP,2023-11-03T00:00:00,2023-11-03T09:00:00,824.0,825.0,797.0,823.0,220516459.80324787,823.0,upbit,2026-06-28T04:34:13Z
KRW-XRP,2023-11-04T00:00:00,2023-11-04T09:00:00,822.0,832.0,819.0,825.0,152280490.265151,825.0,upbit,2026-06-28T04:34:13Z
KRW-XRP,2023-11-05T00:00:00,2023-11-05T09:00:00,825.0,890.0,824.0,887.0,478687191.5597768,887.0,upbit,2026-06-28T04:34:13Z
KRW-XRP,2023-11-06T00:00:00,2023-11-06T09:00:00,888.0,978.0,883.0,953.0,699046503.2285767,953.0,upbit,2026-06-28T04:34:13Z
KRW-XRP,2023-11-07T00:00:00,2023-11-07T09:00:00,953.0,954.0,881.0,916.0,451187282.08576465,916.0,upbit,2026-06-28T04:34:13Z
KRW-XRP,2023-11-08T00:00:00,2023-11-08T09:00:00,916.0,934.0,898.0,915.0,297369835.74290484,915.0,upbit,2026-06-28T04:34:13Z
KRW-XRP,2023-11-09T00:00:00,2023-11-09T09:00:00,915.0,938.0,861.0,898.0,635238833.7156947,898.0,upbit,2026-06-28T04:34:13Z
KRW-XRP,2023-11-10T00:00:00,2023-11-10T09:00:00,898.0,899.0,864.0,886.0,378109749.37598467,886.0,upbit,2026-06-28T04:34:13Z
KRW-XRP,2023-11-11T00:00:00,2023-11-11T09:00:00,886.0,928.0,863.0,887.0,413200259.39959824,887.0,upbit,2026-06-28T04:34:13Z
KRW-XRP,2023-11-12T00:00:00,2023-11-12T09:00:00,886.0,893.0,868.0,882.0,178930807.78163147,882.0,upbit,2026-06-28T04:34:13Z
KRW-XRP,2023-11-13T00:00:00,2023-11-13T09:00:00,881.0,1000.0,868.0,902.0,556208133.4372238,902.0,upbit,2026-06-28T04:34:13Z
KRW-XRP,2023-11-14T00:00:00,2023-11-14T09:00:00,902.0,905.0,834.0,850.0,449357657.68253434,850.0,upbit,2026-06-28T04:34:13Z
KRW-XRP,2023-11-15T00:00:00,2023-11-15T09:00:00,850.0,867.0,831.0,864.0,247514131.29061568,864.0,upbit,2026-06-28T04:34:13Z
KRW-XRP,2023-11-16T00:00:00,2023-11-16T09:00:00,864.0,873.0,822.0,827.0,321368400.740637,827.0,upbit,2026-06-28T04:34:13Z
KRW-XRP,2023-11-17T00:00:00,2023-11-17T09:00:00,827.0,839.0,798.0,827.0,238736017.98402458,827.0,upbit,2026-06-28T04:34:13Z
KRW-XRP,2023-11-18T00:00:00,2023-11-18T09:00:00,827.0,828.0,799.0,821.0,122905044.80591705,821.0,upbit,2026-06-28T04:34:13Z
KRW-XRP,2023-11-19T00:00:00,2023-11-19T09:00:00,821.0,843.0,810.0,833.0,156835577.2216623,833.0,upbit,2026-06-28T04:34:13Z
KRW-XRP,2023-11-20T00:00:00,2023-11-20T09:00:00,833.0,836.0,820.0,822.0,120027665.18546338,822.0,upbit,2026-06-28T04:34:13Z
KRW-XRP,2023-11-21T00:00:00,2023-11-21T09:00:00,821.0,827.0,783.0,784.0,220847707.2743686,784.0,upbit,2026-06-28T04:34:13Z
KRW-XRP,2023-11-22T00:00:00,2023-11-22T09:00:00,784.0,822.0,783.0,818.0,167374207.4249809,818.0,upbit,2026-06-28T04:34:13Z
KRW-XRP,2023-11-23T00:00:00,2023-11-23T09:00:00,816.0,833.0,811.0,830.0,161250744.76731506,830.0,upbit,2026-06-28T04:34:13Z
KRW-XRP,2023-11-24T00:00:00,2023-11-24T09:00:00,831.0,837.0,827.0,832.0,142448507.53076026,832.0,upbit,2026-06-28T04:34:13Z
KRW-XRP,2023-11-25T00:00:00,2023-11-25T09:00:00,832.0,835.0,824.0,832.0,78925303.235962,832.0,upbit,2026-06-28T04:34:13Z
KRW-XRP,2023-11-26T00:00:00,2023-11-26T09:00:00,832.0,852.0,822.0,826.0,190214986.2976595,826.0,upbit,2026-06-28T04:34:13Z
KRW-XRP,2023-11-27T00:00:00,2023-11-27T09:00:00,825.0,828.0,804.0,815.0,160771247.7158325,815.0,upbit,2026-06-28T04:34:13Z
KRW-XRP,2023-11-28T00:00:00,2023-11-28T09:00:00,815.0,820.0,801.0,816.0,119906469.2995727,816.0,upbit,2026-06-28T04:34:13Z
KRW-XRP,2023-11-29T00:00:00,2023-11-29T09:00:00,815.0,823.0,811.0,816.0,110450487.25847289,816.0,upbit,2026-06-28T04:34:13Z
KRW-XRP,2023-11-30T00:00:00,2023-11-30T09:00:00,817.0,817.0,805.0,812.0,112061555.1073725,812.0,upbit,2026-06-28T04:34:13Z
KRW-XRP,2023-12-01T00:00:00,2023-12-01T09:00:00,812.0,822.0,809.0,818.0,94764489.86163424,818.0,upbit,2026-06-28T04:34:13Z
KRW-XRP,2023-12-02T00:00:00,2023-12-02T09:00:00,818.0,828.0,817.0,826.0,84854934.10829838,826.0,upbit,2026-06-28T04:34:13Z
KRW-XRP,2023-12-03T00:00:00,2023-12-03T09:00:00,827.0,847.0,825.0,836.0,161358520.688661,836.0,upbit,2026-06-28T04:34:13Z
KRW-XRP,2023-12-04T00:00:00,2023-12-04T09:00:00,836.0,862.0,828.0,845.0,318750471.2243411,845.0,upbit,2026-06-28T04:34:13Z
KRW-XRP,2023-12-05T00:00:00,2023-12-05T09:00:00,845.0,852.0,826.0,847.0,242616546.90335578,847.0,upbit,2026-06-28T04:34:13Z
KRW-XRP,2023-12-06T00:00:00,2023-12-06T09:00:00,847.0,887.0,844.0,881.0,466555564.4082047,881.0,upbit,2026-06-28T04:34:13Z
KRW-XRP,2023-12-07T00:00:00,2023-12-07T09:00:00,882.0,900.0,856.0,881.0,359039531.59601986,881.0,upbit,2026-06-28T04:34:13Z
KRW-XRP,2023-12-08T00:00:00,2023-12-08T09:00:00,881.0,918.0,870.0,915.0,356382182.70236266,915.0,upbit,2026-06-28T04:34:13Z
KRW-XRP,2023-12-09T00:00:00,2023-12-09T09:00:00,914.0,950.0,903.0,905.0,484660056.523696,905.0,upbit,2026-06-28T04:34:13Z
KRW-XRP,2023-12-10T00:00:00,2023-12-10T09:00:00,905.0,919.0,885.0,904.0,217795612.1916786,904.0,upbit,2026-06-28T04:34:13Z
KRW-XRP,2023-12-11T00:00:00,2023-12-11T09:00:00,904.0,906.0,832.0,854.0,434895576.88984793,854.0,upbit,2026-06-28T04:34:13Z
KRW-XRP,2023-12-12T00:00:00,2023-12-12T09:00:00,853.0,865.0,845.0,858.0,261007806.30658555,858.0,upbit,2026-06-28T04:34:13Z
KRW-XRP,2023-12-13T00:00:00,2023-12-13T09:00:00,859.0,877.0,835.0,865.0,247427395.29166326,865.0,upbit,2026-06-28T04:34:13Z
KRW-XRP,2023-12-14T00:00:00,2023-12-14T09:00:00,864.0,870.0,848.0,862.0,230676567.5877,862.0,upbit,2026-06-28T04:34:13Z
KRW-XRP,2023-12-15T00:00:00,2023-12-15T09:00:00,863.0,884.0,851.0,852.0,215062167.07305086,852.0,upbit,2026-06-28T04:34:13Z
KRW-XRP,2023-12-16T00:00:00,2023-12-16T09:00:00,852.0,857.0,843.0,851.0,103103488.25612451,851.0,upbit,2026-06-28T04:34:13Z
KRW-XRP,2023-12-17T00:00:00,2023-12-17T09:00:00,851.0,854.0,835.0,837.0,112777374.56042287,837.0,upbit,2026-06-28T04:34:13Z
KRW-XRP,2023-12-18T00:00:00,2023-12-18T09:00:00,838.0,841.0,794.0,834.0,336424882.087501,834.0,upbit,2026-06-28T04:34:13Z
KRW-XRP,2023-12-19T00:00:00,2023-12-19T09:00:00,834.0,838.0,816.0,827.0,143194919.32394302,827.0,upbit,2026-06-28T04:34:13Z
KRW-XRP,2023-12-20T00:00:00,2023-12-20T09:00:00,827.0,848.0,820.0,838.0,182963290.47671166,838.0,upbit,2026-06-28T04:34:13Z
KRW-XRP,2023-12-21T00:00:00,2023-12-21T09:00:00,837.0,846.0,831.0,845.0,151137174.18733102,845.0,upbit,2026-06-28T04:34:13Z
KRW-XRP,2023-12-22T00:00:00,2023-12-22T09:00:00,846.0,860.0,836.0,846.0,218517614.95046085,846.0,upbit,2026-06-28T04:34:13Z
KRW-XRP,2023-12-23T00:00:00,2023-12-23T09:00:00,845.0,847.0,832.0,839.0,108182510.77997775,839.0,upbit,2026-06-28T04:34:13Z
KRW-XRP,2023-12-24T00:00:00,2023-12-24T09:00:00,839.0,845.0,821.0,825.0,171903384.48312882,825.0,upbit,2026-06-28T04:34:13Z
KRW-XRP,2023-12-25T00:00:00,2023-12-25T09:00:00,825.0,866.0,819.0,860.0,304475592.1722825,860.0,upbit,2026-06-28T04:34:13Z
KRW-XRP,2023-12-26T00:00:00,2023-12-26T09:00:00,859.0,861.0,819.0,833.0,213528561.9924255,833.0,upbit,2026-06-28T04:34:13Z
KRW-XRP,2023-12-27T00:00:00,2023-12-27T09:00:00,833.0,854.0,821.0,847.0,193245713.16508538,847.0,upbit,2026-06-28T04:34:13Z
KRW-XRP,2023-12-28T00:00:00,2023-12-28T09:00:00,846.0,874.0,838.0,847.0,318821419.75745153,847.0,upbit,2026-06-28T04:34:13Z
KRW-XRP,2023-12-29T00:00:00,2023-12-29T09:00:00,848.0,848.0,829.0,836.0,184718156.28146,836.0,upbit,2026-06-28T04:34:13Z
KRW-XRP,2023-12-30T00:00:00,2023-12-30T09:00:00,835.0,845.0,831.0,835.0,110863743.95642023,835.0,upbit,2026-06-28T04:34:13Z
KRW-XRP,2023-12-31T00:00:00,2023-12-31T09:00:00,835.0,841.0,826.0,832.0,99746154.07295449,832.0,upbit,2026-06-28T04:34:13Z
KRW-XRP,2024-01-01T00:00:00,2024-01-01T09:00:00,832.0,840.0,825.0,838.0,109778469.83264299,838.0,upbit,2026-06-28T04:34:13Z
KRW-XRP,2024-01-02T00:00:00,2024-01-02T09:00:00,839.0,852.0,834.0,838.0,202232664.20174858,838.0,upbit,2026-06-28T04:34:13Z
KRW-XRP,2024-01-03T00:00:00,2024-01-03T09:00:00,838.0,854.0,700.0,796.0,692341035.2517552,796.0,upbit,2026-06-28T04:34:13Z
KRW-XRP,2024-01-04T00:00:00,2024-01-04T09:00:00,796.0,800.0,768.0,791.0,247156193.88997957,791.0,upbit,2026-06-28T04:34:13Z
KRW-XRP,2024-01-05T00:00:00,2024-01-05T09:00:00,791.0,793.0,754.0,774.0,200065055.22252446,774.0,upbit,2026-06-28T04:34:13Z
KRW-XRP,2024-01-06T00:00:00,2024-01-06T09:00:00,774.0,774.0,753.0,767.0,113601037.99562079,767.0,upbit,2026-06-28T04:34:13Z
KRW-XRP,2024-01-07T00:00:00,2024-01-07T09:00:00,767.0,778.0,733.0,741.0,172760305.69321623,741.0,upbit,2026-06-28T04:34:13Z
KRW-XRP,2024-01-08T00:00:00,2024-01-08T09:00:00,742.0,803.0,732.0,776.0,481809943.3194218,776.0,upbit,2026-06-28T04:34:13Z
KRW-XRP,2024-01-09T00:00:00,2024-01-09T09:00:00,776.0,777.0,746.0,763.0,237857795.30272296,763.0,upbit,2026-06-28T04:34:13Z
KRW-XRP,2024-01-10T00:00:00,2024-01-10T09:00:00,763.0,836.0,739.0,818.0,434604148.3631036,818.0,upbit,2026-06-28T04:34:13Z
KRW-XRP,2024-01-11T00:00:00,2024-01-11T09:00:00,819.0,849.0,800.0,825.0,479756969.22841465,825.0,upbit,2026-06-28T04:34:13Z
KRW-XRP,2024-01-12T00:00:00,2024-01-12T09:00:00,825.0,827.0,778.0,791.0,318769822.93462795,791.0,upbit,2026-06-28T04:34:13Z
KRW-XRP,2024-01-13T00:00:00,2024-01-13T09:00:00,791.0,798.0,771.0,791.0,154753474.6657516,791.0,upbit,2026-06-28T04:34:13Z
KRW-XRP,2024-01-14T00:00:00,2024-01-14T09:00:00,791.0,815.0,786.0,792.0,145341242.4378295,792.0,upbit,2026-06-28T04:34:13Z
KRW-XRP,2024-01-15T00:00:00,2024-01-15T09:00:00,792.0,810.0,783.0,791.0,152241279.35850555,791.0,upbit,2026-06-28T04:34:13Z
KRW-XRP,2024-01-16T00:00:00,2024-01-16T09:00:00,791.0,796.0,782.0,791.0,135796288.85685474,791.0,upbit,2026-06-28T04:34:13Z
KRW-XRP,2024-01-17T00:00:00,2024-01-17T09:00:00,791.0,791.0,777.0,782.0,111234328.91075787,782.0,upbit,2026-06-28T04:34:13Z
KRW-XRP,2024-01-18T00:00:00,2024-01-18T09:00:00,782.0,782.0,759.0,766.0,145087205.67424664,766.0,upbit,2026-06-28T04:34:13Z
KRW-XRP,2024-01-19T00:00:00,2024-01-19T09:00:00,765.0,769.0,729.0,755.0,195793543.5481758,755.0,upbit,2026-06-28T04:34:13Z
KRW-XRP,2024-01-20T00:00:00,2024-01-20T09:00:00,754.0,766.0,745.0,763.0,86677830.20776667,763.0,upbit,2026-06-28T04:34:13Z
KRW-XRP,2024-01-21T00:00:00,2024-01-21T09:00:00,764.0,768.0,754.0,754.0,72167486.80250363,754.0,upbit,2026-06-28T04:34:13Z
KRW-XRP,2024-01-22T00:00:00,2024-01-22T09:00:00,754.0,758.0,723.0,729.0,185714247.41349825,729.0,upbit,2026-06-28T04:34:13Z
KRW-XRP,2024-01-23T00:00:00,2024-01-23T09:00:00,729.0,736.0,689.0,720.0,320073709.8228904,720.0,upbit,2026-06-28T04:34:13Z
KRW-XRP,2024-01-24T00:00:00,2024-01-24T09:00:00,720.0,720.0,705.0,713.0,130421546.26561011,713.0,upbit,2026-06-28T04:34:13Z
KRW-XRP,2024-01-25T00:00:00,2024-01-25T09:00:00,713.0,714.0,698.0,708.0,125360102.87430406,708.0,upbit,2026-06-28T04:34:13Z
KRW-XRP,2024-01-26T00:00:00,2024-01-26T09:00:00,709.0,738.0,702.0,732.0,160222986.52161044,732.0,upbit,2026-06-28T04:34:13Z
KRW-XRP,2024-01-27T00:00:00,2024-01-27T09:00:00,732.0,738.0,725.0,732.0,72221290.87713845,732.0,upbit,2026-06-28T04:34:13Z
KRW-XRP,2024-01-28T00:00:00,2024-01-28T09:00:00,732.0,737.0,716.1,721.0,71714242.54947709,721.0,upbit,2026-06-28T04:34:13Z
KRW-XRP,2024-01-29T00:00:00,2024-01-29T09:00:00,721.0,736.0,715.6,730.9,105926261.11584263,730.9,upbit,2026-06-28T04:34:13Z
KRW-XRP,2024-01-30T00:00:00,2024-01-30T09:00:00,730.9,735.0,699.2,701.7,254020657.58040532,701.7,upbit,2026-06-28T04:34:13Z
KRW-XRP,2024-01-31T00:00:00,2024-01-31T09:00:00,701.8,705.8,682.3,694.6,253972564.67342135,694.6,upbit,2026-06-28T04:34:13Z
KRW-XRP,2024-02-01T00:00:00,2024-02-01T09:00:00,694.6,699.5,676.2,695.2,189503352.50103885,695.2,upbit,2026-06-28T04:34:13Z
KRW-XRP,2024-02-02T00:00:00,2024-02-02T09:00:00,695.2,705.9,685.6,700.7,120704882.31390953,700.7,upbit,2026-06-28T04:34:13Z
KRW-XRP,2024-02-03T00:00:00,2024-02-03T09:00:00,700.8,726.5,695.0,714.5,218065908.836265,714.5,upbit,2026-06-28T04:34:13Z
KRW-XRP,2024-02-04T00:00:00,2024-02-04T09:00:00,714.5,715.5,693.7,695.0,105778288.39020261,695.0,upbit,2026-06-28T04:34:13Z
KRW-XRP,2024-02-05T00:00:00,2024-02-05T09:00:00,695.2,708.2,686.5,698.3,137639745.86336568,698.3,upbit,2026-06-28T04:34:13Z
KRW-XRP,2024-02-06T00:00:00,2024-02-06T09:00:00,698.3,698.9,686.7,692.0,113826432.74106197,692.0,upbit,2026-06-28T04:34:13Z
KRW-XRP,2024-02-07T00:00:00,2024-02-07T09:00:00,692.2,701.2,686.8,698.6,153608426.8237492,698.6,upbit,2026-06-28T04:34:13Z
KRW-XRP,2024-02-08T00:00:00,2024-02-08T09:00:00,698.6,706.7,696.4,704.2,147980352.5578206,704.2,upbit,2026-06-28T04:34:13Z
KRW-XRP,2024-02-09T00:00:00,2024-02-09T09:00:00,704.3,716.0,702.1,710.2,187275802.38396478,710.2,upbit,2026-06-28T04:34:13Z
KRW-XRP,2024-02-10T00:00:00,2024-02-10T09:00:00,710.2,715.0,700.2,708.0,97678282.18822911,708.0,upbit,2026-06-28T04:34:13Z
KRW-XRP,2024-02-11T00:00:00,2024-02-11T09:00:00,708.0,724.1,705.5,712.0,146518951.46460637,712.0,upbit,2026-06-28T04:34:13Z
KRW-XRP,2024-02-12T00:00:00,2024-02-12T09:00:00,712.0,721.1,700.4,713.0,181097308.11983937,713.0,upbit,2026-06-28T04:34:13Z
KRW-XRP,2024-02-13T00:00:00,2024-02-13T09:00:00,713.0,716.8,702.0,711.4,169288881.24335808,711.4,upbit,2026-06-28T04:34:13Z
KRW-XRP,2024-02-14T00:00:00,2024-02-14T09:00:00,711.3,731.9,706.0,728.3,255011807.42280602,728.3,upbit,2026-06-28T04:34:13Z
KRW-XRP,2024-02-15T00:00:00,2024-02-15T09:00:00,728.3,791.5,728.0,772.3,452639303.0696278,772.3,upbit,2026-06-28T04:34:13Z
KRW-XRP,2024-02-16T00:00:00,2024-02-16T09:00:00,772.1,796.1,762.5,780.9,294137118.01068723,780.9,upbit,2026-06-28T04:34:13Z
KRW-XRP,2024-02-17T00:00:00,2024-02-17T09:00:00,781.0,784.0,743.9,760.2,194011330.36029488,760.2,upbit,2026-06-28T04:34:13Z
KRW-XRP,2024-02-18T00:00:00,2024-02-18T09:00:00,760.2,772.5,755.2,768.4,123952082.54246825,768.4,upbit,2026-06-28T04:34:13Z
KRW-XRP,2024-02-19T00:00:00,2024-02-19T09:00:00,768.5,785.0,767.8,779.4,156250738.4493295,779.4,upbit,2026-06-28T04:34:13Z
KRW-XRP,2024-02-20T00:00:00,2024-02-20T09:00:00,779.2,792.2,759.7,776.0,301692061.6186632,776.0,upbit,2026-06-28T04:34:13Z
KRW-XRP,2024-02-21T00:00:00,2024-02-21T09:00:00,776.0,780.0,747.0,767.2,225771133.7532409,767.2,upbit,2026-06-28T04:34:13Z
KRW-XRP,2024-02-22T00:00:00,2024-02-22T09:00:00,767.3,767.3,751.6,754.7,141173209.60180423,754.7,upbit,2026-06-28T04:34:13Z
KRW-XRP,2024-02-23T00:00:00,2024-02-23T09:00:00,754.7,759.9,740.2,745.5,153197076.52964857,745.5,upbit,2026-06-28T04:34:13Z
KRW-XRP,2024-02-24T00:00:00,2024-02-24T09:00:00,745.2,758.9,741.0,751.4,129219556.06554498,751.4,upbit,2026-06-28T04:34:13Z
KRW-XRP,2024-02-25T00:00:00,2024-02-25T09:00:00,751.4,755.8,747.8,748.2,131485480.37748213,748.2,upbit,2026-06-28T04:34:13Z
KRW-XRP,2024-02-26T00:00:00,2024-02-26T09:00:00,748.1,757.9,731.3,755.6,214724380.1704642,755.6,upbit,2026-06-28T04:34:13Z
KRW-XRP,2024-02-27T00:00:00,2024-02-27T09:00:00,755.6,821.6,750.4,806.5,519499328.5436845,806.5,upbit,2026-06-28T04:34:13Z
KRW-XRP,2024-02-28T00:00:00,2024-02-28T09:00:00,806.4,839.0,779.0,807.5,677431054.5836754,807.5,upbit,2026-06-28T04:34:13Z
KRW-XRP,2024-02-29T00:00:00,2024-02-29T09:00:00,807.5,874.0,793.0,824.1,810726943.6660864,824.1,upbit,2026-06-28T04:34:13Z
KRW-XRP,2024-03-01T00:00:00,2024-03-01T09:00:00,824.2,844.9,824.0,842.5,350582761.2293487,842.5,upbit,2026-06-28T04:34:13Z
KRW-XRP,2024-03-02T00:00:00,2024-03-02T09:00:00,842.5,909.7,840.5,897.4,714547774.1238666,897.4,upbit,2026-06-28T04:34:13Z
KRW-XRP,2024-03-03T00:00:00,2024-03-03T09:00:00,897.4,899.1,823.5,874.2,452479061.0636856,874.2,upbit,2026-06-28T04:34:13Z
KRW-XRP,2024-03-04T00:00:00,2024-03-04T09:00:00,874.2,933.4,858.0,907.2,764544437.815771,907.2,upbit,2026-06-28T04:34:13Z
KRW-XRP,2024-03-05T00:00:00,2024-03-05T09:00:00,907.3,944.2,805.9,847.2,1187466818.1335027,847.2,upbit,2026-06-28T04:34:13Z
KRW-XRP,2024-03-06T00:00:00,2024-03-06T09:00:00,847.2,873.8,810.1,863.9,555965975.6709512,863.9,upbit,2026-06-28T04:34:13Z
KRW-XRP,2024-03-07T00:00:00,2024-03-07T09:00:00,863.9,897.3,856.0,882.0,513014719.56742525,882.0,upbit,2026-06-28T04:34:13Z
KRW-XRP,2024-03-08T00:00:00,2024-03-08T09:00:00,882.0,893.0,855.4,876.9,408108415.6233873,876.9,upbit,2026-06-28T04:34:13Z
KRW-XRP,2024-03-09T00:00:00,2024-03-09T09:00:00,877.0,890.0,864.2,872.0,289275170.96837884,872.0,upbit,2026-06-28T04:34:13Z
KRW-XRP,2024-03-10T00:00:00,2024-03-10T09:00:00,871.3,878.1,850.2,860.3,271206642.8820381,860.3,upbit,2026-06-28T04:34:13Z
KRW-XRP,2024-03-11T00:00:00,2024-03-11T09:00:00,860.4,1033.0,830.0,1006.0,1604368106.6657515,1006.0,upbit,2026-06-28T04:34:13Z
KRW-XRP,2024-03-12T00:00:00,2024-03-12T09:00:00,1006.0,1019.0,950.0,974.6,816760183.1341441,974.6,upbit,2026-06-28T04:34:13Z
KRW-XRP,2024-03-13T00:00:00,2024-03-13T09:00:00,974.7,993.8,954.0,981.0,438034823.8845688,981.0,upbit,2026-06-28T04:34:13Z
KRW-XRP,2024-03-14T00:00:00,2024-03-14T09:00:00,980.9,1010.0,925.0,960.5,689555500.7465963,960.5,upbit,2026-06-28T04:34:13Z
KRW-XRP,2024-03-15T00:00:00,2024-03-15T09:00:00,960.5,971.1,875.0,921.0,730785623.531614,921.0,upbit,2026-06-28T04:34:13Z
KRW-XRP,2024-03-16T00:00:00,2024-03-16T09:00:00,921.0,943.0,871.0,891.3,404850122.47593886,891.3,upbit,2026-06-28T04:34:13Z
KRW-XRP,2024-03-17T00:00:00,2024-03-17T09:00:00,891.3,910.0,860.0,904.5,359970824.7731366,904.5,upbit,2026-06-28T04:34:13Z
KRW-XRP,2024-03-18T00:00:00,2024-03-18T09:00:00,904.5,979.0,881.1,943.8,556394456.299116,943.8,upbit,2026-06-28T04:34:13Z
KRW-XRP,2024-03-19T00:00:00,2024-03-19T09:00:00,943.8,953.4,860.0,872.0,643582358.7244891,872.0,upbit,2026-06-28T04:34:13Z
KRW-XRP,2024-03-20T00:00:00,2024-03-20T09:00:00,872.0,911.0,844.2,899.0,530898928.59807533,899.0,upbit,2026-06-28T04:34:13Z
KRW-XRP,2024-03-21T00:00:00,2024-03-21T09:00:00,898.7,955.6,874.3,932.6,618842874.9269111,932.6,upbit,2026-06-28T04:34:13Z
KRW-XRP,2024-03-22T00:00:00,2024-03-22T09:00:00,932.6,939.8,880.8,898.9,367351240.14989436,898.9,upbit,2026-06-28T04:34:13Z
KRW-XRP,2024-03-23T00:00:00,2024-03-23T09:00:00,898.9,918.3,885.8,897.6,212642895.67474413,897.6,upbit,2026-06-28T04:34:13Z
KRW-XRP,2024-03-24T00:00:00,2024-03-24T09:00:00,897.6,920.0,894.8,910.2,205057140.727297,910.2,upbit,2026-06-28T04:34:13Z
KRW-XRP,2024-03-25T00:00:00,2024-03-25T09:00:00,910.2,936.0,902.0,910.5,300539912.7249324,910.5,upbit,2026-06-28T04:34:13Z
KRW-XRP,2024-03-26T00:00:00,2024-03-26T09:00:00,910.6,919.7,899.9,903.7,343881733.64677763,903.7,upbit,2026-06-28T04:34:13Z
KRW-XRP,2024-03-27T00:00:00,2024-03-27T09:00:00,903.8,905.6,872.0,881.1,372842421.82429296,881.1,upbit,2026-06-28T04:34:13Z
KRW-XRP,2024-03-28T00:00:00,2024-03-28T09:00:00,881.0,906.9,870.2,890.7,325391094.7848855,890.7,upbit,2026-06-28T04:34:13Z
KRW-XRP,2024-03-29T00:00:00,2024-03-29T09:00:00,890.7,915.7,873.3,899.4,366175777.60381347,899.4,upbit,2026-06-28T04:34:13Z
KRW-XRP,2024-03-30T00:00:00,2024-03-30T09:00:00,899.4,908.8,887.6,891.3,165590132.19387132,891.3,upbit,2026-06-28T04:34:13Z
KRW-XRP,2024-03-31T00:00:00,2024-03-31T09:00:00,891.3,898.0,889.6,891.5,107831679.61633763,891.5,upbit,2026-06-28T04:34:13Z
KRW-XRP,2024-04-01T00:00:00,2024-04-01T09:00:00,891.6,897.0,862.0,878.5,255009054.08849183,878.5,upbit,2026-06-28T04:34:13Z
KRW-XRP,2024-04-02T00:00:00,2024-04-02T09:00:00,878.6,889.7,850.1,859.4,338605446.7848907,859.4,upbit,2026-06-28T04:34:13Z
KRW-XRP,2024-04-03T00:00:00,2024-04-03T09:00:00,859.3,863.3,832.2,839.0,268018238.15825343,839.0,upbit,2026-06-28T04:34:13Z
KRW-XRP,2024-04-04T00:00:00,2024-04-04T09:00:00,839.0,893.3,825.2,862.0,416313703.41232663,862.0,upbit,2026-06-28T04:34:13Z
KRW-XRP,2024-04-05T00:00:00,2024-04-05T09:00:00,862.0,862.7,833.0,851.6,206166357.15931976,851.6,upbit,2026-06-28T04:34:13Z
KRW-XRP,2024-04-06T00:00:00,2024-04-06T09:00:00,851.4,862.0,847.6,853.6,93972742.78273307,853.6,upbit,2026-06-28T04:34:13Z
KRW-XRP,2024-04-07T00:00:00,2024-04-07T09:00:00,853.6,862.8,849.6,851.9,97940385.9627516,851.9,upbit,2026-06-28T04:34:13Z
KRW-XRP,2024-04-08T00:00:00,2024-04-08T09:00:00,851.9,889.1,844.0,875.7,276046986.7754154,875.7,upbit,2026-06-28T04:34:13Z
KRW-XRP,2024-04-09T00:00:00,2024-04-09T09:00:00,875.8,914.6,860.6,883.0,432735763.90504116,883.0,upbit,2026-06-28T04:34:13Z
KRW-XRP,2024-04-10T00:00:00,2024-04-10T09:00:00,882.7,888.7,860.0,880.7,228301996.85334176,880.7,upbit,2026-06-28T04:34:13Z
KRW-XRP,2024-04-11T00:00:00,2024-04-11T09:00:00,880.7,884.8,868.3,873.3,153365523.06935778,873.3,upbit,2026-06-28T04:34:13Z
KRW-XRP,2024-04-12T00:00:00,2024-04-12T09:00:00,873.3,878.7,782.5,812.9,416311243.6266685,812.9,upbit,2026-06-28T04:34:13Z
KRW-XRP,2024-04-13T00:00:00,2024-04-13T09:00:00,813.0,814.4,671.1,725.7,666781707.445392,725.7,upbit,2026-06-28T04:34:13Z
KRW-XRP,2024-04-14T00:00:00,2024-04-14T09:00:00,725.7,766.2,707.0,757.9,415850571.60955995,757.9,upbit,2026-06-28T04:34:13Z
KRW-XRP,2024-04-15T00:00:00,2024-04-15T09:00:00,757.9,774.0,734.0,756.6,350996149.4628362,756.6,upbit,2026-06-28T04:34:13Z
KRW-XRP,2024-04-16T00:00:00,2024-04-16T09:00:00,756.5,757.4,719.9,743.5,279394690.9364858,743.5,upbit,2026-06-28T04:34:13Z
KRW-XRP,2024-04-17T00:00:00,2024-04-17T09:00:00,743.9,757.0,711.3,738.8,290021337.0639872,738.8,upbit,2026-06-28T04:34:13Z
KRW-XRP,2024-04-18T00:00:00,2024-04-18T09:00:00,738.8,743.0,719.0,739.5,235396364.99339908,739.5,upbit,2026-06-28T04:34:13Z
KRW-XRP,2024-04-19T00:00:00,2024-04-19T09:00:00,739.5,746.9,692.2,734.8,361182159.15133923,734.8,upbit,2026-06-28T04:34:13Z
KRW-XRP,2024-04-20T00:00:00,2024-04-20T09:00:00,734.8,774.0,731.0,772.0,211466223.60909432,772.0,upbit,2026-06-28T04:34:13Z
KRW-XRP,2024-04-21T00:00:00,2024-04-21T09:00:00,772.0,785.0,760.2,765.9,151661987.02119437,765.9,upbit,2026-06-28T04:34:13Z
KRW-XRP,2024-04-22T00:00:00,2024-04-22T09:00:00,765.9,829.0,762.5,807.8,227663622.73491392,807.8,upbit,2026-06-28T04:34:13Z
KRW-XRP,2024-04-23T00:00:00,2024-04-23T09:00:00,807.8,811.8,784.8,788.7,216361785.6289131,788.7,upbit,2026-06-28T04:34:13Z
KRW-XRP,2024-04-24T00:00:00,2024-04-24T09:00:00,788.7,795.2,760.2,766.9,211955289.90998384,766.9,upbit,2026-06-28T04:34:13Z
KRW-XRP,2024-04-25T00:00:00,2024-04-25T09:00:00,766.8,772.6,743.8,754.9,161591172.24814284,754.9,upbit,2026-06-28T04:34:13Z
KRW-XRP,2024-04-26T00:00:00,2024-04-26T09:00:00,755.1,768.7,741.5,758.5,139524672.63842404,758.5,upbit,2026-06-28T04:34:13Z
KRW-XRP,2024-04-27T00:00:00,2024-04-27T09:00:00,758.5,758.9,736.1,746.7,100452421.09880953,746.7,upbit,2026-06-28T04:34:13Z
KRW-XRP,2024-04-28T00:00:00,2024-04-28T09:00:00,746.7,755.0,730.5,731.9,85811384.63715234,731.9,upbit,2026-06-28T04:34:13Z
KRW-XRP,2024-04-29T00:00:00,2024-04-29T09:00:00,732.1,741.4,712.0,737.1,173844130.83822536,737.1,upbit,2026-06-28T04:34:13Z
KRW-XRP,2024-04-30T00:00:00,2024-04-30T09:00:00,737.1,743.4,700.3,718.0,198698846.5340682,718.0,upbit,2026-06-28T04:34:13Z
KRW-XRP,2024-05-01T00:00:00,2024-05-01T09:00:00,718.2,741.7,680.0,739.2,306321404.0792757,739.2,upbit,2026-06-28T04:34:13Z
KRW-XRP,2024-05-02T00:00:00,2024-05-02T09:00:00,739.5,743.0,715.0,728.5,133840381.78970708,728.5,upbit,2026-06-28T04:34:13Z
KRW-XRP,2024-05-03T00:00:00,2024-05-03T09:00:00,728.7,758.3,726.9,753.7,187254373.77576986,753.7,upbit,2026-06-28T04:34:13Z
KRW-XRP,2024-05-04T00:00:00,2024-05-04T09:00:00,753.7,765.0,742.0,750.2,122991847.3883023,750.2,upbit,2026-06-28T04:34:13Z
KRW-XRP,2024-05-05T00:00:00,2024-05-05T09:00:00,750.1,751.7,736.4,745.0,71547942.8414825,745.0,upbit,2026-06-28T04:34:13Z
KRW-XRP,2024-05-06T00:00:00,2024-05-06T09:00:00,745.0,798.8,737.7,758.0,247128283.51259968,758.0,upbit,2026-06-28T04:34:13Z
KRW-XRP,2024-05-07T00:00:00,2024-05-07T09:00:00,758.6,764.0,735.1,737.9,146118982.53803188,737.9,upbit,2026-06-28T04:34:13Z
KRW-XRP,2024-05-08T00:00:00,2024-05-08T09:00:00,737.9,744.1,721.2,725.2,153476148.0413132,725.2,upbit,2026-06-28T04:34:13Z
KRW-XRP,2024-05-09T00:00:00,2024-05-09T09:00:00,725.2,731.8,714.0,727.8,122103178.2375468,727.8,upbit,2026-06-28T04:34:13Z
KRW-XRP,2024-05-10T00:00:00,2024-05-10T09:00:00,727.8,727.8,700.8,709.0,171099937.60091585,709.0,upbit,2026-06-28T04:34:13Z
KRW-XRP,2024-05-11T00:00:00,2024-05-11T09:00:00,709.0,714.7,705.1,712.8,61766648.93362468,712.8,upbit,2026-06-28T04:34:13Z
KRW-XRP,2024-05-12T00:00:00,2024-05-12T09:00:00,713.6,716.8,702.0,703.3,58287866.84606987,703.3,upbit,2026-06-28T04:34:13Z
KRW-XRP,2024-05-13T00:00:00,2024-05-13T09:00:00,703.4,714.3,686.1,706.2,160406575.065552,706.2,upbit,2026-06-28T04:34:13Z
KRW-XRP,2024-05-14T00:00:00,2024-05-14T09:00:00,705.8,719.0,697.6,703.4,112331857.18313108,703.4,upbit,2026-06-28T04:34:13Z
KRW-XRP,2024-05-15T00:00:00,2024-05-15T09:00:00,703.4,723.3,699.0,721.3,149875795.27671877,721.3,upbit,2026-06-28T04:34:13Z
KRW-XRP,2024-05-16T00:00:00,2024-05-16T09:00:00,721.3,726.0,714.1,717.1,113982848.58127575,717.1,upbit,2026-06-28T04:34:13Z
KRW-XRP,2024-05-17T00:00:00,2024-05-17T09:00:00,717.3,730.0,715.2,724.4,96800325.58000524,724.4,upbit,2026-06-28T04:34:13Z
KRW-XRP,2024-05-18T00:00:00,2024-05-18T09:00:00,724.1,729.0,721.2,724.5,57952360.85015965,724.5,upbit,2026-06-28T04:34:13Z
KRW-XRP,2024-05-19T00:00:00,2024-05-19T09:00:00,724.6,726.8,706.2,709.0,79781880.86405881,709.0,upbit,2026-06-28T04:34:13Z
KRW-XRP,2024-05-20T00:00:00,2024-05-20T09:00:00,709.0,734.0,703.5,733.3,166247980.82331893,733.3,upbit,2026-06-28T04:34:13Z
KRW-XRP,2024-05-21T00:00:00,2024-05-21T09:00:00,733.3,767.4,726.6,740.8,240130940.94240156,740.8,upbit,2026-06-28T04:34:13Z
KRW-XRP,2024-05-22T00:00:00,2024-05-22T09:00:00,740.8,742.0,722.9,726.6,118290613.15454616,726.6,upbit,2026-06-28T04:34:13Z
KRW-XRP,2024-05-23T00:00:00,2024-05-23T09:00:00,726.6,763.8,710.0,738.7,305800034.00448924,738.7,upbit,2026-06-28T04:34:13Z
KRW-XRP,2024-05-24T00:00:00,2024-05-24T09:00:00,738.7,749.7,724.6,744.1,169453380.66937903,744.1,upbit,2026-06-28T04:34:13Z
KRW-XRP,2024-05-25T00:00:00,2024-05-25T09:00:00,744.1,754.2,741.8,752.1,92403961.57918108,752.1,upbit,2026-06-28T04:34:13Z
KRW-XRP,2024-05-26T00:00:00,2024-05-26T09:00:00,752.1,752.7,736.0,736.3,81229391.32163931,736.3,upbit,2026-06-28T04:34:13Z
KRW-XRP,2024-05-27T00:00:00,2024-05-27T09:00:00,736.5,746.5,730.5,738.9,108180967.86262283,738.9,upbit,2026-06-28T04:34:13Z
KRW-XRP,2024-05-28T00:00:00,2024-05-28T09:00:00,739.0,739.9,723.8,731.6,104796072.4765809,731.6,upbit,2026-06-28T04:34:13Z
KRW-XRP,2024-05-29T00:00:00,2024-05-29T09:00:00,731.4,739.1,724.0,728.2,147491166.30603364,728.2,upbit,2026-06-28T04:34:13Z
KRW-XRP,2024-05-30T00:00:00,2024-05-30T09:00:00,728.2,731.9,716.1,721.9,161629532.0891653,721.9,upbit,2026-06-28T04:34:13Z
KRW-XRP,2024-05-31T00:00:00,2024-05-31T09:00:00,722.1,734.4,719.6,724.4,110628193.67037874,724.4,upbit,2026-06-28T04:34:13Z
KRW-XRP,2024-06-01T00:00:00,2024-06-01T09:00:00,724.3,729.8,723.0,726.0,38738718.54642917,726.0,upbit,2026-06-28T04:34:13Z
KRW-XRP,2024-06-02T00:00:00,2024-06-02T09:00:00,725.9,727.8,716.1,720.2,58203480.45139127,720.2,upbit,2026-06-28T04:34:13Z
KRW-XRP,2024-06-03T00:00:00,2024-06-03T09:00:00,720.2,727.3,718.0,725.1,72305958.69409654,725.1,upbit,2026-06-28T04:34:13Z
KRW-XRP,2024-06-04T00:00:00,2024-06-04T09:00:00,724.6,733.8,721.8,727.2,87866523.32901554,727.2,upbit,2026-06-28T04:34:13Z
KRW-XRP,2024-06-05T00:00:00,2024-06-05T09:00:00,727.2,735.7,725.5,728.3,94332891.27621844,728.3,upbit,2026-06-28T04:34:13Z
KRW-XRP,2024-06-06T00:00:00,2024-06-06T09:00:00,728.0,733.1,722.1,725.0,110858654.3865047,725.0,upbit,2026-06-28T04:34:13Z
KRW-XRP,2024-06-07T00:00:00,2024-06-07T09:00:00,725.0,731.9,660.0,704.3,192477002.27096105,704.3,upbit,2026-06-28T04:34:13Z
KRW-XRP,2024-06-08T00:00:00,2024-06-08T09:00:00,704.3,706.6,694.0,698.0,80906367.74813233,698.0,upbit,2026-06-28T04:34:13Z
KRW-XRP,2024-06-09T00:00:00,2024-06-09T09:00:00,698.1,702.5,696.0,700.7,49813379.9090553,700.7,upbit,2026-06-28T04:34:13Z
KRW-XRP,2024-06-10T00:00:00,2024-06-10T09:00:00,700.7,706.9,691.7,695.3,76320754.3617799,695.3,upbit,2026-06-28T04:34:13Z
KRW-XRP,2024-06-11T00:00:00,2024-06-11T09:00:00,695.3,696.2,670.0,680.8,145323305.23279253,680.8,upbit,2026-06-28T04:34:13Z
KRW-XRP,2024-06-12T00:00:00,2024-06-12T09:00:00,680.8,699.7,670.1,690.2,132962127.36650932,690.2,upbit,2026-06-28T04:34:13Z
KRW-XRP,2024-06-13T00:00:00,2024-06-13T09:00:00,690.2,690.8,675.4,676.4,84415911.69737463,676.4,upbit,2026-06-28T04:34:13Z
KRW-XRP,2024-06-14T00:00:00,2024-06-14T09:00:00,676.5,681.0,662.3,675.7,104094224.37463728,675.7,upbit,2026-06-28T04:34:13Z
KRW-XRP,2024-06-15T00:00:00,2024-06-15T09:00:00,675.5,714.9,674.0,695.6,75259936.7937706,695.6,upbit,2026-06-28T04:34:13Z
KRW-XRP,2024-06-16T00:00:00,2024-06-16T09:00:00,695.5,707.5,689.8,691.1,78362985.75037861,691.1,upbit,2026-06-28T04:34:13Z
KRW-XRP,2024-06-17T00:00:00,2024-06-17T09:00:00,691.2,731.0,682.3,710.5,304441150.40078884,710.5,upbit,2026-06-28T04:34:13Z
KRW-XRP,2024-06-18T00:00:00,2024-06-18T09:00:00,710.5,718.6,671.0,689.8,236740259.85388845,689.8,upbit,2026-06-28T04:34:13Z
KRW-XRP,2024-06-19T00:00:00,2024-06-19T09:00:00,690.9,703.6,685.0,695.5,103264170.42450073,695.5,upbit,2026-06-28T04:34:13Z
KRW-XRP,2024-06-20T00:00:00,2024-06-20T09:00:00,695.6,708.2,691.5,691.6,111708015.94433182,691.6,upbit,2026-06-28T04:34:13Z
KRW-XRP,2024-06-21T00:00:00,2024-06-21T09:00:00,691.6,698.6,678.6,688.6,99677394.14697783,688.6,upbit,2026-06-28T04:34:13Z
KRW-XRP,2024-06-22T00:00:00,2024-06-22T09:00:00,688.7,690.9,685.1,688.6,36902108.47315229,688.6,upbit,2026-06-28T04:34:13Z
KRW-XRP,2024-06-23T00:00:00,2024-06-23T09:00:00,688.6,691.0,674.2,676.4,54726317.94087882,676.4,upbit,2026-06-28T04:34:13Z
KRW-XRP,2024-06-24T00:00:00,2024-06-24T09:00:00,676.5,680.2,656.1,671.5,159111763.91503736,671.5,upbit,2026-06-28T04:34:13Z
KRW-XRP,2024-06-25T00:00:00,2024-06-25T09:00:00,671.6,678.1,667.5,672.9,101630079.37271571,672.9,upbit,2026-06-28T04:34:13Z
KRW-XRP,2024-06-26T00:00:00,2024-06-26T09:00:00,672.9,675.6,659.5,664.0,94497158.72926003,664.0,upbit,2026-06-28T04:34:13Z
KRW-XRP,2024-06-27T00:00:00,2024-06-27T09:00:00,664.0,671.4,656.1,668.7,82955901.10688733,668.7,upbit,2026-06-28T04:34:13Z
KRW-XRP,2024-06-28T00:00:00,2024-06-28T09:00:00,668.8,675.0,663.0,665.0,72716385.1033031,665.0,upbit,2026-06-28T04:34:13Z
KRW-XRP,2024-06-29T00:00:00,2024-06-29T09:00:00,665.0,671.0,664.1,665.8,29648609.1233747,665.8,upbit,2026-06-28T04:34:13Z
KRW-XRP,2024-06-30T00:00:00,2024-06-30T09:00:00,665.8,669.9,660.9,667.5,41480720.88498486,667.5,upbit,2026-06-28T04:34:13Z
KRW-XRP,2024-07-01T00:00:00,2024-07-01T09:00:00,667.5,679.5,666.2,670.2,74405876.18937162,670.2,upbit,2026-06-28T04:34:13Z
KRW-XRP,2024-07-02T00:00:00,2024-07-02T09:00:00,670.2,686.1,668.5,681.2,78565586.21405306,681.2,upbit,2026-06-28T04:34:13Z
KRW-XRP,2024-07-03T00:00:00,2024-07-03T09:00:00,681.2,684.7,655.0,662.3,117442117.55499312,662.3,upbit,2026-06-28T04:34:13Z
KRW-XRP,2024-07-04T00:00:00,2024-07-04T09:00:00,662.5,665.3,619.2,619.9,214640202.57685655,619.9,upbit,2026-06-28T04:34:13Z
KRW-XRP,2024-07-05T00:00:00,2024-07-05T09:00:00,619.9,620.7,560.2,608.6,330724577.4632731,608.6,upbit,2026-06-28T04:34:13Z
KRW-XRP,2024-07-06T00:00:00,2024-07-06T09:00:00,608.6,639.7,603.0,637.6,93268544.79066372,637.6,upbit,2026-06-28T04:34:13Z
KRW-XRP,2024-07-07T00:00:00,2024-07-07T09:00:00,637.7,639.0,595.2,596.9,100675294.51336032,596.9,upbit,2026-06-28T04:34:13Z
KRW-XRP,2024-07-08T00:00:00,2024-07-08T09:00:00,597.0,628.0,578.0,612.5,165742911.97017643,612.5,upbit,2026-06-28T04:34:13Z
KRW-XRP,2024-07-09T00:00:00,2024-07-09T09:00:00,612.5,618.8,608.7,615.7,87782538.94456278,615.7,upbit,2026-06-28T04:34:13Z
KRW-XRP,2024-07-10T00:00:00,2024-07-10T09:00:00,615.7,625.3,611.1,621.7,103753375.83722554,621.7,upbit,2026-06-28T04:34:13Z
KRW-XRP,2024-07-11T00:00:00,2024-07-11T09:00:00,621.6,639.0,619.5,634.2,115398205.3429554,634.2,upbit,2026-06-28T04:34:13Z
KRW-XRP,2024-07-12T00:00:00,2024-07-12T09:00:00,634.8,676.0,629.4,667.4,213779502.5791656,667.4,upbit,2026-06-28T04:34:13Z
KRW-XRP,2024-07-13T00:00:00,2024-07-13T09:00:00,668.2,791.7,666.1,736.6,504496710.1213672,736.6,upbit,2026-06-28T04:34:13Z
KRW-XRP,2024-07-14T00:00:00,2024-07-14T09:00:00,737.0,758.6,720.0,730.5,295219462.80635965,730.5,upbit,2026-06-28T04:34:13Z
KRW-XRP,2024-07-15T00:00:00,2024-07-15T09:00:00,730.6,757.2,730.5,754.8,237118899.54657862,754.8,upbit,2026-06-28T04:34:13Z
KRW-XRP,2024-07-16T00:00:00,2024-07-16T09:00:00,754.8,828.1,744.9,809.0,657790430.8256321,809.0,upbit,2026-06-28T04:34:13Z
KRW-XRP,2024-07-17T00:00:00,2024-07-17T09:00:00,808.9,888.3,807.5,874.8,696130278.1149905,874.8,upbit,2026-06-28T04:34:13Z
KRW-XRP,2024-07-18T00:00:00,2024-07-18T09:00:00,874.6,887.9,785.9,800.0,783286632.7751833,800.0,upbit,2026-06-28T04:34:13Z
KRW-XRP,2024-07-19T00:00:00,2024-07-19T09:00:00,800.0,819.4,757.0,800.0,500362892.8100495,800.0,upbit,2026-06-28T04:34:13Z
KRW-XRP,2024-07-20T00:00:00,2024-07-20T09:00:00,800.0,845.5,798.1,831.8,339077340.8225778,831.8,upbit,2026-06-28T04:34:13Z
KRW-XRP,2024-07-21T00:00:00,2024-07-21T09:00:00,832.0,853.0,806.0,834.0,295325550.4590803,834.0,upbit,2026-06-28T04:34:13Z
KRW-XRP,2024-07-22T00:00:00,2024-07-22T09:00:00,834.0,869.3,818.5,849.4,352367368.56623447,849.4,upbit,2026-06-28T04:34:13Z
KRW-XRP,2024-07-23T00:00:00,2024-07-23T09:00:00,849.4,860.0,817.5,836.0,239951751.96540993,836.0,upbit,2026-06-28T04:34:13Z
KRW-XRP,2024-07-24T00:00:00,2024-07-24T09:00:00,835.9,883.1,826.0,864.6,357370621.9663801,864.6,upbit,2026-06-28T04:34:13Z
KRW-XRP,2024-07-25T00:00:00,2024-07-25T09:00:00,864.6,876.5,823.5,842.1,416471324.3915878,842.1,upbit,2026-06-28T04:34:13Z
KRW-XRP,2024-07-26T00:00:00,2024-07-26T09:00:00,842.1,854.9,820.5,841.3,220699156.58319488,841.3,upbit,2026-06-28T04:34:13Z
KRW-XRP,2024-07-27T00:00:00,2024-07-27T09:00:00,841.3,848.2,820.0,828.5,159248797.23880827,828.5,upbit,2026-06-28T04:34:13Z
KRW-XRP,2024-07-28T00:00:00,2024-07-28T09:00:00,829.0,856.8,821.9,839.8,146261522.19792542,839.8,upbit,2026-06-28T04:34:13Z
KRW-XRP,2024-07-29T00:00:00,2024-07-29T09:00:00,839.2,850.9,830.0,843.0,151792612.67893067,843.0,upbit,2026-06-28T04:34:13Z
KRW-XRP,2024-07-30T00:00:00,2024-07-30T09:00:00,842.6,890.3,835.6,879.5,404016178.0595485,879.5,upbit,2026-06-28T04:34:13Z
KRW-XRP,2024-07-31T00:00:00,2024-07-31T09:00:00,878.9,920.0,870.0,870.4,486853859.873236,870.4,upbit,2026-06-28T04:34:13Z
KRW-XRP,2024-08-01T00:00:00,2024-08-01T09:00:00,870.5,882.0,802.0,837.3,355334401.900434,837.3,upbit,2026-06-28T04:34:13Z
KRW-XRP,2024-08-02T00:00:00,2024-08-02T09:00:00,837.7,838.7,772.5,790.2,361564971.5181466,790.2,upbit,2026-06-28T04:34:13Z
KRW-XRP,2024-08-03T00:00:00,2024-08-03T09:00:00,790.0,814.5,763.6,786.3,249349796.71652317,786.3,upbit,2026-06-28T04:34:13Z
KRW-XRP,2024-08-04T00:00:00,2024-08-04T09:00:00,786.2,789.2,734.4,735.5,240090701.50070876,735.5,upbit,2026-06-28T04:34:13Z
KRW-XRP,2024-08-05T00:00:00,2024-08-05T09:00:00,736.0,740.5,628.0,703.8,919535540.873686,703.8,upbit,2026-06-28T04:34:13Z
KRW-XRP,2024-08-06T00:00:00,2024-08-06T09:00:00,703.8,750.1,703.1,724.0,340505666.9393964,724.0,upbit,2026-06-28T04:34:13Z
KRW-XRP,2024-08-07T00:00:00,2024-08-07T09:00:00,724.0,911.9,700.6,854.0,904833747.3571739,854.0,upbit,2026-06-28T04:34:13Z
KRW-XRP,2024-08-08T00:00:00,2024-08-08T09:00:00,854.3,900.2,821.0,862.2,807330486.6610817,862.2,upbit,2026-06-28T04:34:13Z
KRW-XRP,2024-08-09T00:00:00,2024-08-09T09:00:00,862.3,876.4,798.0,817.8,450733844.72375786,817.8,upbit,2026-06-28T04:34:13Z
KRW-XRP,2024-08-10T00:00:00,2024-08-10T09:00:00,817.8,846.5,813.1,821.3,243892070.46296948,821.3,upbit,2026-06-28T04:34:13Z
KRW-XRP,2024-08-11T00:00:00,2024-08-11T09:00:00,821.3,832.5,769.6,780.0,254137305.20304713,780.0,upbit,2026-06-28T04:34:13Z
KRW-XRP,2024-08-12T00:00:00,2024-08-12T09:00:00,780.0,813.9,775.0,795.9,252057974.64646995,795.9,upbit,2026-06-28T04:34:13Z
KRW-XRP,2024-08-13T00:00:00,2024-08-13T09:00:00,796.2,812.9,788.0,804.7,190755777.35793823,804.7,upbit,2026-06-28T04:34:13Z
KRW-XRP,2024-08-14T00:00:00,2024-08-14T09:00:00,804.8,810.0,790.0,798.0,153910735.43017554,798.0,upbit,2026-06-28T04:34:13Z
KRW-XRP,2024-08-15T00:00:00,2024-08-15T09:00:00,797.9,805.0,777.1,788.3,133500808.54871865,788.3,upbit,2026-06-28T04:34:13Z
KRW-XRP,2024-08-16T00:00:00,2024-08-16T09:00:00,788.3,796.1,777.4,787.0,109201844.29097433,787.0,upbit,2026-06-28T04:34:13Z
KRW-XRP,2024-08-17T00:00:00,2024-08-17T09:00:00,787.0,794.5,783.7,788.0,49496176.15259673,788.0,upbit,2026-06-28T04:34:13Z
KRW-XRP,2024-08-18T00:00:00,2024-08-18T09:00:00,788.0,810.2,784.7,784.8,82537007.86955161,784.8,upbit,2026-06-28T04:34:13Z
KRW-XRP,2024-08-19T00:00:00,2024-08-19T09:00:00,784.9,835.0,780.2,821.0,249382067.81576324,821.0,upbit,2026-06-28T04:34:13Z
KRW-XRP,2024-08-20T00:00:00,2024-08-20T09:00:00,820.7,834.8,804.6,812.1,179548500.80658123,812.1,upbit,2026-06-28T04:34:13Z
KRW-XRP,2024-08-21T00:00:00,2024-08-21T09:00:00,812.1,821.5,802.0,814.0,130886874.27737746,814.0,upbit,2026-06-28T04:34:13Z
KRW-XRP,2024-08-22T00:00:00,2024-08-22T09:00:00,814.0,817.6,806.1,810.9,90597150.69533776,810.9,upbit,2026-06-28T04:34:13Z
KRW-XRP,2024-08-23T00:00:00,2024-08-23T09:00:00,810.9,821.4,802.4,816.0,143765239.66680446,816.0,upbit,2026-06-28T04:34:13Z
KRW-XRP,2024-08-24T00:00:00,2024-08-24T09:00:00,816.0,843.0,810.2,820.1,180886729.04413098,820.1,upbit,2026-06-28T04:34:13Z
KRW-XRP,2024-08-25T00:00:00,2024-08-25T09:00:00,820.1,821.5,800.1,805.3,143081797.90492648,805.3,upbit,2026-06-28T04:34:13Z
KRW-XRP,2024-08-26T00:00:00,2024-08-26T09:00:00,805.2,807.0,780.0,789.2,144983160.3360449,789.2,upbit,2026-06-28T04:34:13Z
KRW-XRP,2024-08-27T00:00:00,2024-08-27T09:00:00,789.2,809.4,758.0,770.5,199979215.80128375,770.5,upbit,2026-06-28T04:34:13Z
KRW-XRP,2024-08-28T00:00:00,2024-08-28T09:00:00,770.5,792.8,762.6,777.0,152046838.86278716,777.0,upbit,2026-06-28T04:34:13Z
KRW-XRP,2024-08-29T00:00:00,2024-08-29T09:00:00,777.1,783.0,760.0,764.3,101980930.96743926,764.3,upbit,2026-06-28T04:34:13Z
KRW-XRP,2024-08-30T00:00:00,2024-08-30T09:00:00,764.2,772.9,748.5,770.8,109207497.82051627,770.8,upbit,2026-06-28T04:34:13Z
KRW-XRP,2024-08-31T00:00:00,2024-08-31T09:00:00,770.9,778.2,766.0,770.0,47567999.06750076,770.0,upbit,2026-06-28T04:34:13Z
KRW-XRP,2024-09-01T00:00:00,2024-09-01T09:00:00,770.0,771.1,745.1,747.8,79918478.02431604,747.8,upbit,2026-06-28T04:34:13Z
KRW-XRP,2024-09-02T00:00:00,2024-09-02T09:00:00,748.0,772.0,743.2,769.6,86744181.15095149,769.6,upbit,2026-06-28T04:34:13Z
KRW-XRP,2024-09-03T00:00:00,2024-09-03T09:00:00,769.6,776.4,757.9,758.1,80656563.00469795,758.1,upbit,2026-06-28T04:34:13Z
KRW-XRP,2024-09-04T00:00:00,2024-09-04T09:00:00,758.3,765.6,731.5,757.2,106372051.17950948,757.2,upbit,2026-06-28T04:34:13Z
KRW-XRP,2024-09-05T00:00:00,2024-09-05T09:00:00,757.6,758.8,735.3,740.1,82629663.01475647,740.1,upbit,2026-06-28T04:34:13Z
KRW-XRP,2024-09-06T00:00:00,2024-09-06T09:00:00,740.0,741.0,690.5,711.3,187994449.50510886,711.3,upbit,2026-06-28T04:34:13Z
KRW-XRP,2024-09-07T00:00:00,2024-09-07T09:00:00,711.2,724.1,706.5,714.0,57804834.13987722,714.0,upbit,2026-06-28T04:34:13Z
KRW-XRP,2024-09-08T00:00:00,2024-09-08T09:00:00,714.0,720.7,708.3,718.0,46622774.58398594,718.0,upbit,2026-06-28T04:34:13Z
KRW-XRP,2024-09-09T00:00:00,2024-09-09T09:00:00,718.0,734.9,714.7,731.0,69714977.67168343,731.0,upbit,2026-06-28T04:34:13Z
KRW-XRP,2024-09-10T00:00:00,2024-09-10T09:00:00,731.0,734.5,723.1,732.1,61782297.443388,732.1,upbit,2026-06-28T04:34:13Z
KRW-XRP,2024-09-11T00:00:00,2024-09-11T09:00:00,732.1,733.0,710.0,721.3,82854089.38135472,721.3,upbit,2026-06-28T04:34:13Z
KRW-XRP,2024-09-12T00:00:00,2024-09-12T09:00:00,720.9,805.0,720.3,756.7,310746798.37964815,756.7,upbit,2026-06-28T04:34:13Z
KRW-XRP,2024-09-13T00:00:00,2024-09-13T09:00:00,757.0,772.1,746.5,765.5,183096203.93050036,765.5,upbit,2026-06-28T04:34:13Z
KRW-XRP,2024-09-14T00:00:00,2024-09-14T09:00:00,766.2,804.1,763.1,798.3,170163271.49891436,798.3,upbit,2026-06-28T04:34:13Z
KRW-XRP,2024-09-15T00:00:00,2024-09-15T09:00:00,798.6,798.6,767.0,769.4,121004457.31678988,769.4,upbit,2026-06-28T04:34:13Z
KRW-XRP,2024-09-16T00:00:00,2024-09-16T09:00:00,769.4,797.1,754.4,789.9,132757630.8260787,789.9,upbit,2026-06-28T04:34:13Z
KRW-XRP,2024-09-17T00:00:00,2024-09-17T09:00:00,789.9,795.7,780.1,785.1,100727815.68454926,785.1,upbit,2026-06-28T04:34:13Z
KRW-XRP,2024-09-18T00:00:00,2024-09-18T09:00:00,785.4,785.4,760.0,783.1,125349578.53638624,783.1,upbit,2026-06-28T04:34:13Z
KRW-XRP,2024-09-19T00:00:00,2024-09-19T09:00:00,783.2,792.9,777.0,782.5,140132179.11075544,782.5,upbit,2026-06-28T04:34:13Z
KRW-XRP,2024-09-20T00:00:00,2024-09-20T09:00:00,782.5,789.5,770.5,781.9,152727854.19580397,781.9,upbit,2026-06-28T04:34:13Z
KRW-XRP,2024-09-21T00:00:00,2024-09-21T09:00:00,781.8,817.0,777.0,796.4,134508213.4023782,796.4,upbit,2026-06-28T04:34:13Z
KRW-XRP,2024-09-22T00:00:00,2024-09-22T09:00:00,796.2,809.7,776.1,784.2,135615469.33182624,784.2,upbit,2026-06-28T04:34:13Z
KRW-XRP,2024-09-23T00:00:00,2024-09-23T09:00:00,784.3,794.5,775.1,781.7,93613816.92428106,781.7,upbit,2026-06-28T04:34:13Z
KRW-XRP,2024-09-24T00:00:00,2024-09-24T09:00:00,781.7,788.5,779.0,783.9,92421482.10604855,783.9,upbit,2026-06-28T04:34:13Z
KRW-XRP,2024-09-25T00:00:00,2024-09-25T09:00:00,784.2,790.4,779.5,780.1,98172782.10962597,780.1,upbit,2026-06-28T04:34:13Z
KRW-XRP,2024-09-26T00:00:00,2024-09-26T09:00:00,780.1,785.0,770.0,780.0,121282010.4188721,780.0,upbit,2026-06-28T04:34:13Z
KRW-XRP,2024-09-27T00:00:00,2024-09-27T09:00:00,780.0,784.1,772.2,778.0,154244860.69810382,778.0,upbit,2026-06-28T04:34:13Z
KRW-XRP,2024-09-28T00:00:00,2024-09-28T09:00:00,778.1,820.0,774.2,807.8,409040505.339558,807.8,upbit,2026-06-28T04:34:13Z
KRW-XRP,2024-09-29T00:00:00,2024-09-29T09:00:00,807.7,869.9,802.0,838.9,370841398.67293817,838.9,upbit,2026-06-28T04:34:13Z
KRW-XRP,2024-09-30T00:00:00,2024-09-30T09:00:00,839.0,857.5,806.1,808.4,276153938.9662197,808.4,upbit,2026-06-28T04:34:13Z
KRW-XRP,2024-10-01T00:00:00,2024-10-01T09:00:00,808.4,837.8,780.0,800.0,340525148.5775464,800.0,upbit,2026-06-28T04:34:13Z
KRW-XRP,2024-10-02T00:00:00,2024-10-02T09:00:00,800.1,813.0,710.3,725.3,418688099.50641656,725.3,upbit,2026-06-28T04:34:13Z
KRW-XRP,2024-10-03T00:00:00,2024-10-03T09:00:00,725.3,735.4,690.0,707.6,463572822.5788091,707.6,upbit,2026-06-28T04:34:13Z
KRW-XRP,2024-10-04T00:00:00,2024-10-04T09:00:00,707.6,728.0,697.7,720.8,212519953.51363453,720.8,upbit,2026-06-28T04:34:13Z
KRW-XRP,2024-10-05T00:00:00,2024-10-05T09:00:00,720.9,723.9,712.0,716.6,93167083.67304263,716.6,upbit,2026-06-28T04:34:13Z
KRW-XRP,2024-10-06T00:00:00,2024-10-06T09:00:00,716.6,722.8,714.1,717.4,84776541.91620275,717.4,upbit,2026-06-28T04:34:13Z
KRW-XRP,2024-10-07T00:00:00,2024-10-07T09:00:00,717.2,732.0,714.1,714.4,162150161.86865667,714.4,upbit,2026-06-28T04:34:13Z
KRW-XRP,2024-10-08T00:00:00,2024-10-08T09:00:00,714.4,724.2,707.7,718.8,95914044.2061949,718.8,upbit,2026-06-28T04:34:13Z
KRW-XRP,2024-10-09T00:00:00,2024-10-09T09:00:00,718.3,722.5,710.0,712.8,82946750.62193507,712.8,upbit,2026-06-28T04:34:13Z
KRW-XRP,2024-10-10T00:00:00,2024-10-10T09:00:00,712.8,739.9,709.0,721.3,221281294.3329362,721.3,upbit,2026-06-28T04:34:13Z
KRW-XRP,2024-10-11T00:00:00,2024-10-11T09:00:00,721.4,733.0,720.2,727.3,100483843.50614043,727.3,upbit,2026-06-28T04:34:13Z
KRW-XRP,2024-10-12T00:00:00,2024-10-12T09:00:00,727.3,730.0,722.6,726.2,65555700.81998801,726.2,upbit,2026-06-28T04:34:13Z
KRW-XRP,2024-10-13T00:00:00,2024-10-13T09:00:00,726.2,726.5,711.2,718.2,70329174.47869503,718.2,upbit,2026-06-28T04:34:13Z
KRW-XRP,2024-10-14T00:00:00,2024-10-14T09:00:00,718.2,740.0,712.6,735.0,133612207.28061526,735.0,upbit,2026-06-28T04:34:13Z
KRW-XRP,2024-10-15T00:00:00,2024-10-15T09:00:00,735.0,745.8,723.1,732.0,171135902.03127638,732.0,upbit,2026-06-28T04:34:13Z
KRW-XRP,2024-10-16T00:00:00,2024-10-16T09:00:00,732.0,749.3,729.0,742.6,127827834.5030369,742.6,upbit,2026-06-28T04:34:13Z
KRW-XRP,2024-10-17T00:00:00,2024-10-17T09:00:00,742.2,769.3,739.2,740.2,202870362.3261925,740.2,upbit,2026-06-28T04:34:13Z
KRW-XRP,2024-10-18T00:00:00,2024-10-18T09:00:00,740.4,753.5,734.5,745.0,134459123.16994846,745.0,upbit,2026-06-28T04:34:13Z
KRW-XRP,2024-10-19T00:00:00,2024-10-19T09:00:00,745.0,748.3,738.3,743.1,75689384.78755718,743.1,upbit,2026-06-28T04:34:13Z
KRW-XRP,2024-10-20T00:00:00,2024-10-20T09:00:00,743.0,746.0,735.1,745.2,76140070.38525115,745.2,upbit,2026-06-28T04:34:13Z
KRW-XRP,2024-10-21T00:00:00,2024-10-21T09:00:00,745.2,766.6,740.6,746.1,177090895.8757381,746.1,upbit,2026-06-28T04:34:13Z
KRW-XRP,2024-10-22T00:00:00,2024-10-22T09:00:00,747.2,754.5,730.1,735.2,122186717.21447313,735.2,upbit,2026-06-28T04:34:13Z
KRW-XRP,2024-10-23T00:00:00,2024-10-23T09:00:00,735.2,736.3,713.0,728.1,93612769.50152238,728.1,upbit,2026-06-28T04:34:13Z
KRW-XRP,2024-10-24T00:00:00,2024-10-24T09:00:00,728.1,736.0,725.1,733.7,72875137.17503089,733.7,upbit,2026-06-28T04:34:13Z
KRW-XRP,2024-10-25T00:00:00,2024-10-25T09:00:00,733.7,733.8,693.0,706.9,125274990.98330905,706.9,upbit,2026-06-28T04:34:13Z
KRW-XRP,2024-10-26T00:00:00,2024-10-26T09:00:00,706.9,722.0,701.9,718.6,68580570.725255,718.6,upbit,2026-06-28T04:34:13Z
KRW-XRP,2024-10-27T00:00:00,2024-10-27T09:00:00,718.6,723.0,715.1,720.4,43320514.19932176,720.4,upbit,2026-06-28T04:34:13Z
KRW-XRP,2024-10-28T00:00:00,2024-10-28T09:00:00,720.5,726.0,715.2,723.3,89157535.6749712,723.3,upbit,2026-06-28T04:34:13Z
KRW-XRP,2024-10-29T00:00:00,2024-10-29T09:00:00,723.4,737.0,722.0,735.6,134725454.82811487,735.6,upbit,2026-06-28T04:34:13Z
KRW-XRP,2024-10-30T00:00:00,2024-10-30T09:00:00,735.7,735.8,721.1,727.1,89981435.25913036,727.1,upbit,2026-06-28T04:34:13Z
KRW-XRP,2024-10-31T00:00:00,2024-10-31T09:00:00,727.3,727.9,705.1,711.6,115620449.53171737,711.6,upbit,2026-06-28T04:34:13Z
KRW-XRP,2024-11-01T00:00:00,2024-11-01T09:00:00,711.6,729.4,700.0,718.0,164312949.1401504,718.0,upbit,2026-06-28T04:34:13Z
KRW-XRP,2024-11-02T00:00:00,2024-11-02T09:00:00,718.1,723.0,710.9,715.2,55003949.59011768,715.2,upbit,2026-06-28T04:34:13Z
KRW-XRP,2024-11-03T00:00:00,2024-11-03T09:00:00,715.1,716.1,686.1,701.8,154363338.22172987,701.8,upbit,2026-06-28T04:34:13Z
KRW-XRP,2024-11-04T00:00:00,2024-11-04T09:00:00,701.5,714.4,690.9,700.0,112361383.35136858,700.0,upbit,2026-06-28T04:34:13Z
KRW-XRP,2024-11-05T00:00:00,2024-11-05T09:00:00,700.1,724.3,698.6,713.0,130991525.63634746,713.0,upbit,2026-06-28T04:34:13Z
KRW-XRP,2024-11-06T00:00:00,2024-11-06T09:00:00,713.0,750.0,711.7,746.5,381590213.84719455,746.5,upbit,2026-06-28T04:34:13Z
KRW-XRP,2024-11-07T00:00:00,2024-11-07T09:00:00,746.4,798.7,738.2,763.2,374352214.8712425,763.2,upbit,2026-06-28T04:34:13Z
KRW-XRP,2024-11-08T00:00:00,2024-11-08T09:00:00,763.2,773.9,754.6,772.0,195998783.52335152,772.0,upbit,2026-06-28T04:34:13Z
KRW-XRP,2024-11-09T00:00:00,2024-11-09T09:00:00,772.0,777.3,760.2,774.5,159251710.7802504,774.5,upbit,2026-06-28T04:34:13Z
KRW-XRP,2024-11-10T00:00:00,2024-11-10T09:00:00,774.4,855.5,770.6,815.2,757388134.648594,815.2,upbit,2026-06-28T04:34:13Z
KRW-XRP,2024-11-11T00:00:00,2024-11-11T09:00:00,814.3,877.7,793.0,869.0,648229610.0837555,869.0,upbit,2026-06-28T04:34:13Z
KRW-XRP,2024-11-12T00:00:00,2024-11-12T09:00:00,869.0,1049.0,830.0,1002.0,2311371894.7893605,1002.0,upbit,2026-06-28T04:34:13Z
KRW-XRP,2024-11-13T00:00:00,2024-11-13T09:00:00,1002.0,1064.0,916.0,978.0,1289250059.17686,978.0,upbit,2026-06-28T04:34:13Z
KRW-XRP,2024-11-14T00:00:00,2024-11-14T09:00:00,977.5,1197.0,968.5,1095.0,1552820511.47527,1095.0,upbit,2026-06-28T04:34:13Z
KRW-XRP,2024-11-15T00:00:00,2024-11-15T09:00:00,1095.0,1299.0,1090.0,1259.0,1745039822.376281,1259.0,upbit,2026-06-28T04:34:13Z
KRW-XRP,2024-11-16T00:00:00,2024-11-16T09:00:00,1259.0,1759.0,1237.0,1573.0,3339756665.682385,1573.0,upbit,2026-06-28T04:34:13Z
KRW-XRP,2024-11-17T00:00:00,2024-11-17T09:00:00,1572.0,1640.0,1413.0,1485.0,1476845050.1205573,1485.0,upbit,2026-06-28T04:34:13Z
KRW-XRP,2024-11-18T00:00:00,2024-11-18T09:00:00,1485.0,1661.0,1484.0,1566.0,1197946726.0927026,1566.0,upbit,2026-06-28T04:34:13Z
KRW-XRP,2024-11-19T00:00:00,2024-11-19T09:00:00,1565.0,1613.0,1507.0,1548.0,588761973.2563356,1548.0,upbit,2026-06-28T04:34:13Z
KRW-XRP,2024-11-20T00:00:00,2024-11-20T09:00:00,1548.0,1613.0,1484.0,1562.0,675603874.56479,1562.0,upbit,2026-06-28T04:34:13Z
KRW-XRP,2024-11-21T00:00:00,2024-11-21T09:00:00,1562.0,1764.0,1532.0,1741.0,1008822892.8127241,1741.0,upbit,2026-06-28T04:34:13Z
KRW-XRP,2024-11-22T00:00:00,2024-11-22T09:00:00,1741.0,2088.0,1741.0,2038.0,2624310678.2231236,2038.0,upbit,2026-06-28T04:34:13Z
KRW-XRP,2024-11-23T00:00:00,2024-11-23T09:00:00,2039.0,2256.0,1979.0,2046.0,1414361428.849856,2046.0,upbit,2026-06-28T04:34:13Z
KRW-XRP,2024-11-24T00:00:00,2024-11-24T09:00:00,2046.0,2098.0,1760.0,1991.0,1237026496.1483288,1991.0,upbit,2026-06-28T04:34:13Z
KRW-XRP,2024-11-25T00:00:00,2024-11-25T09:00:00,1991.0,2119.0,1865.0,1975.0,949172377.5409399,1975.0,upbit,2026-06-28T04:34:13Z
KRW-XRP,2024-11-26T00:00:00,2024-11-26T09:00:00,1974.0,2027.0,1803.0,1956.0,784219248.388693,1956.0,upbit,2026-06-28T04:34:13Z
KRW-XRP,2024-11-27T00:00:00,2024-11-27T09:00:00,1955.0,2096.0,1895.0,2040.0,644933395.8686914,2040.0,upbit,2026-06-28T04:34:13Z
KRW-XRP,2024-11-28T00:00:00,2024-11-28T09:00:00,2040.0,2152.0,2000.0,2147.0,432346615.6016894,2147.0,upbit,2026-06-28T04:34:13Z
KRW-XRP,2024-11-29T00:00:00,2024-11-29T09:00:00,2148.0,2498.0,2123.0,2488.0,1278883890.2050815,2488.0,upbit,2026-06-28T04:34:13Z
KRW-XRP,2024-11-30T00:00:00,2024-11-30T09:00:00,2488.0,2707.0,2443.0,2704.0,1256599272.7783272,2704.0,upbit,2026-06-28T04:34:13Z
KRW-XRP,2024-12-01T00:00:00,2024-12-01T09:00:00,2703.0,3230.0,2580.0,3163.0,1151059335.4282398,3163.0,upbit,2026-06-28T04:34:13Z
KRW-XRP,2024-12-02T00:00:00,2024-12-02T09:00:00,3162.0,3957.0,3093.0,3803.0,2491176963.8026524,3803.0,upbit,2026-06-28T04:34:13Z
KRW-XRP,2024-12-03T00:00:00,2024-12-03T09:00:00,3803.0,4025.0,1623.0,3510.0,3098118228.87151,3510.0,upbit,2026-06-28T04:34:13Z
KRW-XRP,2024-12-04T00:00:00,2024-12-04T09:00:00,3510.0,3752.0,3200.0,3323.0,1084662041.322989,3323.0,upbit,2026-06-28T04:34:13Z
KRW-XRP,2024-12-05T00:00:00,2024-12-05T09:00:00,3325.0,3504.0,3021.0,3187.0,1165025117.5953138,3187.0,upbit,2026-06-28T04:34:13Z
KRW-XRP,2024-12-06T00:00:00,2024-12-06T09:00:00,3189.0,3415.0,3150.0,3383.0,688036228.1937745,3383.0,upbit,2026-06-28T04:34:13Z
KRW-XRP,2024-12-07T00:00:00,2024-12-07T09:00:00,3384.0,3643.0,3305.0,3632.0,620231241.3017668,3632.0,upbit,2026-06-28T04:34:13Z
KRW-XRP,2024-12-08T00:00:00,2024-12-08T09:00:00,3632.0,3690.0,3492.0,3627.0,479351473.626376,3627.0,upbit,2026-06-28T04:34:13Z
KRW-XRP,2024-12-09T00:00:00,2024-12-09T09:00:00,3628.0,3643.0,2935.0,3163.0,1056248055.4255357,3163.0,upbit,2026-06-28T04:34:13Z
KRW-XRP,2024-12-10T00:00:00,2024-12-10T09:00:00,3164.0,3445.0,2772.0,3393.0,1525440650.4710667,3393.0,upbit,2026-06-28T04:34:13Z
KRW-XRP,2024-12-11T00:00:00,2024-12-11T09:00:00,3393.0,3500.0,3176.0,3390.0,714060790.8709452,3390.0,upbit,2026-06-28T04:34:13Z
KRW-XRP,2024-12-12T00:00:00,2024-12-12T09:00:00,3389.0,3514.0,3306.0,3339.0,475886130.65412277,3339.0,upbit,2026-06-28T04:34:13Z
KRW-XRP,2024-12-13T00:00:00,2024-12-13T09:00:00,3339.0,3513.0,3279.0,3449.0,405136543.4823843,3449.0,upbit,2026-06-28T04:34:13Z
KRW-XRP,2024-12-14T00:00:00,2024-12-14T09:00:00,3450.0,3598.0,3370.0,3451.0,441456922.33767694,3451.0,upbit,2026-06-28T04:34:13Z
KRW-XRP,2024-12-15T00:00:00,2024-12-15T09:00:00,3449.0,3525.0,3418.0,3493.0,250214806.56703007,3493.0,upbit,2026-06-28T04:34:13Z
KRW-XRP,2024-12-16T00:00:00,2024-12-16T09:00:00,3494.0,3711.0,3402.0,3592.0,531768350.6838884,3592.0,upbit,2026-06-28T04:34:13Z
KRW-XRP,2024-12-17T00:00:00,2024-12-17T09:00:00,3593.0,3945.0,3535.0,3756.0,873772074.3697515,3756.0,upbit,2026-06-28T04:34:13Z
KRW-XRP,2024-12-18T00:00:00,2024-12-18T09:00:00,3756.0,3798.0,3350.0,3409.0,727181596.9585415,3409.0,upbit,2026-06-28T04:34:13Z
KRW-XRP,2024-12-19T00:00:00,2024-12-19T09:00:00,3409.0,3628.0,3245.0,3382.0,867077256.7957273,3382.0,upbit,2026-06-28T04:34:13Z
KRW-XRP,2024-12-20T00:00:00,2024-12-20T09:00:00,3382.0,3531.0,2990.0,3452.0,1177434689.2415528,3452.0,upbit,2026-06-28T04:34:13Z
KRW-XRP,2024-12-21T00:00:00,2024-12-21T09:00:00,3452.0,3575.0,3312.0,3400.0,460875825.9479278,3400.0,upbit,2026-06-28T04:34:13Z
KRW-XRP,2024-12-22T00:00:00,2024-12-22T09:00:00,3399.0,3464.0,3310.0,3347.0,298811429.9890596,3347.0,upbit,2026-06-28T04:34:13Z
KRW-XRP,2024-12-23T00:00:00,2024-12-23T09:00:00,3349.0,3430.0,3241.0,3401.0,364009920.1483207,3401.0,upbit,2026-06-28T04:34:13Z
KRW-XRP,2024-12-24T00:00:00,2024-12-24T09:00:00,3400.0,3499.0,3338.0,3454.0,264936354.2450069,3454.0,upbit,2026-06-28T04:34:13Z
KRW-XRP,2024-12-25T00:00:00,2024-12-25T09:00:00,3453.0,3487.0,3391.0,3423.0,257587748.31131786,3423.0,upbit,2026-06-28T04:34:13Z
KRW-XRP,2024-12-26T00:00:00,2024-12-26T09:00:00,3423.0,3448.0,3215.0,3242.0,268685262.9762877,3242.0,upbit,2026-06-28T04:34:13Z
KRW-XRP,2024-12-27T00:00:00,2024-12-27T09:00:00,3243.0,3353.0,3190.0,3233.0,251667613.2925237,3233.0,upbit,2026-06-28T04:34:13Z
KRW-XRP,2024-12-28T00:00:00,2024-12-28T09:00:00,3232.0,3295.0,3207.0,3260.0,111049047.73589894,3260.0,upbit,2026-06-28T04:34:13Z
KRW-XRP,2024-12-29T00:00:00,2024-12-29T09:00:00,3260.0,3280.0,3082.0,3124.0,162085990.04411876,3124.0,upbit,2026-06-28T04:34:13Z
KRW-XRP,2024-12-30T00:00:00,2024-12-30T09:00:00,3124.0,3192.0,2967.0,3057.0,331583953.3265677,3057.0,upbit,2026-06-28T04:34:13Z
KRW-XRP,2024-12-31T00:00:00,2024-12-31T09:00:00,3057.0,3228.0,2973.0,3105.0,302845112.6769927,3105.0,upbit,2026-06-28T04:34:13Z
KRW-XRP,2025-01-01T00:00:00,2025-01-01T09:00:00,3104.0,3505.0,3098.0,3479.0,390936574.5293223,3479.0,upbit,2026-06-28T04:34:13Z
KRW-XRP,2025-01-02T00:00:00,2025-01-02T09:00:00,3479.0,3665.0,3460.0,3561.0,385130444.85111994,3561.0,upbit,2026-06-28T04:34:13Z
KRW-XRP,2025-01-03T00:00:00,2025-01-03T09:00:00,3562.0,3654.0,3540.0,3619.0,243421846.53586748,3619.0,upbit,2026-06-28T04:34:13Z
KRW-XRP,2025-01-04T00:00:00,2025-01-04T09:00:00,3618.0,3688.0,3556.0,3570.0,209852861.06851292,3570.0,upbit,2026-06-28T04:34:13Z
KRW-XRP,2025-01-05T00:00:00,2025-01-05T09:00:00,3570.0,3586.0,3431.0,3529.0,215105671.80628198,3529.0,upbit,2026-06-28T04:34:13Z
KRW-XRP,2025-01-06T00:00:00,2025-01-06T09:00:00,3530.0,3596.0,3490.0,3553.0,167551364.1011038,3553.0,upbit,2026-06-28T04:34:13Z
KRW-XRP,2025-01-07T00:00:00,2025-01-07T09:00:00,3552.0,3606.0,3375.0,3393.0,260710368.86782405,3393.0,upbit,2026-06-28T04:34:13Z
KRW-XRP,2025-01-08T00:00:00,2025-01-08T09:00:00,3393.0,3584.0,3350.0,3553.0,342490264.62419415,3553.0,upbit,2026-06-28T04:34:13Z
KRW-XRP,2025-01-09T00:00:00,2025-01-09T09:00:00,3552.0,3578.0,3390.0,3430.0,216055663.00733888,3430.0,upbit,2026-06-28T04:34:13Z
KRW-XRP,2025-01-10T00:00:00,2025-01-10T09:00:00,3431.0,3558.0,3401.0,3526.0,172452210.13565227,3526.0,upbit,2026-06-28T04:34:13Z
KRW-XRP,2025-01-11T00:00:00,2025-01-11T09:00:00,3525.0,3894.0,3509.0,3852.0,339429418.8233102,3852.0,upbit,2026-06-28T04:34:13Z
KRW-XRP,2025-01-12T00:00:00,2025-01-12T09:00:00,3852.0,3866.0,3715.0,3764.0,217869193.35242155,3764.0,upbit,2026-06-28T04:34:13Z
KRW-XRP,2025-01-13T00:00:00,2025-01-13T09:00:00,3765.0,3845.0,3550.0,3794.0,433169098.3783578,3794.0,upbit,2026-06-28T04:34:13Z
KRW-XRP,2025-01-14T00:00:00,2025-01-14T09:00:00,3794.0,4000.0,3759.0,3961.0,335917578.54664963,3961.0,upbit,2026-06-28T04:34:13Z
KRW-XRP,2025-01-15T00:00:00,2025-01-15T09:00:00,3960.0,4690.0,3932.0,4617.0,967744296.2404122,4617.0,upbit,2026-06-28T04:34:13Z
KRW-XRP,2025-01-16T00:00:00,2025-01-16T09:00:00,4620.0,4973.0,4292.0,4758.0,1054367355.0701892,4758.0,upbit,2026-06-28T04:34:13Z
KRW-XRP,2025-01-17T00:00:00,2025-01-17T09:00:00,4756.0,4935.0,4700.0,4820.0,405691869.3120251,4820.0,upbit,2026-06-28T04:34:13Z
KRW-XRP,2025-01-18T00:00:00,2025-01-18T09:00:00,4822.0,4890.0,4578.0,4865.0,386724787.92165303,4865.0,upbit,2026-06-28T04:34:13Z
KRW-XRP,2025-01-19T00:00:00,2025-01-19T09:00:00,4865.0,4885.0,4319.0,4510.0,446184003.5765529,4510.0,upbit,2026-06-28T04:34:13Z
KRW-XRP,2025-01-20T00:00:00,2025-01-20T09:00:00,4512.0,4984.0,4433.0,4656.0,777588794.1270126,4656.0,upbit,2026-06-28T04:34:13Z
KRW-XRP,2025-01-21T00:00:00,2025-01-21T09:00:00,4656.0,4797.0,4551.0,4707.0,321665579.191925,4707.0,upbit,2026-06-28T04:34:13Z
KRW-XRP,2025-01-22T00:00:00,2025-01-22T09:00:00,4709.0,4850.0,4693.0,4749.0,220103414.1354887,4749.0,upbit,2026-06-28T04:34:13Z
KRW-XRP,2025-01-23T00:00:00,2025-01-23T09:00:00,4747.0,4752.0,4562.0,4652.0,211442106.38979518,4652.0,upbit,2026-06-28T04:34:13Z
KRW-XRP,2025-01-24T00:00:00,2025-01-24T09:00:00,4652.0,4765.0,4570.0,4653.0,199872038.01228294,4653.0,upbit,2026-06-28T04:34:13Z
KRW-XRP,2025-01-25T00:00:00,2025-01-25T09:00:00,4653.0,4708.0,4645.0,4669.0,68089739.51709607,4669.0,upbit,2026-06-28T04:34:13Z
KRW-XRP,2025-01-26T00:00:00,2025-01-26T09:00:00,4668.0,4704.0,4586.0,4610.0,79042452.32763882,4610.0,upbit,2026-06-28T04:34:13Z
KRW-XRP,2025-01-27T00:00:00,2025-01-27T09:00:00,4607.0,4638.0,4197.0,4634.0,490726553.0543536,4634.0,upbit,2026-06-28T04:34:13Z
KRW-XRP,2025-01-28T00:00:00,2025-01-28T09:00:00,4634.0,4843.0,4554.0,4710.0,291310227.7115142,4710.0,upbit,2026-06-28T04:34:13Z
KRW-XRP,2025-01-29T00:00:00,2025-01-29T09:00:00,4710.0,4768.0,4612.0,4706.0,150051096.3704598,4706.0,upbit,2026-06-28T04:34:13Z
KRW-XRP,2025-01-30T00:00:00,2025-01-30T09:00:00,4707.0,4758.0,4683.0,4721.0,113116588.08588693,4721.0,upbit,2026-06-28T04:34:13Z
KRW-XRP,2025-01-31T00:00:00,2025-01-31T09:00:00,4721.0,4732.0,4605.0,4639.0,123130115.39562789,4639.0,upbit,2026-06-28T04:34:13Z
KRW-XRP,2025-02-01T00:00:00,2025-02-01T09:00:00,4639.0,4687.0,4409.0,4500.0,135352322.54638684,4500.0,upbit,2026-06-28T04:34:13Z
KRW-XRP,2025-02-02T00:00:00,2025-02-02T09:00:00,4500.0,4600.0,3954.0,4068.0,575220922.8362072,4068.0,upbit,2026-06-28T04:34:13Z
KRW-XRP,2025-02-03T00:00:00,2025-02-03T09:00:00,4069.0,4349.0,3133.0,4218.0,1952574867.8873613,4218.0,upbit,2026-06-28T04:34:13Z
KRW-XRP,2025-02-04T00:00:00,2025-02-04T09:00:00,4218.0,4349.0,3856.0,3984.0,683566857.5320965,3984.0,upbit,2026-06-28T04:34:13Z
KRW-XRP,2025-02-05T00:00:00,2025-02-05T09:00:00,3984.0,4035.0,3701.0,3732.0,319513109.781148,3732.0,upbit,2026-06-28T04:34:13Z
KRW-XRP,2025-02-06T00:00:00,2025-02-06T09:00:00,3733.0,3832.0,3563.0,3644.0,311085737.7570076,3644.0,upbit,2026-06-28T04:34:13Z
KRW-XRP,2025-02-07T00:00:00,2025-02-07T09:00:00,3646.0,3918.0,3497.0,3715.0,444633031.9814134,3715.0,upbit,2026-06-28T04:34:13Z
KRW-XRP,2025-02-08T00:00:00,2025-02-08T09:00:00,3713.0,3759.0,3635.0,3729.0,142728003.3635483,3729.0,upbit,2026-06-28T04:34:13Z
KRW-XRP,2025-02-09T00:00:00,2025-02-09T09:00:00,3729.0,3848.0,3573.0,3661.0,208085335.0942939,3661.0,upbit,2026-06-28T04:34:13Z
KRW-XRP,2025-02-10T00:00:00,2025-02-10T09:00:00,3661.0,3745.0,3557.0,3675.0,175675430.7587021,3675.0,upbit,2026-06-28T04:34:13Z
KRW-XRP,2025-02-11T00:00:00,2025-02-11T09:00:00,3675.0,3810.0,3626.0,3681.0,176394125.30685115,3681.0,upbit,2026-06-28T04:34:13Z
KRW-XRP,2025-02-12T00:00:00,2025-02-12T09:00:00,3680.0,3768.0,3562.0,3737.0,200345174.46846333,3737.0,upbit,2026-06-28T04:34:13Z
KRW-XRP,2025-02-13T00:00:00,2025-02-13T09:00:00,3737.0,3922.0,3658.0,3858.0,173584832.45236552,3858.0,upbit,2026-06-28T04:34:13Z
KRW-XRP,2025-02-14T00:00:00,2025-02-14T09:00:00,3859.0,4239.0,3813.0,4118.0,364099222.50588524,4118.0,upbit,2026-06-28T04:34:13Z
KRW-XRP,2025-02-15T00:00:00,2025-02-15T09:00:00,4118.0,4263.0,4098.0,4172.0,173140901.21749416,4172.0,upbit,2026-06-28T04:34:13Z
KRW-XRP,2025-02-16T00:00:00,2025-02-16T09:00:00,4174.0,4220.0,4070.0,4131.0,111485665.55770928,4131.0,upbit,2026-06-28T04:34:13Z
KRW-XRP,2025-02-17T00:00:00,2025-02-17T09:00:00,4132.0,4160.0,3946.0,4008.0,152663580.64191464,4008.0,upbit,2026-06-28T04:34:13Z
KRW-XRP,2025-02-18T00:00:00,2025-02-18T09:00:00,4009.0,4020.0,3736.0,3853.0,205126787.74437237,3853.0,upbit,2026-06-28T04:34:13Z
KRW-XRP,2025-02-19T00:00:00,2025-02-19T09:00:00,3852.0,4105.0,3764.0,4088.0,194453828.16941366,4088.0,upbit,2026-06-28T04:34:13Z
KRW-XRP,2025-02-20T00:00:00,2025-02-20T09:00:00,4088.0,4104.0,3962.0,3981.0,140932844.7850717,3981.0,upbit,2026-06-28T04:34:13Z
KRW-XRP,2025-02-21T00:00:00,2025-02-21T09:00:00,3981.0,4000.0,3731.0,3816.0,188636026.8017316,3816.0,upbit,2026-06-28T04:34:13Z
KRW-XRP,2025-02-22T00:00:00,2025-02-22T09:00:00,3816.0,3855.0,3777.0,3796.0,75510107.89645922,3796.0,upbit,2026-06-28T04:34:13Z
KRW-XRP,2025-02-23T00:00:00,2025-02-23T09:00:00,3796.0,3830.0,3702.0,3779.0,94931510.18814835,3779.0,upbit,2026-06-28T04:34:13Z
KRW-XRP,2025-02-24T00:00:00,2025-02-24T09:00:00,3779.0,3820.0,3251.0,3294.0,414134153.1135956,3294.0,upbit,2026-06-28T04:34:13Z
KRW-XRP,2025-02-25T00:00:00,2025-02-25T09:00:00,3294.0,3450.0,2986.0,3391.0,913037128.2450421,3391.0,upbit,2026-06-28T04:34:13Z
KRW-XRP,2025-02-26T00:00:00,2025-02-26T09:00:00,3391.0,3408.0,3151.0,3205.0,305875558.64111066,3205.0,upbit,2026-06-28T04:34:13Z
KRW-XRP,2025-02-27T00:00:00,2025-02-27T09:00:00,3205.0,3305.0,3141.0,3222.0,232651909.7295862,3222.0,upbit,2026-06-28T04:34:13Z
KRW-XRP,2025-02-28T00:00:00,2025-02-28T09:00:00,3223.0,3228.0,2914.0,3163.0,525863921.3520625,3163.0,upbit,2026-06-28T04:34:13Z
KRW-XRP,2025-03-01T00:00:00,2025-03-01T09:00:00,3163.0,3303.0,3121.0,3263.0,200253635.65696487,3263.0,upbit,2026-06-28T04:34:13Z
KRW-XRP,2025-03-02T00:00:00,2025-03-02T09:00:00,3263.0,4465.0,3232.0,4440.0,880397091.5235032,4440.0,upbit,2026-06-28T04:34:13Z
KRW-XRP,2025-03-03T00:00:00,2025-03-03T09:00:00,4439.0,4488.0,3452.0,3602.0,786924044.2057604,3602.0,upbit,2026-06-28T04:34:13Z
KRW-XRP,2025-03-04T00:00:00,2025-03-04T09:00:00,3602.0,3812.0,3338.0,3668.0,681441124.2799711,3668.0,upbit,2026-06-28T04:34:13Z
KRW-XRP,2025-03-05T00:00:00,2025-03-05T09:00:00,3668.0,3802.0,3606.0,3723.0,282965967.41507983,3723.0,upbit,2026-06-28T04:34:13Z
KRW-XRP,2025-03-06T00:00:00,2025-03-06T09:00:00,3723.0,3933.0,3677.0,3866.0,307292274.33957076,3866.0,upbit,2026-06-28T04:34:13Z
KRW-XRP,2025-03-07T00:00:00,2025-03-07T09:00:00,3865.0,3906.0,3506.0,3559.0,487202741.9843487,3559.0,upbit,2026-06-28T04:34:13Z
KRW-XRP,2025-03-08T00:00:00,2025-03-08T09:00:00,3559.0,3601.0,3429.0,3472.0,188813698.41686562,3472.0,upbit,2026-06-28T04:34:13Z
KRW-XRP,2025-03-09T00:00:00,2025-03-09T09:00:00,3474.0,3502.0,3130.0,3207.0,349550347.65419704,3207.0,upbit,2026-06-28T04:34:13Z
KRW-XRP,2025-03-10T00:00:00,2025-03-10T09:00:00,3207.0,3364.0,3000.0,3025.0,490522818.5062992,3025.0,upbit,2026-06-28T04:34:13Z
KRW-XRP,2025-03-11T00:00:00,2025-03-11T09:00:00,3024.0,3284.0,2853.0,3226.0,550747559.4382727,3226.0,upbit,2026-06-28T04:34:13Z
KRW-XRP,2025-03-12T00:00:00,2025-03-12T09:00:00,3226.0,3378.0,3185.0,3314.0,362269518.0313347,3314.0,upbit,2026-06-28T04:34:13Z
KRW-XRP,2025-03-13T00:00:00,2025-03-13T09:00:00,3314.0,3477.0,3284.0,3336.0,281896923.813503,3336.0,upbit,2026-06-28T04:34:13Z
KRW-XRP,2025-03-14T00:00:00,2025-03-14T09:00:00,3336.0,3514.0,3312.0,3473.0,172788543.59058523,3473.0,upbit,2026-06-28T04:34:13Z
KRW-XRP,2025-03-15T00:00:00,2025-03-15T09:00:00,3473.0,3649.0,3466.0,3517.0,202183538.5627991,3517.0,upbit,2026-06-28T04:34:13Z
KRW-XRP,2025-03-16T00:00:00,2025-03-16T09:00:00,3518.0,3550.0,3346.0,3379.0,203743666.80317175,3379.0,upbit,2026-06-28T04:34:13Z
KRW-XRP,2025-03-17T00:00:00,2025-03-17T09:00:00,3379.0,3473.0,3375.0,3421.0,117901698.51576453,3421.0,upbit,2026-06-28T04:34:13Z
KRW-XRP,2025-03-18T00:00:00,2025-03-18T09:00:00,3422.0,3425.0,3278.0,3348.0,163890823.2857856,3348.0,upbit,2026-06-28T04:34:13Z
KRW-XRP,2025-03-19T00:00:00,2025-03-19T09:00:00,3348.0,3808.0,3314.0,3730.0,516088732.7398629,3730.0,upbit,2026-06-28T04:34:13Z
KRW-XRP,2025-03-20T00:00:00,2025-03-20T09:00:00,3729.0,3751.0,3540.0,3591.0,256944199.33943605,3591.0,upbit,2026-06-28T04:34:13Z
KRW-XRP,2025-03-21T00:00:00,2025-03-21T09:00:00,3591.0,3634.0,3490.0,3528.0,151471187.67422253,3528.0,upbit,2026-06-28T04:34:13Z
KRW-XRP,2025-03-22T00:00:00,2025-03-22T09:00:00,3527.0,3562.0,3498.0,3510.0,75914345.60158725,3510.0,upbit,2026-06-28T04:34:13Z
KRW-XRP,2025-03-23T00:00:00,2025-03-23T09:00:00,3509.0,3598.0,3498.0,3594.0,87419081.91311824,3594.0,upbit,2026-06-28T04:34:13Z
KRW-XRP,2025-03-24T00:00:00,2025-03-24T09:00:00,3594.0,3693.0,3563.0,3606.0,137682762.6121261,3606.0,upbit,2026-06-28T04:34:13Z
KRW-XRP,2025-03-25T00:00:00,2025-03-25T09:00:00,3606.0,3646.0,3553.0,3607.0,97935278.95778222,3607.0,upbit,2026-06-28T04:34:13Z
KRW-XRP,2025-03-26T00:00:00,2025-03-26T09:00:00,3607.0,3649.0,3448.0,3481.0,135672524.34753892,3481.0,upbit,2026-06-28T04:34:13Z
KRW-XRP,2025-03-27T00:00:00,2025-03-27T09:00:00,3480.0,3529.0,3408.0,3452.0,103931534.23405986,3452.0,upbit,2026-06-28T04:34:13Z
KRW-XRP,2025-03-28T00:00:00,2025-03-28T09:00:00,3454.0,3457.0,3216.0,3292.0,194955511.7298219,3292.0,upbit,2026-06-28T04:34:13Z
KRW-XRP,2025-03-29T00:00:00,2025-03-29T09:00:00,3291.0,3318.0,3067.0,3185.0,219198180.43868965,3185.0,upbit,2026-06-28T04:34:13Z
KRW-XRP,2025-03-30T00:00:00,2025-03-30T09:00:00,3186.0,3312.0,3160.0,3190.0,135782570.57881206,3190.0,upbit,2026-06-28T04:34:13Z
KRW-XRP,2025-03-31T00:00:00,2025-03-31T09:00:00,3192.0,3200.0,3022.0,3116.0,203767015.56946582,3116.0,upbit,2026-06-28T04:34:13Z
KRW-XRP,2025-04-01T00:00:00,2025-04-01T09:00:00,3117.0,3269.0,3072.0,3178.0,179842765.8098933,3178.0,upbit,2026-06-28T04:34:13Z
KRW-XRP,2025-04-02T00:00:00,2025-04-02T09:00:00,3180.0,3289.0,2955.0,3010.0,270714312.14676565,3010.0,upbit,2026-06-28T04:34:13Z
KRW-XRP,2025-04-03T00:00:00,2025-04-03T09:00:00,3010.0,3086.0,2922.0,3056.0,200343396.52797556,3056.0,upbit,2026-06-28T04:34:13Z
KRW-XRP,2025-04-04T00:00:00,2025-04-04T09:00:00,3056.0,3189.0,2994.0,3130.0,202017854.84745413,3130.0,upbit,2026-06-28T04:34:13Z
KRW-XRP,2025-04-05T00:00:00,2025-04-05T09:00:00,3131.0,3209.0,3117.0,3166.0,79327039.12293883,3166.0,upbit,2026-06-28T04:34:13Z
KRW-XRP,2025-04-06T00:00:00,2025-04-06T09:00:00,3166.0,3185.0,2800.0,2880.0,255543834.8593653,2880.0,upbit,2026-06-28T04:34:13Z
KRW-XRP,2025-04-07T00:00:00,2025-04-07T09:00:00,2881.0,2990.0,2426.0,2829.0,1097697146.6867807,2829.0,upbit,2026-06-28T04:34:13Z
KRW-XRP,2025-04-08T00:00:00,2025-04-08T09:00:00,2829.0,2942.0,2666.0,2694.0,355156837.3907639,2694.0,upbit,2026-06-28T04:34:13Z
KRW-XRP,2025-04-09T00:00:00,2025-04-09T09:00:00,2694.0,3082.0,2595.0,3016.0,501196851.5248434,3016.0,upbit,2026-06-28T04:34:13Z
KRW-XRP,2025-04-10T00:00:00,2025-04-10T09:00:00,3016.0,3024.0,2856.0,2909.0,250313345.67708436,2909.0,upbit,2026-06-28T04:34:13Z
KRW-XRP,2025-04-11T00:00:00,2025-04-11T09:00:00,2908.0,2996.0,2879.0,2944.0,143608948.162084,2944.0,upbit,2026-06-28T04:34:13Z
KRW-XRP,2025-04-12T00:00:00,2025-04-12T09:00:00,2944.0,3170.0,2925.0,3125.0,174793345.80733827,3125.0,upbit,2026-06-28T04:34:13Z
KRW-XRP,2025-04-13T00:00:00,2025-04-13T09:00:00,3125.0,3259.0,3023.0,3078.0,203177739.17559034,3078.0,upbit,2026-06-28T04:34:13Z
KRW-XRP,2025-04-14T00:00:00,2025-04-14T09:00:00,3078.0,3155.0,3056.0,3085.0,135801360.72705576,3085.0,upbit,2026-06-28T04:34:13Z
KRW-XRP,2025-04-15T00:00:00,2025-04-15T09:00:00,3088.0,3166.0,3046.0,3047.0,121558748.33029626,3047.0,upbit,2026-06-28T04:34:13Z
KRW-XRP,2025-04-16T00:00:00,2025-04-16T09:00:00,3046.0,3079.0,2966.0,3019.0,156096552.43078706,3019.0,upbit,2026-06-28T04:34:13Z
KRW-XRP,2025-04-17T00:00:00,2025-04-17T09:00:00,3020.0,3054.0,2974.0,2985.0,99940239.57468706,2985.0,upbit,2026-06-28T04:34:13Z
KRW-XRP,2025-04-18T00:00:00,2025-04-18T09:00:00,2987.0,3023.0,2953.0,2984.0,79416456.6044824,2984.0,upbit,2026-06-28T04:34:13Z
KRW-XRP,2025-04-19T00:00:00,2025-04-19T09:00:00,2985.0,3025.0,2983.0,3009.0,50198123.07948793,3009.0,upbit,2026-06-28T04:34:13Z
KRW-XRP,2025-04-20T00:00:00,2025-04-20T09:00:00,3009.0,3018.0,2951.0,2994.0,64836913.80349786,2994.0,upbit,2026-06-28T04:34:13Z
KRW-XRP,2025-04-21T00:00:00,2025-04-21T09:00:00,2994.0,3062.0,2970.0,3006.0,112206333.17485417,3006.0,upbit,2026-06-28T04:34:13Z
KRW-XRP,2025-04-22T00:00:00,2025-04-22T09:00:00,3006.0,3217.0,2980.0,3170.0,167844389.63299838,3170.0,upbit,2026-06-28T04:34:13Z
KRW-XRP,2025-04-23T00:00:00,2025-04-23T09:00:00,3168.0,3296.0,3143.0,3180.0,193196362.2064905,3180.0,upbit,2026-06-28T04:34:13Z
KRW-XRP,2025-04-24T00:00:00,2025-04-24T09:00:00,3181.0,3206.0,3055.0,3160.0,132676685.18705703,3160.0,upbit,2026-06-28T04:34:13Z
KRW-XRP,2025-04-25T00:00:00,2025-04-25T09:00:00,3160.0,3196.0,3122.0,3149.0,97280757.79449007,3149.0,upbit,2026-06-28T04:34:13Z
KRW-XRP,2025-04-26T00:00:00,2025-04-26T09:00:00,3149.0,3235.0,3145.0,3160.0,86232088.63751505,3160.0,upbit,2026-06-28T04:34:13Z
KRW-XRP,2025-04-27T00:00:00,2025-04-27T09:00:00,3160.0,3299.0,3129.0,3243.0,148859798.31231174,3243.0,upbit,2026-06-28T04:34:13Z
KRW-XRP,2025-04-28T00:00:00,2025-04-28T09:00:00,3244.0,3390.0,3203.0,3303.0,174173257.5943141,3303.0,upbit,2026-06-28T04:34:13Z
KRW-XRP,2025-04-29T00:00:00,2025-04-29T09:00:00,3303.0,3335.0,3216.0,3235.0,89619294.60599881,3235.0,upbit,2026-06-28T04:34:13Z
KRW-XRP,2025-04-30T00:00:00,2025-04-30T09:00:00,3235.0,3249.0,3070.0,3163.0,119069135.3844321,3163.0,upbit,2026-06-28T04:34:13Z
KRW-XRP,2025-05-01T00:00:00,2025-05-01T09:00:00,3163.0,3244.0,3156.0,3189.0,68338051.15808997,3189.0,upbit,2026-06-28T04:34:13Z
KRW-XRP,2025-05-02T00:00:00,2025-05-02T09:00:00,3190.0,3220.0,3138.0,3158.0,64860103.28485226,3158.0,upbit,2026-06-28T04:34:13Z
KRW-XRP,2025-05-03T00:00:00,2025-05-03T09:00:00,3158.0,3168.0,3123.0,3141.0,37716521.84458546,3141.0,upbit,2026-06-28T04:34:13Z
KRW-XRP,2025-05-04T00:00:00,2025-05-04T09:00:00,3141.0,3180.0,3094.0,3101.0,49174254.72971161,3101.0,upbit,2026-06-28T04:34:13Z
KRW-XRP,2025-05-05T00:00:00,2025-05-05T09:00:00,3101.0,3130.0,3006.0,3038.0,80629977.19819295,3038.0,upbit,2026-06-28T04:34:13Z
KRW-XRP,2025-05-06T00:00:00,2025-05-06T09:00:00,3038.0,3068.0,2963.0,3057.0,96160427.39658725,3057.0,upbit,2026-06-28T04:34:13Z
KRW-XRP,2025-05-07T00:00:00,2025-05-07T09:00:00,3057.0,3076.0,2991.0,3018.0,56222408.35286857,3018.0,upbit,2026-06-28T04:34:13Z
KRW-XRP,2025-05-08T00:00:00,2025-05-08T09:00:00,3019.0,3262.0,3002.0,3262.0,151822564.62325573,3262.0,upbit,2026-06-28T04:34:13Z
KRW-XRP,2025-05-09T00:00:00,2025-05-09T09:00:00,3262.0,3393.0,3210.0,3267.0,215510627.71166924,3267.0,upbit,2026-06-28T04:34:13Z
KRW-XRP,2025-05-10T00:00:00,2025-05-10T09:00:00,3268.0,3425.0,3266.0,3417.0,147682329.60126844,3417.0,upbit,2026-06-28T04:34:13Z
KRW-XRP,2025-05-11T00:00:00,2025-05-11T09:00:00,3417.0,3434.0,3267.0,3307.0,121575215.26849489,3307.0,upbit,2026-06-28T04:34:13Z
KRW-XRP,2025-05-12T00:00:00,2025-05-12T09:00:00,3307.0,3707.0,3298.0,3587.0,451484644.03319377,3587.0,upbit,2026-06-28T04:34:13Z
KRW-XRP,2025-05-13T00:00:00,2025-05-13T09:00:00,3587.0,3639.0,3433.0,3618.0,217406969.68656963,3618.0,upbit,2026-06-28T04:34:13Z
KRW-XRP,2025-05-14T00:00:00,2025-05-14T09:00:00,3618.0,3709.0,3560.0,3592.0,180535165.276651,3592.0,upbit,2026-06-28T04:34:13Z
KRW-XRP,2025-05-15T00:00:00,2025-05-15T09:00:00,3594.0,3615.0,3314.0,3363.0,200292808.11277354,3363.0,upbit,2026-06-28T04:34:13Z
KRW-XRP,2025-05-16T00:00:00,2025-05-16T09:00:00,3364.0,3435.0,3311.0,3370.0,123341041.35643551,3370.0,upbit,2026-06-28T04:34:13Z
KRW-XRP,2025-05-17T00:00:00,2025-05-17T09:00:00,3370.0,3387.0,3280.0,3347.0,95374670.39747095,3347.0,upbit,2026-06-28T04:34:13Z
KRW-XRP,2025-05-18T00:00:00,2025-05-18T09:00:00,3347.0,3460.0,3330.0,3428.0,88546153.68023142,3428.0,upbit,2026-06-28T04:34:13Z
KRW-XRP,2025-05-19T00:00:00,2025-05-19T09:00:00,3428.0,3446.0,3255.0,3352.0,121737702.15598665,3352.0,upbit,2026-06-28T04:34:13Z
KRW-XRP,2025-05-20T00:00:00,2025-05-20T09:00:00,3350.0,3385.0,3283.0,3323.0,74201134.43566018,3323.0,upbit,2026-06-28T04:34:13Z
KRW-XRP,2025-05-21T00:00:00,2025-05-21T09:00:00,3322.0,3366.0,3274.0,3328.0,92888573.576287,3328.0,upbit,2026-06-28T04:34:13Z
KRW-XRP,2025-05-22T00:00:00,2025-05-22T09:00:00,3331.0,3408.0,3325.0,3369.0,96925916.9275256,3369.0,upbit,2026-06-28T04:34:13Z
KRW-XRP,2025-05-23T00:00:00,2025-05-23T09:00:00,3369.0,3426.0,3200.0,3211.0,166208096.8614756,3211.0,upbit,2026-06-28T04:34:13Z
KRW-XRP,2025-05-24T00:00:00,2025-05-24T09:00:00,3212.0,3290.0,3200.0,3257.0,45647932.56370754,3257.0,upbit,2026-06-28T04:34:13Z
KRW-XRP,2025-05-25T00:00:00,2025-05-25T09:00:00,3257.0,3271.0,3185.0,3269.0,56768549.58334189,3269.0,upbit,2026-06-28T04:34:13Z
KRW-XRP,2025-05-26T00:00:00,2025-05-26T09:00:00,3270.0,3279.0,3197.0,3216.0,50439316.47662089,3216.0,upbit,2026-06-28T04:34:13Z
KRW-XRP,2025-05-27T00:00:00,2025-05-27T09:00:00,3217.0,3257.0,3160.0,3215.0,70913027.26343958,3215.0,upbit,2026-06-28T04:34:13Z
KRW-XRP,2025-05-28T00:00:00,2025-05-28T09:00:00,3215.0,3224.0,3117.0,3170.0,60311447.86257946,3170.0,upbit,2026-06-28T04:34:13Z
KRW-XRP,2025-05-29T00:00:00,2025-05-29T09:00:00,3170.0,3215.0,3127.0,3136.0,61855636.46751806,3136.0,upbit,2026-06-28T04:34:13Z
KRW-XRP,2025-05-30T00:00:00,2025-05-30T09:00:00,3136.0,3146.0,3015.0,3029.0,129411584.1879042,3029.0,upbit,2026-06-28T04:34:13Z
KRW-XRP,2025-05-31T00:00:00,2025-05-31T09:00:00,3029.0,3123.0,2953.0,3072.0,117692337.85925272,3072.0,upbit,2026-06-28T04:34:13Z
KRW-XRP,2025-06-01T00:00:00,2025-06-01T09:00:00,3072.0,3091.0,3011.0,3073.0,46662489.86798693,3073.0,upbit,2026-06-28T04:34:13Z
KRW-XRP,2025-06-02T00:00:00,2025-06-02T09:00:00,3073.0,3087.0,3010.0,3073.0,52976344.58164807,3073.0,upbit,2026-06-28T04:34:13Z
KRW-XRP,2025-06-03T00:00:00,2025-06-03T09:00:00,3072.0,3178.0,3061.0,3133.0,65758829.6192518,3133.0,upbit,2026-06-28T04:34:13Z
KRW-XRP,2025-06-04T00:00:00,2025-06-04T09:00:00,3133.0,3159.0,3053.0,3056.0,52156762.63944656,3056.0,upbit,2026-06-28T04:34:13Z
KRW-XRP,2025-06-05T00:00:00,2025-06-05T09:00:00,3057.0,3079.0,2885.0,2924.0,106077077.77395298,2924.0,upbit,2026-06-28T04:34:13Z
KRW-XRP,2025-06-06T00:00:00,2025-06-06T09:00:00,2925.0,3039.0,2903.0,3005.0,57236400.8299796,3005.0,upbit,2026-06-28T04:34:13Z
KRW-XRP,2025-06-07T00:00:00,2025-06-07T09:00:00,3005.0,3037.0,2989.0,3018.0,25262876.75385557,3018.0,upbit,2026-06-28T04:34:13Z
KRW-XRP,2025-06-08T00:00:00,2025-06-08T09:00:00,3018.0,3163.0,3006.0,3121.0,80369879.44138956,3121.0,upbit,2026-06-28T04:34:13Z
KRW-XRP,2025-06-09T00:00:00,2025-06-09T09:00:00,3121.0,3176.0,3063.0,3164.0,73427495.69095223,3164.0,upbit,2026-06-28T04:34:13Z
KRW-XRP,2025-06-10T00:00:00,2025-06-10T09:00:00,3165.0,3176.0,3112.0,3154.0,71302726.33909702,3154.0,upbit,2026-06-28T04:34:13Z
KRW-XRP,2025-06-11T00:00:00,2025-06-11T09:00:00,3153.0,3208.0,3113.0,3130.0,78594292.62393661,3130.0,upbit,2026-06-28T04:34:13Z
KRW-XRP,2025-06-12T00:00:00,2025-06-12T09:00:00,3130.0,3132.0,3002.0,3020.0,70794302.7475611,3020.0,upbit,2026-06-28T04:34:13Z
KRW-XRP,2025-06-13T00:00:00,2025-06-13T09:00:00,3022.0,3022.0,2903.0,2984.0,129252317.16792545,2984.0,upbit,2026-06-28T04:34:13Z
KRW-XRP,2025-06-14T00:00:00,2025-06-14T09:00:00,2985.0,3019.0,2940.0,2973.0,49124815.51558072,2973.0,upbit,2026-06-28T04:34:13Z
KRW-XRP,2025-06-15T00:00:00,2025-06-15T09:00:00,2974.0,3012.0,2973.0,2994.0,33687431.04468624,2994.0,upbit,2026-06-28T04:34:13Z
KRW-XRP,2025-06-16T00:00:00,2025-06-16T09:00:00,2996.0,3200.0,2974.0,3073.0,127776574.55612095,3073.0,upbit,2026-06-28T04:34:13Z
KRW-XRP,2025-06-17T00:00:00,2025-06-17T09:00:00,3077.0,3105.0,2985.0,3001.0,99224718.40311877,3001.0,upbit,2026-06-28T04:34:13Z
KRW-XRP,2025-06-18T00:00:00,2025-06-18T09:00:00,3001.0,3024.0,2945.0,3005.0,77872410.43752995,3005.0,upbit,2026-06-28T04:34:13Z
KRW-XRP,2025-06-19T00:00:00,2025-06-19T09:00:00,3005.0,3025.0,2981.0,2998.0,37684357.62823073,2998.0,upbit,2026-06-28T04:34:13Z
KRW-XRP,2025-06-20T00:00:00,2025-06-20T09:00:00,2998.0,3007.0,2916.0,2953.0,67183936.57793874,2953.0,upbit,2026-06-28T04:34:13Z
KRW-XRP,2025-06-21T00:00:00,2025-06-21T09:00:00,2954.0,2981.0,2821.0,2884.0,79700892.97288305,2884.0,upbit,2026-06-28T04:34:13Z
KRW-XRP,2025-06-22T00:00:00,2025-06-22T09:00:00,2883.0,2925.0,2670.0,2816.0,217378709.08525777,2816.0,upbit,2026-06-28T04:34:13Z
KRW-XRP,2025-06-23T00:00:00,2025-06-23T09:00:00,2816.0,3010.0,2750.0,2991.0,150435252.49302015,2991.0,upbit,2026-06-28T04:34:13Z
KRW-XRP,2025-06-24T00:00:00,2025-06-24T09:00:00,2991.0,3055.0,2951.0,3005.0,98806045.32113485,3005.0,upbit,2026-06-28T04:34:13Z
KRW-XRP,2025-06-25T00:00:00,2025-06-25T09:00:00,3005.0,3062.0,2987.0,3000.0,65536621.35967085,3000.0,upbit,2026-06-28T04:34:13Z
KRW-XRP,2025-06-26T00:00:00,2025-06-26T09:00:00,3000.0,3028.0,2877.0,2889.0,98725860.48124072,2889.0,upbit,2026-06-28T04:34:13Z
KRW-XRP,2025-06-27T00:00:00,2025-06-27T09:00:00,2890.0,2958.0,2848.0,2942.0,83114512.3842346,2942.0,upbit,2026-06-28T04:34:13Z
KRW-XRP,2025-06-28T00:00:00,2025-06-28T09:00:00,2942.0,3023.0,2930.0,2995.0,64798805.61861533,2995.0,upbit,2026-06-28T04:34:13Z
KRW-XRP,2025-06-29T00:00:00,2025-06-29T09:00:00,2995.0,3030.0,2985.0,3012.0,35271655.43765593,3012.0,upbit,2026-06-28T04:34:13Z
KRW-XRP,2025-06-30T00:00:00,2025-06-30T09:00:00,3012.0,3080.0,2963.0,3035.0,67964430.03232409,3035.0,upbit,2026-06-28T04:34:13Z
KRW-XRP,2025-07-01T00:00:00,2025-07-01T09:00:00,3035.0,3058.0,2957.0,2984.0,64434281.65974468,2984.0,upbit,2026-06-28T04:34:13Z
KRW-XRP,2025-07-02T00:00:00,2025-07-02T09:00:00,2984.0,3102.0,2961.0,3024.0,83499982.40571027,3024.0,upbit,2026-06-28T04:34:13Z
KRW-XRP,2025-07-03T00:00:00,2025-07-03T09:00:00,3024.0,3136.0,3015.0,3063.0,95870213.42968827,3063.0,upbit,2026-06-28T04:34:13Z
KRW-XRP,2025-07-04T00:00:00,2025-07-04T09:00:00,3063.0,3088.0,3011.0,3035.0,51356872.67408708,3035.0,upbit,2026-06-28T04:34:13Z
KRW-XRP,2025-07-05T00:00:00,2025-07-05T09:00:00,3035.0,3053.0,3020.0,3034.0,18540141.58778702,3034.0,upbit,2026-06-28T04:34:13Z
KRW-XRP,2025-07-06T00:00:00,2025-07-06T09:00:00,3034.0,3120.0,3025.0,3089.0,60641409.47567678,3089.0,upbit,2026-06-28T04:34:13Z
KRW-XRP,2025-07-07T00:00:00,2025-07-07T09:00:00,3089.0,3198.0,3075.0,3111.0,96778816.38427834,3111.0,upbit,2026-06-28T04:34:13Z
KRW-XRP,2025-07-08T00:00:00,2025-07-08T09:00:00,3110.0,3156.0,3080.0,3143.0,51162736.70653979,3143.0,upbit,2026-06-28T04:34:13Z
KRW-XRP,2025-07-09T00:00:00,2025-07-09T09:00:00,3142.0,3287.0,3133.0,3259.0,120281818.91768362,3259.0,upbit,2026-06-28T04:34:13Z
KRW-XRP,2025-07-10T00:00:00,2025-07-10T09:00:00,3259.0,3450.0,3245.0,3432.0,153371933.36517656,3432.0,upbit,2026-06-28T04:34:13Z
KRW-XRP,2025-07-11T00:00:00,2025-07-11T09:00:00,3432.0,3989.0,3383.0,3674.0,513992304.0433329,3674.0,upbit,2026-06-28T04:34:13Z
KRW-XRP,2025-07-12T00:00:00,2025-07-12T09:00:00,3674.0,3850.0,3603.0,3720.0,245562540.65603888,3720.0,upbit,2026-06-28T04:34:13Z
KRW-XRP,2025-07-13T00:00:00,2025-07-13T09:00:00,3722.0,3899.0,3704.0,3846.0,174057701.4199993,3846.0,upbit,2026-06-28T04:34:13Z
KRW-XRP,2025-07-14T00:00:00,2025-07-14T09:00:00,3846.0,4099.0,3828.0,4043.0,364109826.53716195,4043.0,upbit,2026-06-28T04:34:13Z
KRW-XRP,2025-07-15T00:00:00,2025-07-15T09:00:00,4040.0,4045.0,3827.0,3982.0,287400268.881124,3982.0,upbit,2026-06-28T04:34:13Z
KRW-XRP,2025-07-16T00:00:00,2025-07-16T09:00:00,3983.0,4200.0,3938.0,4125.0,217564921.97983855,4125.0,upbit,2026-06-28T04:34:13Z
KRW-XRP,2025-07-17T00:00:00,2025-07-17T09:00:00,4125.0,4805.0,4092.0,4741.0,551062939.038636,4741.0,upbit,2026-06-28T04:34:13Z
KRW-XRP,2025-07-18T00:00:00,2025-07-18T09:00:00,4741.0,4972.0,4561.0,4662.0,567412036.4621167,4662.0,upbit,2026-06-28T04:34:13Z
KRW-XRP,2025-07-19T00:00:00,2025-07-19T09:00:00,4661.0,4769.0,4605.0,4690.0,168848490.07846758,4690.0,upbit,2026-06-28T04:34:13Z
KRW-XRP,2025-07-20T00:00:00,2025-07-20T09:00:00,4691.0,4828.0,4655.0,4716.0,207723648.15877932,4716.0,upbit,2026-06-28T04:34:13Z
KRW-XRP,2025-07-21T00:00:00,2025-07-21T09:00:00,4716.0,4935.0,4658.0,4842.0,215721623.16699564,4842.0,upbit,2026-06-28T04:34:13Z
KRW-XRP,2025-07-22T00:00:00,2025-07-22T09:00:00,4842.0,4878.0,4665.0,4808.0,204275959.61402813,4808.0,upbit,2026-06-28T04:34:13Z
KRW-XRP,2025-07-23T00:00:00,2025-07-23T09:00:00,4807.0,4810.0,4150.0,4344.0,450344936.2471418,4344.0,upbit,2026-06-28T04:34:13Z
KRW-XRP,2025-07-24T00:00:00,2025-07-24T09:00:00,4344.0,4442.0,4010.0,4277.0,463337508.40641624,4277.0,upbit,2026-06-28T04:34:13Z
KRW-XRP,2025-07-25T00:00:00,2025-07-25T09:00:00,4277.0,4320.0,4127.0,4280.0,208190516.55280402,4280.0,upbit,2026-06-28T04:34:13Z
KRW-XRP,2025-07-26T00:00:00,2025-07-26T09:00:00,4280.0,4390.0,4241.0,4325.0,98473194.80833396,4325.0,upbit,2026-06-28T04:34:13Z
KRW-XRP,2025-07-27T00:00:00,2025-07-27T09:00:00,4325.0,4417.0,4314.0,4409.0,106876164.04055487,4409.0,upbit,2026-06-28T04:34:13Z
KRW-XRP,2025-07-28T00:00:00,2025-07-28T09:00:00,4409.0,4514.0,4287.0,4299.0,185364779.4180792,4299.0,upbit,2026-06-28T04:34:13Z
KRW-XRP,2025-07-29T00:00:00,2025-07-29T09:00:00,4298.0,4377.0,4239.0,4330.0,112480633.85377769,4330.0,upbit,2026-06-28T04:34:13Z
KRW-XRP,2025-07-30T00:00:00,2025-07-30T09:00:00,4330.0,4349.0,4205.0,4284.0,120487084.8483197,4284.0,upbit,2026-06-28T04:34:13Z
KRW-XRP,2025-07-31T00:00:00,2025-07-31T09:00:00,4284.0,4377.0,4210.0,4212.0,105519616.7139927,4212.0,upbit,2026-06-28T04:34:13Z
KRW-XRP,2025-08-01T00:00:00,2025-08-01T09:00:00,4212.0,4235.0,4057.0,4126.0,236234522.43601504,4126.0,upbit,2026-06-28T04:34:13Z
KRW-XRP,2025-08-02T00:00:00,2025-08-02T09:00:00,4125.0,4210.0,3836.0,3875.0,207180274.63059253,3875.0,upbit,2026-06-28T04:34:13Z
KRW-XRP,2025-08-03T00:00:00,2025-08-03T09:00:00,3876.0,4153.0,3811.0,4140.0,162112490.75498408,4140.0,upbit,2026-06-28T04:34:13Z
KRW-XRP,2025-08-04T00:00:00,2025-08-04T09:00:00,4140.0,4297.0,4106.0,4275.0,163467378.6590341,4275.0,upbit,2026-06-28T04:34:13Z
KRW-XRP,2025-08-05T00:00:00,2025-08-05T09:00:00,4276.0,4334.0,4101.0,4155.0,141593354.22555974,4155.0,upbit,2026-06-28T04:34:13Z
KRW-XRP,2025-08-06T00:00:00,2025-08-06T09:00:00,4154.0,4200.0,4059.0,4164.0,93590636.39442588,4164.0,upbit,2026-06-28T04:34:13Z
KRW-XRP,2025-08-07T00:00:00,2025-08-07T09:00:00,4163.0,4595.0,4140.0,4568.0,212595646.2129574,4568.0,upbit,2026-06-28T04:34:13Z
KRW-XRP,2025-08-08T00:00:00,2025-08-08T09:00:00,4568.0,4664.0,4423.0,4503.0,270420459.8801941,4503.0,upbit,2026-06-28T04:34:13Z
KRW-XRP,2025-08-09T00:00:00,2025-08-09T09:00:00,4503.0,4590.0,4420.0,4442.0,143393605.45643735,4442.0,upbit,2026-06-28T04:34:13Z
KRW-XRP,2025-08-10T00:00:00,2025-08-10T09:00:00,4440.0,4500.0,4321.0,4382.0,136551096.82480082,4382.0,upbit,2026-06-28T04:34:13Z
KRW-XRP,2025-08-11T00:00:00,2025-08-11T09:00:00,4382.0,4555.0,4315.0,4334.0,196165496.35904637,4334.0,upbit,2026-06-28T04:34:13Z
KRW-XRP,2025-08-12T00:00:00,2025-08-12T09:00:00,4333.0,4510.0,4282.0,4465.0,159436559.52288535,4465.0,upbit,2026-06-28T04:34:13Z
KRW-XRP,2025-08-13T00:00:00,2025-08-13T09:00:00,4466.0,4538.0,4400.0,4467.0,167679675.59860054,4467.0,upbit,2026-06-28T04:34:13Z
KRW-XRP,2025-08-14T00:00:00,2025-08-14T09:00:00,4467.0,4560.0,4188.0,4289.0,307154844.13426745,4289.0,upbit,2026-06-28T04:34:13Z
KRW-XRP,2025-08-15T00:00:00,2025-08-15T09:00:00,4289.0,4352.0,4201.0,4302.0,102234626.94826354,4302.0,upbit,2026-06-28T04:34:13Z
KRW-XRP,2025-08-16T00:00:00,2025-08-16T09:00:00,4302.0,4375.0,4295.0,4315.0,64920085.38190225,4315.0,upbit,2026-06-28T04:34:13Z
KRW-XRP,2025-08-17T00:00:00,2025-08-17T09:00:00,4315.0,4352.0,4282.0,4296.0,61494000.50634062,4296.0,upbit,2026-06-28T04:34:13Z
KRW-XRP,2025-08-18T00:00:00,2025-08-18T09:00:00,4296.0,4303.0,4104.0,4252.0,153119139.45922285,4252.0,upbit,2026-06-28T04:34:13Z
KRW-XRP,2025-08-19T00:00:00,2025-08-19T09:00:00,4251.0,4279.0,3970.0,3990.0,144935804.68492937,3990.0,upbit,2026-06-28T04:34:13Z
KRW-XRP,2025-08-20T00:00:00,2025-08-20T09:00:00,3990.0,4152.0,3954.0,4109.0,132249511.38675724,4109.0,upbit,2026-06-28T04:34:13Z
KRW-XRP,2025-08-21T00:00:00,2025-08-21T09:00:00,4110.0,4120.0,3990.0,4000.0,74545008.48888372,4000.0,upbit,2026-06-28T04:34:13Z
KRW-XRP,2025-08-22T00:00:00,2025-08-22T09:00:00,4000.0,4286.0,3901.0,4236.0,265089702.60603833,4236.0,upbit,2026-06-28T04:34:13Z
KRW-XRP,2025-08-23T00:00:00,2025-08-23T09:00:00,4235.0,4243.0,4101.0,4215.0,97426180.94343805,4215.0,upbit,2026-06-28T04:34:13Z
KRW-XRP,2025-08-24T00:00:00,2025-08-24T09:00:00,4215.0,4307.0,4162.0,4201.0,107668114.83685055,4201.0,upbit,2026-06-28T04:34:13Z
KRW-XRP,2025-08-25T00:00:00,2025-08-25T09:00:00,4201.0,4234.0,4017.0,4046.0,114551819.75014532,4046.0,upbit,2026-06-28T04:34:13Z
KRW-XRP,2025-08-26T00:00:00,2025-08-26T09:00:00,4046.0,4300.0,4032.0,4216.0,100180439.06718512,4216.0,upbit,2026-06-28T04:34:13Z
KRW-XRP,2025-08-27T00:00:00,2025-08-27T09:00:00,4216.0,4241.0,4150.0,4158.0,75792996.57048628,4158.0,upbit,2026-06-28T04:34:13Z
KRW-XRP,2025-08-28T00:00:00,2025-08-28T09:00:00,4156.0,4204.0,4120.0,4134.0,71025983.31888038,4134.0,upbit,2026-06-28T04:34:13Z
KRW-XRP,2025-08-29T00:00:00,2025-08-29T09:00:00,4134.0,4150.0,3900.0,3961.0,227937156.11099157,3961.0,upbit,2026-06-28T04:34:13Z
KRW-XRP,2025-08-30T00:00:00,2025-08-30T09:00:00,3961.0,3966.0,3855.0,3928.0,120032100.40600185,3928.0,upbit,2026-06-28T04:34:13Z
KRW-XRP,2025-08-31T00:00:00,2025-08-31T09:00:00,3928.0,4000.0,3862.0,3868.0,84756379.38926694,3868.0,upbit,2026-06-28T04:34:13Z
KRW-XRP,2025-09-01T00:00:00,2025-09-01T09:00:00,3868.0,3945.0,3750.0,3849.0,173587897.04253417,3849.0,upbit,2026-06-28T04:34:13Z
KRW-XRP,2025-09-02T00:00:00,2025-09-02T09:00:00,3849.0,3988.0,3831.0,3983.0,111127380.32026216,3983.0,upbit,2026-06-28T04:34:13Z
KRW-XRP,2025-09-03T00:00:00,2025-09-03T09:00:00,3983.0,3998.0,3919.0,3944.0,71372817.82092407,3944.0,upbit,2026-06-28T04:34:13Z
KRW-XRP,2025-09-04T00:00:00,2025-09-04T09:00:00,3944.0,3987.0,3917.0,3927.0,78099050.68589818,3927.0,upbit,2026-06-28T04:34:13Z
KRW-XRP,2025-09-05T00:00:00,2025-09-05T09:00:00,3927.0,4012.0,3901.0,3944.0,87973040.8665316,3944.0,upbit,2026-06-28T04:34:13Z
KRW-XRP,2025-09-06T00:00:00,2025-09-06T09:00:00,3944.0,3957.0,3925.0,3935.0,28618990.35037903,3935.0,upbit,2026-06-28T04:34:13Z
KRW-XRP,2025-09-07T00:00:00,2025-09-07T09:00:00,3936.0,4092.0,3935.0,4013.0,73301721.30159654,4013.0,upbit,2026-06-28T04:34:13Z
KRW-XRP,2025-09-08T00:00:00,2025-09-08T09:00:00,4013.0,4167.0,4002.0,4138.0,105480218.78587614,4138.0,upbit,2026-06-28T04:34:13Z
KRW-XRP,2025-09-09T00:00:00,2025-09-09T09:00:00,4138.0,4209.0,4087.0,4109.0,98221614.56481,4109.0,upbit,2026-06-28T04:34:13Z
KRW-XRP,2025-09-10T00:00:00,2025-09-10T09:00:00,4109.0,4194.0,4092.0,4150.0,62837248.76762609,4150.0,upbit,2026-06-28T04:34:13Z
KRW-XRP,2025-09-11T00:00:00,2025-09-11T09:00:00,4150.0,4234.0,4126.0,4223.0,94380703.15179852,4223.0,upbit,2026-06-28T04:34:13Z
KRW-XRP,2025-09-12T00:00:00,2025-09-12T09:00:00,4224.0,4343.0,4210.0,4312.0,108538256.33408897,4312.0,upbit,2026-06-28T04:34:13Z
KRW-XRP,2025-09-13T00:00:00,2025-09-13T09:00:00,4311.0,4412.0,4282.0,4324.0,120243437.25397708,4324.0,upbit,2026-06-28T04:34:13Z
KRW-XRP,2025-09-14T00:00:00,2025-09-14T09:00:00,4324.0,4329.0,4176.0,4209.0,90098430.1728223,4209.0,upbit,2026-06-28T04:34:13Z
KRW-XRP,2025-09-15T00:00:00,2025-09-15T09:00:00,4209.0,4255.0,4112.0,4182.0,97827654.54255024,4182.0,upbit,2026-06-28T04:34:13Z
KRW-XRP,2025-09-16T00:00:00,2025-09-16T09:00:00,4182.0,4249.0,4130.0,4224.0,60598787.77807896,4224.0,upbit,2026-06-28T04:34:13Z
KRW-XRP,2025-09-17T00:00:00,2025-09-17T09:00:00,4224.0,4311.0,4162.0,4270.0,87809145.10651866,4270.0,upbit,2026-06-28T04:34:13Z
KRW-XRP,2025-09-18T00:00:00,2025-09-18T09:00:00,4271.0,4353.0,4247.0,4270.0,112386065.05329154,4270.0,upbit,2026-06-28T04:34:13Z
KRW-XRP,2025-09-19T00:00:00,2025-09-19T09:00:00,4269.0,4295.0,4184.0,4197.0,82315872.23193425,4197.0,upbit,2026-06-28T04:34:13Z
KRW-XRP,2025-09-20T00:00:00,2025-09-20T09:00:00,4197.0,4217.0,4151.0,4176.0,51121889.53133137,4176.0,upbit,2026-06-28T04:34:13Z
KRW-XRP,2025-09-21T00:00:00,2025-09-21T09:00:00,4175.0,4214.0,4145.0,4162.0,61889936.46808721,4162.0,upbit,2026-06-28T04:34:13Z
KRW-XRP,2025-09-22T00:00:00,2025-09-22T09:00:00,4162.0,4169.0,3953.0,4073.0,210182839.60646245,4073.0,upbit,2026-06-28T04:34:13Z
KRW-XRP,2025-09-23T00:00:00,2025-09-23T09:00:00,4072.0,4111.0,3983.0,4025.0,84179395.742859,4025.0,upbit,2026-06-28T04:34:13Z
KRW-XRP,2025-09-24T00:00:00,2025-09-24T09:00:00,4024.0,4230.0,3992.0,4149.0,96722253.95936763,4149.0,upbit,2026-06-28T04:34:13Z
KRW-XRP,2025-09-25T00:00:00,2025-09-25T09:00:00,4150.0,4181.0,3978.0,3987.0,141340496.9914189,3987.0,upbit,2026-06-28T04:34:13Z
KRW-XRP,2025-09-26T00:00:00,2025-09-26T09:00:00,3986.0,4030.0,3924.0,4015.0,104237800.52211206,4015.0,upbit,2026-06-28T04:34:13Z
KRW-XRP,2025-09-27T00:00:00,2025-09-27T09:00:00,4016.0,4070.0,3980.0,4034.0,42445199.89785138,4034.0,upbit,2026-06-28T04:34:13Z
KRW-XRP,2025-09-28T00:00:00,2025-09-28T09:00:00,4034.0,4106.0,3995.0,4104.0,50939841.49990787,4104.0,upbit,2026-06-28T04:34:13Z
KRW-XRP,2025-09-29T00:00:00,2025-09-29T09:00:00,4103.0,4183.0,4066.0,4107.0,83361431.7755915,4107.0,upbit,2026-06-28T04:34:13Z
KRW-XRP,2025-09-30T00:00:00,2025-09-30T09:00:00,4107.0,4135.0,4043.0,4066.0,61290947.23217277,4066.0,upbit,2026-06-28T04:34:13Z
KRW-XRP,2025-10-01T00:00:00,2025-10-01T09:00:00,4065.0,4197.0,4030.0,4188.0,101734318.1393613,4188.0,upbit,2026-06-28T04:34:13Z
KRW-XRP,2025-10-02T00:00:00,2025-10-02T09:00:00,4186.0,4379.0,4171.0,4307.0,133765872.54757369,4307.0,upbit,2026-06-28T04:34:13Z
KRW-XRP,2025-10-03T00:00:00,2025-10-03T09:00:00,4307.0,4368.0,4243.0,4311.0,97730948.4885868,4311.0,upbit,2026-06-28T04:34:13Z
KRW-XRP,2025-10-04T00:00:00,2025-10-04T09:00:00,4311.0,4325.0,4210.0,4244.0,67051496.25238349,4244.0,upbit,2026-06-28T04:34:13Z
KRW-XRP,2025-10-05T00:00:00,2025-10-05T09:00:00,4244.0,4357.0,4221.0,4257.0,95459135.3336229,4257.0,upbit,2026-06-28T04:34:13Z
KRW-XRP,2025-10-06T00:00:00,2025-10-06T09:00:00,4257.0,4324.0,4250.0,4262.0,72331626.99858901,4262.0,upbit,2026-06-28T04:34:13Z
KRW-XRP,2025-10-07T00:00:00,2025-10-07T09:00:00,4262.0,4283.0,4130.0,4133.0,105532333.09477733,4133.0,upbit,2026-06-28T04:34:13Z
KRW-XRP,2025-10-08T00:00:00,2025-10-08T09:00:00,4132.0,4208.0,4131.0,4157.0,45234549.91915958,4157.0,upbit,2026-06-28T04:34:13Z
KRW-XRP,2025-10-09T00:00:00,2025-10-09T09:00:00,4158.0,4158.0,4067.0,4096.0,72436218.08508249,4096.0,upbit,2026-06-28T04:34:13Z
KRW-XRP,2025-10-10T00:00:00,2025-10-10T09:00:00,4096.0,4120.0,3013.0,3688.0,377560801.38679385,3688.0,upbit,2026-06-28T04:34:13Z
KRW-XRP,2025-10-11T00:00:00,2025-10-11T09:00:00,3694.0,3817.0,3480.0,3674.0,308398219.2246205,3674.0,upbit,2026-06-28T04:34:13Z
KRW-XRP,2025-10-12T00:00:00,2025-10-12T09:00:00,3673.0,3876.0,3550.0,3821.0,230826083.23915765,3821.0,upbit,2026-06-28T04:34:13Z
KRW-XRP,2025-10-13T00:00:00,2025-10-13T09:00:00,3821.0,3963.0,3805.0,3884.0,143497739.79159886,3884.0,upbit,2026-06-28T04:34:13Z
KRW-XRP,2025-10-14T00:00:00,2025-10-14T09:00:00,3885.0,3911.0,3667.0,3767.0,163229018.10757267,3767.0,upbit,2026-06-28T04:34:13Z
KRW-XRP,2025-10-15T00:00:00,2025-10-15T09:00:00,3767.0,3810.0,3650.0,3672.0,88962803.35612787,3672.0,upbit,2026-06-28T04:34:13Z
KRW-XRP,2025-10-16T00:00:00,2025-10-16T09:00:00,3671.0,3725.0,3517.0,3562.0,130492600.60477543,3562.0,upbit,2026-06-28T04:34:13Z
KRW-XRP,2025-10-17T00:00:00,2025-10-17T09:00:00,3561.0,3660.0,3372.0,3528.0,227890273.26271725,3528.0,upbit,2026-06-28T04:34:13Z
KRW-XRP,2025-10-18T00:00:00,2025-10-18T09:00:00,3527.0,3654.0,3521.0,3601.0,65907914.01102586,3601.0,upbit,2026-06-28T04:34:13Z
KRW-XRP,2025-10-19T00:00:00,2025-10-19T09:00:00,3602.0,3659.0,3520.0,3626.0,70200732.04169251,3626.0,upbit,2026-06-28T04:34:13Z
KRW-XRP,2025-10-20T00:00:00,2025-10-20T09:00:00,3626.0,3816.0,3583.0,3740.0,94618322.96030262,3740.0,upbit,2026-06-28T04:34:13Z
KRW-XRP,2025-10-21T00:00:00,2025-10-21T09:00:00,3740.0,3766.0,3620.0,3648.0,100120238.78721136,3648.0,upbit,2026-06-28T04:34:13Z
KRW-XRP,2025-10-22T00:00:00,2025-10-22T09:00:00,3648.0,3674.0,3550.0,3583.0,73570890.76534137,3583.0,upbit,2026-06-28T04:34:13Z
KRW-XRP,2025-10-23T00:00:00,2025-10-23T09:00:00,3584.0,3638.0,3576.0,3600.0,46317514.97589472,3600.0,upbit,2026-06-28T04:34:13Z
KRW-XRP,2025-10-24T00:00:00,2025-10-24T09:00:00,3602.0,3754.0,3592.0,3742.0,88833474.09377578,3742.0,upbit,2026-06-28T04:34:13Z
KRW-XRP,2025-10-25T00:00:00,2025-10-25T09:00:00,3744.0,3899.0,3735.0,3870.0,81993517.16592643,3870.0,upbit,2026-06-28T04:34:13Z
KRW-XRP,2025-10-26T00:00:00,2025-10-26T09:00:00,3870.0,3955.0,3859.0,3916.0,87404535.49936636,3916.0,upbit,2026-06-28T04:34:13Z
KRW-XRP,2025-10-27T00:00:00,2025-10-27T09:00:00,3916.0,3970.0,3845.0,3897.0,99216174.70482208,3897.0,upbit,2026-06-28T04:34:13Z
KRW-XRP,2025-10-28T00:00:00,2025-10-28T09:00:00,3896.0,3964.0,3845.0,3879.0,80322565.04897317,3879.0,upbit,2026-06-28T04:34:13Z
KRW-XRP,2025-10-29T00:00:00,2025-10-29T09:00:00,3879.0,3942.0,3790.0,3814.0,82985817.59663078,3814.0,upbit,2026-06-28T04:34:13Z
KRW-XRP,2025-10-30T00:00:00,2025-10-30T09:00:00,3813.0,3862.0,3623.0,3702.0,127440358.7152613,3702.0,upbit,2026-06-28T04:34:13Z
KRW-XRP,2025-10-31T00:00:00,2025-10-31T09:00:00,3702.0,3811.0,3690.0,3759.0,58134128.56818649,3759.0,upbit,2026-06-28T04:34:13Z
KRW-XRP,2025-11-01T00:00:00,2025-11-01T09:00:00,3761.0,3762.0,3695.0,3732.0,32789309.30844253,3732.0,upbit,2026-06-28T04:34:13Z
KRW-XRP,2025-11-02T00:00:00,2025-11-02T09:00:00,3732.0,3793.0,3700.0,3747.0,37649158.65167606,3747.0,upbit,2026-06-28T04:34:13Z
KRW-XRP,2025-11-03T00:00:00,2025-11-03T09:00:00,3747.0,3753.0,3384.0,3442.0,188226553.26896134,3442.0,upbit,2026-06-28T04:34:13Z
KRW-XRP,2025-11-04T00:00:00,2025-11-04T09:00:00,3442.0,3540.0,3100.0,3323.0,316195152.20967156,3323.0,upbit,2026-06-28T04:34:13Z
KRW-XRP,2025-11-05T00:00:00,2025-11-05T09:00:00,3324.0,3549.0,3116.0,3512.0,226663013.54580405,3512.0,upbit,2026-06-28T04:34:13Z
KRW-XRP,2025-11-06T00:00:00,2025-11-06T09:00:00,3512.0,3600.0,3266.0,3309.0,137710168.67051798,3309.0,upbit,2026-06-28T04:34:13Z
KRW-XRP,2025-11-07T00:00:00,2025-11-07T09:00:00,3309.0,3530.0,3230.0,3445.0,156787436.3056346,3445.0,upbit,2026-06-28T04:34:13Z
KRW-XRP,2025-11-08T00:00:00,2025-11-08T09:00:00,3445.0,3484.0,3350.0,3410.0,75866134.91948839,3410.0,upbit,2026-06-28T04:34:13Z
KRW-XRP,2025-11-09T00:00:00,2025-11-09T09:00:00,3410.0,3543.0,3341.0,3510.0,82973694.41133699,3510.0,upbit,2026-06-28T04:34:13Z
KRW-XRP,2025-11-10T00:00:00,2025-11-10T09:00:00,3508.0,3814.0,3484.0,3738.0,202279817.0225262,3738.0,upbit,2026-06-28T04:34:13Z
KRW-XRP,2025-11-11T00:00:00,2025-11-11T09:00:00,3738.0,3804.0,3558.0,3584.0,119312826.22175631,3584.0,upbit,2026-06-28T04:34:13Z
KRW-XRP,2025-11-12T00:00:00,2025-11-12T09:00:00,3585.0,3654.0,3490.0,3602.0,97076687.47012931,3602.0,upbit,2026-06-28T04:34:13Z
KRW-XRP,2025-11-13T00:00:00,2025-11-13T09:00:00,3602.0,3769.0,3479.0,3527.0,195826078.9712908,3527.0,upbit,2026-06-28T04:34:13Z
KRW-XRP,2025-11-14T00:00:00,2025-11-14T09:00:00,3527.0,3543.0,3368.0,3411.0,192868759.38890266,3411.0,upbit,2026-06-28T04:34:13Z
KRW-XRP,2025-11-15T00:00:00,2025-11-15T09:00:00,3410.0,3486.0,3354.0,3378.0,75834400.6989671,3378.0,upbit,2026-06-28T04:34:13Z
KRW-XRP,2025-11-16T00:00:00,2025-11-16T09:00:00,3377.0,3421.0,3240.0,3302.0,129244191.05799179,3302.0,upbit,2026-06-28T04:34:13Z
KRW-XRP,2025-11-17T00:00:00,2025-11-17T09:00:00,3302.0,3431.0,3190.0,3235.0,148934533.5257782,3235.0,upbit,2026-06-28T04:34:13Z
KRW-XRP,2025-11-18T00:00:00,2025-11-18T09:00:00,3234.0,3317.0,3138.0,3284.0,181999752.18009758,3284.0,upbit,2026-06-28T04:34:13Z
KRW-XRP,2025-11-19T00:00:00,2025-11-19T09:00:00,3285.0,3289.0,3026.0,3146.0,178174426.86823925,3146.0,upbit,2026-06-28T04:34:13Z
KRW-XRP,2025-11-20T00:00:00,2025-11-20T09:00:00,3145.0,3197.0,2980.0,2998.0,171763504.8513028,2998.0,upbit,2026-06-28T04:34:13Z
KRW-XRP,2025-11-21T00:00:00,2025-11-21T09:00:00,2997.0,3030.0,2739.0,2934.0,387509852.1440614,2934.0,upbit,2026-06-28T04:34:13Z
KRW-XRP,2025-11-22T00:00:00,2025-11-22T09:00:00,2934.0,2962.0,2845.0,2930.0,105380318.36653319,2930.0,upbit,2026-06-28T04:34:13Z
KRW-XRP,2025-11-23T00:00:00,2025-11-23T09:00:00,2930.0,3160.0,2927.0,3115.0,171831685.19461173,3115.0,upbit,2026-06-28T04:34:13Z
KRW-XRP,2025-11-24T00:00:00,2025-11-24T09:00:00,3114.0,3425.0,3062.0,3341.0,207403148.84763864,3341.0,upbit,2026-06-28T04:34:13Z
KRW-XRP,2025-11-25T00:00:00,2025-11-25T09:00:00,3341.0,3406.0,3225.0,3293.0,139567465.19612107,3293.0,upbit,2026-06-28T04:34:13Z
KRW-XRP,2025-11-26T00:00:00,2025-11-26T09:00:00,3292.0,3355.0,3220.0,3321.0,85370251.97366676,3321.0,upbit,2026-06-28T04:34:13Z
KRW-XRP,2025-11-27T00:00:00,2025-11-27T09:00:00,3321.0,3345.0,3255.0,3292.0,71303277.518911,3292.0,upbit,2026-06-28T04:34:13Z
KRW-XRP,2025-11-28T00:00:00,2025-11-28T09:00:00,3293.0,3400.0,3250.0,3267.0,105198634.36116698,3267.0,upbit,2026-06-28T04:34:13Z
KRW-XRP,2025-11-29T00:00:00,2025-11-29T09:00:00,3268.0,3324.0,3253.0,3292.0,46188417.99408008,3292.0,upbit,2026-06-28T04:34:13Z
KRW-XRP,2025-11-30T00:00:00,2025-11-30T09:00:00,3292.0,3310.0,3233.0,3238.0,48254931.6118399,3238.0,upbit,2026-06-28T04:34:13Z
KRW-XRP,2025-12-01T00:00:00,2025-12-01T09:00:00,3238.0,3248.0,2976.0,3037.0,228192055.34553218,3037.0,upbit,2026-06-28T04:34:13Z
KRW-XRP,2025-12-02T00:00:00,2025-12-02T09:00:00,3037.0,3247.0,2982.0,3198.0,145971488.70803973,3198.0,upbit,2026-06-28T04:34:13Z
KRW-XRP,2025-12-03T00:00:00,2025-12-03T09:00:00,3199.0,3300.0,3181.0,3263.0,112919756.4787262,3263.0,upbit,2026-06-28T04:34:13Z
KRW-XRP,2025-12-04T00:00:00,2025-12-04T09:00:00,3264.0,3291.0,3094.0,3130.0,100597563.23241249,3130.0,upbit,2026-06-28T04:34:13Z
KRW-XRP,2025-12-05T00:00:00,2025-12-05T09:00:00,3129.0,3160.0,3013.0,3048.0,91256666.69621561,3048.0,upbit,2026-06-28T04:34:13Z
KRW-XRP,2025-12-06T00:00:00,2025-12-06T09:00:00,3048.0,3074.0,3020.0,3042.0,38023613.67111596,3042.0,upbit,2026-06-28T04:34:13Z
KRW-XRP,2025-12-07T00:00:00,2025-12-07T09:00:00,3043.0,3149.0,2992.0,3059.0,86824310.67413718,3059.0,upbit,2026-06-28T04:34:13Z
KRW-XRP,2025-12-08T00:00:00,2025-12-08T09:00:00,3060.0,3157.0,3035.0,3088.0,66230392.48925298,3088.0,upbit,2026-06-28T04:34:13Z
KRW-XRP,2025-12-09T00:00:00,2025-12-09T09:00:00,3089.0,3220.0,3044.0,3119.0,97490211.47400425,3119.0,upbit,2026-06-28T04:34:13Z
KRW-XRP,2025-12-10T00:00:00,2025-12-10T09:00:00,3120.0,3124.0,3031.0,3037.0,90805355.02950507,3037.0,upbit,2026-06-28T04:34:13Z
KRW-XRP,2025-12-11T00:00:00,2025-12-11T09:00:00,3037.0,3054.0,2963.0,3023.0,98447782.479867,3023.0,upbit,2026-06-28T04:34:13Z
KRW-XRP,2025-12-12T00:00:00,2025-12-12T09:00:00,3021.0,3046.0,2955.0,3001.0,58893363.49676198,3001.0,upbit,2026-06-28T04:34:13Z
KRW-XRP,2025-12-13T00:00:00,2025-12-13T09:00:00,3001.0,3053.0,2997.0,3020.0,34216628.80887448,3020.0,upbit,2026-06-28T04:34:13Z
KRW-XRP,2025-12-14T00:00:00,2025-12-14T09:00:00,3020.0,3030.0,2947.0,2960.0,53273236.500517,2960.0,upbit,2026-06-28T04:34:13Z
KRW-XRP,2025-12-15T00:00:00,2025-12-15T09:00:00,2959.0,3004.0,2800.0,2840.0,140435119.9690499,2840.0,upbit,2026-06-28T04:34:13Z
KRW-XRP,2025-12-16T00:00:00,2025-12-16T09:00:00,2839.0,2899.0,2760.0,2868.0,124593489.44866036,2868.0,upbit,2026-06-28T04:34:13Z
KRW-XRP,2025-12-17T00:00:00,2025-12-17T09:00:00,2868.0,2950.0,2765.0,2781.0,105093083.93435188,2781.0,upbit,2026-06-28T04:34:13Z
KRW-XRP,2025-12-18T00:00:00,2025-12-18T09:00:00,2781.0,2870.0,2690.0,2694.0,151329942.49900237,2694.0,upbit,2026-06-28T04:34:13Z
KRW-XRP,2025-12-19T00:00:00,2025-12-19T09:00:00,2694.0,2854.0,2632.0,2843.0,161289544.05601722,2843.0,upbit,2026-06-28T04:34:13Z
KRW-XRP,2025-12-20T00:00:00,2025-12-20T09:00:00,2843.0,2921.0,2823.0,2877.0,71291579.47023939,2877.0,upbit,2026-06-28T04:34:13Z
KRW-XRP,2025-12-21T00:00:00,2025-12-21T09:00:00,2877.0,2901.0,2820.0,2860.0,52631212.60079967,2860.0,upbit,2026-06-28T04:34:13Z
KRW-XRP,2025-12-22T00:00:00,2025-12-22T09:00:00,2860.0,2895.0,2825.0,2842.0,64705652.61158332,2842.0,upbit,2026-06-28T04:34:13Z
KRW-XRP,2025-12-23T00:00:00,2025-12-23T09:00:00,2841.0,2849.0,2785.0,2795.0,61293895.53753076,2795.0,upbit,2026-06-28T04:34:13Z
KRW-XRP,2025-12-24T00:00:00,2025-12-24T09:00:00,2796.0,2799.0,2712.0,2747.0,66812091.45007129,2747.0,upbit,2026-06-28T04:34:13Z
KRW-XRP,2025-12-25T00:00:00,2025-12-25T09:00:00,2747.0,2776.0,2691.0,2699.0,50759901.98378101,2699.0,upbit,2026-06-28T04:34:13Z
KRW-XRP,2025-12-26T00:00:00,2025-12-26T09:00:00,2699.0,2750.0,2686.0,2704.0,67997920.33099794,2704.0,upbit,2026-06-28T04:34:13Z
KRW-XRP,2025-12-27T00:00:00,2025-12-27T09:00:00,2705.0,2742.0,2698.0,2733.0,23728651.33865885,2733.0,upbit,2026-06-28T04:34:13Z
KRW-XRP,2025-12-28T00:00:00,2025-12-28T09:00:00,2734.0,2742.0,2705.0,2716.0,27261118.24504798,2716.0,upbit,2026-06-28T04:34:13Z
KRW-XRP,2025-12-29T00:00:00,2025-12-29T09:00:00,2715.0,2772.0,2691.0,2696.0,62620552.23654775,2696.0,upbit,2026-06-28T04:34:13Z
KRW-XRP,2025-12-30T00:00:00,2025-12-30T09:00:00,2697.0,2734.0,2680.0,2724.0,45015551.1893607,2724.0,upbit,2026-06-28T04:34:13Z
KRW-XRP,2025-12-31T00:00:00,2025-12-31T09:00:00,2724.0,2733.0,2685.0,2692.0,38356055.00756674,2692.0,upbit,2026-06-28T04:34:13Z
KRW-XRP,2026-01-01T00:00:00,2026-01-01T09:00:00,2692.0,2728.0,2671.0,2724.0,36126064.8303117,2724.0,upbit,2026-06-28T04:34:13Z
KRW-XRP,2026-01-02T00:00:00,2026-01-02T09:00:00,2725.0,2931.0,2713.0,2900.0,95851831.45902698,2900.0,upbit,2026-06-28T04:34:13Z
KRW-XRP,2026-01-03T00:00:00,2026-01-03T09:00:00,2901.0,2982.0,2872.0,2920.0,89481653.52672713,2920.0,upbit,2026-06-28T04:34:13Z
KRW-XRP,2026-01-04T00:00:00,2026-01-04T09:00:00,2920.0,3070.0,2919.0,3023.0,104665428.8327987,3023.0,upbit,2026-06-28T04:34:13Z
KRW-XRP,2026-01-05T00:00:00,2026-01-05T09:00:00,3023.0,3427.0,3019.0,3403.0,184399960.07173556,3403.0,upbit,2026-06-28T04:34:13Z
KRW-XRP,2026-01-06T00:00:00,2026-01-06T09:00:00,3403.0,3495.0,3221.0,3351.0,234709541.8057311,3351.0,upbit,2026-06-28T04:34:13Z
KRW-XRP,2026-01-07T00:00:00,2026-01-07T09:00:00,3351.0,3370.0,3140.0,3150.0,132050868.40865488,3150.0,upbit,2026-06-28T04:34:13Z
KRW-XRP,2026-01-08T00:00:00,2026-01-08T09:00:00,3151.0,3205.0,3025.0,3105.0,165979696.61098343,3105.0,upbit,2026-06-28T04:34:13Z
KRW-XRP,2026-01-09T00:00:00,2026-01-09T09:00:00,3106.0,3171.0,3045.0,3085.0,97879689.86501376,3085.0,upbit,2026-06-28T04:34:13Z
KRW-XRP,2026-01-10T00:00:00,2026-01-10T09:00:00,3087.0,3109.0,3065.0,3080.0,29963753.68260801,3080.0,upbit,2026-06-28T04:34:13Z
KRW-XRP,2026-01-11T00:00:00,2026-01-11T09:00:00,3083.0,3100.0,3020.0,3049.0,44574309.78053068,3049.0,upbit,2026-06-28T04:34:13Z
KRW-XRP,2026-01-12T00:00:00,2026-01-12T09:00:00,3049.0,3098.0,2998.0,3032.0,101895569.72764176,3032.0,upbit,2026-06-28T04:34:13Z
KRW-XRP,2026-01-13T00:00:00,2026-01-13T09:00:00,3033.0,3198.0,3025.0,3172.0,102007356.77661648,3172.0,upbit,2026-06-28T04:34:13Z
KRW-XRP,2026-01-14T00:00:00,2026-01-14T09:00:00,3172.0,3214.0,3098.0,3133.0,116356156.5734999,3133.0,upbit,2026-06-28T04:34:13Z
KRW-XRP,2026-01-15T00:00:00,2026-01-15T09:00:00,3134.0,3141.0,3031.0,3062.0,83616064.02915548,3062.0,upbit,2026-06-28T04:34:13Z
KRW-XRP,2026-01-16T00:00:00,2026-01-16T09:00:00,3062.0,3075.0,3007.0,3054.0,49791547.16926877,3054.0,upbit,2026-06-28T04:34:13Z
KRW-XRP,2026-01-17T00:00:00,2026-01-17T09:00:00,3053.0,3075.0,3035.0,3044.0,32200331.02673098,3044.0,upbit,2026-06-28T04:34:13Z
KRW-XRP,2026-01-18T00:00:00,2026-01-18T09:00:00,3044.0,3052.0,2950.0,2956.0,55689336.37351976,2956.0,upbit,2026-06-28T04:34:13Z
KRW-XRP,2026-01-19T00:00:00,2026-01-19T09:00:00,2956.0,2999.0,2800.0,2939.0,111004450.4849318,2939.0,upbit,2026-06-28T04:34:13Z
KRW-XRP,2026-01-20T00:00:00,2026-01-20T09:00:00,2939.0,2948.0,2800.0,2816.0,108984762.22457469,2816.0,upbit,2026-06-28T04:34:13Z
KRW-XRP,2026-01-21T00:00:00,2026-01-21T09:00:00,2817.0,2947.0,2789.0,2880.0,139949572.627416,2880.0,upbit,2026-06-28T04:34:13Z
KRW-XRP,2026-01-22T00:00:00,2026-01-22T09:00:00,2882.0,2915.0,2830.0,2853.0,61689202.20091402,2853.0,upbit,2026-06-28T04:34:13Z
KRW-XRP,2026-01-23T00:00:00,2026-01-23T09:00:00,2853.0,2903.0,2811.0,2828.0,61511223.12181957,2828.0,upbit,2026-06-28T04:34:13Z
KRW-XRP,2026-01-24T00:00:00,2026-01-24T09:00:00,2828.0,2841.0,2822.0,2824.0,27511988.95569742,2824.0,upbit,2026-06-28T04:34:13Z
KRW-XRP,2026-01-25T00:00:00,2026-01-25T09:00:00,2824.0,2829.0,2700.0,2720.0,97687204.22276491,2720.0,upbit,2026-06-28T04:34:13Z
KRW-XRP,2026-01-26T00:00:00,2026-01-26T09:00:00,2720.0,2840.0,2716.0,2788.0,83809625.18425988,2788.0,upbit,2026-06-28T04:34:13Z
KRW-XRP,2026-01-27T00:00:00,2026-01-27T09:00:00,2788.0,2809.0,2741.0,2786.0,61242499.58465519,2786.0,upbit,2026-06-28T04:34:13Z
KRW-XRP,2026-01-28T00:00:00,2026-01-28T09:00:00,2786.0,2812.0,2743.0,2762.0,61292557.63380123,2762.0,upbit,2026-06-28T04:34:13Z
KRW-XRP,2026-01-29T00:00:00,2026-01-29T09:00:00,2762.0,2765.0,2613.0,2651.0,129197411.73879184,2651.0,upbit,2026-06-28T04:34:13Z
KRW-XRP,2026-01-30T00:00:00,2026-01-30T09:00:00,2652.0,2658.0,2530.0,2584.0,173914197.05920017,2584.0,upbit,2026-06-28T04:34:13Z
KRW-XRP,2026-01-31T00:00:00,2026-01-31T09:00:00,2582.0,2596.0,2271.0,2460.0,297825617.55786806,2460.0,upbit,2026-06-28T04:34:13Z
KRW-XRP,2026-02-01T00:00:00,2026-02-01T09:00:00,2461.0,2501.0,2295.0,2344.0,187059487.08001256,2344.0,upbit,2026-06-28T04:34:13Z
KRW-XRP,2026-02-02T00:00:00,2026-02-02T09:00:00,2344.0,2454.0,2271.0,2405.0,215694243.46485975,2405.0,upbit,2026-06-28T04:34:13Z
KRW-XRP,2026-02-03T00:00:00,2026-02-03T09:00:00,2404.0,2417.0,2277.0,2332.0,141168294.32499138,2332.0,upbit,2026-06-28T04:34:13Z
KRW-XRP,2026-02-04T00:00:00,2026-02-04T09:00:00,2332.0,2377.0,2215.0,2232.0,161687709.61751306,2232.0,upbit,2026-06-28T04:34:13Z
KRW-XRP,2026-02-05T00:00:00,2026-02-05T09:00:00,2232.0,2240.0,1683.0,1792.0,1037464163.9487653,1792.0,upbit,2026-06-28T04:34:13Z
KRW-XRP,2026-02-06T00:00:00,2026-02-06T09:00:00,1794.0,2296.0,1658.0,2186.0,920002000.307309,2186.0,upbit,2026-06-28T04:34:13Z
KRW-XRP,2026-02-07T00:00:00,2026-02-07T09:00:00,2187.0,2212.0,2046.0,2106.0,359549797.7767295,2106.0,upbit,2026-06-28T04:34:13Z
KRW-XRP,2026-02-08T00:00:00,2026-02-08T09:00:00,2106.0,2185.0,2091.0,2126.0,176508269.73163292,2126.0,upbit,2026-06-28T04:34:13Z
KRW-XRP,2026-02-09T00:00:00,2026-02-09T09:00:00,2125.0,2162.0,2032.0,2117.0,191655005.7252655,2117.0,upbit,2026-06-28T04:34:13Z
KRW-XRP,2026-02-10T00:00:00,2026-02-10T09:00:00,2119.0,2145.0,2070.0,2076.0,105262801.43120186,2076.0,upbit,2026-06-28T04:34:13Z
KRW-XRP,2026-02-11T00:00:00,2026-02-11T09:00:00,2077.0,2105.0,1990.0,2026.0,195798325.03107166,2026.0,upbit,2026-06-28T04:34:13Z
KRW-XRP,2026-02-12T00:00:00,2026-02-12T09:00:00,2025.0,2065.0,1983.0,2001.0,128117121.8132696,2001.0,upbit,2026-06-28T04:34:13Z
KRW-XRP,2026-02-13T00:00:00,2026-02-13T09:00:00,2001.0,2090.0,1980.0,2057.0,147418662.67793417,2057.0,upbit,2026-06-28T04:34:13Z
KRW-XRP,2026-02-14T00:00:00,2026-02-14T09:00:00,2058.0,2228.0,2054.0,2224.0,182726628.53263843,2224.0,upbit,2026-06-28T04:34:13Z
KRW-XRP,2026-02-15T00:00:00,2026-02-15T09:00:00,2223.0,2475.0,2140.0,2190.0,511190207.296035,2190.0,upbit,2026-06-28T04:34:13Z
KRW-XRP,2026-02-16T00:00:00,2026-02-16T09:00:00,2191.0,2249.0,2150.0,2202.0,196757358.4633408,2202.0,upbit,2026-06-28T04:34:13Z
KRW-XRP,2026-02-17T00:00:00,2026-02-17T09:00:00,2202.0,2213.0,2120.0,2179.0,120737091.49189702,2179.0,upbit,2026-06-28T04:34:13Z
KRW-XRP,2026-02-18T00:00:00,2026-02-18T09:00:00,2180.0,2205.0,2093.0,2111.0,113833782.53211378,2111.0,upbit,2026-06-28T04:34:13Z
KRW-XRP,2026-02-19T00:00:00,2026-02-19T09:00:00,2111.0,2123.0,2041.0,2075.0,124522774.84825149,2075.0,upbit,2026-06-28T04:34:13Z
KRW-XRP,2026-02-20T00:00:00,2026-02-20T09:00:00,2075.0,2117.0,2036.0,2101.0,128291577.94524352,2101.0,upbit,2026-06-28T04:34:13Z
KRW-XRP,2026-02-21T00:00:00,2026-02-21T09:00:00,2101.0,2153.0,2090.0,2103.0,72320201.98543037,2103.0,upbit,2026-06-28T04:34:13Z
KRW-XRP,2026-02-22T00:00:00,2026-02-22T09:00:00,2103.0,2111.0,2032.0,2051.0,77415013.17447276,2051.0,upbit,2026-06-28T04:34:13Z
KRW-XRP,2026-02-23T00:00:00,2026-02-23T09:00:00,2051.0,2093.0,1960.0,1994.0,203886782.50783736,1994.0,upbit,2026-06-28T04:34:13Z
KRW-XRP,2026-02-24T00:00:00,2026-02-24T09:00:00,1994.0,2009.0,1925.0,1974.0,165455987.5745902,1974.0,upbit,2026-06-28T04:34:13Z
KRW-XRP,2026-02-25T00:00:00,2026-02-25T09:00:00,1973.0,2143.0,1961.0,2063.0,244102089.9031675,2063.0,upbit,2026-06-28T04:34:13Z
KRW-XRP,2026-02-26T00:00:00,2026-02-26T09:00:00,2064.0,2119.0,2003.0,2026.0,148401184.006941,2026.0,upbit,2026-06-28T04:34:13Z
KRW-XRP,2026-02-27T00:00:00,2026-02-27T09:00:00,2026.0,2064.0,1956.0,1982.0,136963236.8078329,1982.0,upbit,2026-06-28T04:34:13Z
KRW-XRP,2026-02-28T00:00:00,2026-02-28T09:00:00,1981.0,2030.0,1860.0,2005.0,287544147.08942217,2005.0,upbit,2026-06-28T04:34:13Z
KRW-XRP,2026-03-01T00:00:00,2026-03-01T09:00:00,2005.0,2079.0,1954.0,1975.0,198834384.0989105,1975.0,upbit,2026-06-28T04:34:13Z
KRW-XRP,2026-03-02T00:00:00,2026-03-02T09:00:00,1975.0,2074.0,1961.0,2030.0,211049124.91755122,2030.0,upbit,2026-06-28T04:34:13Z
KRW-XRP,2026-03-03T00:00:00,2026-03-03T09:00:00,2031.0,2045.0,1973.0,1998.0,149574483.98557132,1998.0,upbit,2026-06-28T04:34:13Z
KRW-XRP,2026-03-04T00:00:00,2026-03-04T09:00:00,1998.0,2135.0,1972.0,2075.0,245238472.91679147,2075.0,upbit,2026-06-28T04:34:13Z
KRW-XRP,2026-03-05T00:00:00,2026-03-05T09:00:00,2075.0,2123.0,2052.0,2057.0,131364160.27245587,2057.0,upbit,2026-06-28T04:34:13Z
KRW-XRP,2026-03-06T00:00:00,2026-03-06T09:00:00,2057.0,2074.0,1992.0,2017.0,101117151.50541444,2017.0,upbit,2026-06-28T04:34:13Z
KRW-XRP,2026-03-07T00:00:00,2026-03-07T09:00:00,2015.0,2029.0,1995.0,2006.0,42137589.72685044,2006.0,upbit,2026-06-28T04:34:13Z
KRW-XRP,2026-03-08T00:00:00,2026-03-08T09:00:00,2006.0,2027.0,1971.0,1985.0,83078884.17646055,1985.0,upbit,2026-06-28T04:34:13Z
KRW-XRP,2026-03-09T00:00:00,2026-03-09T09:00:00,1986.0,2025.0,1976.0,2001.0,113429074.89715724,2001.0,upbit,2026-06-28T04:34:13Z
KRW-XRP,2026-03-10T00:00:00,2026-03-10T09:00:00,2001.0,2099.0,1998.0,2030.0,160052274.98325968,2030.0,upbit,2026-06-28T04:34:13Z
KRW-XRP,2026-03-11T00:00:00,2026-03-11T09:00:00,2030.0,2063.0,2011.0,2025.0,89158901.18296254,2025.0,upbit,2026-06-28T04:34:13Z
KRW-XRP,2026-03-12T00:00:00,2026-03-12T09:00:00,2026.0,2037.0,2010.0,2025.0,70087560.70881215,2025.0,upbit,2026-06-28T04:34:13Z
KRW-XRP,2026-03-13T00:00:00,2026-03-13T09:00:00,2027.0,2124.0,2024.0,2059.0,178740675.54465768,2059.0,upbit,2026-06-28T04:34:13Z
KRW-XRP,2026-03-14T00:00:00,2026-03-14T09:00:00,2059.0,2078.0,2047.0,2076.0,46094425.72364572,2076.0,upbit,2026-06-28T04:34:13Z
KRW-XRP,2026-03-15T00:00:00,2026-03-15T09:00:00,2076.0,2145.0,2069.0,2126.0,92156952.7844412,2126.0,upbit,2026-06-28T04:34:13Z
KRW-XRP,2026-03-16T00:00:00,2026-03-16T09:00:00,2127.0,2280.0,2110.0,2269.0,198592212.99502876,2269.0,upbit,2026-06-28T04:34:13Z
KRW-XRP,2026-03-17T00:00:00,2026-03-17T09:00:00,2269.0,2374.0,2209.0,2238.0,256361280.89107728,2238.0,upbit,2026-06-28T04:34:13Z
KRW-XRP,2026-03-18T00:00:00,2026-03-18T09:00:00,2238.0,2272.0,2135.0,2177.0,149822850.5315905,2177.0,upbit,2026-06-28T04:34:13Z
KRW-XRP,2026-03-19T00:00:00,2026-03-19T09:00:00,2177.0,2200.0,2121.0,2152.0,102415940.82949074,2152.0,upbit,2026-06-28T04:34:13Z
KRW-XRP,2026-03-20T00:00:00,2026-03-20T09:00:00,2152.0,2183.0,2137.0,2160.0,69130110.25287879,2160.0,upbit,2026-06-28T04:34:13Z
KRW-XRP,2026-03-21T00:00:00,2026-03-21T09:00:00,2159.0,2171.0,2110.0,2122.0,41301050.45172419,2122.0,upbit,2026-06-28T04:34:13Z
KRW-XRP,2026-03-22T00:00:00,2026-03-22T09:00:00,2122.0,2140.0,2067.0,2081.0,86811513.49825546,2081.0,upbit,2026-06-28T04:34:13Z
KRW-XRP,2026-03-23T00:00:00,2026-03-23T09:00:00,2081.0,2173.0,2050.0,2126.0,170382320.96777844,2126.0,upbit,2026-06-28T04:34:13Z
KRW-XRP,2026-03-24T00:00:00,2026-03-24T09:00:00,2127.0,2130.0,2075.0,2108.0,82422251.95682962,2108.0,upbit,2026-06-28T04:34:13Z
KRW-XRP,2026-03-25T00:00:00,2026-03-25T09:00:00,2109.0,2142.0,2094.0,2113.0,71718991.27548835,2113.0,upbit,2026-06-28T04:34:13Z
KRW-XRP,2026-03-26T00:00:00,2026-03-26T09:00:00,2114.0,2116.0,2024.0,2054.0,80804875.34400193,2054.0,upbit,2026-06-28T04:34:13Z
KRW-XRP,2026-03-27T00:00:00,2026-03-27T09:00:00,2055.0,2069.0,2010.0,2018.0,70732830.43490541,2018.0,upbit,2026-06-28T04:34:13Z
KRW-XRP,2026-03-28T00:00:00,2026-03-28T09:00:00,2017.0,2057.0,2004.0,2025.0,42133503.27991843,2025.0,upbit,2026-06-28T04:34:13Z
KRW-XRP,2026-03-29T00:00:00,2026-03-29T09:00:00,2024.0,2035.0,1984.0,2019.0,51008065.07559742,2019.0,upbit,2026-06-28T04:34:13Z
KRW-XRP,2026-03-30T00:00:00,2026-03-30T09:00:00,2019.0,2066.0,2004.0,2014.0,71625812.87954389,2014.0,upbit,2026-06-28T04:34:13Z
KRW-XRP,2026-03-31T00:00:00,2026-03-31T09:00:00,2014.0,2044.0,1994.0,2030.0,81675372.93631873,2030.0,upbit,2026-06-28T04:34:13Z
KRW-XRP,2026-04-01T00:00:00,2026-04-01T09:00:00,2029.0,2060.0,2016.0,2040.0,59527959.92980808,2040.0,upbit,2026-06-28T04:34:13Z
KRW-XRP,2026-04-02T00:00:00,2026-04-02T09:00:00,2040.0,2053.0,1955.0,2006.0,120920866.17556691,2006.0,upbit,2026-06-28T04:34:13Z
KRW-XRP,2026-04-03T00:00:00,2026-04-03T09:00:00,2006.0,2023.0,1979.0,1999.0,44755292.40810593,1999.0,upbit,2026-06-28T04:34:13Z
KRW-XRP,2026-04-04T00:00:00,2026-04-04T09:00:00,2000.0,2005.0,1987.0,1995.0,26731493.43104755,1995.0,upbit,2026-06-28T04:34:13Z
KRW-XRP,2026-04-05T00:00:00,2026-04-05T09:00:00,1994.0,2013.0,1950.0,2004.0,63576780.29566189,2004.0,upbit,2026-06-28T04:34:13Z
KRW-XRP,2026-04-06T00:00:00,2026-04-06T09:00:00,2004.0,2037.0,1985.0,1996.0,75209135.83271816,1996.0,upbit,2026-06-28T04:34:13Z
KRW-XRP,2026-04-07T00:00:00,2026-04-07T09:00:00,1995.0,2079.0,1958.0,2054.0,108298590.2242937,2054.0,upbit,2026-06-28T04:34:13Z
KRW-XRP,2026-04-08T00:00:00,2026-04-08T09:00:00,2055.0,2059.0,1996.0,2000.0,82912028.83056135,2000.0,upbit,2026-06-28T04:34:13Z
KRW-XRP,2026-04-09T00:00:00,2026-04-09T09:00:00,1999.0,2025.0,1975.0,1997.0,70093294.76956002,1997.0,upbit,2026-06-28T04:34:13Z
KRW-XRP,2026-04-10T00:00:00,2026-04-10T09:00:00,1997.0,2024.0,1991.0,2013.0,52079422.79929293,2013.0,upbit,2026-06-28T04:34:13Z
KRW-XRP,2026-04-11T00:00:00,2026-04-11T09:00:00,2013.0,2037.0,1997.0,2014.0,40446743.64992255,2014.0,upbit,2026-06-28T04:34:13Z
KRW-XRP,2026-04-12T00:00:00,2026-04-12T09:00:00,2013.0,2016.0,1972.0,1981.0,58665856.11463471,1981.0,upbit,2026-06-28T04:34:13Z
KRW-XRP,2026-04-13T00:00:00,2026-04-13T09:00:00,1980.0,2035.0,1974.0,2027.0,76982697.51491636,2027.0,upbit,2026-06-28T04:34:13Z
KRW-XRP,2026-04-14T00:00:00,2026-04-14T09:00:00,2028.0,2053.0,2005.0,2014.0,76066142.2440302,2014.0,upbit,2026-06-28T04:34:13Z
KRW-XRP,2026-04-15T00:00:00,2026-04-15T09:00:00,2014.0,2074.0,2002.0,2054.0,69478965.12729414,2054.0,upbit,2026-06-28T04:34:13Z
KRW-XRP,2026-04-16T00:00:00,2026-04-16T09:00:00,2054.0,2159.0,2047.0,2142.0,115798955.61537978,2142.0,upbit,2026-06-28T04:34:13Z
KRW-XRP,2026-04-17T00:00:00,2026-04-17T09:00:00,2142.0,2214.0,2101.0,2176.0,122099246.34603432,2176.0,upbit,2026-06-28T04:34:13Z
KRW-XRP,2026-04-18T00:00:00,2026-04-18T09:00:00,2177.0,2187.0,2106.0,2125.0,79006419.54056919,2125.0,upbit,2026-06-28T04:34:13Z
KRW-XRP,2026-04-19T00:00:00,2026-04-19T09:00:00,2126.0,2148.0,2074.0,2078.0,79826611.93485586,2078.0,upbit,2026-06-28T04:34:13Z
KRW-XRP,2026-04-20T00:00:00,2026-04-20T09:00:00,2079.0,2126.0,2075.0,2109.0,59351326.57031789,2109.0,upbit,2026-06-28T04:34:13Z
KRW-XRP,2026-04-21T00:00:00,2026-04-21T09:00:00,2110.0,2140.0,2100.0,2123.0,58601364.79729808,2123.0,upbit,2026-06-28T04:34:13Z
KRW-XRP,2026-04-22T00:00:00,2026-04-22T09:00:00,2123.0,2164.0,2113.0,2121.0,83121819.1965499,2121.0,upbit,2026-06-28T04:34:13Z
KRW-XRP,2026-04-23T00:00:00,2026-04-23T09:00:00,2121.0,2141.0,2096.0,2139.0,68428178.10154468,2139.0,upbit,2026-06-28T04:34:13Z
KRW-XRP,2026-04-24T00:00:00,2026-04-24T09:00:00,2139.0,2154.0,2124.0,2135.0,43264641.24331828,2135.0,upbit,2026-06-28T04:34:13Z
KRW-XRP,2026-04-25T00:00:00,2026-04-25T09:00:00,2137.0,2140.0,2115.0,2123.0,28923157.03505321,2123.0,upbit,2026-06-28T04:34:13Z
KRW-XRP,2026-04-26T00:00:00,2026-04-26T09:00:00,2123.0,2128.0,2112.0,2123.0,33116810.44727768,2123.0,upbit,2026-06-28T04:34:13Z
KRW-XRP,2026-04-27T00:00:00,2026-04-27T09:00:00,2124.0,2140.0,2065.0,2088.0,73198840.30592737,2088.0,upbit,2026-06-28T04:34:13Z
KRW-XRP,2026-04-28T00:00:00,2026-04-28T09:00:00,2088.0,2089.0,2036.0,2051.0,50427504.39417421,2051.0,upbit,2026-06-28T04:34:13Z
KRW-XRP,2026-04-29T00:00:00,2026-04-29T09:00:00,2051.0,2088.0,2016.0,2047.0,61694900.20457993,2047.0,upbit,2026-06-28T04:34:13Z
KRW-XRP,2026-04-30T00:00:00,2026-04-30T09:00:00,2048.0,2066.0,2029.0,2037.0,38028913.09902501,2037.0,upbit,2026-06-28T04:34:13Z
KRW-XRP,2026-05-01T00:00:00,2026-05-01T09:00:00,2037.0,2073.0,2036.0,2055.0,31621850.24861103,2055.0,upbit,2026-06-28T04:34:13Z
KRW-XRP,2026-05-02T00:00:00,2026-05-02T09:00:00,2055.0,2072.0,2053.0,2065.0,20636810.528093,2065.0,upbit,2026-06-28T04:34:13Z
KRW-XRP,2026-05-03T00:00:00,2026-05-03T09:00:00,2063.0,2075.0,2052.0,2059.0,24835702.92852499,2059.0,upbit,2026-06-28T04:34:13Z
KRW-XRP,2026-05-04T00:00:00,2026-05-04T09:00:00,2059.0,2095.0,2054.0,2067.0,66993019.77423576,2067.0,upbit,2026-06-28T04:34:13Z
KRW-XRP,2026-05-05T00:00:00,2026-05-05T09:00:00,2067.0,2099.0,2066.0,2088.0,50069663.9075301,2088.0,upbit,2026-06-28T04:34:13Z
KRW-XRP,2026-05-06T00:00:00,2026-05-06T09:00:00,2088.0,2127.0,2075.0,2089.0,79188901.99702053,2089.0,upbit,2026-06-28T04:34:13Z
KRW-XRP,2026-05-07T00:00:00,2026-05-07T09:00:00,2089.0,2090.0,2038.0,2045.0,69607677.06505793,2045.0,upbit,2026-06-28T04:34:13Z
KRW-XRP,2026-05-08T00:00:00,2026-05-08T09:00:00,2044.0,2099.0,2039.0,2088.0,50871154.0042485,2088.0,upbit,2026-06-28T04:34:13Z
KRW-XRP,2026-05-09T00:00:00,2026-05-09T09:00:00,2087.0,2115.0,2083.0,2092.0,46245788.51202657,2092.0,upbit,2026-06-28T04:34:13Z
KRW-XRP,2026-05-10T00:00:00,2026-05-10T09:00:00,2092.0,2206.0,2082.0,2158.0,96575067.72465906,2158.0,upbit,2026-06-28T04:34:13Z
KRW-XRP,2026-05-11T00:00:00,2026-05-11T09:00:00,2159.0,2189.0,2123.0,2169.0,83584346.6495938,2169.0,upbit,2026-06-28T04:34:13Z
KRW-XRP,2026-05-12T00:00:00,2026-05-12T09:00:00,2171.0,2189.0,2105.0,2130.0,86042284.09475891,2130.0,upbit,2026-06-28T04:34:13Z
KRW-XRP,2026-05-13T00:00:00,2026-05-13T09:00:00,2130.0,2170.0,2102.0,2121.0,67351084.5713952,2121.0,upbit,2026-06-28T04:34:13Z
KRW-XRP,2026-05-14T00:00:00,2026-05-14T09:00:00,2121.0,2283.0,2111.0,2193.0,126599081.49957249,2193.0,upbit,2026-06-28T04:34:13Z
KRW-XRP,2026-05-15T00:00:00,2026-05-15T09:00:00,2194.0,2222.0,2126.0,2134.0,86968287.24530189,2134.0,upbit,2026-06-28T04:34:13Z
KRW-XRP,2026-05-16T00:00:00,2026-05-16T09:00:00,2135.0,2145.0,2081.0,2111.0,53902573.6848301,2111.0,upbit,2026-06-28T04:34:13Z
KRW-XRP,2026-05-17T00:00:00,2026-05-17T09:00:00,2111.0,2129.0,2060.0,2091.0,42037252.24602964,2091.0,upbit,2026-06-28T04:34:13Z
KRW-XRP,2026-05-18T00:00:00,2026-05-18T09:00:00,2090.0,2091.0,2034.0,2065.0,75571337.94866158,2065.0,upbit,2026-06-28T04:34:13Z
KRW-XRP,2026-05-19T00:00:00,2026-05-19T09:00:00,2065.0,2075.0,2022.0,2028.0,47521700.4303805,2028.0,upbit,2026-06-28T04:34:13Z
KRW-XRP,2026-05-20T00:00:00,2026-05-20T09:00:00,2028.0,2048.0,2005.0,2028.0,52608184.83353227,2028.0,upbit,2026-06-28T04:34:13Z
KRW-XRP,2026-05-21T00:00:00,2026-05-21T09:00:00,2028.0,2057.0,2013.0,2038.0,51764766.2972876,2038.0,upbit,2026-06-28T04:34:13Z
KRW-XRP,2026-05-22T00:00:00,2026-05-22T09:00:00,2037.0,2044.0,2000.0,2002.0,55565976.79118918,2002.0,upbit,2026-06-28T04:34:13Z
KRW-XRP,2026-05-23T00:00:00,2026-05-23T09:00:00,2002.0,2050.0,1964.0,2031.0,78693172.98980105,2031.0,upbit,2026-06-28T04:34:13Z
KRW-XRP,2026-05-24T00:00:00,2026-05-24T09:00:00,2031.0,2046.0,1999.0,2023.0,37639196.4827073,2023.0,upbit,2026-06-28T04:34:13Z
KRW-XRP,2026-05-25T00:00:00,2026-05-25T09:00:00,2023.0,2034.0,2005.0,2008.0,31930335.61305936,2008.0,upbit,2026-06-28T04:34:13Z
KRW-XRP,2026-05-26T00:00:00,2026-05-26T09:00:00,2007.0,2017.0,1970.0,1971.0,64432685.37427045,1971.0,upbit,2026-06-28T04:34:13Z
KRW-XRP,2026-05-27T00:00:00,2026-05-27T09:00:00,1971.0,1977.0,1917.0,1926.0,95986612.22404079,1926.0,upbit,2026-06-28T04:34:13Z
KRW-XRP,2026-05-28T00:00:00,2026-05-28T09:00:00,1926.0,1974.0,1869.0,1937.0,125987014.74899115,1937.0,upbit,2026-06-28T04:34:13Z
KRW-XRP,2026-05-29T00:00:00,2026-05-29T09:00:00,1938.0,1972.0,1918.0,1970.0,78577191.93427227,1970.0,upbit,2026-06-28T04:34:13Z
KRW-XRP,2026-05-30T00:00:00,2026-05-30T09:00:00,1970.0,2025.0,1965.0,1986.0,76319563.48230913,1986.0,upbit,2026-06-28T04:34:13Z
KRW-XRP,2026-05-31T00:00:00,2026-05-31T09:00:00,1985.0,1993.0,1951.0,1963.0,47565467.31650706,1963.0,upbit,2026-06-28T04:34:13Z
KRW-XRP,2026-06-01T00:00:00,2026-06-01T09:00:00,1963.0,1975.0,1879.0,1892.0,107685141.9602887,1892.0,upbit,2026-06-28T04:34:13Z
KRW-XRP,2026-06-02T00:00:00,2026-06-02T09:00:00,1892.0,1892.0,1770.0,1791.0,166789581.9287675,1791.0,upbit,2026-06-28T04:34:13Z
KRW-XRP,2026-06-03T00:00:00,2026-06-03T09:00:00,1791.0,1849.0,1764.0,1779.0,111692912.53840102,1779.0,upbit,2026-06-28T04:34:13Z
KRW-XRP,2026-06-04T00:00:00,2026-06-04T09:00:00,1779.0,1805.0,1702.0,1747.0,169323741.35368398,1747.0,upbit,2026-06-28T04:34:13Z
KRW-XRP,2026-06-05T00:00:00,2026-06-05T09:00:00,1746.0,1753.0,1636.0,1672.0,187431381.86959666,1672.0,upbit,2026-06-28T04:34:13Z
KRW-XRP,2026-06-06T00:00:00,2026-06-06T09:00:00,1672.0,1696.0,1603.0,1662.0,123967415.82419915,1662.0,upbit,2026-06-28T04:34:13Z
KRW-XRP,2026-06-07T00:00:00,2026-06-07T09:00:00,1663.0,1780.0,1654.0,1740.0,123281808.91935067,1740.0,upbit,2026-06-28T04:34:13Z
KRW-XRP,2026-06-08T00:00:00,2026-06-08T09:00:00,1740.0,1772.0,1705.0,1754.0,83606767.26477294,1754.0,upbit,2026-06-28T04:34:13Z
KRW-XRP,2026-06-09T00:00:00,2026-06-09T09:00:00,1753.0,1759.0,1686.0,1706.0,74693906.09551823,1706.0,upbit,2026-06-28T04:34:13Z
KRW-XRP,2026-06-10T00:00:00,2026-06-10T09:00:00,1707.0,1710.0,1641.0,1652.0,92347930.71395268,1652.0,upbit,2026-06-28T04:34:13Z
KRW-XRP,2026-06-11T00:00:00,2026-06-11T09:00:00,1652.0,1724.0,1651.0,1717.0,72220823.72923316,1717.0,upbit,2026-06-28T04:34:13Z
KRW-XRP,2026-06-12T00:00:00,2026-06-12T09:00:00,1717.0,1742.0,1697.0,1709.0,59687397.0059979,1709.0,upbit,2026-06-28T04:34:13Z
KRW-XRP,2026-06-13T00:00:00,2026-06-13T09:00:00,1710.0,1749.0,1706.0,1740.0,37302366.30120098,1740.0,upbit,2026-06-28T04:34:13Z
KRW-XRP,2026-06-14T00:00:00,2026-06-14T09:00:00,1740.0,1790.0,1702.0,1789.0,53956043.30075001,1789.0,upbit,2026-06-28T04:34:13Z
KRW-XRP,2026-06-15T00:00:00,2026-06-15T09:00:00,1788.0,1939.0,1767.0,1859.0,137184121.17869204,1859.0,upbit,2026-06-28T04:34:13Z
KRW-XRP,2026-06-16T00:00:00,2026-06-16T09:00:00,1860.0,1887.0,1813.0,1829.0,75810770.18854785,1829.0,upbit,2026-06-28T04:34:13Z
KRW-XRP,2026-06-17T00:00:00,2026-06-17T09:00:00,1828.0,1844.0,1770.0,1787.0,73621919.53658374,1787.0,upbit,2026-06-28T04:34:13Z
KRW-XRP,2026-06-18T00:00:00,2026-06-18T09:00:00,1788.0,1796.0,1717.0,1731.0,75971557.18744282,1731.0,upbit,2026-06-28T04:34:13Z
KRW-XRP,2026-06-19T00:00:00,2026-06-19T09:00:00,1731.0,1740.0,1691.0,1719.0,60619731.80890572,1719.0,upbit,2026-06-28T04:34:13Z
KRW-XRP,2026-06-20T00:00:00,2026-06-20T09:00:00,1719.0,1746.0,1713.0,1738.0,39692630.61290973,1738.0,upbit,2026-06-28T04:34:13Z
KRW-XRP,2026-06-21T00:00:00,2026-06-21T09:00:00,1739.0,1743.0,1696.0,1697.0,35443747.50759515,1697.0,upbit,2026-06-28T04:34:13Z
KRW-XRP,2026-06-22T00:00:00,2026-06-22T09:00:00,1696.0,1750.0,1696.0,1706.0,60020449.46812168,1706.0,upbit,2026-06-28T04:34:13Z
KRW-XRP,2026-06-23T00:00:00,2026-06-23T09:00:00,1707.0,1711.0,1652.0,1673.0,74243195.10163899,1673.0,upbit,2026-06-28T04:34:13Z
KRW-XRP,2026-06-24T00:00:00,2026-06-24T09:00:00,1674.0,1679.0,1601.0,1628.0,89582700.46602473,1628.0,upbit,2026-06-28T04:34:13Z
KRW-XRP,2026-06-25T00:00:00,2026-06-25T09:00:00,1628.0,1649.0,1550.0,1586.0,115934217.77250277,1586.0,upbit,2026-06-28T04:34:13Z
KRW-XRP,2026-06-26T00:00:00,2026-06-26T09:00:00,1586.0,1596.0,1536.0,1590.0,106005648.33135657,1590.0,upbit,2026-06-28T04:34:13Z
KRW-XRP,2026-06-27T00:00:00,2026-06-27T09:00:00,1590.0,1631.0,1582.0,1589.0,48660202.9274692,1589.0,upbit,2026-06-28T04:34:13Z
KRW-XRP,2026-06-28T00:00:00,2026-06-28T09:00:00,1587.0,1599.0,1586.0,1591.0,5904330.50142551,1591.0,upbit,2026-06-28T04:34:13Z
